alliance_name,constituency_id,constituency_name,Candidate,Party,State,Total Independent Candidates,Total Votes (Cr),Sum of total_votes,Vote % of India,Sum of vote_share
INDIA,19,Maharajganj,AAKASH KUMAR SINGH,Indian National Congress,Bihar,,0.04 Cr,426882,1,42.09
INDIA,15,Hingoli,AASHTIKAR PATIL NAGESH BAPURAO,Shiv Sena (Uddhav Balasaheb Thackrey),Maharashtra,,0.05 Cr,492535,1,42.49
INDIA,24,Begusarai,ABDHESH KUMAR ROY,Communist Party of India,Bihar,,0.06 Cr,567851,1,43.86
INDIA,6,Akola,ABHAY KASHINATH PATIL,Indian National Congress,Maharashtra,,0.04 Cr,416404,1,35.5
INDIA,37,Aurangabad,ABHAY KUMAR SINHA,Rashtriya Janata Dal,Bihar,,0.05 Cr,465567,1,49.22
INDIA,21,Diamond harbour,ABHISHEK BANERJEE,All India Trinamool Congress,West Bengal,,0.10 Cr,1048230,1,68.48
INDIA,11,Murshidabad,ABU TAHER KHAN,All India Trinamool Congress,West Bengal,,0.07 Cr,682442,1,44.27
INDIA,3,Barpeta,ABUL KALAM AZAD,All India Trinamool Congress,Assam,,0.00 Cr,16432,1,0.97
INDIA,32,Ghatal,ADHIKARI DEEPAK (DEV),All India Trinamool Congress,West Bengal,,0.08 Cr,837990,1,52.36
INDIA,10,Baharampur,ADHIR RANJAN CHOWDHURY,Indian National Congress,West Bengal,,0.04 Cr,439494,1,31.74
INDIA,23,Badaun,ADITYA YADAV,Samajwadi Party,Uttar Pradesh,,0.05 Cr,501855,1,45.97
INDIA,19,Attingal,ADV ADOOR PRAKASH,Indian National Congress,Kerala,,0.03 Cr,328051,1,33.29
INDIA,16,Mavelikkara,ADV ARUN KUMAR C A,Communist Party of India,Kerala,,0.04 Cr,358648,1,40.07
INDIA,1,Nandurbar,ADV GOWAAL KAGADA PADAVI,Indian National Congress,Maharashtra,,0.07 Cr,745998,1,53.53
INDIA,14,Kottayam,ADV K FRANCIS GEORGE,Kerala Congress,Kerala,,0.04 Cr,364631,1,43.6
INDIA,10,Thrissur,ADV V S SUNILKUMAR,Communist Party of India,Kerala,,0.03 Cr,337652,1,30.95
INDIA,13,Idukki,ADV. DEAN KURIAKOSE,Indian National Congress,Kerala,,0.04 Cr,432372,1,51.43
INDIA,36,Shirur,ADV. DR. LAXMAN RAMBHAU DAMSE,Bharat Adivasi Party,Maharashtra,,0.00 Cr,4136,1,0.3
INDIA,19,BHOPAL,ADVOCATE ARUN SHRIVASTAVA,Indian National Congress,Madhya Pradesh,,0.05 Cr,479610,1,32.01
INDIA,12,Jamnagar,ADVOCATE J. P. MARAVIYA,Indian National Congress,Gujarat,,0.04 Cr,382041,1,36.34
INDIA,75,Ghazipur,AFZAL ANSARI,Samajwadi Party,Uttar Pradesh,,0.05 Cr,539912,1,46.82
INDIA,2,SRINAGAR,AGA SYED RUHULLAH MEHDI,Jammu & Kashmir National Conference,Jammu and Kashmir,,0.04 Cr,356866,1,52.85
INDIA,15,Muzaffarpur,AJAY NISHAD,Indian National Congress,Bihar,,0.04 Cr,384822,1,34.59
INDIA,65,Kushi Nagar,AJAY PRATAP SINGH URF PINTU SAITHWAR,Samajwadi Party,Uttar Pradesh,,0.04 Cr,434555,1,40.22
INDIA,77,Varanasi,AJAY RAI,Indian National Congress,Uttar Pradesh,,0.05 Cr,460457,1,40.74
INDIA,26,Bhagalpur,AJEET SHARMA,Indian National Congress,Bihar,,0.04 Cr,431163,1,40.52
INDIA,47,HAMIRPUR,AJENDRA SINGH LODHI,Samajwadi Party,Uttar Pradesh,,0.05 Cr,490683,1,44
INDIA,2,Dadar & Nagar Haveli,AJIT RAMJIBHAI MAHALA,Indian National Congress,Dadra & Nagar Haveli and Daman & Diu,,0.01 Cr,63490,1,30.88
INDIA,66,Deoria,AKHILESH PRATAP SINGH,Indian National Congress,Uttar Pradesh,,0.05 Cr,469699,1,45.02
INDIA,42,Kannauj,AKHILESH YADAV,Samajwadi Party,Uttar Pradesh,,0.06 Cr,642292,1,52.74
INDIA,20,Firozabad,AKSHAYA YADAV,Samajwadi Party,Uttar Pradesh,,0.05 Cr,543037,1,49.04
INDIA,7,Maldaha Uttar,ALAM MOSTAQUE,Indian National Congress,West Bengal,,0.04 Cr,384764,1,27.14
INDIA,2,Outer Manipur,ALFRED KANNGAM S ARTHUR,Indian National Congress,Manipur,,0.04 Cr,384954,1,48.32
INDIA,5,Raiganj,ALI IMRAN RAMZ,Indian National Congress,West Bengal,,0.03 Cr,263273,1,19.24
INDIA,22,Ujiarpur,ALOK KUMAR MEHTA,Rashtriya Janata Dal,Bihar,,0.05 Cr,455863,1,43.75
INDIA,43,Kanpur,ALOK MISRA,Indian National Congress,Uttar Pradesh,,0.04 Cr,422087,1,47.56
INDIA,1,Gurdaspur,AMANSHER SINGH (SHERY KALSI),Aam Aadmi Party,Punjab,,0.03 Cr,277252,1,25.72
INDIA,51,Phulpur,AMAR NATH SINGH MAURYA,Samajwadi Party,Uttar Pradesh,,0.04 Cr,448268,1,44.17
INDIA,8,Wardha,AMAR SHARADRAO KALE,Nationalist Congress Party – Sharadchandra Pawar,Maharashtra,,0.05 Cr,533106,1,48.68
INDIA,8,Fatehgarh Sahib,AMAR SINGH,Indian National Congress,Punjab,,0.03 Cr,332591,1,34.14
INDIA,9,Faridkot,AMARJIT KAUR SAHOKE,Indian National Congress,Punjab,,0.02 Cr,160357,1,15.81
INDIA,11,Baghpat,AMARPAL,Samajwadi Party,Uttar Pradesh,,0.03 Cr,329508,1,35.29
INDIA,13,Kandhamal,AMIR CHAND NAYAK,Indian National Congress,Odisha,,0.01 Cr,144322,1,14.49
INDIA,16,Anand,AMIT CHAVDA,Indian National Congress,Gujarat,,0.05 Cr,522545,1,44.74
INDIA,27,Mumbai North West,AMOL GAJANAN KIRTIKAR,Shiv Sena (Uddhav Balasaheb Thackrey),Maharashtra,,0.05 Cr,452596,1,47.4
INDIA,7,Ludhiana,AMRINDER SINGH RAJA WARRING,Indian National Congress,Punjab,,0.03 Cr,322224,1,30.42
INDIA,29,Dhaurahra,ANAND BHADAURIYA,Samajwadi Party,Uttar Pradesh,,0.04 Cr,443743,1,39.91
INDIA,1,KANGRA,ANAND SHARMA,Indian National Congress,Himachal Pradesh,,0.04 Cr,380898,1,36.74
INDIA,10,Haveri,ANANDSWAMY GADDADEVARMATH,Indian National Congress,Karnataka,,0.07 Cr,662025,1,47.43
INDIA,32,Raigad,ANANT GEETE,Shiv Sena (Uddhav Balasaheb Thackrey),Maharashtra,,0.04 Cr,425568,1,42
INDIA,7,Bhadrak,ANANTA PRASAD SETHI,Indian National Congress,Odisha,,0.02 Cr,221874,1,17.1
INDIA,26,Valsad,ANANTKUMAR HASMUKHBHAI PATEL,Indian National Congress,Gujarat,,0.06 Cr,553522,1,40.66
INDIA,8,Jajpur,ANCHAL DAS,Indian National Congress,Odisha,,0.01 Cr,53145,1,4.58
INDIA,1,Inner Manipur,ANGOMCHA BIMOL AKOIJAM,Indian National Congress,Manipur,,0.04 Cr,374017,1,46.93
INDIA,6,JAIPUR RURAL,ANIL CHOPRA,Indian National Congress,Rajasthan,,0.06 Cr,616262,1,48.83
INDIA,29,BETUL,ANIL UIKEY,Bharat Adivasi Party,Madhya Pradesh,,0.00 Cr,10576,1,0.76
INDIA,30,Mumbai South Central,ANIL YESHWANT DESAI,Shiv Sena (Uddhav Balasaheb Thackrey),Maharashtra,,0.04 Cr,395138,1,49.73
INDIA,14,Hazaribagh,ANIRUDDH KUMAR,Communist Party of India,Jharkhand,,0.00 Cr,10468,1,0.83
INDIA,21,CHITTORGARH,ANJANA UDAILAL,Indian National Congress,Rajasthan,,0.05 Cr,498325,1,33.25
INDIA,5,Mayurbhanj,ANJANI SOREN,Jharkhand Mukti Morcha,Odisha,,0.01 Cr,135399,1,11.53
INDIA,20,Hindupur,ANJINAPPA GARI SREENIVASULU,Revolutionary Socialist Party,Andhra Pradesh,,0.00 Cr,2051,1,0.14
INDIA,11,TIRUVANNAMALAI,"ANNADURAI, C.N.",Dravida Munnetra Kazhagam,Tamil Nadu,,0.05 Cr,547379,1,47.75
INDIA,4,Wayanad,ANNIE RAJA,Communist Party of India,Kerala,,0.03 Cr,283023,1,26.09
INDIA,33,Unnao,ANNU TANDON,Samajwadi Party,Uttar Pradesh,,0.06 Cr,580315,1,44.56
INDIA,30,Patna Sahib,ANSHUL AVIJIT,Indian National Congress,Bihar,,0.04 Cr,434424,1,40.39
INDIA,17,Pathanamthitta,ANTO ANTONY,Indian National Congress,Kerala,,0.04 Cr,367623,1,39.98
INDIA,7,Dhanbad,ANUPAMA SINGH,Indian National Congress,Jharkhand,,0.05 Cr,457589,1,32.04
INDIA,40,Jamui,ARCHANA KUMARI,Rashtriya Janata Dal,Bihar,,0.04 Cr,396564,1,40.5
INDIA,4,Chatra,ARJUN KUMAR,Communist Party of India,Jharkhand,,0.00 Cr,14122,1,1.3
INDIA,5,Sitamarhi,ARJUN RAY,Rashtriya Janata Dal,Bihar,,0.05 Cr,464363,1,42.45
INDIA,25,PERAMBALUR,ARUN NEHRU,Dravida Munnetra Kazhagam,Tamil Nadu,,0.06 Cr,603209,1,53.42
INDIA,36,Bankura,ARUP CHAKRABORTY,All India Trinamool Congress,West Bengal,,0.06 Cr,641813,1,44.33
INDIA,31,Mumbai South,ARVIND GANPAT SAWANT,Shiv Sena (Uddhav Balasaheb Thackrey),Maharashtra,,0.04 Cr,395655,1,51.18
INDIA,54,Faizabad,ARVIND SEN,Communist Party of India,Uttar Pradesh,,0.00 Cr,15367,1,1.35
INDIA,20,BANSWARA,ARVIND SITA DAMOR,Indian National Congress,Rajasthan,,0.01 Cr,61211,1,3.74
INDIA,80,Robertsganj,ASHOK KUMAR KANNAUJIYA,Communist Party of India,Uttar Pradesh,,0.00 Cr,23852,1,2.36
INDIA,7,Ludhiana,ASHOK PRASHAR PAPPI,Aam Aadmi Party,Punjab,,0.02 Cr,237077,1,22.38
INDIA,1,Tripura West,ASISH KUMAR SAHA,Indian National Congress,Tripura,,0.03 Cr,269763,1,22.3
INDIA,41,Bolpur,ASIT KUMAR MAL,All India Trinamool Congress,West Bengal,,0.09 Cr,855633,1,55.98
INDIA,3,Vizianagaram,ATCHIYYA NAIDU SAMIREDDY,Samajwadi Party,Andhra Pradesh,,0.00 Cr,1070,1,0.08
INDIA,1,Adilabad,ATHRAM SUGUNA,Indian National Congress,Telangana,,0.05 Cr,477516,1,38.65
INDIA,18,Siwan,AWADH BIHARI CHOUDHARY,Rashtriya Janata Dal,Bihar,,0.02 Cr,198823,1,19.92
INDIA,54,Faizabad,AWADHESH PRASAD,Samajwadi Party,Uttar Pradesh,,0.06 Cr,554289,1,48.59
INDIA,39,Bardhaman-Durgapur,AZAD KIRTI JHA,All India Trinamool Congress,West Bengal,,0.07 Cr,720667,1,47.99
INDIA,26,Uluberia,AZAHAR MOLLICK,Indian National Congress,West Bengal,,0.01 Cr,78589,1,5.65
INDIA,20,Hindupur,B A SAMAD SHAHEEN,Indian National Congress,Andhra Pradesh,,0.01 Cr,55059,1,3.89
INDIA,18,Chitradurga,B.N.CHANDRAPPA,Indian National Congress,Karnataka,,0.06 Cr,636769,1,46.58
INDIA,11,Khunti,BABITA KACHHAP,Bharat Adivasi Party,Jharkhand,,0.00 Cr,4594,1,0.49
INDIA,73,Jaunpur,BABU SINGH KUSHWAHA,Samajwadi Party,Uttar Pradesh,,0.05 Cr,509130,1,46.21
INDIA,2,Dhule,BACHHAV SHOBHA DINESH,Indian National Congress,Maharashtra,,0.06 Cr,583866,1,47.89
INDIA,29,Arambagh,BAG MITALI,All India Trinamool Congress,West Bengal,,0.07 Cr,712587,1,45.71
INDIA,39,Beed,BAJRANG MANOHAR SONWANE,Nationalist Congress Party – Sharadchandra Pawar,Maharashtra,,0.07 Cr,683950,1,44.93
INDIA,16,Mahabubabad,BALRAM NAIK PORIKA,Indian National Congress,Telangana,,0.06 Cr,612774,1,55.27
INDIA,7,Amravati,BALWANT BASWANT WANKHADE,Indian National Congress,Maharashtra,,0.05 Cr,526271,1,44.84
INDIA,23,Bhiwandi,BALYA MAMA - SURESH GOPINATH MHATRE,Nationalist Congress Party – Sharadchandra Pawar,Maharashtra,,0.05 Cr,499464,1,39.85
INDIA,24,Kolkata Uttar,BANDYOPADHYAY SUDIP,All India Trinamool Congress,West Bengal,,0.05 Cr,454696,1,47.44
INDIA,20,Mathurapur,BAPI HALDAR,All India Trinamool Congress,West Bengal,,0.08 Cr,755731,1,50.52
INDIA,11,Chalakudy,BENNY BEHANAN,Indian National Congress,Kerala,,0.04 Cr,394171,1,41.44
INDIA,57,Kaiserganj,BHAGAT RAM,Samajwadi Party,Uttar Pradesh,,0.04 Cr,422420,1,39.77
INDIA,26,Pilibhit,BHAGWAT SARAN GANGWAR,Samajwadi Party,Uttar Pradesh,,0.04 Cr,442223,1,38.09
INDIA,10,KARAULI-DHOLPUR,BHAJAN LAL JATAV,Indian National Congress,Rajasthan,,0.05 Cr,530011,1,53.64
INDIA,8,Ahmedabad West,BHARAT YOGENDRA MAKWANA,Indian National Congress,Gujarat,,0.03 Cr,325267,1,33.65
INDIA,12,Vijayawada,BHARGAV VALLURU,Indian National Congress,Andhra Pradesh,,0.00 Cr,24106,1,1.77
INDIA,22,Palghar,BHARTI BHARAT KAMDI,Shiv Sena (Uddhav Balasaheb Thackrey),Maharashtra,,0.04 Cr,417938,1,30.37
INDIA,20,Dindori,BHASKAR MURLIDHAR BHAGARE,Nationalist Congress Party – Sharadchandra Pawar,Maharashtra,,0.06 Cr,577339,1,46.53
INDIA,38,Shirdi,BHAUSAHEB RAJARAM WAKCHAURE,Shiv Sena (Uddhav Balasaheb Thackrey),Maharashtra,,0.05 Cr,476900,1,45
INDIA,21,CHITTORGARH,BHIL ADIVASI MANGILAL NANAMA,Bharat Adivasi Party,Rajasthan,,0.00 Cr,42811,1,2.86
INDIA,60,Domariyaganj,BHISHMA SHANKAR ALIAS KUSHAL TIWARI,Samajwadi Party,Uttar Pradesh,,0.04 Cr,420575,1,41.27
INDIA,12,Nabarangpur,BHUJABAL MAJHI,Indian National Congress,Odisha,,0.03 Cr,303392,1,24.42
INDIA,6,RAJNANDGAON,BHUPESH BAGHEL,Indian National Congress,Chhattisgarh,,0.07 Cr,667646,1,46.18
INDIA,26,Mumbai North,BHUSHAN PATIL,Indian National Congress,Maharashtra,,0.03 Cr,322538,1,31.15
INDIA,15,Aligarh,BIJENDRA SINGH,Samajwadi Party,Uttar Pradesh,,0.05 Cr,486187,1,42.9
INDIA,12,Purnia,BIMA BHARTI,Rashtriya Janata Dal,Bihar,,0.00 Cr,27120,1,2.27
INDIA,4,Keonjhar,BINOD BIHARI NAIK,Indian National Congress,Odisha,,0.01 Cr,105278,1,8.38
INDIA,34,Medinipur,BIPLAB BHATTA,Communist Party of India,West Bengal,,0.01 Cr,57785,1,3.9
INDIA,6,Balurghat,BIPLAB MITRA,All India Trinamool Congress,West Bengal,,0.06 Cr,564610,1,45.63
INDIA,76,Chandauli,BIRENDRA SINGH,Samajwadi Party,Uttar Pradesh,,0.05 Cr,474476,1,42.5
INDIA,11,KANKER,BIRESH THAKUR,Indian National Congress,Chhattisgarh,,0.06 Cr,595740,1,47.08
INDIA,14,Bangaon,BISWAJIT DAS S/O LATE BIJAY KRISHNA DAS,All India Trinamool Congress,West Bengal,,0.06 Cr,645812,1,43.25
INDIA,3,Vizianagaram,BOBBILI SRINU,Indian National Congress,Andhra Pradesh,,0.00 Cr,10623,1,0.82
INDIA,2,Arunachal East,BOSIRAM SIRAM,Indian National Congress,Arunachal Pradesh,,0.01 Cr,115160,1,35.6
INDIA,4,JHUNJHUNU,BRIJENDRA SINGH OLA,Indian National Congress,Rajasthan,,0.06 Cr,553168,1,49.44
INDIA,23,BHILWARA,C P JOSHI,Indian National Congress,Rajasthan,,0.05 Cr,453034,1,34.73
INDIA,2,South Goa,CAPTAIN  VIRIATO FERNANDES,Indian National Congress,Goa,,0.02 Cr,217836,1,48.35
INDIA,4,UDHAMPUR,CH LAL SINGH,Indian National Congress,Jammu and Kashmir,,0.04 Cr,446703,1,40.11
INDIA,22,Bharuch,CHAITARBHAI DAMJIBHAI VASAVA,Aam Aadmi Party,Gujarat,,0.05 Cr,522461,1,43.58
INDIA,11,Mahbubnagar,CHALLA VAMSHI CHAND REDDY,Indian National Congress,Telangana,,0.05 Cr,506247,1,41.29
INDIA,13,Guntur,CHALLAPALLI RATAN RAJU,Viduthalai Chiruthaigal Katchi,Andhra Pradesh,,0.00 Cr,378,1,0.03
INDIA,14,Bhongir,CHAMALA KIRAN KUMAR REDDY,Indian National Congress,Telangana,,0.06 Cr,629143,1,44.89
INDIA,3,Patan,CHANDANJI TALAJI THAKOR,Indian National Congress,Gujarat,,0.06 Cr,560071,1,46.94
INDIA,5,SAGAR,CHANDRA BHUSAN SINGH BUNDELA 'GUDDU RAJA',Indian National Congress,Madhya Pradesh,,0.03 Cr,316757,1,27.53
INDIA,44,Sangli,CHANDRAHAR SUBHASH PATIL,Shiv Sena (Uddhav Balasaheb Thackrey),Maharashtra,,0.01 Cr,60860,1,5.21
INDIA,8,Supaul,CHANDRAHAS CHAUPAL,Rashtriya Janata Dal,Bihar,,0.04 Cr,425235,1,34.54
INDIA,19,Aurangabad,CHANDRAKANT KHAIRE,Shiv Sena (Uddhav Balasaheb Thackrey),Maharashtra,,0.03 Cr,293450,1,22.53
INDIA,14,MANDLA,CHARAN SINGH DHURWEY,Bharat Adivasi Party,Madhya Pradesh,,0.00 Cr,4287,1,0.28
INDIA,4,Jalandhar,CHARANJIT SINGH CHANNI,Indian National Congress,Punjab,,0.04 Cr,390053,1,39.43
INDIA,5,Sabarkantha,CHAUDHARI TUSHAR AMARSINH,Indian National Congress,Gujarat,,0.05 Cr,521636,1,41.09
INDIA,23,Bardoli,CHAUDHARY SIDDHARTH AMARSINH,Indian National Congress,Gujarat,,0.05 Cr,533697,1,39.85
INDIA,16,Nanded,CHAVAN VASANTRAO BALWANTRAO,Indian National Congress,Maharashtra,,0.05 Cr,528894,1,46.88
INDIA,47,Kolhapur,CHHATRAPATI SHAHU SHAHAJI,Indian National Congress,Maharashtra,,0.08 Cr,754522,1,54.15
INDIA,80,Robertsganj,CHHOTELAL,Samajwadi Party,Uttar Pradesh,,0.05 Cr,465848,1,46.14
INDIA,23,Thirupathi(SC),CHINTA MOHAN,Indian National Congress,Andhra Pradesh,,0.01 Cr,65523,1,4.74
INDIA,17,Parbhani,COMRADE RAJAN KSHIRSAGAR,Communist Party of India,Maharashtra,,0.00 Cr,6649,1,0.5
INDIA,23,Bangalore Rural,D K SURESH,Indian National Congress,Karnataka,,0.08 Cr,809355,1,42.16
INDIA,13,Madhepura,DA KUMAR CHANDRADEEP,Rashtriya Janata Dal,Bihar,,0.05 Cr,466115,1,38.53
INDIA,9,SATNA,DABBU SIDDHARTH SUKHLAL KUSHWAHA,Indian National Congress,Madhya Pradesh,,0.04 Cr,374779,1,35.39
INDIA,8,Secunderabad,DANAM NAGENDER,Indian National Congress,Telangana,,0.04 Cr,423068,1,40.38
INDIA,68,Lalganj,DAROGA PRASAD SAROJ,Samajwadi Party,Uttar Pradesh,,0.04 Cr,439959,1,43.85
INDIA,12,Nagarkurnool,DASARI BHARATHI,Viduthalai Chiruthaigal Katchi,Telangana,,0.00 Cr,730,1,0.06
INDIA,2,Amritsar,DASWINDER KAUR,Communist Party of India,Punjab,,0.00 Cr,2481,1,0.27
INDIA,4,CHENNAI CENTRAL,DAYANIDHI MARAN,Dravida Munnetra Kazhagam,Tamil Nadu,,0.04 Cr,413848,1,56.65
INDIA,19,Aska,DEBAKANTA SARMA,Indian National Congress,Odisha,,0.01 Cr,75255,1,7.39
INDIA,30,Tamluk,DEBANGSHU BHATTACHARYA,All India Trinamool Congress,West Bengal,,0.07 Cr,687851,1,43.61
INDIA,3,Barpeta,DEEP BAYAN,Indian National Congress,Assam,,0.06 Cr,637762,1,37.83
INDIA,4,Bijnor,DEEPAK,Samajwadi Party,Uttar Pradesh,,0.04 Cr,366985,1,35.82
INDIA,1,Valmiki Nagar,DEEPAK YADAV,Rashtriya Janata Dal,Bihar,,0.04 Cr,424747,1,38.55
INDIA,7,ROHTAK,DEEPENDER SINGH HOODA,Indian National Congress,Haryana,,0.08 Cr,783578,1,62.76
INDIA,5,BILASPUR,DEVENDRA YADAV,Indian National Congress,Chhattisgarh,,0.06 Cr,560379,1,41.16
INDIA,22,Etah,DEVESH SHAKYA,Samajwadi Party,Uttar Pradesh,,0.05 Cr,475808,1,47.09
INDIA,27,KHARGONE,DEVISINGH NARGAVE,Communist Party of India,Madhya Pradesh,,0.00 Cr,14686,1,0.94
INDIA,10,Rajkot,DHANANI PARESH,Indian National Congress,Gujarat,,0.04 Cr,373724,1,29.35
INDIA,34,Pune,DHANGEKAR RAVINDRA HEMRAJ,Indian National Congress,Maharashtra,,0.05 Cr,461690,1,41.8
INDIA,13,Chandrapur,DHANORKAR PRATIBHA SURESH ALIAS BALUBHAU,Indian National Congress,Maharashtra,,0.07 Cr,718410,1,57.88
INDIA,69,Azamgarh,DHARMENDRA YADAV,Samajwadi Party,Uttar Pradesh,,0.05 Cr,508239,1,48.2
INDIA,12,Lakhimpur,DHIREN KACHARI,Communist Party of India,Assam,,0.00 Cr,19631,1,1.62
INDIA,20,RAJGARH,DIGVIJAYA SINGH,Indian National Congress,Madhya Pradesh,,0.06 Cr,612654,1,42.87
INDIA,23,MANDSOUR,DILIP SINGH GURJAR,Indian National Congress,Madhya Pradesh,,0.04 Cr,445106,1,31.05
INDIA,22,Bharuch,DILIPBHAI CHHOTUBHAI VASAVA,Bharat Adivasi Party,Gujarat,,0.00 Cr,10014,1,0.84
INDIA,21,Mainpuri,DIMPLE YADAV,Samajwadi Party,Uttar Pradesh,,0.06 Cr,598526,1,56.79
INDIA,13,JABALPUR,DINESH YADAV,Indian National Congress,Madhya Pradesh,,0.03 Cr,303459,1,26.19
INDIA,5,KARNAL,DIVYANSHU BUDHIRAJA,Indian National Congress,Haryana,,0.05 Cr,506708,1,37.65
INDIA,8,VELLORE,DM KATHIR ANAND,Dravida Munnetra Kazhagam,Tamil Nadu,,0.06 Cr,568692,1,50.35
INDIA,12,Ghaziabad,DOLLY SHARMA,Indian National Congress,Uttar Pradesh,,0.05 Cr,517205,1,35.17
INDIA,13,Patiala,DR BALBIR SINGH,Aam Aadmi Party,Punjab,,0.03 Cr,290785,1,25.25
INDIA,13,Patiala,DR DHARAMVIRA GANDHI,Indian National Congress,Punjab,,0.03 Cr,305616,1,26.54
INDIA,10,Chevella,DR GADDAM RANJITH REDDY,Indian National Congress,Telangana,,0.06 Cr,636985,1,38.02
INDIA,37,TENKASI,DR RANI SRI KUMAR,Dravida Munnetra Kazhagam,Tamil Nadu,,0.04 Cr,425679,1,40.97
INDIA,2,KURUKSHETRA,DR SUSHIL GUPTA,Aam Aadmi Party,Haryana,,0.05 Cr,513154,1,42.55
INDIA,36,Shirur,DR. AMOL RAMSING KOLHE,Nationalist Congress Party – Sharadchandra Pawar,Maharashtra,,0.07 Cr,698692,1,50.83
INDIA,12,Uttara Kannada,DR. ANJALI NIMBALKAR,Indian National Congress,Karnataka,,0.04 Cr,445067,1,35.25
INDIA,22,RAJSAMAND,DR. DAMODAR GURJAR,Indian National Congress,Rajasthan,,0.04 Cr,388980,1,32.06
INDIA,41,Latur,DR. KALGE SHIVAJI BANDAPPA,Indian National Congress,Maharashtra,,0.06 Cr,609021,1,49.15
INDIA,12,Gadchiroli - Chimur,DR. KIRSAN  NAMDEO,Indian National Congress,Maharashtra,,0.06 Cr,617792,1,52.97
INDIA,7,Ponnani,DR. M.P ABDUSSAMAD SAMADANI,Indian Union Muslim League,Kerala,,0.06 Cr,562516,1,54.81
INDIA,13,Gautam Buddha Nagar,DR. MAHENDRA SINGH NAGAR,Samajwadi Party,Uttar Pradesh,,0.03 Cr,298357,1,20.76
INDIA,2,RAIGARH,DR. MENKA DEVI SINGH,Indian National Congress,Chhattisgarh,,0.06 Cr,567884,1,39.08
INDIA,40,Farrukhabad,DR. NAVAL KISHOR SHAKYA,Samajwadi Party,Uttar Pradesh,,0.05 Cr,485285,1,46.94
INDIA,13,Davanagere,DR. PRABHA MALLIKARJUN,Indian National Congress,Karnataka,,0.06 Cr,633059,1,47.95
INDIA,19,Dahod,DR. PRABHABEN KISHORSINH TAVIYAD,Indian National Congress,Gujarat,,0.04 Cr,355038,1,31.75
INDIA,11,Bhandara Gondiya,DR. PRASHANT YADAORAO PADOLE,Indian National Congress,Maharashtra,,0.06 Cr,587413,1,47.56
INDIA,5,Hoshiarpur,DR. RAJ KUMAR CHABBEWAL,Aam Aadmi Party,Punjab,,0.03 Cr,303859,1,32.04
INDIA,38,Bardhaman Purba,DR. SHARMILA SARKAR,All India Trinamool Congress,West Bengal,,0.07 Cr,720302,1,48.11
INDIA,3,JANJGIR-CHAMPA,DR. SHIVKUMAR DAHARIYA,Indian National Congress,Chhattisgarh,,0.06 Cr,618199,1,44.4
INDIA,9,Hyderabad,DR.J.PADMAJA,Viduthalai Chiruthaigal Katchi,Telangana,,0.00 Cr,900,1,0.08
INDIA,2,CHENNAI NORTH,DR.KALANIDHI VEERASWAMY,Dravida Munnetra Kazhagam,Tamil Nadu,,0.05 Cr,497333,1,55.11
INDIA,12,Nagarkurnool,DR.MALLU RAVI,Indian National Congress,Telangana,,0.05 Cr,465072,1,38.14
INDIA,11,Kalahandi,DROUPADI MAJHI,Indian National Congress,Odisha,,0.03 Cr,303199,1,22.72
INDIA,24,TIRUCHIRAPPALLI,DURAI VAIKO,Marumalarchi Dravida Munnetra Kazhagam,Tamil Nadu,,0.05 Cr,542213,1,51.35
INDIA,9,Bellary,E. TUKARAM,Indian National Congress,Karnataka,,0.07 Cr,730845,1,52.58
INDIA,6,Malappuram,E.T.  MOHAMMED BASHEER,Indian Union Muslim League,Kerala,,0.06 Cr,644006,1,59.35
INDIA,16,Ongole,EDA SUDHAKARA REDDY,Indian National Congress,Andhra Pradesh,,0.00 Cr,26722,1,1.88
INDIA,24,RATLAM,ENGINEER BALUSINGH GAMAD,Bharat Adivasi Party,Madhya Pradesh,,0.01 Cr,52759,1,3.44
INDIA,14,Bhongir,ERRA SURYAM,Viduthalai Chiruthaigal Katchi,Telangana,,0.00 Cr,778,1,0.06
INDIA,21,POLLACHI,ESWARASAMY K,Dravida Munnetra Kazhagam,Tamil Nadu,,0.05 Cr,533377,1,47.37
INDIA,6,Raichur,G. KUMAR NAIK.,Indian National Congress,Karnataka,,0.07 Cr,670966,1,51.63
INDIA,29,Mumbai North Central,GAIKWAD VARSHA EKNATH,Indian National Congress,Maharashtra,,0.04 Cr,445545,1,48.93
INDIA,20,COIMBATORE,GANAPATHY RAJKUMAR P,Dravida Munnetra Kazhagam,Tamil Nadu,,0.06 Cr,568200,1,41.39
INDIA,2,Garhwal,GANESH GODIYAL,Indian National Congress,Uttarakhand,,0.03 Cr,268656,1,36.43
INDIA,68,Lalganj,GANGADEEN,Communist Party of India,Uttar Pradesh,,0.00 Cr,12271,1,1.22
INDIA,1,Kokrajhar,GARJAN MASHAHARY,Indian National Congress,Assam,,0.01 Cr,113736,1,9.16
INDIA,14,Narsaraopet,GARLAPATI SUBHASH PREM,Revolutionary Socialist Party,Andhra Pradesh,,0.00 Cr,1245,1,0.08
INDIA,14,Narsaraopet,GARNEPUDI ALEXANDER SUDHAKAR,Indian National Congress,Andhra Pradesh,,0.00 Cr,18046,1,1.2
INDIA,14,Jorhat,GAURAV GOGOI,Indian National Congress,Assam,,0.08 Cr,751771,1,54.04
INDIA,1,Kokrajhar,GAURI SANKAR SARANIA,All India Trinamool Congress,Assam,,0.00 Cr,23519,1,1.89
INDIA,14,Shimoga,GEETHA SHIVARAJKUMAR,Indian National Congress,Karnataka,,0.05 Cr,535006,1,38.85
INDIA,2,Banaskantha,GENIBEN NAGAJI THAKOR,Indian National Congress,Gujarat,,0.07 Cr,671883,1,48.83
INDIA,12,Lakhimpur,GHANA KANTA CHUTIA,All India Trinamool Congress,Assam,,0.00 Cr,14197,1,1.17
INDIA,8,Rajahmundry,GIDUGU RUDRARAJU,Indian National Congress,Andhra Pradesh,,0.00 Cr,32508,1,2.45
INDIA,11,Machilipatnam,GOLLU KRISHNA,Indian National Congress,Andhra Pradesh,,0.00 Cr,31825,1,2.43
INDIA,1,Sikkim,GOPAL CHETTRI,Indian National Congress,Sikkim,,0.00 Cr,2241,1,0.58
INDIA,4,Darjeeling,GOPAL LAMA,All India Trinamool Congress,West Bengal,,0.05 Cr,500806,1,37.73
INDIA,9,KRISHNAGIRI,GOPINATH K,Indian National Congress,Tamil Nadu,,0.05 Cr,492883,1,42.27
INDIA,7,Amalapuram (SC),GOUTHAM JANGA,Indian National Congress,Andhra Pradesh,,0.00 Cr,15082,1,1.16
INDIA,2,BIKANER,GOVINDRAM MEGHWAL,Indian National Congress,Rajasthan,,0.05 Cr,511026,1,45.7
INDIA,4,Raver,GULAB DAYARAM BHIL,Bharat Adivasi Party,Maharashtra,,0.00 Cr,9644,1,0.82
INDIA,18,Panchmahal,GULABSINH SOMSINH CHAUHAN,Indian National Congress,Gujarat,,0.03 Cr,285237,1,25.21
INDIA,9,Faridkot,GURCHARAN SINGH MANN,Communist Party of India,Punjab,,0.00 Cr,14950,1,1.47
INDIA,3,Khadoor Sahib,GURDIAL SINGH,Communist Party of India,Punjab,,0.00 Cr,3952,1,0.38
INDIA,2,Amritsar,GURJEET SINGH AUJLA,Indian National Congress,Punjab,,0.03 Cr,255181,1,28.18
INDIA,11,Bathinda,GURMEET SINGH KHUDIAN,Aam Aadmi Party,Punjab,,0.03 Cr,326902,1,28.4
INDIA,12,Sangrur,GURMEET SINGH MEET HAYER,Aam Aadmi Party,Punjab,,0.04 Cr,364085,1,36.06
INDIA,8,Fatehgarh Sahib,GURPREET SINGH GP,Aam Aadmi Party,Punjab,,0.03 Cr,298389,1,30.63
INDIA,23,Bangalore Rural,H V CHANDRASHEKAR,Viduthalai Chiruthaigal Katchi,Karnataka,,0.00 Cr,480,1,0.03
INDIA,7,Karimganj,HAFIZ RASHID AHMED CHOUDHURY,Indian National Congress,Assam,,0.05 Cr,526733,1,45.93
INDIA,14,NAGAUR,HANUMAN BENIWAL,Rashtriya Loktantrik Party,Rajasthan,,0.06 Cr,596955,1,48.2
INDIA,3,Muzaffarnagar,HARENDRA SINGH MALIK,Samajwadi Party,Uttar Pradesh,,0.05 Cr,470721,1,43.64
INDIA,12,TONK-SAWAI MADHOPUR,HARISH CHANDRA MEENA,Indian National Congress,Rajasthan,,0.06 Cr,623763,1,50.85
INDIA,12,Ernakulam,HIBI EDEN,Indian National Congress,Kerala,,0.05 Cr,482317,1,52.97
INDIA,7,Ahmedabad East,HIMMATSINH PRAHLADSINH PATEL,Indian National Congress,Gujarat,,0.03 Cr,308704,1,27.36
INDIA,1,Saharanpur,IMRAN MASOOD,Indian National Congress,Uttar Pradesh,,0.05 Cr,547967,1,44.57
INDIA,2,Kairana,IQRA CHOUDHARY,Samajwadi Party,Uttar Pradesh,,0.05 Cr,528013,1,48.9
INDIA,8,Maldaha Dakshin,ISHA KHAN CHOUDHURY,Indian National Congress,West Bengal,,0.06 Cr,572395,1,41.79
INDIA,17,Nandyal,J LAKSHMI NARASIMHA YADAV,Indian National Congress,Andhra Pradesh,,0.01 Cr,56204,1,4
INDIA,15,Bapatla (SC),J.D. SEELAM,Indian National Congress,Andhra Pradesh,,0.00 Cr,43259,1,3.33
INDIA,17,Parbhani,JADHAV SANJAY ( BANDU ) HARIBHAU,Shiv Sena (Uddhav Balasaheb Thackrey),Maharashtra,,0.06 Cr,601343,1,45.17
INDIA,1,Coochbehar,JAGADISH CHANDRA BARMA BASUNIA,All India Trinamool Congress,West Bengal,,0.08 Cr,788375,1,48.57
INDIA,10,Firozpur,JAGDEEP SINGH KAKA BRAR,Aam Aadmi Party,Punjab,,0.03 Cr,263384,1,23.41
INDIA,12,TONK-SAWAI MADHOPUR,JAGDISH PRASAD MEENA,Bharat Adivasi Party,Rajasthan,,0.00 Cr,1373,1,0.11
INDIA,4,HISAR,JAI PARKASH (J P) S/O HARIKESH,Indian National Congress,Haryana,,0.06 Cr,570424,1,48.58
INDIA,1,Chandni Chowk,JAI PRAKASH AGARWAL,Indian National Congress,NCT OF Delhi,,0.04 Cr,427171,1,44.22
INDIA,14,Hazaribagh,JAI PRAKASH BHAI PATEL,Indian National Congress,Jharkhand,,0.04 Cr,377927,1,29.88
INDIA,27,Banka,JAI PRAKASH NARAYAN YADAV,Rashtriya Janata Dal,Bihar,,0.04 Cr,402834,1,39.72
INDIA,4,Visakhapatnam,JALADI VIJAYA KUMARI,Samajwadi Party,Andhra Pradesh,,0.00 Cr,466,1,0.03
INDIA,2,Sundargarh,JANARDAN DEHURY,Indian National Congress,Odisha,,0.03 Cr,261986,1,22.67
INDIA,29,Dhaurahra,JANARDAN PRASAD,Communist Party of India,Uttar Pradesh,,0.00 Cr,15900,1,1.43
INDIA,13,Guntur,JANGALA AJAY KUMAR,Communist Party of India,Andhra Pradesh,,0.00 Cr,8637,1,0.61
INDIA,2,Banaskantha,JASUBHAI GAMAR,Bharat Adivasi Party,Gujarat,,0.00 Cr,4626,1,0.34
INDIA,16,Hathras,JASVEER VALMIKI,Samajwadi Party,Uttar Pradesh,,0.03 Cr,307428,1,28.39
INDIA,17,Puri,JAYANARAYAN PATTANAYAK,Indian National Congress,Odisha,,0.00 Cr,24342,1,2.03
INDIA,11,Bathinda,JEETMOHINDER SINGH SIDHU,Indian National Congress,Punjab,,0.02 Cr,202011,1,17.55
INDIA,4,Nizamabad,JEEVANREDDY THATIPARTHI,Indian National Congress,Telangana,,0.05 Cr,483077,1,39.16
INDIA,15,PALI,JEEVARAM RANA,Bharat Adivasi Party,Rajasthan,,0.00 Cr,8347,1,0.62
INDIA,14,Amreli,JENNY THUMMAR,Indian National Congress,Gujarat,,0.03 Cr,259804,1,29.64
INDIA,1,SURGUJA,JEROME MINJ,Bharat Adivasi Party,Chhattisgarh,,0.00 Cr,3060,1,0.21
INDIA,41,Etawah,JITENDRA KUMAR DOHARE,Samajwadi Party,Uttar Pradesh,,0.05 Cr,490747,1,47.47
INDIA,25,DHAR,JITENDRA MUNIYA,Bharat Adivasi Party,Madhya Pradesh,,0.00 Cr,10621,1,0.75
INDIA,10,Singhbhum,JOBA MAJHI,Jharkhand Mukti Morcha,Jharkhand,,0.05 Cr,520164,1,51.62
INDIA,1,Tehri Garhwal,JOT SINGH GUNSOLA,Indian National Congress,Uttarakhand,,0.02 Cr,190110,1,22.05
INDIA,23,KARUR,JOTHIMANI. S,Indian National Congress,Tamil Nadu,,0.05 Cr,534906,1,47.25
INDIA,13,Junagadh,JOTVA HIRABHAI ARJANBHAI,Indian National Congress,Gujarat,,0.04 Cr,448555,1,41.99
INDIA,6,Diphu,JOY RAM ENGLENG,Indian National Congress,Assam,,0.01 Cr,124019,1,18.16
INDIA,6,Balurghat,JOYDEV KUMAR SIDDHANTA,Revolutionary Socialist Party,West Bengal,,0.01 Cr,54217,1,4.38
INDIA,34,Medinipur,JUNE MALIAH,All India Trinamool Congress,West Bengal,,0.07 Cr,702192,1,47.4
INDIA,4,KORBA,JYOTSNA CHARANDAS MAHANT,Indian National Congress,Chhattisgarh,,0.06 Cr,570182,1,46.53
INDIA,27,Shahjahanpur,JYOTSNA GOND,Samajwadi Party,Uttar Pradesh,,0.05 Cr,537339,1,43.06
INDIA,17,ERODE,K E PRAKASH,Dravida Munnetra Kazhagam,Tamil Nadu,,0.06 Cr,562339,1,51.43
INDIA,10,Thrissur,K MURALEEDHARAN,Indian National Congress,Kerala,,0.03 Cr,328124,1,30.08
INDIA,28,Kolar,K V GOWTHAM,Indian National Congress,Karnataka,,0.06 Cr,620093,1,45.76
INDIA,15,Alappuzha,K. C VENUGOPAL,Indian National Congress,Kerala,,0.04 Cr,404560,1,38.21
INDIA,15,Udupi Chikmagalur,K. JAYAPRAKASH HEGDE,Indian National Congress,Karnataka,,0.05 Cr,473059,1,38.48
INDIA,8,Koppal,K. RAJASHEKAR BASAVARAJ HITNAL,Indian National Congress,Karnataka,,0.07 Cr,663511,1,49.93
INDIA,2,Kannur,K. SUDHAKARAN,Indian National Congress,Kerala,,0.05 Cr,518524,1,48.74
INDIA,9,Narsapuram,K.B.R.NAIDU,Indian National Congress,Andhra Pradesh,,0.00 Cr,35213,1,2.86
INDIA,11,Mahbubnagar,KADINTI SHANKAR REDDY,Viduthalai Chiruthaigal Katchi,Telangana,,0.00 Cr,432,1,0.04
INDIA,15,Warangal,KADIYAM KAVYA,Indian National Congress,Telangana,,0.06 Cr,581294,1,45.85
INDIA,64,Gorakhpur,KAJAL NISHAD,Samajwadi Party,Uttar Pradesh,,0.05 Cr,482308,1,41.78
INDIA,17,Barasat,KAKOLI GHOSH DASTIDAR,All India Trinamool Congress,West Bengal,,0.07 Cr,692010,1,45.15
INDIA,11,Khunti,KALI CHARAN MUNDA,Indian National Congress,Jharkhand,,0.05 Cr,511647,1,54.62
INDIA,33,Jhargram,KALIPADA SAREN (KHERWAL),All India Trinamool Congress,West Bengal,,0.07 Cr,743478,1,49.87
INDIA,17,Kheda,KALUSINH DABHI,Indian National Congress,Gujarat,,0.04 Cr,386677,1,32.88
INDIA,27,Srerampur,KALYAN BANERJEE,All India Trinamool Congress,West Bengal,,0.07 Cr,673970,1,45.65
INDIA,18,Jalna,KALYAN VAIJINATHRAO KALE,Indian National Congress,Maharashtra,,0.06 Cr,607897,1,44.59
INDIA,5,Raiganj,KALYANI KRISHNA,All India Trinamool Congress,West Bengal,,0.05 Cr,492700,1,36
INDIA,11,SIDHI,KAMLESHWAR INDRAJIT KUMAR,Indian National Congress,Madhya Pradesh,,0.04 Cr,377143,1,32.87
INDIA,2,North-East Delhi,KANHAIYA KUMAR,Indian National Congress,NCT OF Delhi,,0.07 Cr,685673,1,44.16
INDIA,36,THOOTHUKKUDI,KANIMOZHI KARUNANIDHI,Dravida Munnetra Kazhagam,Tamil Nadu,,0.05 Cr,540729,1,55.26
INDIA,24,RATLAM,KANTILAL BHURIA,Indian National Congress,Madhya Pradesh,,0.06 Cr,588631,1,38.41
INDIA,9,Faridkot,KARAMJIT SINGH ANMOL,Aam Aadmi Party,Punjab,,0.02 Cr,228009,1,22.48
INDIA,3,Jalgaon,KARAN BALASAHEB PATIL - PAWAR,Shiv Sena (Uddhav Balasaheb Thackrey),Maharashtra,,0.04 Cr,422834,1,36.15
INDIA,16,JODHPUR,KARAN SINGH UCHIYARDA,Indian National Congress,Rajasthan,,0.06 Cr,614379,1,44.4
INDIA,31,SIVAGANGA,KARTI P CHIDAMBARAM,Indian National Congress,Tamil Nadu,,0.04 Cr,427677,1,40.6
INDIA,10,Eluru,KAVURI LAVANYA,Indian National Congress,Andhra Pradesh,,0.00 Cr,20826,1,1.51
INDIA,10,BASTAR,KAWASI LAKHMA,Indian National Congress,Chhattisgarh,,0.04 Cr,403153,1,40.02
INDIA,1,Daman & Diu,KETAN DAHYABHAI PATEL,Indian National Congress,Dadra & Nagar Haveli and Daman & Diu,,0.00 Cr,11258,1,12.18
INDIA,9,Jangipur,KHALILUR RAHAMAN,All India Trinamool Congress,West Bengal,,0.05 Cr,544427,1,39.75
INDIA,6,TIKAMGARH,KHUMAN URF PANKAJ AHIRWAR,Indian National Congress,Madhya Pradesh,,0.03 Cr,311738,1,28.38
INDIA,37,Amethi,KISHORI LAL,Indian National Congress,Uttar Pradesh,,0.05 Cr,539228,1,54.99
INDIA,16,Mavelikkara,KODIKUNNIL SURESH,Indian National Congress,Kerala,,0.04 Cr,369516,1,41.29
INDIA,22,Nellore,KOPPULA RAJU,Indian National Congress,Andhra Pradesh,,0.01 Cr,54844,1,3.99
INDIA,48,Banda,KRISHNA DEVI SHIVSHANKER PATEL,Samajwadi Party,Uttar Pradesh,,0.04 Cr,406567,1,38.94
INDIA,4,Chatra,KRISHNA NAND TRIPATHI,Indian National Congress,Jharkhand,,0.04 Cr,353597,1,32.55
INDIA,3,Khadoor Sahib,KULBIR SINGH ZIRA,Indian National Congress,Punjab,,0.02 Cr,207310,1,19.8
INDIA,1,GANGANAGAR,KULDEEP INDORA,Indian National Congress,Rajasthan,,0.07 Cr,726492,1,51.4
INDIA,3,East Delhi,KULDEEP KUMAR (MONU),Aam Aadmi Party,NCT OF Delhi,,0.06 Cr,571156,1,45.18
INDIA,1,Andaman & Nicobar Islands,KULDEEP RAI SHARMA,Indian National Congress,Andaman & Nicobar Islands,,0.01 Cr,78040,1,38.54
INDIA,2,Amritsar,KULDEEP SINGH DHALIWAL,Aam Aadmi Party,Punjab,,0.02 Cr,214880,1,23.73
INDIA,38,Gaya,KUMAR SARVJEET,Rashtriya Janata Dal,Bihar,,0.04 Cr,393148,1,40.8
INDIA,28,Munger,KUMARI ANITA,Rashtriya Janata Dal,Bihar,,0.05 Cr,469276,1,41.2
INDIA,13,Nalgonda,KUNDURU RAGHUVEER,Indian National Congress,Telangana,,0.08 Cr,784337,1,60.5
INDIA,9,Amroha,KUNWAR DANISH ALI,Indian National Congress,Uttar Pradesh,,0.04 Cr,447836,1,40.32
INDIA,2,Dadar & Nagar Haveli,KURADA DEEPAKBHAI,Bharat Adivasi Party,Dadra & Nagar Haveli and Daman & Diu,,0.00 Cr,10197,1,4.96
INDIA,1,MIZORAM,LALBIAKZAMA,Indian National Congress,Mizoram,,0.01 Cr,98595,1,20.07
INDIA,14,Darbhanga,LALIT KUMAR YADAV,Rashtriya Janata Dal,Bihar,,0.04 Cr,388474,1,37.93
INDIA,11,Porbandar,LALIT VASOYA,Indian National Congress,Gujarat,,0.02 Cr,249758,1,26.89
INDIA,8,ALWAR,LALIT YADAV,Indian National Congress,Rajasthan,,0.06 Cr,583710,1,46.57
INDIA,78,Bhadohi,LALITESHPATI TRIPATHI,All India Trinamool Congress,Uttar Pradesh,,0.04 Cr,415910,1,38.33
INDIA,55,Ambedkar Nagar,LALJI VERMA,Samajwadi Party,Uttar Pradesh,,0.05 Cr,544959,1,46.3
INDIA,3,Khadoor Sahib,LALJIT SINGH BHULLAR,Aam Aadmi Party,Punjab,,0.02 Cr,194836,1,18.61
INDIA,62,Sant Kabir Nagar,LAXMIKANT PAPPU NISHAD,Samajwadi Party,Uttar Pradesh,,0.05 Cr,498695,1,45.7
INDIA,28,Kolar,M  C HALLI VENU,Viduthalai Chiruthaigal Katchi,Karnataka,,0.00 Cr,521,1,0.04
INDIA,5,Kozhikode,M. K. RAGHAVAN,Indian National Congress,Kerala,,0.05 Cr,520421,1,47.74
INDIA,21,Mysore,M. LAKSHMANA,Indian National Congress,Karnataka,,0.07 Cr,656241,1,44.21
INDIA,26,CUDDALORE,M.K. VISHNUPRASAD,Indian National Congress,Tamil Nadu,,0.05 Cr,455053,1,44.11
INDIA,27,Chikkballapur,M.S. RAKSHA RAMAIAH,Indian National Congress,Karnataka,,0.07 Cr,659159,1,43.06
INDIA,15,Warangal,MACHA DEVENDER,Viduthalai Chiruthaigal Katchi,Telangana,,0.00 Cr,1769,1,0.14
INDIA,2,Paschim Champaran,MADAN MOHAN TIWARI,Indian National Congress,Bihar,,0.04 Cr,443853,1,40.86
INDIA,4,Darrang-Udalguri,MADHAB RAJBANGSHI,Indian National Congress,Assam,,0.05 Cr,539375,1,29.78
INDIA,6,West Delhi,MAHABAL MISHRA,Aam Aadmi Party,NCT OF Delhi,,0.06 Cr,643645,1,42.22
INDIA,10,FARIDABAD,MAHENDER PRATAP SINGH,Indian National Congress,Haryana,,0.06 Cr,615655,1,41.84
INDIA,12,Lohardaga,MAHENDRA ORAON,Communist Party of India,Jharkhand,,0.00 Cr,16793,1,1.74
INDIA,22,UJJAIN,MAHESH PARMAR,Indian National Congress,Madhya Pradesh,,0.05 Cr,460244,1,34.64
INDIA,12,Krishnanagar,MAHUA MOITRA,All India Trinamool Congress,West Bengal,,0.06 Cr,628789,1,44.1
INDIA,23,Kolkata Dakshin,MALA ROY,All India Trinamool Congress,West Bengal,,0.06 Cr,615274,1,49.48
INDIA,14,KALLAKURICHI,MALAIYARASAN D,Dravida Munnetra Kazhagam,Tamil Nadu,,0.06 Cr,561589,1,44.94
INDIA,19,Ananthapur,MALLIKARJUNA VAJJALA,Indian National Congress,Andhra Pradesh,,0.00 Cr,43217,1,3
INDIA,6,Kakinada,MALLIPUDI MANGAPATI PALLAM RAJU,Indian National Congress,Andhra Pradesh,,0.00 Cr,21109,1,1.59
INDIA,6,Anandpur Sahib,MALVINDER SINGH KANG,Aam Aadmi Party,Punjab,,0.03 Cr,313217,1,29.08
INDIA,13,Palamau,MAMTA BHUIYAN,Rashtriya Janata Dal,Jharkhand,,0.05 Cr,481555,1,34.63
INDIA,13,Patiala,MANDEEP SINGH,Revolutionary Socialist Party,Punjab,,0.00 Cr,973,1,0.08
INDIA,10,DHARMAPURI,MANI. A.,Dravida Munnetra Kazhagam,Tamil Nadu,,0.04 Cr,432667,1,34.67
INDIA,34,VIRUDHUNAGAR,MANICKAM TAGORE B,Indian National Congress,Tamil Nadu,,0.04 Cr,385256,1,36.28
INDIA,1,Chandigarh,MANISH TEWARI,Indian National Congress,Chandigarh,,0.02 Cr,216657,1,48.22
INDIA,13,Dibrugarh,MANOJ DHANOWAR,Aam Aadmi Party,Assam,,0.01 Cr,137864,1,10.78
INDIA,5,Nagina,MANOJ KUMAR,Samajwadi Party,Uttar Pradesh,,0.01 Cr,102374,1,10.22
INDIA,34,Sasaram,MANOJ KUMAR,Indian National Congress,Bihar,,0.05 Cr,513004,1,46.76
INDIA,10,Bolangir,MANOJ KUMAR MISHRA,Indian National Congress,Odisha,,0.02 Cr,230874,1,16.49
INDIA,25,Bangalore central,MANSOOR ALI KHAN,Indian National Congress,Karnataka,,0.06 Cr,626208,1,47.57
INDIA,7,DAMOH,MANU SINGH MARAVI,Bharat Adivasi Party,Madhya Pradesh,,0.00 Cr,7887,1,0.72
INDIA,5,KARNAL,MARATHA VIRENDER VERMA,Nationalist Congress Party – Sharadchandra Pawar,Haryana,,0.00 Cr,29151,1,2.17
INDIA,16,NAMAKKAL,MATHESWARAN V S,Dravida Munnetra Kazhagam,Tamil Nadu,,0.05 Cr,462036,1,40.31
INDIA,6,Giridih,MATHURA PRASAD MAHATO,Jharkhand Mukti Morcha,Jharkhand,,0.04 Cr,370259,1,29.27
INDIA,6,Madhubani,MD ALI ASHRAF FATMI,Rashtriya Janata Dal,Bihar,,0.04 Cr,401483,1,39.07
INDIA,3,ANANTNAG-RAJOURI,MIAN ALTAF AHMAD,Jammu & Kashmir National Conference,Jammu and Kashmir,,0.05 Cr,521836,1,50.85
INDIA,2,Alipurduars,MILI ORAON,Revolutionary Socialist Party,West Bengal,,0.00 Cr,39709,1,2.79
INDIA,42,Birbhum,MILTON RASHID,Indian National Congress,West Bengal,,0.02 Cr,226260,1,14.81
INDIA,5,Guwahati,MIRA BORTHAKUR GOSWAMI,Indian National Congress,Assam,,0.06 Cr,643797,1,40.25
INDIA,31,Patliputra,MISHA BHARTI,Rashtriya Janata Dal,Bihar,,0.06 Cr,613283,1,49.86
INDIA,10,Kishanganj,MOHAMMAD JAWED,Indian National Congress,Bihar,,0.04 Cr,402850,1,35
INDIA,1,Lakshadweep,MOHAMMED FAIZAL PP,Nationalist Congress Party – Sharadchandra Pawar,Lakshadweep,,0.00 Cr,23079,1,46.91
INDIA,9,Hyderabad,MOHAMMED WALIULLAH SAMEER,Indian National Congress,Telangana,,0.01 Cr,62962,1,5.83
INDIA,22,Palghar,MOHAN BARAKU GUHE,Bharat Adivasi Party,Maharashtra,,0.00 Cr,10761,1,0.78
INDIA,7,Rampur,MOHIBBULLAH,Samajwadi Party,Uttar Pradesh,,0.05 Cr,481503,1,49.74
INDIA,43,Madha,MOHITE-PATIL DHAIRYASHEEL RAJSINH,Nationalist Congress Party – Sharadchandra Pawar,Maharashtra,,0.06 Cr,622213,1,48.86
INDIA,1,Araku (ST),MOTTADAM . RAJABABU,Bharat Adivasi Party,Andhra Pradesh,,0.00 Cr,6766,1,0.58
INDIA,25,Chittoor(SC),MOTUKUR JAGAPATHI,Indian National Congress,Andhra Pradesh,,0.00 Cr,30150,1,2.12
INDIA,2,Belgaum,MRINAL R HEBBALKAR,Indian National Congress,Karnataka,,0.06 Cr,583592,1,42.17
INDIA,1,Lakshadweep,MUHAMMED HAMDULLAH SAYEED,Indian National Congress,Lakshadweep,,0.00 Cr,25726,1,52.29
INDIA,17,Mathura,MUKESH DHANGAR,Indian National Congress,Uttar Pradesh,,0.02 Cr,216657,1,22.64
INDIA,13,Ranaghat,MUKUT MANI ADHIKARI,All India Trinamool Congress,West Bengal,,0.06 Cr,595497,1,38.65
INDIA,4,Darjeeling,MUNISH TAMANG,Indian National Congress,West Bengal,,0.01 Cr,83374,1,6.28
INDIA,11,DAUSA,MURARI LAL MEENA,Indian National Congress,Rajasthan,,0.06 Cr,646266,1,60.24
INDIA,30,THANJAVUR,MURASOLI S,Dravida Munnetra Kazhagam,Tamil Nadu,,0.05 Cr,502245,1,48.82
INDIA,9,Jangipur,MURTOJA HOSSAIN BOKUL,Indian National Congress,West Bengal,,0.04 Cr,427790,1,31.23
INDIA,18,Kollam,N K PREMACHANDRAN,Revolutionary Socialist Party,Kerala,,0.04 Cr,443628,1,48.45
INDIA,1,Arunachal West,NABAM TUKI,Indian National Congress,Arunachal Pradesh,,0.01 Cr,104679,1,26.18
INDIA,3,Sambalpur,NAGENDRA KUMAR PRADHAN,Indian National Congress,Odisha,,0.01 Cr,89113,1,7.45
INDIA,25,Navsari,NAISHADHBHAI BHUPATBHAI  DESAI,Indian National Congress,Gujarat,,0.03 Cr,257514,1,19.24
INDIA,16,CHHINDWARA,NAKUL KAMALNATH,Indian National Congress,Madhya Pradesh,,0.05 Cr,531120,1,40.7
INDIA,2,Dumka,NALIN SOREN,Jharkhand Mukti Morcha,Jharkhand,,0.05 Cr,547370,1,46.23
INDIA,45,Jalaun,NARAYAN DAS AHIRWAR,Samajwadi Party,Uttar Pradesh,,0.05 Cr,530180,1,46.96
INDIA,5,Buldhana,NARENDRA DAGDU KHEDEKAR,Shiv Sena (Uddhav Balasaheb Thackrey),Maharashtra,,0.03 Cr,320388,1,28.88
INDIA,28,KHANDWA,NARENDRA PATEL,Indian National Congress,Madhya Pradesh,,0.06 Cr,592708,1,39.19
INDIA,49,Fatehpur,NARESH CHANDRA UTTAM PATEL,Samajwadi Party,Uttar Pradesh,,0.05 Cr,500328,1,45.2
INDIA,35,RAMANATHAPURAM,NAVASKANI K,Indian Union Muslim League,Tamil Nadu,,0.05 Cr,509664,1,45.92
INDIA,10,REWA,NEELAM ABHAY MISHRA,Indian National Congress,Madhya Pradesh,,0.03 Cr,284085,1,30.94
INDIA,6,Medak,NEELAM MADHU,Indian National Congress,Telangana,,0.04 Cr,432078,1,31.17
INDIA,24,Aonla,NEERAJ MAURYA,Samajwadi Party,Uttar Pradesh,,0.05 Cr,492515,1,45.23
INDIA,1,MORENA,NEETU SATYAPAL SINGH SIKARWAR,Indian National Congress,Madhya Pradesh,,0.05 Cr,462947,1,38.99
INDIA,35,Purulia,NEPAL CHANDRA MAHATO,Indian National Congress,West Bengal,,0.01 Cr,129157,1,9.01
INDIA,37,Ahmednagar,NILESH DNYANDEV LANKE,Nationalist Congress Party – Sharadchandra Pawar,Maharashtra,,0.06 Cr,624797,1,47.14
INDIA,3,Jalpaiguri,NIRMAL CHANDRA ROY,All India Trinamool Congress,West Bengal,,0.07 Cr,679875,1,43.07
INDIA,1,Kachchh,NITESH PARBATBHAI LALAN (MATANG),Indian National Congress,Gujarat,,0.04 Cr,390792,1,35.68
INDIA,1,BARAMULLA,OMAR ABDULLAH,Jammu & Kashmir National Conference,Jammu and Kashmir,,0.03 Cr,268339,1,25.95
INDIA,14,MANDLA,OMKAR SINGH MARKAM,Indian National Congress,Madhya Pradesh,,0.06 Cr,647529,1,42.17
INDIA,40,Osmanabad,OMPRAKASH BHUPALSINH ALIAS PAVAN RAJENIMBALKAR,Shiv Sena (Uddhav Balasaheb Thackrey),Maharashtra,,0.07 Cr,748752,1,58.45
INDIA,18,JALORE,OTARAM,Bharat Adivasi Party,Rajasthan,,0.00 Cr,10109,1,0.7
INDIA,4,Visakhapatnam,P. SATYA REDDY,Indian National Congress,Andhra Pradesh,,0.00 Cr,30267,1,2.18
INDIA,18,Kurnoolu,P.G.RAMPULLAIAH YADAV LUCKY-2,Indian National Congress,Andhra Pradesh,,0.01 Cr,70373,1,5.29
INDIA,20,Vadodara,PADHIYAR  JASHPALSINH MAHENDRASINH (BAPU),Indian National Congress,Gujarat,,0.03 Cr,291063,1,24.01
INDIA,17,Dakshina Kannada,PADMARAJ.R.POOJARY,Indian National Congress,Karnataka,,0.06 Cr,614924,1,43.43
INDIA,8,Secunderabad,PAGIDIPALLI SHYAMSON,Viduthalai Chiruthaigal Katchi,Telangana,,0.00 Cr,130,1,0.01
INDIA,25,Chittoor(SC),PALLIPATTU.ABHINAV VISHNU,Samajwadi Party,Andhra Pradesh,,0.00 Cr,676,1,0.05
INDIA,17,Nandyal,PANDU RANGA YADAV SIDDAPU,Samajwadi Party,Andhra Pradesh,,0.00 Cr,605,1,0.04
INDIA,20,Thiruvananthapuram,PANNIAN RAVINDRAN,Communist Party of India,Kerala,,0.02 Cr,247648,1,25.72
INDIA,15,Barrackpur,PARTHA BHOWMICK,All India Trinamool Congress,West Bengal,,0.05 Cr,520231,1,45.56
INDIA,16,Ongole,PASAM VENKATESWARLU YADAV,Samajwadi Party,Andhra Pradesh,,0.00 Cr,743,1,0.05
INDIA,10,Baharampur,PATHAN YUSUF,All India Trinamool Congress,West Bengal,,0.05 Cr,524516,1,37.88
INDIA,7,Malkajgiri,PATNAM SUNEETHA MAHENDER REDDY,Indian National Congress,Telangana,,0.06 Cr,599567,1,31
INDIA,4,Jalandhar,PAWAN KUMAR TINU,Aam Aadmi Party,Punjab,,0.02 Cr,208889,1,21.12
INDIA,2,Srikakulam,PEDADA PARAMESWARA RAO,Indian National Congress,Andhra Pradesh,,0.00 Cr,7172,1,0.58
INDIA,2,BHIND,PHOOL SINGH BARAIYA,Indian National Congress,Madhya Pradesh,,0.05 Cr,472225,1,45.02
INDIA,10,BASTAR,PHULSINGH KACHLAM,Communist Party of India,Chhattisgarh,,0.00 Cr,35887,1,3.56
INDIA,12,SHAHDOL,PHUNDE LAL SINGH MARKO,Indian National Congress,Madhya Pradesh,,0.03 Cr,313803,1,27.24
INDIA,1,Coochbehar,PIYA ROY CHOWDHURY,Indian National Congress,West Bengal,,0.00 Cr,10679,1,0.66
INDIA,27,KHARGONE,PORLAL BATHA KHARTE,Indian National Congress,Madhya Pradesh,,0.07 Cr,684845,1,43.93
INDIA,46,Jhansi,"PRADEEP JAIN ""ADITYA""",Indian National Congress,Uttar Pradesh,,0.06 Cr,587702,1,42.57
INDIA,3,Almora,PRADEEP TAMTA,Indian National Congress,Uttarakhand,,0.02 Cr,195070,1,29.18
INDIA,3,Godda,PRADEEP YADAV,Indian National Congress,Jharkhand,,0.06 Cr,591327,1,42.29
INDIA,24,Kolkata Uttar,PRADIP BHATTACHARYA,Indian National Congress,West Bengal,,0.01 Cr,114982,1,12
INDIA,14,Bangaon,PRADIPKUMAR BISWAS,Indian National Congress,West Bengal,,0.01 Cr,65176,1,4.37
INDIA,9,Nagaon,PRADYUT BORDOLOI,Indian National Congress,Assam,,0.08 Cr,788850,1,50.89
INDIA,24,KOTA,PRAHLAD GUNJAL,Indian National Congress,Rajasthan,,0.07 Cr,708522,1,47.23
INDIA,19,UDAIPUR,PRAKASH CHAND,Bharat Adivasi Party,Rajasthan,,0.02 Cr,217138,1,14.49
INDIA,2,Alipurduars,PRAKASH CHIK BARAIK,All India Trinamool Congress,West Bengal,,0.06 Cr,619867,1,43.61
INDIA,4,Nainital-Udhamsingh Nagar,PRAKASH JOSHI,Indian National Congress,Uttarakhand,,0.04 Cr,438123,1,34.61
INDIA,42,Solapur,PRANITI SUSHILKUMAR SHINDE,Indian National Congress,Maharashtra,,0.06 Cr,620225,1,51.49
INDIA,7,Maldaha Uttar,PRASUN BANERJEE,All India Trinamool Congress,West Bengal,,0.04 Cr,449315,1,31.7
INDIA,25,Howrah,PRASUN BANERJEE,All India Trinamool Congress,West Bengal,,0.06 Cr,626493,1,49.26
INDIA,7,JAIPUR,PRATAP SINGH KHACHARIYAWAS,Indian National Congress,Rajasthan,,0.06 Cr,555083,1,37.93
INDIA,18,VIDISHA,PRATAPBHANU SHARMA,Indian National Congress,Madhya Pradesh,,0.03 Cr,295052,1,20.27
INDIA,19,Joynagar,PRATIMA MONDAL,All India Trinamool Congress,West Bengal,,0.09 Cr,894312,1,60.32
INDIA,3,GWALIOR,PRAVEEN PATHAK,Indian National Congress,Madhya Pradesh,,0.06 Cr,601325,1,44.77
INDIA,25,Bareilly,PRAVEEN SINGH ARON,Samajwadi Party,Uttar Pradesh,,0.05 Cr,532323,1,47.55
INDIA,11,Sonitpur,PREMLAL GANJU,Indian National Congress,Assam,,0.04 Cr,414380,1,32.16
INDIA,74,Machhlishahr,PRIYA SAROJ,Samajwadi Party,Uttar Pradesh,,0.05 Cr,451292,1,42.57
INDIA,1,Chikkodi,PRIYANKA SATISH JARKIHOLI,Indian National Congress,Karnataka,,0.07 Cr,713461,1,51.21
INDIA,24,Bangalore North,PROFESSOR M.V RAJEEV GOWDA,Indian National Congress,Karnataka,,0.07 Cr,726573,1,41.46
INDIA,50,Kaushambi,PUSHPENDRA SAROJ,Samajwadi Party,Uttar Pradesh,,0.05 Cr,509787,1,50.51
INDIA,34,Mohanlalganj,R.K. CHAUDHARY,Samajwadi Party,Uttar Pradesh,,0.07 Cr,667869,1,48.49
INDIA,16,Jagatsinghpur,RABINDRA KUMAR SETHY,Indian National Congress,Odisha,,0.01 Cr,123570,1,9.61
INDIA,28,Hooghly,RACHNA BANERJEE,All India Trinamool Congress,West Bengal,,0.07 Cr,702744,1,46.31
INDIA,5,Gulbarga,RADHAKRISHNA,Indian National Congress,Karnataka,,0.07 Cr,652321,1,49.78
INDIA,8,Silchar,RADHESHYAM BISWAS,All India Trinamool Congress,Assam,,0.00 Cr,20493,1,1.88
INDIA,25,DHAR,RADHESHYAM MUVEL,Indian National Congress,Madhya Pradesh,,0.06 Cr,575784,1,40.4
INDIA,4,Wayanad,RAHUL GANDHI,Indian National Congress,Kerala,,0.06 Cr,647445,1,59.69
INDIA,36,Rae Bareli,RAHUL GANDHI,Indian National Congress,Uttar Pradesh,,0.07 Cr,687649,1,66.17
INDIA,3,CHURU,RAHUL KASWAN,Indian National Congress,Rajasthan,,0.07 Cr,728211,1,51.12
INDIA,9,GURGAON,RAJ BABBAR,Indian National Congress,Haryana,,0.07 Cr,733257,1,45.79
INDIA,20,BANSWARA,RAJ KUMAR ROAT,Bharat Adivasi Party,Rajasthan,,0.08 Cr,820831,1,50.15
INDIA,19,NILGIRIS,RAJA A,Dravida Munnetra Kazhagam,Tamil Nadu,,0.05 Cr,473212,1,46.44
INDIA,21,Nashik,RAJABHAU (PARAG) PRAKASH WAJE,Shiv Sena (Uddhav Balasaheb Thackrey),Maharashtra,,0.06 Cr,616729,1,49.85
INDIA,25,Thane,RAJAN BABURAO VICHARE,Shiv Sena (Uddhav Balasaheb Thackrey),Maharashtra,,0.05 Cr,517220,1,39.51
INDIA,44,Akbarpur,RAJARAM PAL,Samajwadi Party,Uttar Pradesh,,0.05 Cr,473078,1,43.52
INDIA,70,Ghosi,RAJEEV RAI,Samajwadi Party,Uttar Pradesh,,0.05 Cr,503131,1,43.73
INDIA,21,DEWAS,RAJENDRA RADHAKISHAN MALVIYA,Indian National Congress,Madhya Pradesh,,0.05 Cr,503716,1,34.29
INDIA,7,DURG,RAJENDRA SAHU,Indian National Congress,Chhattisgarh,,0.05 Cr,518271,1,33.59
INDIA,2,Dumka,RAJESH KISKU,Communist Party of India,Jharkhand,,0.00 Cr,11506,1,0.97
INDIA,1,Kasaragod,RAJMOHAN UNNITHAN,Indian National Congress,Kerala,,0.05 Cr,490659,1,44.1
INDIA,4,Bijapur,RAJU ALAGUR.,Indian National Congress,Karnataka,,0.06 Cr,595552,1,45.95
INDIA,30,Sitapur,RAKESH RATHOR,Indian National Congress,Uttar Pradesh,,0.05 Cr,531138,1,48.2
INDIA,2,Dhubri,RAKIBUL HUSSAIN,Indian National Congress,Assam,,0.15 Cr,1471885,1,59.99
INDIA,61,Basti,RAM PRASAD CHAUDHARY,Samajwadi Party,Uttar Pradesh,,0.05 Cr,527005,1,48.67
INDIA,58,Shrawasti,RAM SHIROMANI VERMA,Samajwadi Party,Uttar Pradesh,,0.05 Cr,511055,1,48.83
INDIA,1,North Goa,RAMAKANT KHALAP,Indian National Congress,Goa,,0.01 Cr,141311,1,30.99
INDIA,5,JAMMU,RAMAN BHALLA,Indian National Congress,Jammu and Kashmir,,0.06 Cr,552090,1,42.4
INDIA,17,Khammam,RAMASAHAYAM RAGHURAM REDDY,Indian National Congress,Telangana,,0.08 Cr,766929,1,61.29
INDIA,71,Salempur,RAMASHANKAR RAJBHAR,Samajwadi Party,Uttar Pradesh,,0.04 Cr,405472,1,44.2
INDIA,38,Sultanpur,RAMBHUAL NISHAD,Samajwadi Party,Uttar Pradesh,,0.04 Cr,444330,1,43
INDIA,13,AJMER,RAMCHANDRA CHOUDHARY,Indian National Congress,Rajasthan,,0.04 Cr,417471,1,34.76
INDIA,48,Banda,RAMCHANDRA SARAS,Communist Party of India,Uttar Pradesh,,0.00 Cr,9438,1,0.9
INDIA,79,Mirzapur,RAMESH CHAND BIND,Samajwadi Party,Uttar Pradesh,,0.04 Cr,433821,1,39.25
INDIA,56,Baharaich,RAMESH CHANDRA,Samajwadi Party,Uttar Pradesh,,0.05 Cr,454575,1,43.02
INDIA,16,Jagatsinghpur,RAMESH CHANDRA SETHY,Communist Party of India,Odisha,,0.00 Cr,8130,1,0.63
INDIA,4,Mahesana,RAMJI THAKOR,Indian National Congress,Gujarat,,0.04 Cr,358360,1,33.28
INDIA,19,Fatehpur Sikri,RAMNATH SINGH SIKARWAR,Indian National Congress,Uttar Pradesh,,0.04 Cr,402252,1,38.9
INDIA,29,BETUL,RAMU TEKAM,Indian National Congress,Madhya Pradesh,,0.05 Cr,468475,1,33.56
INDIA,9,Alathur,RAMYA HARIDAS,Indian National Congress,Kerala,,0.04 Cr,383336,1,38.63
INDIA,10,Chevella,RANJIT REDDY GADE,Revolutionary Socialist Party,Telangana,,0.00 Cr,1698,1,0.1
INDIA,8,BHIWANI-MAHENDRAGARH,RAO DAN SINGH,Indian National Congress,Haryana,,0.05 Cr,547154,1,46.24
INDIA,20,Berhampur,RASMI RANJAN PATNAIK,Indian National Congress,Odisha,,0.01 Cr,129744,1,12.44
INDIA,35,Lucknow,RAVIDAS MEHROTRA,Samajwadi Party,Uttar Pradesh,,0.05 Cr,477550,1,42
INDIA,13,VILUPPURAM,RAVIKUMAR. D,Viduthalai Chiruthaigal Katchi,Tamil Nadu,,0.05 Cr,477033,1,41.39
INDIA,1,Nandurbar,RAVINDRA RANJIT VALVI,Bharat Adivasi Party,Maharashtra,,0.00 Cr,2625,1,0.19
INDIA,11,Sonitpur,RISHIRAJ KAUNDINYA,Aam Aadmi Party,Assam,,0.00 Cr,33048,1,2.56
INDIA,4,Sheohar,RITU JAISWAL,Rashtriya Janata Dal,Bihar,,0.04 Cr,447469,1,42.39
INDIA,38,TIRUNELVELI,ROBERT BRUCE C,Indian National Congress,Tamil Nadu,,0.05 Cr,502296,1,47.06
INDIA,20,Saran,ROHINI ACHARYA,Rashtriya Janata Dal,Bihar,,0.05 Cr,458091,1,44.84
INDIA,10,Kaziranga,ROSELINA TIRKEY,Indian National Congress,Assam,,0.06 Cr,648096,1,39.76
INDIA,6,Moradabad,RUCHI VIRA,Samajwadi Party,Uttar Pradesh,,0.06 Cr,637363,1,49.67
INDIA,9,Surendranagar,RUTVIKBHAI LAVJIBHAI MAKWANA,Indian National Congress,Gujarat,,0.04 Cr,408132,1,36.07
INDIA,7,ARAKKONAM,S JAGATHRATCHAKAN,Dravida Munnetra Kazhagam,Tamil Nadu,,0.06 Cr,563216,1,48.39
INDIA,1,Nagaland,S SUPONGMEREN JAMIR,Indian National Congress,Nagaland,,0.04 Cr,401951,1,52.83
INDIA,19,Tumkur,S.P. MUDDAHANUMEGOWDA,Indian National Congress,Karnataka,,0.05 Cr,545352,1,41.84
INDIA,67,Bansgaon,SADAL PRASAD,Indian National Congress,Uttar Pradesh,,0.04 Cr,425543,1,45.04
INDIA,7,Bidar,SAGAR ESHWAR KHANDRE,Indian National Congress,Karnataka,,0.07 Cr,666317,1,53.63
INDIA,7,South Delhi,SAHI RAM,Aam Aadmi Party,NCT OF Delhi,,0.06 Cr,568499,1,43.87
INDIA,26,Uluberia,SAJDA AHMED,All India Trinamool Congress,West Bengal,,0.07 Cr,724622,1,52.1
INDIA,13,Idukki,SAJI @ SHAJI,Viduthalai Chiruthaigal Katchi,Kerala,,0.00 Cr,1508,1,0.18
INDIA,2,Tura,SALENG A SANGMA,Indian National Congress,Meghalaya,,0.04 Cr,383919,1,56.96
INDIA,12,SHAHDOL,SAMAR SHAH SINGH GOND,Communist Party of India,Madhya Pradesh,,0.00 Cr,19883,1,1.73
INDIA,19,Joynagar,SAMARENDRA NATH MONDAL,Revolutionary Socialist Party,West Bengal,,0.00 Cr,40113,1,2.71
INDIA,9,Jamshedpur,SAMIR KUMAR MOHANTY,Jharkhand Mukti Morcha,Jharkhand,,0.05 Cr,466392,1,36.5
INDIA,15,BALAGHAT,SAMRAT ASHOK SINGH SARASWAR,Indian National Congress,Madhya Pradesh,,0.05 Cr,538148,1,38.93
INDIA,3,Bagalkot,SAMYUKTA SHIVANAND PATIL,Indian National Congress,Karnataka,,0.06 Cr,602640,1,45.74
INDIA,72,Ballia,SANATAN PANDEY,Samajwadi Party,Uttar Pradesh,,0.05 Cr,467068,1,46.37
INDIA,15,PALI,SANGEETA BENIWAL,Indian National Congress,Rajasthan,,0.05 Cr,512038,1,37.82
INDIA,32,Misrikh,SANGITA RAJVANSHI,Samajwadi Party,Uttar Pradesh,,0.04 Cr,441610,1,41.98
INDIA,1,Bargarh,SANJAY BHOI,Indian National Congress,Odisha,,0.01 Cr,93551,1,7.14
INDIA,28,Mumbai North East,SANJAY DINA PATIL,Shiv Sena (Uddhav Balasaheb Thackrey),Maharashtra,,0.05 Cr,450937,1,48.67
INDIA,11,SIDHI,SANJAY NAMDEO,Communist Party of India,Madhya Pradesh,,0.00 Cr,20290,1,1.77
INDIA,17,HOSHANGABAD,SANJAY SHARMA SANJU BHAIYA,Indian National Congress,Madhya Pradesh,,0.04 Cr,380451,1,30.44
INDIA,14,Yavatmal- Washim,SANJAY UTTAMRAO DESHMUKH,Shiv Sena (Uddhav Balasaheb Thackrey),Maharashtra,,0.06 Cr,594807,1,48.53
INDIA,9,BHARATPUR,SANJNA JATAV,Indian National Congress,Rajasthan,,0.06 Cr,579890,1,51.18
INDIA,33,Maval,SANJOG BHIKU WAGHERE PATIL,Shiv Sena (Uddhav Balasaheb Thackrey),Maharashtra,,0.06 Cr,596217,1,42
INDIA,21,Koraput,SAPTAGIRI SANKAR ULAKA,Indian National Congress,Odisha,,0.05 Cr,471393,1,41.03
INDIA,9,Dhenkanal,SASHMITA BEHERA,Indian National Congress,Odisha,,0.00 Cr,34730,1,2.91
INDIA,1,TIRUVALLUR,Sasikanth Senthil,Indian National Congress,Tamil Nadu,,0.08 Cr,796956,1,56.21
INDIA,42,Birbhum,SATABDI ROY,All India Trinamool Congress,West Bengal,,0.07 Cr,717961,1,47
INDIA,6,SONIPAT,SATPAL BRAHAMCHARI,Indian National Congress,Haryana,,0.05 Cr,548682,1,48.82
INDIA,3,HAMIRPUR,SATPAL RAIZADA,Indian National Congress,Himachal Pradesh,,0.04 Cr,424711,1,40.55
INDIA,48,Hatkanangale,SATYAJEET BABASAHEB PATIL (AABA) SARUDKAR,Shiv Sena (Uddhav Balasaheb Thackrey),Maharashtra,,0.05 Cr,506764,1,39.1
INDIA,22,Jadavpur,SAYANI GHOSH,All India Trinamool Congress,West Bengal,,0.07 Cr,717899,1,45.83
INDIA,3,SIRSA,SELJA,Indian National Congress,Haryana,,0.07 Cr,733823,1,54.17
INDIA,15,SALEM,SELVAGANAPATHI T M,Dravida Munnetra Kazhagam,Tamil Nadu,,0.06 Cr,566085,1,43.38
INDIA,6,KANCHEEPURAM,SELVAM. G,Dravida Munnetra Kazhagam,Tamil Nadu,,0.06 Cr,586044,1,46.53
INDIA,29,NAGAPATTINAM,SELVARAJ V,Communist Party of India,Tamil Nadu,,0.05 Cr,465044,1,47.79
INDIA,3,Vadakara,SHAFI PARAMBIL,Indian National Congress,Kerala,,0.06 Cr,557528,1,49.65
INDIA,9,Araria,SHAHNAWAZ,Rashtriya Janata Dal,Bihar,,0.06 Cr,580052,1,46.31
INDIA,8,Maldaha Dakshin,SHAHNAWAZ ALI RAIHAN,All India Trinamool Congress,West Bengal,,0.03 Cr,301026,1,21.98
INDIA,24,Rajampet,SHAIK BASHEED,Indian National Congress,Andhra Pradesh,,0.01 Cr,53300,1,4
INDIA,19,Ananthapur,SHAIK.NIZAM,Samajwadi Party,Andhra Pradesh,,0.00 Cr,753,1,0.05
INDIA,35,Purulia,SHANTIRAM MAHATO,All India Trinamool Congress,West Bengal,,0.06 Cr,561410,1,39.15
INDIA,1,SURGUJA,SHASHI SINGH KORAM,Indian National Congress,Chhattisgarh,,0.06 Cr,648378,1,44.55
INDIA,20,Thiruvananthapuram,SHASHI THAROOR,Indian National Congress,Kerala,,0.04 Cr,358155,1,37.19
INDIA,45,Satara,SHASHIKANT JAYVANTRAO SHINDE,Nationalist Congress Party – Sharadchandra Pawar,Maharashtra,,0.05 Cr,538363,1,44.94
INDIA,40,Asansol,SHATRUGHAN PRASAD SINHA,All India Trinamool Congress,West Bengal,,0.06 Cr,605645,1,46.53
INDIA,11,Porbandar,SHEKHAVA NILESHKUMAR RAMJIBHAI,Samajwadi Party,Gujarat,,0.00 Cr,1609,1,0.17
INDIA,10,Firozpur,SHER SINGH GHUBAYA,Indian National Congress,Punjab,,0.03 Cr,266626,1,23.7
INDIA,21,Hajipur,SHIV CHANDRA RAM,Rashtriya Janata Dal,Bihar,,0.04 Cr,445613,1,38.57
INDIA,39,Pratapgarh,SHIV PAL SINGH PATEL (DR. S P SINGH),Samajwadi Party,Uttar Pradesh,,0.04 Cr,441932,1,46.65
INDIA,14,Bulandshahr,SHIVRAM,Indian National Congress,Uttar Pradesh,,0.03 Cr,322176,1,30.56
INDIA,39,Nawada,SHRAWAN KUMAR,Rashtriya Janata Dal,Bihar,,0.03 Cr,342938,1,39.42
INDIA,59,Gonda,SHREYA VERMA,Samajwadi Party,Uttar Pradesh,,0.04 Cr,428034,1,44.92
INDIA,16,Hassan,SHREYAS. M. PATEL,Indian National Congress,Karnataka,,0.07 Cr,672988,1,49.67
INDIA,6,Balasore,SHRIKANTA JENA,Indian National Congress,Odisha,,0.02 Cr,237007,1,19.12
INDIA,4,Raver,SHRIRAM DAYARAM PATIL,Nationalist Congress Party – Sharadchandra Pawar,Maharashtra,,0.04 Cr,358696,1,30.61
INDIA,9,Ramtek,Shyamkumar (Babalu) Daulat Barve,Indian National Congress,Maharashtra,,0.06 Cr,613025,1,48.94
INDIA,11,Kalahandi,SIBA HATI,Samajwadi Party,Odisha,,0.00 Cr,7168,1,0.54
INDIA,15,Kendrapara,SIDHARTH SWARUP DASH,Indian National Congress,Odisha,,0.01 Cr,94832,1,7.43
INDIA,18,Basirhat,SK NURUL ISLAM,All India Trinamool Congress,West Bengal,,0.08 Cr,803762,1,52.76
INDIA,4,New Delhi,SOMNATH BHARTI,Aam Aadmi Party,NCT OF Delhi,,0.04 Cr,374815,1,44.23
INDIA,6,Gandhinagar,SONAL RAMANBHAI PATEL,Indian National Congress,Gujarat,,0.03 Cr,266256,1,20.14
INDIA,16,Dum dum,SOUGATA RAY,All India Trinamool Congress,West Bengal,,0.05 Cr,528579,1,41.95
INDIA,26,Bangalore South,SOWMYA REDDY,Indian National Congress,Karnataka,,0.05 Cr,473747,1,37.92
INDIA,18,TIRUPPUR,"SUBBARAYAN, K.",Communist Party of India,Tamil Nadu,,0.05 Cr,472739,1,41.38
INDIA,28,MAYILADUTHURAI,SUDHA R,Indian National Congress,Tamil Nadu,,0.05 Cr,518459,1,47.67
INDIA,33,Buxar,SUDHAKAR SINGH,Rashtriya Janata Dal,Bihar,,0.04 Cr,438345,1,40.82
INDIA,37,Bishnupur,SUJATA MONDAL,All India Trinamool Congress,West Bengal,,0.07 Cr,674563,1,44.56
INDIA,12,Lohardaga,SUKHDEO BHAGAT,Indian National Congress,Jharkhand,,0.05 Cr,483038,1,49.95
INDIA,1,Gurdaspur,SUKHJINDER SINGH RANDHAWA,Indian National Congress,Punjab,,0.04 Cr,364043,1,33.78
INDIA,12,Sangrur,SUKHPAL SINGH KHAIRA,Indian National Congress,Punjab,,0.02 Cr,191525,1,18.97
INDIA,21,Chhota Udaipur,SUKHRAMBHAI HARIYABHAI RATHWA,Indian National Congress,Gujarat,,0.04 Cr,397812,1,31.38
INDIA,9,Jamshedpur,SUKUMAR SOREN,Bharat Adivasi Party,Jharkhand,,0.00 Cr,3894,1,0.3
INDIA,22,Chamarajanagar,SUNIL BOSE,Indian National Congress,Karnataka,,0.08 Cr,751671,1,54.87
INDIA,10,Meerut,SUNITA VERMA,Samajwadi Party,Uttar Pradesh,,0.05 Cr,535884,1,45.32
INDIA,23,Samastipur,SUNNY HAZARI,Indian National Congress,Bihar,,0.04 Cr,392535,1,35.86
INDIA,35,Baramati,SUPRIYA SULE,Nationalist Congress Party – Sharadchandra Pawar,Maharashtra,,0.07 Cr,732312,1,51.85
INDIA,36,Jahanabad,SURENDRA PRASAD YADAV,Rashtriya Janata Dal,Bihar,,0.04 Cr,443035,1,47.88
INDIA,18,Agra,SURESH CHAND KARDAM,Samajwadi Party,Uttar Pradesh,,0.03 Cr,328103,1,29.2
INDIA,5,Zahirabad,SURESH KUMAR SHETKAR,Indian National Congress,Telangana,,0.05 Cr,528418,1,42.73
INDIA,14,Cuttack,SURESH MOHAPATRA,Indian National Congress,Odisha,,0.01 Cr,83815,1,7.48
INDIA,8,Silchar,SURYA KANTA SARKAR,Indian National Congress,Assam,,0.04 Cr,388094,1,35.62
INDIA,18,Bhubaneswar,SYED YASHIR NAWAZ,Indian National Congress,Odisha,,0.01 Cr,66362,1,6.13
INDIA,5,SRIPERUMBUDUR,T R BAALU,Dravida Munnetra Kazhagam,Tamil Nadu,,0.08 Cr,758611,1,52.65
INDIA,3,CHENNAI SOUTH,T.SUMATHY (ALIAS) THAMIZHACHI THANGAPANDIAN,Dravida Munnetra Kazhagam,Tamil Nadu,,0.05 Cr,516628,1,47
INDIA,9,MAHASAMUND,TAMRADHWAJ SAHU,Indian National Congress,Chhattisgarh,,0.06 Cr,558203,1,42.09
INDIA,53,Barabanki,TANUJ PUNIA,Indian National Congress,Uttar Pradesh,,0.07 Cr,719927,1,55.78
INDIA,32,Ghatal,TAPAN GANGULI,Communist Party of India,West Bengal,,0.01 Cr,74908,1,4.68
INDIA,19,UDAIPUR,TARACHAND MEENA,Indian National Congress,Rajasthan,,0.05 Cr,476678,1,31.81
INDIA,7,DAMOH,TARBAR SINGH LODHI (BANTU BHAIYA),Indian National Congress,Madhya Pradesh,,0.03 Cr,303342,1,27.86
INDIA,11,Katihar,TARIQ ANWAR,Indian National Congress,Bihar,,0.06 Cr,567092,1,48.41
INDIA,33,THENI,THANGA TAMILSELVAN,Dravida Munnetra Kazhagam,Tamil Nadu,,0.06 Cr,571493,1,50.08
INDIA,12,ARANI,THARANIVENTHAN M S,Dravida Munnetra Kazhagam,Tamil Nadu,,0.05 Cr,500099,1,43.86
INDIA,27,CHIDAMBARAM,THIRUMAAVALAVAN THOL,Viduthalai Chiruthaigal Katchi,Tamil Nadu,,0.05 Cr,505084,1,43.28
INDIA,1,Ladakh,TSERING NAMGYAL,Indian National Congress,Ladakh,,0.00 Cr,37397,1,27.59
INDIA,12,Lakhimpur,UDAY SHANKAR HAZARIKA,Indian National Congress,Assam,,0.05 Cr,461865,1,38.13
INDIA,5,North-West Delhi,UDIT RAJ,Indian National Congress,NCT OF Delhi,,0.06 Cr,575634,1,38.71
INDIA,52,Allahabad,UJJWAL RAMAN SINGH,Indian National Congress,Uttar Pradesh,,0.05 Cr,462145,1,48.8
INDIA,15,Bhavnagar,UMESHBHAI NARANBHAI MAKWANA,Aam Aadmi Party,Gujarat,,0.03 Cr,261594,1,24.98
INDIA,17,BARMER,UMMEDA RAM BENIWAL,Indian National Congress,Rajasthan,,0.07 Cr,704676,1,41.74
INDIA,31,Kanthi,URBASI BANERJEE,Indian National Congress,West Bengal,,0.00 Cr,31122,1,2.03
INDIA,6,Medak,URELLI YELLAIAH,Viduthalai Chiruthaigal Katchi,Telangana,,0.00 Cr,494,1,0.04
INDIA,25,JHALAWAR-BARAN,URMILA JAIN “BHAYA”,Indian National Congress,Rajasthan,,0.05 Cr,494387,1,34.78
INDIA,31,Hardoi,USHA VERMA,Samajwadi Party,Uttar Pradesh,,0.05 Cr,458942,1,41.72
INDIA,28,Kheri,UTKARSH VERMA  'MADHUR',Samajwadi Party,Uttar Pradesh,,0.06 Cr,557365,1,45.94
INDIA,31,Kanthi,UTTAM BARIK SON OF LATE BIRENDRA BARIK,All India Trinamool Congress,West Bengal,,0.07 Cr,715431,1,46.73
INDIA,8,Palakkad,V K SREEKANDAN,Indian National Congress,Kerala,,0.04 Cr,421169,1,40.66
INDIA,18,JALORE,VAIBHAV GEHLOT,Indian National Congress,Rajasthan,,0.06 Cr,595240,1,41.02
INDIA,24,Kalyan,VAISHALI DAREKAR - RANE,Shiv Sena (Uddhav Balasaheb Thackrey),Maharashtra,,0.04 Cr,380492,1,36.39
INDIA,2,Peddapalle,VAMSI KRISHNA GADDAM,Indian National Congress,Telangana,,0.05 Cr,475587,1,43.42
INDIA,1,AMBALA,VARUN CHAUDHRY,Indian National Congress,Haryana,,0.07 Cr,663657,1,49.28
INDIA,1,PUDUCHERRY,VE VAITHILINGAM,Indian National Congress,Puducherry,,0.04 Cr,426005,1,52.73
INDIA,5,Anakapalle,VEGI VENKATESH,Indian National Congress,Andhra Pradesh,,0.00 Cr,25651,1,1.94
INDIA,3,Karimnagar,VELCHALA RAJENDER RAO,Indian National Congress,Telangana,,0.04 Cr,359907,1,27.41
INDIA,23,Thirupathi(SC),VELURU. THEJOVATHI,Samajwadi Party,Andhra Pradesh,,0.00 Cr,1389,1,0.1
INDIA,20,Mandya,VENKATARAMANE GOWDA (STAR CHANDRU),Indian National Congress,Karnataka,,0.06 Cr,567261,1,38.85
INDIA,6,Anandpur Sahib,VIJAY INDER SINGLA,Indian National Congress,Punjab,,0.03 Cr,302371,1,28.07
INDIA,1,Rajmahal,VIJAY KUMAR HANSDAK,Jharkhand Mukti Morcha,Jharkhand,,0.06 Cr,613371,1,50.35
INDIA,16,Vaishali,VIJAY KUMAR SHUKLA,Rashtriya Janata Dal,Bihar,,0.05 Cr,477409,1,40.73
INDIA,39,KANNIYAKUMARI,VIJAYAKUMAR (Alias) VIJAY VASANTH,Indian National Congress,Tamil Nadu,,0.05 Cr,546248,1,53.08
INDIA,10,Nagpur,VIKAS THAKRE,Indian National Congress,Maharashtra,,0.05 Cr,517424,1,42.72
INDIA,8,RAIPUR,VIKAS UPADHYAY,Indian National Congress,Chhattisgarh,,0.05 Cr,475066,1,29.94
INDIA,2,MANDI,VIKRAMADITYA SINGH,Indian National Congress,Himachal Pradesh,,0.05 Cr,462267,1,45.51
INDIA,46,Ratnagiri- Sindhudurg,VINAYAK BHAURAO RAUT,Shiv Sena (Uddhav Balasaheb Thackrey),Maharashtra,,0.04 Cr,400656,1,43.83
INDIA,1,Shillong,VINCENT H. PALA,Indian National Congress,Meghalaya,,0.02 Cr,199168,1,19.19
INDIA,11,Dharwad,VINOD ASOOTI,Indian National Congress,Karnataka,,0.06 Cr,618907,1,45.29
INDIA,70,Ghosi,VINOD KUMAR RAI,Communist Party of India,Uttar Pradesh,,0.00 Cr,6993,1,0.61
INDIA,4,SHIMLA,Vinod Sultanpuri,Indian National Congress,Himachal Pradesh,,0.04 Cr,428297,1,44.16
INDIA,63,Maharajganj,VIRENDRA CHAUDHARY,Indian National Congress,Uttar Pradesh,,0.06 Cr,555859,1,45.92
INDIA,5,Haridwar,VIRENDRA RAWAT,Indian National Congress,Uttarakhand,,0.05 Cr,489752,1,37.6
INDIA,22,Nellore,VIVEKA MANNEPALLI,Revolutionary Socialist Party,Andhra Pradesh,,0.00 Cr,2804,1,0.2
INDIA,21,Kadapa,Y.S. SHARMILA REDDY,Indian National Congress,Andhra Pradesh,,0.01 Cr,141039,1,10.67
INDIA,4,GUNA,YADVENDRA RAO DESHRAJ SINGH,Indian National Congress,Madhya Pradesh,,0.04 Cr,382373,1,27.83
INDIA,5,Hoshiarpur,YAMINI GOMAR,Indian National Congress,Punjab,,0.03 Cr,259748,1,27.39
INDIA,8,Ranchi,YASHASWINI SAHAY,Indian National Congress,Jharkhand,,0.05 Cr,544220,1,37.59
INDIA,6,Anandpur Sahib,YOG RAJ SAHOTA,Revolutionary Socialist Party,Punjab,,0.00 Cr,925,1,0.09
INDIA,2,Tura,ZENITH M SANGMA,All India Trinamool Congress,Meghalaya,,0.00 Cr,48709,1,7.23
INDIA,8,Sambhal,ZIA UR REHMAN,Samajwadi Party,Uttar Pradesh,,0.06 Cr,571161,1,47.8
NDA,1,PUDUCHERRY,A NAMASSIVAYAM,Bharatiya Janata Party,Puducherry,,0.03 Cr,289489,1,35.83
NDA,21,Diamond harbour,ABHIJIT DAS (BOBBY),Bharatiya Janata Party,West Bengal,,0.03 Cr,337300,1,22.03
NDA,30,Tamluk,ABHIJIT GANGOPADHYAY,Bharatiya Janata Party,West Bengal,,0.08 Cr,765584,1,48.54
NDA,8,VELLORE,AC SHANMUGAM,Bharatiya Janata Party,Tamil Nadu,,0.04 Cr,352990,1,31.25
NDA,36,Shirur,ADHALRAO SHIVAJI DATTATREY,Nationalist Congress Party,Maharashtra,,0.06 Cr,557741,1,40.58
NDA,31,Kanthi,ADHIKARI SOUMENDU,Bharatiya Janata Party,West Bengal,,0.08 Cr,763195,1,49.85
NDA,29,Mumbai North Central,ADV UJWAL NIKAM,Bharatiya Janata Party,Maharashtra,,0.04 Cr,429031,1,47.12
NDA,7,Ponnani,ADV. NIVEDIDA,Bharatiya Janata Party,Kerala,,0.01 Cr,124798,1,12.16
NDA,34,Medinipur,AGNIMITRA PAUL,Bharatiya Janata Party,West Bengal,,0.07 Cr,675001,1,45.56
NDA,4,Nainital-Udhamsingh Nagar,AJAY BHATT,Bharatiya Janata Party,Uttarakhand,,0.08 Cr,772671,1,61.03
NDA,28,Kheri,AJAY KUMAR,Bharatiya Janata Party,Uttar Pradesh,,0.05 Cr,523036,1,43.11
NDA,3,Almora,AJAY TAMTA,Bharatiya Janata Party,Uttarakhand,,0.04 Cr,429167,1,64.2
NDA,19,BHOPAL,ALOK SHARMA,Bharatiya Janata Party,Madhya Pradesh,,0.10 Cr,981109,1,65.48
NDA,6,Diphu,AMARSING TISSO,Bharatiya Janata Party,Assam,,0.03 Cr,334620,1,49.01
NDA,19,Ananthapur,AMBICA G LAKSHMINARAYANA VALMIKI,Telugu Desam,Andhra Pradesh,,0.08 Cr,768245,1,53.33
NDA,6,Gandhinagar,AMIT SHAH,Bharatiya Janata Party,Gujarat,,0.10 Cr,1010972,1,76.48
NDA,12,Krishnanagar,AMRITA ROY,Bharatiya Janata Party,West Bengal,,0.06 Cr,572084,1,40.13
NDA,56,Baharaich,ANAND KUMAR,Bharatiya Janata Party,Uttar Pradesh,,0.05 Cr,518802,1,49.1
NDA,4,Keonjhar,ANANTA NAYAK,Bharatiya Janata Party,Odisha,,0.06 Cr,573923,1,45.67
NDA,2,Garhwal,ANIL BALUNI,Bharatiya Janata Party,Uttarakhand,,0.04 Cr,432159,1,58.6
NDA,22,UJJAIN,ANIL FIROJIYA,Bharatiya Janata Party,Madhya Pradesh,,0.08 Cr,836104,1,62.93
NDA,17,Pathanamthitta,ANIL K.ANTONY,Bharatiya Janata Party,Kerala,,0.02 Cr,234406,1,25.49
NDA,24,RATLAM,ANITA NAGARSINGH CHOUHAN,Bharatiya Janata Party,Madhya Pradesh,,0.08 Cr,795863,1,51.93
NDA,5,Hoshiarpur,ANITA SOM PARKASH,Bharatiya Janata Party,Punjab,,0.02 Cr,199994,1,21.09
NDA,19,Aska,ANITA SUBHADARSHINI,Bharatiya Janata Party,Odisha,,0.05 Cr,494226,1,48.55
NDA,20,COIMBATORE,ANNAMALAI K,Bharatiya Janata Party,Tamil Nadu,,0.05 Cr,450132,1,32.79
NDA,1,Chikkodi,ANNASAHEB SHANKAR JOLLE,Bharatiya Janata Party,Karnataka,,0.06 Cr,622627,1,44.69
NDA,5,Kodarma,ANNPURNA DEVI,Bharatiya Janata Party,Jharkhand,,0.08 Cr,791657,1,57.79
NDA,16,Hathras,ANOOP PRADHAN BALMIKI,Bharatiya Janata Party,Uttar Pradesh,,0.06 Cr,554746,1,51.24
NDA,5,Mayurbhanj,ANTA ALOK BASKEY,AJSU Party,Odisha,,0.00 Cr,5394,1,0.46
NDA,6,Akola,ANUP SANJAY DHOTRE,Bharatiya Janata Party,Maharashtra,,0.05 Cr,457030,1,38.96
NDA,79,Mirzapur,ANUPRIYA PATEL,Apna Dal (Soneylal),Uttar Pradesh,,0.05 Cr,471631,1,42.67
NDA,46,Jhansi,ANURAG SHARMA,Bharatiya Janata Party,Uttar Pradesh,,0.07 Cr,690316,1,50
NDA,3,HAMIRPUR,ANURAG SINGH THAKUR,Bharatiya Janata Party,Himachal Pradesh,,0.06 Cr,607068,1,57.97
NDA,18,Bhubaneswar,APARAJITA SARANGI,Bharatiya Janata Party,Odisha,,0.05 Cr,512519,1,47.36
NDA,3,Vizianagaram,APPALANAIDU KALISETTI,Telugu Desam,Andhra Pradesh,,0.07 Cr,743113,1,57.2
NDA,40,Osmanabad,ARCHANA RANAJAGJITSINH PATIL,Nationalist Congress Party,Maharashtra,,0.04 Cr,418906,1,32.7
NDA,11,Khunti,ARJUN MUNDA,Bharatiya Janata Party,Jharkhand,,0.04 Cr,361972,1,38.64
NDA,2,BIKANER,ARJUN RAM MEGHWAL,Bharatiya Janata Party,Rajasthan,,0.06 Cr,566737,1,50.68
NDA,15,Barrackpur,ARJUN SINGH,Bharatiya Janata Party,West Bengal,,0.05 Cr,455793,1,39.92
NDA,15,Warangal,AROORI RAMESH,Bharatiya Janata Party,Telangana,,0.04 Cr,360955,1,28.47
NDA,40,Jamui,ARUN BHARTI,Lok Janshakti Party(Ram Vilas),Bihar,,0.05 Cr,509046,1,51.98
NDA,10,Meerut,ARUN GOVIL,Bharatiya Janata Party,Uttar Pradesh,,0.05 Cr,546469,1,46.21
NDA,27,Shahjahanpur,ARUN KUMAR SAGAR,Bharatiya Janata Party,Uttar Pradesh,,0.06 Cr,592718,1,47.5
NDA,11,Mahbubnagar,ARUNA. D. K,Bharatiya Janata Party,Telangana,,0.05 Cr,510747,1,41.66
NDA,26,Uluberia,ARUNUDAY PAULCHOWDHURY,Bharatiya Janata Party,West Bengal,,0.05 Cr,505949,1,36.38
NDA,29,Arambagh,ARUP KANTI DIGAR,Bharatiya Janata Party,West Bengal,,0.07 Cr,706188,1,45.3
NDA,4,Nizamabad,ARVIND DHARMAPURI,Bharatiya Janata Party,Telangana,,0.06 Cr,592318,1,48.02
NDA,12,Sangrur,ARVIND KHANNA,Bharatiya Janata Party,Punjab,,0.01 Cr,128253,1,12.7
NDA,13,JABALPUR,ASHISH DUBEY,Bharatiya Janata Party,Madhya Pradesh,,0.08 Cr,790133,1,68.2
NDA,12,Gadchiroli - Chimur,ASHOK  MAHADEORAO NETE,Bharatiya Janata Party,Maharashtra,,0.05 Cr,476096,1,40.82
NDA,19,Joynagar,ASHOK KANDARY,Bharatiya Janata Party,West Bengal,,0.04 Cr,424093,1,28.6
NDA,32,Misrikh,ASHOK KUMAR RAWAT,Bharatiya Janata Party,Uttar Pradesh,,0.05 Cr,475016,1,45.15
NDA,6,Madhubani,ASHOK KUMAR YADAV,Bharatiya Janata Party,Bihar,,0.06 Cr,553428,1,53.85
NDA,20,Mathurapur,ASHOK PURKAIT,Bharatiya Janata Party,West Bengal,,0.06 Cr,554674,1,37.08
NDA,3,SIRSA,ASHOK TANWAR,Bharatiya Janata Party,Haryana,,0.05 Cr,465326,1,34.35
NDA,38,Bardhaman Purba,ASIM KUMAR SARKAR,Bharatiya Janata Party,West Bengal,,0.06 Cr,559730,1,37.38
NDA,11,TIRUVANNAMALAI,"ASUVATHAMAN, A.",Bharatiya Janata Party,Tamil Nadu,,0.02 Cr,156650,1,13.67
NDA,12,Ghaziabad,ATUL GARG,Bharatiya Janata Party,Uttar Pradesh,,0.09 Cr,854170,1,58.09
NDA,7,Bhadrak,AVIMANYU SETHI,Bharatiya Janata Party,Odisha,,0.06 Cr,573319,1,44.19
NDA,37,TENKASI,B JOHN PANDIAN,Bharatiya Janata Party,Tamil Nadu,,0.02 Cr,208825,1,20.1
NDA,20,Hindupur,B K PARTHASARATHI,Telugu Desam,Andhra Pradesh,,0.07 Cr,725534,1,51.23
NDA,5,Zahirabad,B. B. PATIL,Bharatiya Janata Party,Telangana,,0.05 Cr,482230,1,39
NDA,9,Bellary,B. SREERAMULU,Bharatiya Janata Party,Karnataka,,0.06 Cr,631853,1,45.46
NDA,14,Shimoga,B.Y.RAGHAVENDRA,Bharatiya Janata Party,Karnataka,,0.08 Cr,778721,1,56.54
NDA,15,Hingoli,BABURAO KADAM KOHALIKAR,Shiv Sena,Maharashtra,,0.04 Cr,383933,1,33.12
NDA,15,Kendrapara,BAIJAYANT PANDA,Bharatiya Janata Party,Odisha,,0.06 Cr,615705,1,48.21
NDA,12,Nabarangpur,BALABHADRA MAJHI,Bharatiya Janata Party,Odisha,,0.05 Cr,481396,1,38.74
NDA,1,TIRUVALLUR,"Balaganapathy, V. Pon",Bharatiya Janata Party,Tamil Nadu,,0.02 Cr,224801,1,15.86
NDA,22,Chamarajanagar,BALARAJ.S,Bharatiya Janata Party,Karnataka,,0.06 Cr,562965,1,41.1
NDA,11,Machilipatnam,BALASHOWRY VALLABHANENI,Janasena Party,Andhra Pradesh,,0.07 Cr,724439,1,55.22
NDA,3,Karimnagar,BANDI SANJAY KUMAR,Bharatiya Janata Party,Telangana,,0.06 Cr,585116,1,44.57
NDA,4,New Delhi,BANSURI SWARAJ,Bharatiya Janata Party,NCT OF Delhi,,0.05 Cr,453185,1,53.48
NDA,1,AMBALA,BANTO KATARIA,Bharatiya Janata Party,Haryana,,0.06 Cr,614621,1,45.64
NDA,10,Haveri,BASAVARAJ BOMMAI,Bharatiya Janata Party,Karnataka,,0.07 Cr,705538,1,50.55
NDA,18,Kurnoolu,BASTIPATI NAGARAJU PANCHALINGALA,Telugu Desam,Andhra Pradesh,,0.07 Cr,658914,1,49.51
NDA,13,AJMER,BHAGIRATH CHOUDHARY,Bharatiya Janata Party,Rajasthan,,0.07 Cr,747462,1,62.23
NDA,7,Bidar,BHAGWANTH KHUBA,Bharatiya Janata Party,Karnataka,,0.05 Cr,537442,1,43.26
NDA,2,Dhule,BHAMRE SUBHASH RAMRAO,Bharatiya Janata Party,Maharashtra,,0.06 Cr,580035,1,47.57
NDA,45,Jalaun,BHANU PRATAP SINGH VERMA,Bharatiya Janata Party,Uttar Pradesh,,0.05 Cr,476282,1,42.19
NDA,3,GWALIOR,BHARAT SINGH KUSHWAH,Bharatiya Janata Party,Madhya Pradesh,,0.07 Cr,671535,1,49.99
NDA,14,Amreli,BHARATBHAI MANUBHAI SUTARIYA,Bharatiya Janata Party,Gujarat,,0.06 Cr,580872,1,66.28
NDA,12,Nagarkurnool,BHARATH  PRASAD POTHUGANTI,Bharatiya Janata Party,Telangana,,0.04 Cr,370658,1,30.4
NDA,15,BALAGHAT,BHARTI PARDHI,Bharatiya Janata Party,Madhya Pradesh,,0.07 Cr,712660,1,51.56
NDA,14,Cuttack,BHARTRUHARI MAHTAB,Bharatiya Janata Party,Odisha,,0.05 Cr,531601,1,47.43
NDA,11,KANKER,BHOJRAJ NAG,Bharatiya Janata Party,Chhattisgarh,,0.06 Cr,597624,1,47.23
NDA,74,Machhlishahr,BHOLANATH (B.P. SAROJ),Bharatiya Janata Party,Uttar Pradesh,,0.04 Cr,415442,1,39.19
NDA,19,Aurangabad,BHUMARE SANDIPANRAO ASARAM,Shiv Sena,Maharashtra,,0.05 Cr,476130,1,36.56
NDA,9,Narsapuram,BHUPATHI RAJU SRINIVASA VARMA (B.J.P.VARMA),Bharatiya Janata Party,Andhra Pradesh,,0.07 Cr,707343,1,57.46
NDA,8,ALWAR,BHUPENDER YADAV,Bharatiya Janata Party,Rajasthan,,0.06 Cr,631992,1,50.42
NDA,16,Jagatsinghpur,BIBHU PRASAD TARAI,Bharatiya Janata Party,Odisha,,0.06 Cr,589093,1,45.8
NDA,9,Jamshedpur,BIDYUT BARAN MAHATO,Bharatiya Janata Party,Jharkhand,,0.07 Cr,726174,1,56.84
NDA,5,Guwahati,BIJULI KALITA  MEDHI,Bharatiya Janata Party,Assam,,0.09 Cr,894887,1,55.95
NDA,1,Tripura West,BIPLAB KUMAR DEB,Bharatiya Janata Party,Tripura,,0.09 Cr,881341,1,72.85
NDA,1,Andaman & Nicobar Islands,BISHNU PADA RAY,Bharatiya Janata Party,Andaman & Nicobar Islands,,0.01 Cr,102436,1,50.58
NDA,8,RAIPUR,BRIJMOHAN AGRAWAL,Bharatiya Janata Party,Chhattisgarh,,0.11 Cr,1050351,1,66.19
NDA,16,CHHINDWARA,BUNTY VIVEK SAHU,Bharatiya Janata Party,Madhya Pradesh,,0.06 Cr,644738,1,49.41
NDA,8,Palakkad,C KRISHNAKUMAR,Bharatiya Janata Party,Kerala,,0.03 Cr,251778,1,24.31
NDA,25,Navsari,C R PATIL,Bharatiya Janata Party,Gujarat,,0.10 Cr,1031065,1,77.05
NDA,2,Kannur,C. RAGHUNATH,Bharatiya Janata Party,Kerala,,0.01 Cr,119876,1,11.27
NDA,5,Anakapalle,C.M.RAMESH,Bharatiya Janata Party,Andhra Pradesh,,0.08 Cr,762069,1,57.5
NDA,17,Dakshina Kannada,CAPTAIN BRIJESH CHOWTA,Bharatiya Janata Party,Karnataka,,0.08 Cr,764132,1,53.97
NDA,21,Kadapa,CHADIPIRALLA BHUPESH SUBBARAMI REDDY,Telugu Desam,Andhra Pradesh,,0.05 Cr,542448,1,41.03
NDA,4,Bijnor,CHANDAN CHAUHAN,Rashtriya Lok Dal,Uttar Pradesh,,0.04 Cr,404493,1,39.48
NDA,6,Giridih,CHANDRA PRAKASH CHOUDHARY,AJSU Party,Jharkhand,,0.05 Cr,451139,1,35.67
NDA,21,CHITTORGARH,CHANDRA PRAKASH JOSHI,Bharatiya Janata Party,Rajasthan,,0.09 Cr,888202,1,59.26
NDA,9,Surendranagar,CHANDUBHAI CHHAGANBHAI SHIHORA,Bharatiya Janata Party,Gujarat,,0.07 Cr,669749,1,59.2
NDA,1,Kachchh,CHAVDA VINOD LAKHAMSHI,Bharatiya Janata Party,Gujarat,,0.07 Cr,659574,1,60.23
NDA,25,Bareilly,CHHATRA PAL SINGH GANGWAR,Bharatiya Janata Party,Uttar Pradesh,,0.06 Cr,567127,1,50.66
NDA,16,Nanded,CHIKHALIKAR PRATAPRAO GOVINDRAO,Bharatiya Janata Party,Maharashtra,,0.05 Cr,469452,1,41.61
NDA,1,SURGUJA,CHINTAMANI MAHARAJ,Bharatiya Janata Party,Chhattisgarh,,0.07 Cr,713200,1,49.01
NDA,21,Hajipur,CHIRAG PASWAN,Lok Janshakti Party(Ram Vilas),Bihar,,0.06 Cr,615718,1,53.29
NDA,13,Junagadh,CHUDASAMA RAJESHBHAI NARANBHAI,Bharatiya Janata Party,Gujarat,,0.06 Cr,584049,1,54.67
NDA,3,Patan,DABHI  BHARATSINHJI  SHANKARJI,Bharatiya Janata Party,Gujarat,,0.06 Cr,591947,1,49.61
NDA,8,Rajahmundry,DAGGUBATI PURANDHESHWARI,Bharatiya Janata Party,Andhra Pradesh,,0.07 Cr,726515,1,54.82
NDA,25,Chittoor(SC),DAGGUMALLA PRASADA RAO,Telugu Desam,Andhra Pradesh,,0.08 Cr,778071,1,54.84
NDA,23,BHILWARA,DAMODAR AGARWAL,Bharatiya Janata Party,Rajasthan,,0.08 Cr,807640,1,61.92
NDA,18,Jalna,DANVE RAOSAHEB DADARAO,Bharatiya Janata Party,Maharashtra,,0.05 Cr,497939,1,36.52
NDA,17,HOSHANGABAD,DARSHAN SINGH CHOUDHARY,Bharatiya Janata Party,Madhya Pradesh,,0.08 Cr,812147,1,64.99
NDA,23,Kolkata Dakshin,DEBASREE CHAUDHURI,Bharatiya Janata Party,West Bengal,,0.04 Cr,428043,1,34.42
NDA,42,Birbhum,DEBTANU BHATTACHARYA,Bharatiya Janata Party,West Bengal,,0.05 Cr,520311,1,34.06
NDA,2,Dadar & Nagar Haveli,DELKAR KALABEN MOHANBHAI,Bharatiya Janata Party,Dadra & Nagar Haveli and Daman & Diu,,0.01 Cr,121074,1,58.89
NDA,3,CHURU,DEVENDRA JHAJHARIA,Bharatiya Janata Party,Rajasthan,,0.07 Cr,655474,1,46.01
NDA,44,Akbarpur,DEVENDRA SINGH ALIAS BHOLE SINGH,Bharatiya Janata Party,Uttar Pradesh,,0.05 Cr,517423,1,47.6
NDA,17,Kheda,DEVUSINH CHAUHAN,Bharatiya Janata Party,Gujarat,,0.07 Cr,744435,1,63.31
NDA,48,Hatkanangale,DHAIRYASHEEL SAMBHAJIRAO MANE,Shiv Sena,Maharashtra,,0.05 Cr,520190,1,40.14
NDA,9,Jangipur,DHANANJAY GHOSH,Bharatiya Janata Party,West Bengal,,0.03 Cr,340814,1,24.88
NDA,8,BHIWANI-MAHENDRAGARH,DHARAMBIR SINGH,Bharatiya Janata Party,Haryana,,0.06 Cr,588664,1,49.74
NDA,24,Aonla,DHARMENDRA KASHYAP,Bharatiya Janata Party,Uttar Pradesh,,0.05 Cr,476546,1,43.76
NDA,3,Sambalpur,DHARMENDRA PRADHAN,Bharatiya Janata Party,Odisha,,0.06 Cr,592162,1,49.48
NDA,26,Valsad,DHAVAL LAXMANBHAI  PATEL,Bharatiya Janata Party,Gujarat,,0.08 Cr,764226,1,56.13
NDA,31,SIVAGANGA,DHEVANATHAN YADAV T,Bharatiya Janata Party,Tamil Nadu,,0.02 Cr,195788,1,18.59
NDA,39,Bardhaman-Durgapur,DILIP GHOSH,Bharatiya Janata Party,West Bengal,,0.06 Cr,582686,1,38.8
NDA,4,Darrang-Udalguri,DILIP SAIKIA,Bharatiya Janata Party,Assam,,0.09 Cr,868387,1,47.95
NDA,1,Sikkim,DINESH CHANDRA NEPAL,Bharatiya Janata Party,Sikkim,,0.00 Cr,19035,1,4.95
NDA,69,Azamgarh,DINESH LAL YADAV “NIRAHUA”,Bharatiya Janata Party,Uttar Pradesh,,0.03 Cr,347204,1,32.93
NDA,36,Rae Bareli,DINESH PRATAP SINGH,Bharatiya Janata Party,Uttar Pradesh,,0.03 Cr,297619,1,28.64
NDA,1,Gurdaspur,DINESH SINGH BABBU,Bharatiya Janata Party,Punjab,,0.03 Cr,281182,1,26.09
NDA,8,Ahmedabad West,DINESHBHAI MAKWANA (ADVOCATE),Bharatiya Janata Party,Gujarat,,0.06 Cr,611704,1,63.28
NDA,8,Koppal,DR . BASAVARAJ. K. SHARANAPPA,Bharatiya Janata Party,Karnataka,,0.06 Cr,617154,1,46.44
NDA,14,Bulandshahr,DR BHOLA SINGH,Bharatiya Janata Party,Uttar Pradesh,,0.06 Cr,597310,1,56.65
NDA,17,Nandyal,DR BYREDDY SHABARI,Telugu Desam,Andhra Pradesh,,0.07 Cr,701131,1,49.92
NDA,23,Bangalore Rural,DR C N MANJUNATH,Bharatiya Janata Party,Karnataka,,0.11 Cr,1079002,1,56.21
NDA,13,Guntur,DR CHANDRA SEKHAR PEMMASANI,Telugu Desam,Andhra Pradesh,,0.09 Cr,864948,1,60.68
NDA,1,Nandurbar,DR HEENA VIJAYKUMAR GAVIT,Bharatiya Janata Party,Maharashtra,,0.06 Cr,586878,1,42.11
NDA,3,Jalpaiguri,DR JAYANTA KUMAR ROY,Bharatiya Janata Party,West Bengal,,0.08 Cr,766568,1,48.57
NDA,4,UDHAMPUR,DR JITENDRA SINGH,Bharatiya Janata Party,Jammu and Kashmir,,0.06 Cr,571076,1,51.28
NDA,19,NILGIRIS,DR MURUGAN L,Bharatiya Janata Party,Tamil Nadu,,0.02 Cr,232627,1,22.83
NDA,1,KANGRA,DR RAJEEV BHARDWAJ,Bharatiya Janata Party,Himachal Pradesh,,0.06 Cr,632793,1,61.03
NDA,11,Baghpat,DR RAJKUMAR SANGWAN,Rashtriya Lok Dal,Uttar Pradesh,,0.05 Cr,488967,1,52.36
NDA,41,Etawah,DR RAM SHANKAR KATHERIA,Bharatiya Janata Party,Uttar Pradesh,,0.04 Cr,432328,1,41.82
NDA,16,NAMAKKAL,DR RAMALINGAM K P,Bharatiya Janata Party,Tamil Nadu,,0.01 Cr,104690,1,9.13
NDA,25,Howrah,DR RATHIN CHAKRAVARTY,Bharatiya Janata Party,West Bengal,,0.05 Cr,457051,1,35.94
NDA,24,Kalyan,DR SHRIKANT EKNATH SHINDE,Shiv Sena,Maharashtra,,0.06 Cr,589636,1,56.38
NDA,6,Anandpur Sahib,DR SUBHASH SHARMA,Bharatiya Janata Party,Punjab,,0.02 Cr,186578,1,17.32
NDA,9,Alathur,DR T N SARASU,Bharatiya Janata Party,Kerala,,0.02 Cr,188230,1,18.97
NDA,6,Malappuram,DR. ABDUL SALAM,Bharatiya Janata Party,Kerala,,0.01 Cr,85361,1,7.87
NDA,22,Jadavpur,DR. ANIRBAN GANGULY,Bharatiya Janata Party,West Bengal,,0.05 Cr,459698,1,29.35
NDA,7,ROHTAK,DR. ARVIND KUMAR SHARMA,Bharatiya Janata Party,Haryana,,0.04 Cr,438280,1,35.11
NDA,20,Dindori,DR. BHARATI PRAVIN PAWAR,Bharatiya Janata Party,Maharashtra,,0.05 Cr,464140,1,37.4
NDA,14,Bhongir,DR. BOORA NARSAIAH GOUD,Bharatiya Janata Party,Telangana,,0.04 Cr,406973,1,29.04
NDA,20,Vadodara,DR. HEMANG JOSHI,Bharatiya Janata Party,Gujarat,,0.09 Cr,873189,1,72.04
NDA,22,Palghar,DR. HEMANT VISHNU SAVARA,Bharatiya Janata Party,Maharashtra,,0.06 Cr,601244,1,43.69
NDA,32,Ghatal,DR. HIRANMOY CHATTOPADHYAYA,Bharatiya Janata Party,West Bengal,,0.07 Cr,655122,1,40.93
NDA,12,Ernakulam,DR. K. S. RADHAKRISHNAN,Bharatiya Janata Party,Kerala,,0.01 Cr,144500,1,15.87
NDA,5,SAGAR,DR. LATA WANKHEDE,Bharatiya Janata Party,Madhya Pradesh,,0.08 Cr,787979,1,68.49
NDA,76,Chandauli,DR. MAHENDRA NATH  PANDEY,Bharatiya Janata Party,Uttar Pradesh,,0.05 Cr,452911,1,40.57
NDA,13,Gautam Buddha Nagar,DR. MAHESH SHARMA,Bharatiya Janata Party,Uttar Pradesh,,0.09 Cr,857829,1,59.69
NDA,11,Porbandar,DR. MANSUKH MANDAVIYA,Bharatiya Janata Party,Gujarat,,0.06 Cr,633118,1,68.15
NDA,10,Baharampur,DR. NIRMAL KUMAR SAHA,Bharatiya Janata Party,West Bengal,,0.04 Cr,371885,1,26.86
NDA,20,Berhampur,DR. PRADEEP KUMAR PANIGRAHY,Bharatiya Janata Party,Odisha,,0.05 Cr,513102,1,49.2
NDA,33,Jhargram,DR. PRANAT TUDU,Bharatiya Janata Party,West Bengal,,0.06 Cr,569430,1,38.2
NDA,11,SIDHI,DR. RAJESH MISHRA,Bharatiya Janata Party,Madhya Pradesh,,0.06 Cr,583559,1,50.87
NDA,2,Banaskantha,DR. REKHABEN HITESHBHAI CHAUDHARI,Bharatiya Janata Party,Gujarat,,0.06 Cr,641477,1,46.62
NDA,36,Bankura,DR. SUBHAS SARKAR,Bharatiya Janata Party,West Bengal,,0.06 Cr,609035,1,42.07
NDA,37,Ahmednagar,DR. SUJAY RADHAKRISHNA VIKHEPATIL,Bharatiya Janata Party,Maharashtra,,0.06 Cr,595868,1,44.95
NDA,5,Gulbarga,DR. UMESH G JADHAV,Bharatiya Janata Party,Karnataka,,0.06 Cr,625116,1,47.7
NDA,78,Bhadohi,DR. VINOD KUMAR BIND,Bharatiya Janata Party,Uttar Pradesh,,0.05 Cr,459982,1,42.39
NDA,6,TIKAMGARH,DR. VIRENDRA KUMAR,Bharatiya Janata Party,Madhya Pradesh,,0.07 Cr,715050,1,65.1
NDA,27,Chikkballapur,DR.K.SUDHAKAR,Bharatiya Janata Party,Karnataka,,0.08 Cr,822619,1,53.74
NDA,2,Paschim Champaran,DR.SANJAY JAISWAL,Bharatiya Janata Party,Bihar,,0.06 Cr,580421,1,53.43
NDA,3,CHENNAI SOUTH,DR.TAMILISAI SOUNDARARAJAN,Bharatiya Janata Party,Tamil Nadu,,0.03 Cr,290683,1,26.44
NDA,7,Dhanbad,DULU MAHATO,Bharatiya Janata Party,Jharkhand,,0.08 Cr,789172,1,55.26
NDA,29,BETUL,DURGADAS (D. D.) UIKEY,Bharatiya Janata Party,Madhya Pradesh,,0.08 Cr,848236,1,60.76
NDA,23,Badaun,DURVIJAY SINGH SHAKYA,Bharatiya Janata Party,Uttar Pradesh,,0.05 Cr,466864,1,42.76
NDA,25,JHALAWAR-BARAN,DUSHYANT SINGH,Bharatiya Janata Party,Rajasthan,,0.09 Cr,865376,1,60.88
NDA,7,Malkajgiri,EATALA RAJENDER,Bharatiya Janata Party,Telangana,,0.10 Cr,991042,1,51.25
NDA,14,MANDLA,FAGGAN SINGH KULASTE,Bharatiya Janata Party,Madhya Pradesh,,0.08 Cr,751375,1,48.93
NDA,7,Amalapuram (SC),G M HARISH (BALAYOGI),Telugu Desam,Andhra Pradesh,,0.08 Cr,796981,1,61.25
NDA,8,Secunderabad,G. KISHAN REDDY,Bharatiya Janata Party,Telangana,,0.05 Cr,473012,1,45.15
NDA,3,Bagalkot,GADDIGOUDAR. PARVATAGOUDA. CHANDANAGOUDA.,Bharatiya Janata Party,Karnataka,,0.07 Cr,671039,1,50.93
NDA,27,KHARGONE,GAJENDRA SINGH PATEL,Bharatiya Janata Party,Madhya Pradesh,,0.08 Cr,819863,1,52.6
NDA,16,JODHPUR,GAJENDRA SINGH SHEKHAWAT,Bharatiya Janata Party,Rajasthan,,0.07 Cr,730056,1,52.76
NDA,9,SATNA,GANESH SINGH,Bharatiya Janata Party,Madhya Pradesh,,0.05 Cr,459728,1,43.41
NDA,13,Davanagere,GAYITHRI SIDDESHWARA,Bharatiya Janata Party,Karnataka,,0.06 Cr,606965,1,45.97
NDA,10,Singhbhum,GEETA KORA,Bharatiya Janata Party,Jharkhand,,0.04 Cr,351762,1,34.91
NDA,8,Fatehgarh Sahib,GEJJA RAM,Bharatiya Janata Party,Punjab,,0.01 Cr,127521,1,13.09
NDA,7,Rampur,GHANSHYAM SINGH LODHI,Bharatiya Janata Party,Uttar Pradesh,,0.04 Cr,394069,1,40.71
NDA,24,Begusarai,GIRIRAJ SINGH,Bharatiya Janata Party,Bihar,,0.06 Cr,649331,1,50.15
NDA,1,Adilabad,GODAM NAGESH,Bharatiya Janata Party,Telangana,,0.06 Cr,568168,1,45.98
NDA,21,Nashik,GODSE HEMANT TUKARAM,Shiv Sena,Maharashtra,,0.05 Cr,454728,1,36.75
NDA,14,Darbhanga,GOPAL JEE THAKUR,Bharatiya Janata Party,Bihar,,0.06 Cr,566630,1,55.33
NDA,11,Murshidabad,GOURI SANKAR GHOSH,Bharatiya Janata Party,West Bengal,,0.03 Cr,292031,1,18.94
NDA,18,Chitradurga,GOVIND MAKTHAPPA KARJOL,Bharatiya Janata Party,Karnataka,,0.07 Cr,684890,1,50.11
NDA,10,Firozpur,GURMIT SINGH SODHI,Bharatiya Janata Party,Punjab,,0.03 Cr,255097,1,22.67
NDA,28,KHANDWA,GYANESHWAR PATIL,Bharatiya Janata Party,Madhya Pradesh,,0.09 Cr,862679,1,57.04
NDA,9,Faridkot,HANS RAJ HANS,Bharatiya Janata Party,Punjab,,0.01 Cr,123533,1,12.18
NDA,4,Mahesana,HARIBHAI PATEL,Bharatiya Janata Party,Gujarat,,0.07 Cr,686406,1,63.74
NDA,61,Basti,HARISH CHANDRA ALIAS HARISH DWIVEDI,Bharatiya Janata Party,Uttar Pradesh,,0.04 Cr,426011,1,39.34
NDA,3,East Delhi,HARSH MALHOTRA,Bharatiya Janata Party,NCT OF Delhi,,0.07 Cr,664819,1,52.59
NDA,7,Ahmedabad East,HASMUKHBHAI PATEL (H.S.PATEL),Bharatiya Janata Party,Gujarat,,0.08 Cr,770459,1,68.28
NDA,17,Mathura,HEMAMALINI DHARMENDRA DEOL,Bharatiya Janata Party,Uttar Pradesh,,0.05 Cr,510064,1,53.3
NDA,1,Sikkim,INDRA HANG SUBBA,Sikkim Krantikari Morcha,Sikkim,,0.02 Cr,164396,1,42.71
NDA,10,KARAULI-DHOLPUR,INDU DEVI,Bharatiya Janata Party,Rajasthan,,0.04 Cr,431066,1,43.62
NDA,5,Buldhana,JADHAV PRATAPRAO GANPATRAO,Shiv Sena,Maharashtra,,0.03 Cr,349867,1,31.53
NDA,2,Belgaum,JAGADISH SHETTAR,Bharatiya Janata Party,Karnataka,,0.08 Cr,762029,1,55.06
NDA,13,Ranaghat,JAGANNATH SARKAR,Bharatiya Janata Party,West Bengal,,0.08 Cr,782396,1,50.78
NDA,60,Domariyaganj,JAGDAMBIKA PAL,Bharatiya Janata Party,Uttar Pradesh,,0.05 Cr,463303,1,45.47
NDA,31,Hardoi,JAI PRAKASH,Bharatiya Janata Party,Uttar Pradesh,,0.05 Cr,486798,1,44.25
NDA,10,REWA,JANARDAN MISHRA,Bharatiya Janata Party,Madhya Pradesh,,0.05 Cr,477459,1,52
NDA,19,Maharajganj,"JANARDAN SINGH ""SIGRIWAL""",Bharatiya Janata Party,Bihar,,0.05 Cr,529533,1,52.22
NDA,21,Chhota Udaipur,JASHUBHAI BHILUBHAI RATHVA,Bharatiya Janata Party,Gujarat,,0.08 Cr,796589,1,62.84
NDA,19,Dahod,JASWANTSINH SUMANBHAI BHABHOR,Bharatiya Janata Party,Gujarat,,0.07 Cr,688715,1,61.59
NDA,21,Mainpuri,JAYVEER SINGH,Bharatiya Janata Party,Uttar Pradesh,,0.04 Cr,376887,1,35.76
NDA,38,Gaya,JITAN RAM MANJHI,Hindustani Awam Morcha (Secular),Bihar,,0.05 Cr,494960,1,51.36
NDA,26,Pilibhit,JITIN PRASADA,Bharatiya Janata Party,Uttar Pradesh,,0.06 Cr,607158,1,52.3
NDA,2,Sundargarh,JUAL ORAM,Bharatiya Janata Party,Odisha,,0.05 Cr,494282,1,42.77
NDA,5,JAMMU,JUGAL KISHORE,Bharatiya Janata Party,Jammu and Kashmir,,0.07 Cr,687588,1,52.8
NDA,14,NAGAUR,JYOTI MIRDHA,Bharatiya Janata Party,Rajasthan,,0.06 Cr,554730,1,44.79
NDA,4,GUNA,JYOTIRADITYA M. SCINDIA,Bharatiya Janata Party,Madhya Pradesh,,0.09 Cr,923302,1,67.21
NDA,35,Purulia,JYOTIRMAY SINGH MAHATO,Bharatiya Janata Party,West Bengal,,0.06 Cr,578489,1,40.34
NDA,4,Wayanad,K SURENDRAN,Bharatiya Janata Party,Kerala,,0.01 Cr,141045,1,13
NDA,27,Srerampur,KABIR SHANKAR BOSE,Bharatiya Janata Party,West Bengal,,0.05 Cr,499140,1,33.8
NDA,17,BARMER,KAILASH CHOUDHARY,Bharatiya Janata Party,Rajasthan,,0.03 Cr,286733,1,16.99
NDA,4,Chatra,KALI CHARAN SINGH,Bharatiya Janata Party,Jharkhand,,0.06 Cr,574556,1,52.89
NDA,21,Koraput,KALIRAM MAJHI,Bharatiya Janata Party,Odisha,,0.02 Cr,232514,1,20.24
NDA,10,Kaziranga,KAMAKHYA PRASAD TASA,Bharatiya Janata Party,Assam,,0.09 Cr,897043,1,55.04
NDA,6,West Delhi,KAMALJEET SEHRAWAT,Bharatiya Janata Party,NCT OF Delhi,,0.08 Cr,842658,1,55.27
NDA,3,JANJGIR-CHAMPA,KAMLESH JANGDE,Bharatiya Janata Party,Chhattisgarh,,0.07 Cr,678199,1,48.71
NDA,67,Bansgaon,KAMLESH PASWAN,Bharatiya Janata Party,Uttar Pradesh,,0.04 Cr,428693,1,45.38
NDA,2,MANDI,KANGNA RANAUT,Bharatiya Janata Party,Himachal Pradesh,,0.05 Cr,537022,1,52.87
NDA,11,DAUSA,KANHAIYA LAL MEENA,Bharatiya Janata Party,Rajasthan,,0.04 Cr,408926,1,38.12
NDA,9,Amroha,KANWAR SINGH TANWAR,Bharatiya Janata Party,Uttar Pradesh,,0.05 Cr,476506,1,42.9
NDA,23,Bhiwandi,KAPIL MORESHWAR PATIL,Bharatiya Janata Party,Maharashtra,,0.04 Cr,433343,1,34.57
NDA,57,Kaiserganj,KARAN BHUSHAN SINGH,Bharatiya Janata Party,Uttar Pradesh,,0.06 Cr,571263,1,53.79
NDA,27,CHIDAMBARAM,KARTHIYAYINI P,Bharatiya Janata Party,Tamil Nadu,,0.02 Cr,168493,1,14.44
NDA,5,Raiganj,KARTICK CHANDRA PAUL,Bharatiya Janata Party,West Bengal,,0.06 Cr,560897,1,40.99
NDA,34,Mohanlalganj,KAUSHAL KISHORE,Bharatiya Janata Party,Uttar Pradesh,,0.06 Cr,597577,1,43.38
NDA,12,Vijayawada,KESINENI SIVANATH (CHINNI),Telugu Desam,Andhra Pradesh,,0.08 Cr,794154,1,58.21
NDA,4,Raver,KHADSE RAKSHA NIKHIL,Bharatiya Janata Party,Maharashtra,,0.06 Cr,630879,1,53.84
NDA,7,Maldaha Uttar,KHAGEN MURMU,Bharatiya Janata Party,West Bengal,,0.05 Cr,527023,1,37.18
NDA,37,Bishnupur,KHAN SAUMITRA,Bharatiya Janata Party,West Bengal,,0.07 Cr,680130,1,44.93
NDA,2,Srikakulam,KINJARAPU RAMMOHAN NAIDU,Telugu Desam,Andhra Pradesh,,0.08 Cr,754328,1,61.05
NDA,1,Arunachal West,KIREN RIJIJU,Bharatiya Janata Party,Arunachal Pradesh,,0.02 Cr,205417,1,51.38
NDA,59,Gonda,KIRTIVARDHAN SINGH,Bharatiya Janata Party,Uttar Pradesh,,0.05 Cr,474258,1,49.77
NDA,10,Chevella,KONDA VISHWESHWAR REDDY,Bharatiya Janata Party,Telangana,,0.08 Cr,809882,1,48.34
NDA,15,Udupi Chikmagalur,KOTA SRINIVAS POOJARY,Bharatiya Janata Party,Karnataka,,0.07 Cr,732234,1,59.56
NDA,1,Araku (ST),KOTHAPALLI GEETHA,Bharatiya Janata Party,Andhra Pradesh,,0.04 Cr,426425,1,36.62
NDA,7,Karimganj,KRIPANATH MALLAH,Bharatiya Janata Party,Assam,,0.05 Cr,545093,1,47.53
NDA,73,Jaunpur,KRIPASHANKAR SINGH,Bharatiya Janata Party,Uttar Pradesh,,0.04 Cr,409795,1,37.19
NDA,10,FARIDABAD,KRISHAN PAL,Bharatiya Janata Party,Haryana,,0.08 Cr,788569,1,53.6
NDA,15,Bapatla (SC),KRISHNA PRASAD TENNETI,Telugu Desam,Andhra Pradesh,,0.07 Cr,717493,1,55.16
NDA,18,Kollam,KRISHNAKUMAR G,Bharatiya Janata Party,Kerala,,0.02 Cr,163210,1,17.82
NDA,2,Tripura East,KRITI DEVI DEBBARMAN,Bharatiya Janata Party,Tripura,,0.08 Cr,777447,1,68.54
NDA,47,HAMIRPUR,KUNWAR PUSHPENDRA SINGH CHANDEL,Bharatiya Janata Party,Uttar Pradesh,,0.05 Cr,488054,1,43.76
NDA,6,Moradabad,KUNWAR SARVESH KUMAR,Bharatiya Janata Party,Uttar Pradesh,,0.05 Cr,531601,1,41.43
NDA,54,Faizabad,LALLU SINGH,Bharatiya Janata Party,Uttar Pradesh,,0.05 Cr,499722,1,43.81
NDA,1,Daman & Diu,LALUBHAI BABUBHAI PATEL,Bharatiya Janata Party,Dadra & Nagar Haveli and Daman & Diu,,0.00 Cr,36298,1,39.28
NDA,14,Narsaraopet,LAVU SRIKRISHNA DEVARAYALU,Telugu Desam,Andhra Pradesh,,0.08 Cr,807996,1,53.88
NDA,28,Hooghly,LOCKET CHATTERJEE,Bharatiya Janata Party,West Bengal,,0.06 Cr,625891,1,41.24
NDA,38,Shirdi,LOKHANDE SADASHIV KISAN,Shiv Sena,Maharashtra,,0.04 Cr,426371,1,40.23
NDA,18,JALORE,LUMBARAM,Bharatiya Janata Party,Rajasthan,,0.08 Cr,796783,1,54.91
NDA,5,Kozhikode,M. T. RAMESH,Bharatiya Janata Party,Kerala,,0.02 Cr,180666,1,16.57
NDA,1,Kasaragod,M.L ASHWINI,Bharatiya Janata Party,Kerala,,0.02 Cr,219558,1,19.73
NDA,6,Medak,MADHAVANENI RAGHUNANDAN RAO,Bharatiya Janata Party,Telangana,,0.05 Cr,471217,1,33.99
NDA,9,Hyderabad,MADHAVI LATHA KOMPELLA,Bharatiya Janata Party,Telangana,,0.03 Cr,323894,1,29.98
NDA,16,Ongole,MAGUNTA SREENIVASULU REDDY,Telugu Desam,Andhra Pradesh,,0.07 Cr,701894,1,49.35
NDA,21,DEWAS,MAHENDRA SINGH SOLANKY,Bharatiya Janata Party,Madhya Pradesh,,0.09 Cr,928941,1,63.23
NDA,20,BANSWARA,MAHENDRAJEETSINGH MALVIYA,Bharatiya Janata Party,Rajasthan,,0.06 Cr,573777,1,35.05
NDA,10,BASTAR,MAHESH KASHYAP,Bharatiya Janata Party,Chhattisgarh,,0.05 Cr,458398,1,45.5
NDA,22,RAJSAMAND,MAHIMA KUMARI MEWAR,Bharatiya Janata Party,Rajasthan,,0.08 Cr,781203,1,64.4
NDA,1,Tehri Garhwal,MALA RAJYA LAKSHMI SHAH,Bharatiya Janata Party,Uttarakhand,,0.05 Cr,462603,1,53.66
NDA,11,Kalahandi,MALVIKA DEVI,Bharatiya Janata Party,Odisha,,0.05 Cr,544303,1,40.79
NDA,38,Sultanpur,MANEKA SANJAY GANDHI,Bharatiya Janata Party,Uttar Pradesh,,0.04 Cr,401156,1,38.82
NDA,14,Hazaribagh,MANISH JAISWAL,Bharatiya Janata Party,Jharkhand,,0.07 Cr,654613,1,51.76
NDA,3,Khadoor Sahib,MANJIT SINGH MANNA,Bharatiya Janata Party,Punjab,,0.01 Cr,86373,1,8.25
NDA,7,JAIPUR,MANJU SHARMA,Bharatiya Janata Party,Rajasthan,,0.09 Cr,886850,1,60.61
NDA,19,UDAIPUR,MANNA LAL RAWAT,Bharatiya Janata Party,Rajasthan,,0.07 Cr,738286,1,49.27
NDA,5,KARNAL,MANOHAR LAL,Bharatiya Janata Party,Haryana,,0.07 Cr,739285,1,54.93
NDA,2,Alipurduars,MANOJ TIGGA,Bharatiya Janata Party,West Bengal,,0.07 Cr,695314,1,48.92
NDA,2,North-East Delhi,MANOJ TIWARI,Bharatiya Janata Party,NCT OF Delhi,,0.08 Cr,824451,1,53.1
NDA,22,Bharuch,MANSUKHBHAI DHANJIBHAI VASAVA,Bharatiya Janata Party,Gujarat,,0.06 Cr,608157,1,50.72
NDA,28,Mumbai North East,MIHIR CHANDRAKANT KOTECHA,Bharatiya Janata Party,Maharashtra,,0.04 Cr,421076,1,45.45
NDA,16,Anand,MITESH PATEL (BAKABHAI),Bharatiya Janata Party,Gujarat,,0.06 Cr,612484,1,52.44
NDA,33,Buxar,MITHILESH TIWARI,Bharatiya Janata Party,Bihar,,0.04 Cr,408254,1,38.02
NDA,6,SONIPAT,MOHAN LAL BADOLI,Bharatiya Janata Party,Haryana,,0.05 Cr,526866,1,46.88
NDA,40,Farrukhabad,MUKESH RAJPUT,Bharatiya Janata Party,Uttar Pradesh,,0.05 Cr,487963,1,47.2
NDA,24,Surat,MUKESHKUMAR CHANDRAKAANT DALAL ( Uncontested ),Bharatiya Janata Party,Gujarat,,0.00 Cr,0,0,0
NDA,13,Chandrapur,MUNGANTIWAR SUDHIR SACCHIDANAND,Bharatiya Janata Party,Maharashtra,,0.05 Cr,458004,1,36.9
NDA,34,Pune,MURLIDHAR MOHOL,Bharatiya Janata Party,Maharashtra,,0.06 Cr,584728,1,52.94
NDA,18,TIRUPPUR,"MURUGANANDAM, A.P.",Bharatiya Janata Party,Tamil Nadu,,0.02 Cr,185322,1,16.22
NDA,30,THANJAVUR,MURUGANANTHAM M,Bharatiya Janata Party,Tamil Nadu,,0.02 Cr,170613,1,16.59
NDA,5,Mayurbhanj,NABA CHARAN MAJHI,Bharatiya Janata Party,Odisha,,0.06 Cr,585971,1,49.91
NDA,38,TIRUNELVELI,NAINAR NAGENTHRAN,Bharatiya Janata Party,Tamil Nadu,,0.03 Cr,336676,1,31.54
NDA,24,Rajampet,NALLARI KIRAN KUMAR REDDY,Bharatiya Janata Party,Andhra Pradesh,,0.06 Cr,568773,1,42.67
NDA,9,KRISHNAGIRI,NARASIMHAN C,Bharatiya Janata Party,Tamil Nadu,,0.02 Cr,214125,1,18.36
NDA,46,Ratnagiri- Sindhudurg,NARAYAN TATU RANE,Bharatiya Janata Party,Maharashtra,,0.04 Cr,448514,1,49.07
NDA,77,Varanasi,NARENDRA MODI,Bharatiya Janata Party,Uttar Pradesh,,0.06 Cr,612970,1,54.24
NDA,25,Thane,NARESH GANPAT MHASKE,Shiv Sena,Maharashtra,,0.07 Cr,734231,1,56.09
NDA,2,KURUKSHETRA,NAVEEN JINDAL,Bharatiya Janata Party,Haryana,,0.05 Cr,542175,1,44.96
NDA,7,Amravati,NAVNEET RAVI RANA,Bharatiya Janata Party,Maharashtra,,0.05 Cr,506540,1,43.16
NDA,68,Lalganj,NEELAM SONKER,Bharatiya Janata Party,Uttar Pradesh,,0.03 Cr,324936,1,32.38
NDA,72,Ballia,NEERAJ SHEKHAR,Bharatiya Janata Party,Uttar Pradesh,,0.04 Cr,423684,1,42.06
NDA,52,Allahabad,NEERAJ TRIPATHI,Bharatiya Janata Party,Uttar Pradesh,,0.04 Cr,403350,1,42.59
NDA,15,Bhavnagar,NIMUBEN JAYANTIBHAI BAMBHANIYA (NIMUBEN BAMBHANIYA),Bharatiya Janata Party,Gujarat,,0.07 Cr,716883,1,68.46
NDA,49,Fatehpur,NIRANJAN JYOTI,Bharatiya Janata Party,Uttar Pradesh,,0.05 Cr,467129,1,42.2
NDA,3,Godda,NISHIKANT DUBEY,Bharatiya Janata Party,Jharkhand,,0.07 Cr,693140,1,49.57
NDA,1,Coochbehar,NISITH PRAMANIK,Bharatiya Janata Party,West Bengal,,0.07 Cr,749125,1,46.16
NDA,10,Nagpur,NITIN JAIRAM GADKARI,Bharatiya Janata Party,Maharashtra,,0.07 Cr,655027,1,54.08
NDA,22,Ujiarpur,NITYANAND RAI,Bharatiya Janata Party,Bihar,,0.05 Cr,515965,1,49.51
NDA,24,KOTA,OM BIRLA,Bharatiya Janata Party,Rajasthan,,0.08 Cr,750496,1,50.03
NDA,5,Nagina,OM KUMAR,Bharatiya Janata Party,Uttar Pradesh,,0.04 Cr,361079,1,36.06
NDA,25,Bangalore central,P C MOHAN,Bharatiya Janata Party,Karnataka,,0.07 Cr,658915,1,50.05
NDA,15,PALI,P. P. CHAUDHARY,Bharatiya Janata Party,Rajasthan,,0.08 Cr,757389,1,55.94
NDA,25,PERAMBALUR,PAARIVENDHAR T R,Bharatiya Janata Party,Tamil Nadu,,0.02 Cr,161866,1,14.33
NDA,2,South Goa,PALLAVI SHRINIVAS DEMPO,Bharatiya Janata Party,Goa,,0.02 Cr,204301,1,45.35
NDA,63,Maharajganj,PANKAJ CHAUDHARY,Bharatiya Janata Party,Uttar Pradesh,,0.06 Cr,591310,1,48.85
NDA,39,Beed,PANKAJA GOPINATHRAO MUNDE,Bharatiya Janata Party,Maharashtra,,0.07 Cr,677397,1,44.5
NDA,11,Bathinda,PARAMPAL KAUR SIDHU,Bharatiya Janata Party,Punjab,,0.01 Cr,110762,1,9.62
NDA,23,Bardoli,PARBHUBHAI NAGARBHAI VASAVA,Bharatiya Janata Party,Gujarat,,0.08 Cr,763950,1,57.04
NDA,8,Silchar,PARIMAL SUKLABAIDYA,Bharatiya Janata Party,Assam,,0.07 Cr,652405,1,59.89
NDA,8,Sambhal,PARMESHWAR LAL SAINI,Bharatiya Janata Party,Uttar Pradesh,,0.04 Cr,449667,1,37.63
NDA,75,Ghazipur,PARS NATH RAI,Bharatiya Janata Party,Uttar Pradesh,,0.04 Cr,415051,1,35.99
NDA,10,Rajkot,PARSHOTTAMBHAI RUPALA,Bharatiya Janata Party,Gujarat,,0.09 Cr,857984,1,67.37
NDA,3,Barpeta,PHANI BHUSAN CHOUDHURY,Asom Gana Parishad,Assam,,0.09 Cr,860113,1,51.02
NDA,4,Keonjhar,PITABASA NAIK,AJSU Party,Odisha,,0.00 Cr,2144,1,0.17
NDA,41,Bolpur,PIYA SAHA,Bharatiya Janata Party,West Bengal,,0.05 Cr,528380,1,34.57
NDA,26,Mumbai North,PIYUSH GOYAL,Bharatiya Janata Party,Maharashtra,,0.07 Cr,680146,1,65.68
NDA,12,Jamnagar,POONAMBEN HEMATBHAI MAADAM,Bharatiya Janata Party,Gujarat,,0.06 Cr,620049,1,58.98
NDA,22,Nellore,PRABHAKAR REDDY VEMIREDDY,Telugu Desam,Andhra Pradesh,,0.08 Cr,766202,1,55.7
NDA,12,Lakhimpur,PRADAN BARUAH,Bharatiya Janata Party,Assam,,0.07 Cr,663122,1,54.75
NDA,2,Kairana,PRADEEP KUMAR,Bharatiya Janata Party,Uttar Pradesh,,0.05 Cr,458897,1,42.5
NDA,9,Araria,PRADEEP KUMAR SINGH,Bharatiya Janata Party,Bihar,,0.06 Cr,600146,1,47.91
NDA,1,Bargarh,PRADEEP PUROHIT,Bharatiya Janata Party,Odisha,,0.07 Cr,716359,1,54.69
NDA,11,Dharwad,PRALHAD JOSHI,Bharatiya Janata Party,Karnataka,,0.07 Cr,716231,1,52.41
NDA,3,Vadakara,PRAPHUL KRISHNAN,Bharatiya Janata Party,Kerala,,0.01 Cr,111979,1,9.97
NDA,6,Balasore,PRATAP CHANDRA SARANGI,Bharatiya Janata Party,Odisha,,0.06 Cr,563865,1,45.49
NDA,1,Chandni Chowk,PRAVEEN KHANDELWAL,Bharatiya Janata Party,NCT OF Delhi,,0.05 Cr,516496,1,53.46
NDA,51,Phulpur,PRAVEEN PATEL,Bharatiya Janata Party,Uttar Pradesh,,0.05 Cr,452600,1,44.6
NDA,62,Sant Kabir Nagar,PRAVIN KUMAR NISHAD,Bharatiya Janata Party,Uttar Pradesh,,0.04 Cr,406525,1,37.25
NDA,13,Patiala,PRENEET KAUR,Bharatiya Janata Party,Punjab,,0.03 Cr,288998,1,25.09
NDA,1,GANGANAGAR,PRIYANKA BALAN MEGHWAL,Bharatiya Janata Party,Rajasthan,,0.06 Cr,638339,1,45.16
NDA,18,Agra,PROF S P SINGH BAGHEL,Bharatiya Janata Party,Uttar Pradesh,,0.06 Cr,599397,1,53.34
NDA,16,Mahabubabad,PROFESSOR. AZMEERA SEETARAM NAIK,Bharatiya Janata Party,Telangana,,0.01 Cr,110444,1,9.96
NDA,10,Eluru,PUTTA MAHESH KUMAR,Telugu Desam,Andhra Pradesh,,0.07 Cr,746351,1,54
NDA,32,Arrah,R. K. SINGH,Bharatiya Janata Party,Bihar,,0.05 Cr,469574,1,42.82
NDA,48,Banda,R. K. SINGH PATEL,Bharatiya Janata Party,Uttar Pradesh,,0.03 Cr,335357,1,32.12
NDA,2,CHENNAI NORTH,R.C. PAUL KANAGARAJ,Bharatiya Janata Party,Tamil Nadu,,0.01 Cr,113318,1,12.56
NDA,32,MADURAI,RAAMA SREENIVASAN,Bharatiya Janata Party,Tamil Nadu,,0.02 Cr,220914,1,22.38
NDA,8,Jajpur,RABINDRA NARAYAN BEHERA,Bharatiya Janata Party,Odisha,,0.05 Cr,534239,1,46.01
NDA,3,Purvi Champaran,RADHA MOHAN SINGH,Bharatiya Janata Party,Bihar,,0.05 Cr,542193,1,50.5
NDA,39,KANNIYAKUMARI,RADHAKRISHNAN P,Bharatiya Janata Party,Tamil Nadu,,0.04 Cr,366341,1,35.6
NDA,2,RAIGARH,RADHESHYAM RATHIYA,Bharatiya Janata Party,Chhattisgarh,,0.08 Cr,808275,1,55.63
NDA,34,VIRUDHUNAGAR,RADIKAA R,Bharatiya Janata Party,Tamil Nadu,,0.02 Cr,166271,1,15.66
NDA,1,Saharanpur,RAGHAV LAKHANPAL,Bharatiya Janata Party,Uttar Pradesh,,0.05 Cr,483425,1,39.32
NDA,30,Mumbai South Central,RAHUL RAMESH SHEWALE,Shiv Sena,Maharashtra,,0.03 Cr,341754,1,43.01
NDA,7,DAMOH,RAHUL SINGH LODHI,Bharatiya Janata Party,Madhya Pradesh,,0.07 Cr,709768,1,65.18
NDA,15,Muzaffarpur,RAJ BHUSHAN CHOUDHARY,Bharatiya Janata Party,Bihar,,0.06 Cr,619749,1,55.71
NDA,35,Lucknow,RAJ NATH SINGH,Bharatiya Janata Party,Uttar Pradesh,,0.06 Cr,612709,1,53.89
NDA,6,Raichur,RAJA AMARESHWARA NAIK.,Bharatiya Janata Party,Karnataka,,0.06 Cr,591185,1,45.49
NDA,20,Thiruvananthapuram,RAJEEV CHANDRASEKHAR,Bharatiya Janata Party,Kerala,,0.03 Cr,342078,1,35.52
NDA,25,Khagaria,RAJESH VERMA,Lok Janshakti Party(Ram Vilas),Bihar,,0.05 Cr,538657,1,50.73
NDA,30,Sitapur,RAJESH VERMA,Bharatiya Janata Party,Uttar Pradesh,,0.04 Cr,441497,1,40.06
NDA,20,Saran,RAJIV PRATAP RUDY,Bharatiya Janata Party,Bihar,,0.05 Cr,471752,1,46.18
NDA,19,Fatehpur Sikri,RAJKUMAR CHAHAR,Bharatiya Janata Party,Uttar Pradesh,,0.04 Cr,445657,1,43.09
NDA,18,Panchmahal,RAJPALSINH MAHENDRASINH JADAV,Bharatiya Janata Party,Gujarat,,0.08 Cr,794579,1,70.22
NDA,53,Barabanki,RAJRANI RAWAT,Bharatiya Janata Party,Uttar Pradesh,,0.05 Cr,504223,1,39.07
NDA,14,Yavatmal- Washim,RAJSHRITAI HEMANT PATIL (MAHALLE),Shiv Sena,Maharashtra,,0.05 Cr,500334,1,40.83
NDA,4,Darjeeling,RAJU BISTA,Bharatiya Janata Party,West Bengal,,0.07 Cr,679331,1,51.18
NDA,9,Ramtek,RAJU DEONATH PARVE,Shiv Sena,Maharashtra,,0.05 Cr,536257,1,42.81
NDA,22,Etah,RAJVEER SINGH (RAJU BHAIYA),Bharatiya Janata Party,Uttar Pradesh,,0.04 Cr,447756,1,44.32
NDA,31,Patliputra,RAM KRIPAL YADAV,Bharatiya Janata Party,Bihar,,0.05 Cr,528109,1,42.93
NDA,42,Solapur,RAM VITTHAL SATPUTE,Bharatiya Janata Party,Maharashtra,,0.05 Cr,546028,1,45.33
NDA,8,Wardha,RAMDAS CHANDRABHAN TADAS,Bharatiya Janata Party,Maharashtra,,0.05 Cr,451458,1,41.23
NDA,43,Kanpur,RAMESH AWASTHI,Bharatiya Janata Party,Uttar Pradesh,,0.04 Cr,443055,1,49.93
NDA,4,Bijapur,RAMESH JIGAJINAGI,Bharatiya Janata Party,Karnataka,,0.07 Cr,672781,1,51.91
NDA,29,NAGAPATTINAM,RAMESHGOVIND S G M,Bharatiya Janata Party,Tamil Nadu,,0.01 Cr,102173,1,10.5
NDA,9,BHARATPUR,RAMSWAROOP KOLI,Bharatiya Janata Party,Rajasthan,,0.05 Cr,527907,1,46.59
NDA,7,South Delhi,RAMVIR SINGH BIDHURI,Bharatiya Janata Party,NCT OF Delhi,,0.07 Cr,692832,1,53.46
NDA,43,Madha,RANJEETSINGH HINDURAO NAIK NIMBALKAR,Bharatiya Janata Party,Maharashtra,,0.05 Cr,501376,1,39.37
NDA,11,Sonitpur,RANJIT DUTTA,Bharatiya Janata Party,Assam,,0.08 Cr,775788,1,60.21
NDA,4,HISAR,RANJIT SINGH,Bharatiya Janata Party,Haryana,,0.05 Cr,507043,1,43.19
NDA,9,GURGAON,RAO INDERJIT SINGH,Bharatiya Janata Party,Haryana,,0.08 Cr,808336,1,50.48
NDA,6,JAIPUR RURAL,RAO RAJENDRA SINGH,Bharatiya Janata Party,Rajasthan,,0.06 Cr,617877,1,48.96
NDA,30,Patna Sahib,RAVI SHANKAR PRASAD,Bharatiya Janata Party,Bihar,,0.06 Cr,588270,1,54.7
NDA,71,Salempur,RAVINDAR KUSHAWAHA,Bharatiya Janata Party,Uttar Pradesh,,0.04 Cr,401899,1,43.81
NDA,27,Mumbai North West,RAVINDRA DATTARAM WAIKAR,Shiv Sena,Maharashtra,,0.05 Cr,452644,1,47.4
NDA,64,Gorakhpur,RAVINDRA SHUKLA ALIAS RAVI KISHAN,Bharatiya Janata Party,Uttar Pradesh,,0.06 Cr,585834,1,50.75
NDA,7,Ludhiana,RAVNEET SINGH BITTU,Bharatiya Janata Party,Punjab,,0.03 Cr,301282,1,28.45
NDA,18,Basirhat,REKHA PATRA,Bharatiya Janata Party,West Bengal,,0.05 Cr,470215,1,30.87
NDA,29,Dhaurahra,REKHA VERMA,Bharatiya Janata Party,Uttar Pradesh,,0.04 Cr,439294,1,39.51
NDA,80,Robertsganj,RINKI SINGH,Apna Dal (Soneylal),Uttar Pradesh,,0.03 Cr,336614,1,33.34
NDA,55,Ambedkar Nagar,RITESH PANDEY,Bharatiya Janata Party,Uttar Pradesh,,0.04 Cr,407712,1,34.64
NDA,20,RAJGARH,RODMAL NAGAR,Bharatiya Janata Party,Madhya Pradesh,,0.08 Cr,758743,1,53.1
NDA,9,MAHASAMUND,ROOP KUMARI CHOUDHARY,Bharatiya Janata Party,Chhattisgarh,,0.07 Cr,703659,1,53.06
NDA,9,Dhenkanal,RUDRA NARAYAN PANY,Bharatiya Janata Party,Odisha,,0.06 Cr,598721,1,50.24
NDA,13,Nalgonda,SAIDI REDDY SHANAMPUDI,Bharatiya Janata Party,Telangana,,0.02 Cr,224432,1,17.31
NDA,58,Shrawasti,SAKET MISRA,Bharatiya Janata Party,Uttar Pradesh,,0.04 Cr,434382,1,41.51
NDA,17,Puri,SAMBIT PATRA,Bharatiya Janata Party,Odisha,,0.06 Cr,629330,1,52.58
NDA,12,Lohardaga,SAMIR ORAON,Bharatiya Janata Party,Jharkhand,,0.03 Cr,343900,1,35.56
NDA,2,BHIND,SANDHYA RAY,Bharatiya Janata Party,Madhya Pradesh,,0.05 Cr,537065,1,51.2
NDA,39,Pratapgarh,SANGAM LAL GUPTA,Bharatiya Janata Party,Uttar Pradesh,,0.04 Cr,375726,1,39.66
NDA,10,Bolangir,SANGEETA KUMARI SINGH DEO,Bharatiya Janata Party,Odisha,,0.06 Cr,617744,1,44.12
NDA,44,Sangli,SANJAY (KAKA) PATIL,Bharatiya Janata Party,Maharashtra,,0.05 Cr,471613,1,40.35
NDA,47,Kolhapur,SANJAY SADASHIVRAO MANDLIK,Shiv Sena,Maharashtra,,0.06 Cr,599558,1,43.03
NDA,8,Ranchi,SANJAY SETH,Bharatiya Janata Party,Jharkhand,,0.07 Cr,664732,1,45.91
NDA,1,Chandigarh,SANJAY TANDON,Bharatiya Janata Party,Chandigarh,,0.02 Cr,214153,1,47.67
NDA,3,Muzaffarnagar,SANJEEV KUMAR BALYAN,Bharatiya Janata Party,Uttar Pradesh,,0.04 Cr,446049,1,41.35
NDA,6,RAJNANDGAON,SANTOSH PANDEY,Bharatiya Janata Party,Chhattisgarh,,0.07 Cr,712057,1,49.25
NDA,13,Dibrugarh,SARBANANDA SONOWAL,Bharatiya Janata Party,Assam,,0.07 Cr,693762,1,54.27
NDA,4,KORBA,SAROJ PANDEY,Bharatiya Janata Party,Chhattisgarh,,0.05 Cr,526899,1,43
NDA,15,Aligarh,SATISH KUMAR GAUTAM,Bharatiya Janata Party,Uttar Pradesh,,0.05 Cr,501834,1,44.28
NDA,25,DHAR,SAVITRI THAKUR,Bharatiya Janata Party,Madhya Pradesh,,0.08 Cr,794449,1,55.75
NDA,23,KARUR,SENTHILNATHAN. V.V,Bharatiya Janata Party,Tamil Nadu,,0.01 Cr,102482,1,9.05
NDA,23,Samastipur,SHAMBHAVI,Lok Janshakti Party(Ram Vilas),Bihar,,0.06 Cr,579786,1,52.97
NDA,26,INDORE,SHANKAR LALWANI,Bharatiya Janata Party,Madhya Pradesh,,0.12 Cr,1226751,1,78.54
NDA,14,Bangaon,SHANTANU THAKUR,Bharatiya Janata Party,West Bengal,,0.07 Cr,719505,1,48.19
NDA,66,Deoria,SHASHANK MANI,Bharatiya Janata Party,Uttar Pradesh,,0.05 Cr,504541,1,48.36
NDA,34,Sasaram,SHIVESH KUMAR,Bharatiya Janata Party,Bihar,,0.05 Cr,493847,1,45.01
NDA,1,MORENA,SHIVMANGAL SINGH TOMAR,Bharatiya Janata Party,Madhya Pradesh,,0.05 Cr,515477,1,43.41
NDA,18,VIDISHA,SHIVRAJ SINGH CHOUHAN,Bharatiya Janata Party,Madhya Pradesh,,0.11 Cr,1116460,1,76.7
NDA,24,Bangalore North,SHOBHA KARANDLAJE,Bharatiya Janata Party,Karnataka,,0.10 Cr,986049,1,56.27
NDA,5,Sabarkantha,SHOBHANABEN MAHENDRASINH BARAIYA,Bharatiya Janata Party,Gujarat,,0.07 Cr,677318,1,53.36
NDA,45,Satara,SHRIMANT CHH UDAYANRAJE PRATAPSINHAMAHARAJ BHONSLE,Bharatiya Janata Party,Maharashtra,,0.06 Cr,571134,1,47.67
NDA,1,North Goa,SHRIPAD YESSO NAIK,Bharatiya Janata Party,Goa,,0.03 Cr,257326,1,56.43
NDA,33,Maval,SHRIRANG APPA CHANDU BARNE,Shiv Sena,Maharashtra,,0.07 Cr,692832,1,48.81
NDA,4,JHUNJHUNU,SHUBHKARAN CHOUDHARY,Bharatiya Janata Party,Rajasthan,,0.05 Cr,534933,1,47.81
NDA,16,Dum dum,SILBHADRA DATTA,Bharatiya Janata Party,West Bengal,,0.05 Cr,457919,1,36.34
NDA,2,Dumka,SITA MURMU,Bharatiya Janata Party,Jharkhand,,0.05 Cr,524843,1,44.32
NDA,3,Jalgaon,SMITA UDAY WAGH,Bharatiya Janata Party,Maharashtra,,0.07 Cr,674428,1,57.67
NDA,37,Amethi,SMRITI IRANI,Bharatiya Janata Party,Uttar Pradesh,,0.04 Cr,372032,1,37.94
NDA,12,SHAHDOL,SMT. HIMADRI SINGH,Bharatiya Janata Party,Madhya Pradesh,,0.07 Cr,711143,1,61.73
NDA,15,Alappuzha,SOBHA SURENDRAN,Bharatiya Janata Party,Kerala,,0.03 Cr,299648,1,28.3
NDA,8,Maldaha Dakshin,SREERUPA MITRA CHAUDHURY (NIRBHAYA DIDI),Bharatiya Janata Party,West Bengal,,0.04 Cr,444027,1,32.42
NDA,4,Visakhapatnam,SRIBHARAT MATHUKUMILI,Telugu Desam,Andhra Pradesh,,0.09 Cr,907467,1,65.42
NDA,2,Peddapalle,SRINIVAS GOMASE,Bharatiya Janata Party,Telangana,,0.03 Cr,344223,1,31.43
NDA,42,Kannauj,SUBRAT PATHAK,Bharatiya Janata Party,Uttar Pradesh,,0.05 Cr,471370,1,38.71
NDA,41,Latur,SUDHAKAR TUKARAM SHRANGARE,Bharatiya Janata Party,Maharashtra,,0.05 Cr,547140,1,44.16
NDA,23,MANDSOUR,SUDHEER GUPTA,Bharatiya Janata Party,Madhya Pradesh,,0.09 Cr,945761,1,65.98
NDA,13,Kandhamal,SUKANTA KUMAR PANIGRAHI,Bharatiya Janata Party,Odisha,,0.04 Cr,416415,1,41.8
NDA,6,Balurghat,SUKANTA MAJUMDAR,Bharatiya Janata Party,West Bengal,,0.06 Cr,574996,1,46.47
NDA,12,TONK-SAWAI MADHOPUR,SUKHBIR SINGH JAUNAPURIA,Bharatiya Janata Party,Rajasthan,,0.06 Cr,558814,1,45.56
NDA,5,SIKAR,SUMEDHANAND SARASWATI,Bharatiya Janata Party,Rajasthan,,0.06 Cr,586404,1,45.08
NDA,35,Baramati,SUNETRA AJITDADA PAWAR,Nationalist Congress Party,Maharashtra,,0.06 Cr,573979,1,40.64
NDA,11,Bhandara Gondiya,SUNIL BABURAO MENDHE,Bharatiya Janata Party,Maharashtra,,0.06 Cr,550033,1,44.53
NDA,40,Asansol,SURENDRAJEET SINGH AHLUWALIA,Bharatiya Janata Party,West Bengal,,0.05 Cr,546081,1,41.96
NDA,9,Nagaon,SURESH BORAH,Bharatiya Janata Party,Assam,,0.06 Cr,576619,1,37.2
NDA,10,Thrissur,SURESH GOPI,Bharatiya Janata Party,Kerala,,0.04 Cr,412338,1,37.8
NDA,4,SHIMLA,Suresh Kumar Kashyap,Bharatiya Janata Party,Himachal Pradesh,,0.05 Cr,519748,1,53.58
NDA,4,Jalandhar,SUSHIL KUMAR RINKU,Bharatiya Janata Party,Punjab,,0.02 Cr,214060,1,21.64
NDA,37,Aurangabad,SUSHIL KUMAR SINGH,Bharatiya Janata Party,Bihar,,0.04 Cr,386456,1,40.86
NDA,33,Unnao,SWAMI SACHCHIDANAND HARI SAKSHI,Bharatiya Janata Party,Uttar Pradesh,,0.06 Cr,616133,1,47.31
NDA,17,Barasat,SWAPAN MAJUMDER,Bharatiya Janata Party,West Bengal,,0.06 Cr,577821,1,37.7
NDA,1,Rajmahal,TALA MARANDI,Bharatiya Janata Party,Jharkhand,,0.04 Cr,435107,1,35.72
NDA,6,Kakinada,TANGELLA UDAY SRINIVAS  (TEA TIME UDAY),Janasena Party,Andhra Pradesh,,0.07 Cr,729699,1,54.87
NDA,24,Kolkata Uttar,TAPAS ROY,Bharatiya Janata Party,West Bengal,,0.04 Cr,362136,1,37.78
NDA,2,Arunachal East,TAPIR GAO,Bharatiya Janata Party,Arunachal Pradesh,,0.01 Cr,145581,1,45.01
NDA,2,Amritsar,TARANJIT SINGH SANDHU SAMUNDRI,Bharatiya Janata Party,Punjab,,0.02 Cr,207205,1,22.88
NDA,1,Ladakh,TASHI GYALSON,Bharatiya Janata Party,Ladakh,,0.00 Cr,31956,1,23.58
NDA,32,Raigad,TATKARE SUNIL DATTATREY,Nationalist Congress Party,Maharashtra,,0.05 Cr,508352,1,50.17
NDA,26,Bangalore South,TEJASVI SURYA,Bharatiya Janata Party,Karnataka,,0.08 Cr,750830,1,60.1
NDA,1,Inner Manipur,THOUNAOJAM BASANTA KUMAR SINGH,Bharatiya Janata Party,Manipur,,0.03 Cr,264216,1,33.16
NDA,5,BILASPUR,TOKHAN SAHU,Bharatiya Janata Party,Chhattisgarh,,0.07 Cr,724937,1,53.25
NDA,14,Jorhat,TOPON KUMAR GOGOI,Bharatiya Janata Party,Assam,,0.06 Cr,607378,1,43.66
NDA,5,Haridwar,TRIVENDRA SINGH RAWAT,Bharatiya Janata Party,Uttarakhand,,0.07 Cr,653808,1,50.19
NDA,19,Attingal,V  MURALEEDHARAN,Bharatiya Janata Party,Kerala,,0.03 Cr,311779,1,31.64
NDA,19,Tumkur,V. SOMANNA,Bharatiya Janata Party,Karnataka,,0.07 Cr,720946,1,55.31
NDA,1,MIZORAM,VANLALHMUAKA,Bharatiya Janata Party,Mizoram,,0.00 Cr,33533,1,6.82
NDA,23,Thirupathi(SC),VARA PRASAD RAO VELAGAPALLI,Bharatiya Janata Party,Andhra Pradesh,,0.06 Cr,617659,1,44.67
NDA,21,POLLACHI,VASANTHARAJAN K,Bharatiya Janata Party,Tamil Nadu,,0.02 Cr,223354,1,19.84
NDA,16,Vaishali,VEENA DEVI,Lok Janshakti Party(Ram Vilas),Bihar,,0.06 Cr,567043,1,48.38
NDA,7,DURG,VIJAY BAGHEL,Bharatiya Janata Party,Chhattisgarh,,0.10 Cr,956497,1,62
NDA,65,Kushi Nagar,VIJAY KUMAR DUBAY,Bharatiya Janata Party,Uttar Pradesh,,0.05 Cr,516345,1,47.79
NDA,50,Kaushambi,VINOD KUMAR SONKAR,Bharatiya Janata Party,Uttar Pradesh,,0.04 Cr,405843,1,40.21
NDA,17,Khammam,VINOD RAO TANDRA,Bharatiya Janata Party,Telangana,,0.01 Cr,118636,1,9.48
NDA,4,CHENNAI CENTRAL,VINOJ,Bharatiya Janata Party,Tamil Nadu,,0.02 Cr,169159,1,23.16
NDA,8,KHAJURAHO,VISHNU DATT SHARMA (V.D.SHARMA),Bharatiya Janata Party,Madhya Pradesh,,0.08 Cr,772774,1,67.75
NDA,13,Palamau,VISHNU DAYAL RAM,Bharatiya Janata Party,Jharkhand,,0.08 Cr,770362,1,55.39
NDA,20,Firozabad,VISHWADEEP SINGH,Bharatiya Janata Party,Uttar Pradesh,,0.05 Cr,453725,1,40.98
NDA,12,Uttara Kannada,VISHWESHWAR HEGDE KAGERI,Bharatiya Janata Party,Karnataka,,0.08 Cr,782495,1,61.97
NDA,39,Nawada,VIVEK THAKUR,Bharatiya Janata Party,Bihar,,0.04 Cr,410608,1,47.2
NDA,21,Mysore,YADUVEER KRISHNADATTA CHAMARAJA WADIYAR,Bharatiya Janata Party,Karnataka,,0.08 Cr,795503,1,53.59
NDA,31,Mumbai South,YAMINI YASHWANT JADHAV,Shiv Sena,Maharashtra,,0.03 Cr,342982,1,44.36
NDA,5,North-West Delhi,YOGENDER CHANDOLIYA,Bharatiya Janata Party,NCT OF Delhi,,0.09 Cr,866483,1,58.26
NDA,1,Lakshadweep,YOUSUF TP,Nationalist Congress Party,Lakshadweep,,0.00 Cr,201,1,0.41
NDA,2,Dhubri,ZABED ISLAM,Asom Gana Parishad,Assam,,0.04 Cr,438594,1,17.88
Others,16,CHHINDWARA,""" PRAKASH ALIAS BANTY "" PARTETI",Rashtra Samarpan Party,Madhya Pradesh,,0.00 Cr,1654,1,0.13
Others,26,Bangalore South,A . RAJ.,Independent,Karnataka,1,0.00 Cr,477,1,0.04
Others,8,VELLORE,A BEEMARAO MILINTHAR,United Republican Party of India,Tamil Nadu,,0.00 Cr,670,1,0.06
Others,17,Nandyal,A CHINNA MOULALI,Bahujan Samaj Party,Andhra Pradesh,,0.00 Cr,7831,1,0.56
Others,7,ARAKKONAM,A JAYACHANDRAN,Independent,Tamil Nadu,1,0.00 Cr,538,1,0.05
Others,5,SRIPERUMBUDUR,A JINNA MOHAMMED,Independent,Tamil Nadu,1,0.00 Cr,388,1,0.03
Others,37,TENKASI,A MUTHAIAH,Independent,Tamil Nadu,1,0.00 Cr,1457,1,0.14
Others,8,VELLORE,A NATARAJAN,Bharatiya Praja Aikyata Party,Tamil Nadu,,0.00 Cr,4005,1,0.35
Others,7,ARAKKONAM,A PALANI,Independent,Tamil Nadu,1,0.00 Cr,3866,1,0.33
Others,37,TENKASI,A SEETHA,Bahujan Dravida Party,Tamil Nadu,,0.00 Cr,2476,1,0.24
Others,17,ERODE,A T MUNUSAMY,Samaniya Makkal Nala Katchi,Tamil Nadu,,0.00 Cr,616,1,0.06
Others,8,Palakkad,A VIJAYARAGHAVAN,Communist Party of India  (Marxist),Kerala,,0.03 Cr,345886,1,33.39
Others,2,CHENNAI NORTH,A. AJITHKUMAR,Thakkam Katchi,Tamil Nadu,,0.00 Cr,673,1,0.07
Others,26,CUDDALORE,A. BALAJI,Independent,Tamil Nadu,1,0.00 Cr,5450,1,0.53
Others,9,Bellary,A. DEVADAS,Socialist Unity Centre Of India (COMMUNIST),Karnataka,,0.00 Cr,1741,1,0.13
Others,21,Mysore,A. G. RAMACHANDRA RAO,Secular Democratic Congress,Karnataka,,0.00 Cr,490,1,0.03
Others,3,East Delhi,A. GOPALA KRISHNA,Navarang Congress Party,NCT OF Delhi,,0.00 Cr,2817,1,0.22
Others,28,Munger,A. K. SINGH ‘ASHOK’,Independent,Bihar,1,0.00 Cr,13825,1,1.21
Others,15,Hingoli,A. KADIR MASTAN SAYYED (GOREGAONKAR),Independent,Maharashtra,1,0.00 Cr,3713,1,0.32
Others,6,Medak,A. KRANTHI KUMAR,Independent,Telangana,1,0.00 Cr,1467,1,0.11
Others,15,Alappuzha,A. M ARIFF,Communist Party of India  (Marxist),Kerala,,0.03 Cr,341047,1,32.21
Others,23,Thirupathi(SC),A. MADHU,Jai Hindustan Party,Andhra Pradesh,,0.00 Cr,711,1,0.05
Others,25,Chittoor(SC),A. PURNA CHANDRA,Independent,Andhra Pradesh,1,0.00 Cr,857,1,0.06
Others,21,Mysore,A. S. SATHISH,Independent,Karnataka,1,0.00 Cr,3746,1,0.25
Others,11,Mahbubnagar,A. SRINIVASULU,Independent,Telangana,1,0.00 Cr,438,1,0.04
Others,23,Thirupathi(SC),A. VARAPRASAD,Jatiya Jana Sena Party,Andhra Pradesh,,0.00 Cr,1698,1,0.12
Others,3,CHENNAI SOUTH,A.BABU,Independent,Tamil Nadu,1,0.00 Cr,246,1,0.02
Others,14,Shimoga,A.D. SHIVAPPA,Bahujan Samaj Party,Karnataka,,0.00 Cr,2779,1,0.2
Others,6,RAJNANDGAON,A.H. SIDDIQUI,Independent,Chhattisgarh,1,0.00 Cr,10737,1,0.74
Others,3,CHENNAI SOUTH,A.K.D. ELLAPPAN,Mahathma Makkal Munnetra Kazhakam,Tamil Nadu,,0.00 Cr,761,1,0.07
Others,13,Davanagere,A.K.GANESH,Independent,Karnataka,1,0.00 Cr,1055,1,0.08
Others,3,CHENNAI SOUTH,A.PONNUDURAI,Independent,Tamil Nadu,1,0.00 Cr,362,1,0.03
Others,4,CHENNAI CENTRAL,A.SELVA KUMAR,Thakkam Katchi,Tamil Nadu,,0.00 Cr,270,1,0.04
Others,10,Baharampur,AABDUSA SATTAR SEKH,Indian National Socialistic Action Forces,West Bengal,,0.00 Cr,484,1,0.03
Others,6,Akola,AACHARYADIP SUBHASHCHANDRA GANOJE,Independent,Maharashtra,1,0.00 Cr,1618,1,0.14
Others,33,Buxar,AANAND MISRA S/O MADAN KUMAR MISRA,Independent,Bihar,1,0.00 Cr,2834,1,0.26
Others,23,Bhiwandi,AAPPA - VISHAL VIJAY MORE,Independent,Maharashtra,1,0.00 Cr,601,1,0.05
Others,13,Junagadh,AARAB HASAM SUMRA,Independent,Gujarat,1,0.00 Cr,694,1,0.06
Others,2,Peddapalle,AARNAKONDA RAJU,Independent,Telangana,1,0.00 Cr,1167,1,0.11
Others,37,Ahmednagar,AARTI KISHORKUMAR HALDAR,Prabuddha Republican Party,Maharashtra,,0.00 Cr,3799,1,0.29
Others,36,THOOTHUKKUDI,AASIRIYAR SHANMUGA SUNDARAM K,Independent,Tamil Nadu,1,0.00 Cr,1839,1,0.19
Others,33,THENI,AATHIMUTHUKUMAR M,Independent,Tamil Nadu,1,0.00 Cr,592,1,0.05
Others,42,Solapur,AATISH MOHAN BANSODE,Independent,Maharashtra,1,0.00 Cr,10507,1,0.87
Others,46,Ratnagiri- Sindhudurg,AAYARE RAJENDRA LAHU,Bahujan Samaj Party,Maharashtra,,0.00 Cr,7856,1,0.86
Others,3,Karimnagar,ABBADI BUCHI REDDY,Independent,Telangana,1,0.00 Cr,11612,1,0.88
Others,4,Nizamabad,ABBAGONI ASHOK GOUD,Bahujana Left Party,Telangana,,0.00 Cr,649,1,0.05
Others,24,Rajampet,ABBAVARAM UGENDRA,Bahujan Samaj Party,Andhra Pradesh,,0.00 Cr,12363,1,0.93
Others,24,KOTA,ABDUL ASIF,Independent,Rajasthan,1,0.00 Cr,865,1,0.06
Others,19,Aurangabad,ABDUL AZIM ABDUL AZIZ SHAIKH,Independent,Maharashtra,1,0.00 Cr,4693,1,0.36
Others,4,Bijnor,ABDUL BARI,Jai Samta Party,Uttar Pradesh,,0.00 Cr,8072,1,0.79
Others,7,South Delhi,ABDUL BASIT,Bahujan Samaj Party,NCT OF Delhi,,0.00 Cr,9861,1,0.76
Others,7,Karimganj,ABDUL BASIT TAPADAR,Independent,Assam,1,0.00 Cr,1923,1,0.17
Others,7,Karimganj,ABDUL GOFFAR TALUKDAR,Independent,Assam,1,0.00 Cr,1095,1,0.1
Others,2,Dhule,ABDUL HAFEEZ ABDUL HAQUE,Independent,Maharashtra,1,0.00 Cr,577,1,0.05
Others,4,Darrang-Udalguri,ABDUL HAMED,Rashtriya Ulama Council,Assam,,0.00 Cr,3731,1,0.21
Others,7,Karimganj,ABDUL HAMEED,Independent,Assam,1,0.00 Cr,842,1,0.07
Others,10,Kaziranga,ABDUL HOQUE,Independent,Assam,1,0.00 Cr,6441,1,0.4
Others,42,Birbhum,ABDUL IMRAN,Independent,West Bengal,1,0.00 Cr,3832,1,0.25
Others,18,VIDISHA,ABDUL JABBAR,Independent,Madhya Pradesh,1,0.00 Cr,1082,1,0.07
Others,7,Karimganj,ABDUL KALAM MAZUMDER,Independent,Assam,1,0.00 Cr,975,1,0.09
Others,5,Kozhikode,ABDUL KAREEM K. S/O ASSAIN,Independent,Kerala,1,0.00 Cr,293,1,0.03
Others,5,Kozhikode,ABDUL KAREEM S/O AYAMMATH KUTTY,Independent,Kerala,1,0.00 Cr,287,1,0.03
Others,5,Kozhikode,ABDUL KAREEM S/O MAHAMMOOD,Independent,Kerala,1,0.00 Cr,541,1,0.05
Others,38,Sultanpur,ABDUL MABOOD,Apna Desh Party,Uttar Pradesh,,0.00 Cr,4297,1,0.42
Others,8,Supaul,ABDUL MATIN,Independent,Bihar,1,0.00 Cr,7194,1,0.58
Others,13,Davanagere,ABDUL NAZEER AHAMMED,Independent,Karnataka,1,0.00 Cr,652,1,0.05
Others,18,Jalna,ABDUL RAFIQ ABDUL LATIF,Independent,Maharashtra,1,0.00 Cr,1047,1,0.08
Others,16,Nanded,ABDUL RAIS AHEMAD,Desh Janhit Party,Maharashtra,,0.00 Cr,1510,1,0.13
Others,14,Narsaraopet,ABDUL RAJAK SHAIK,Independent,Andhra Pradesh,1,0.00 Cr,723,1,0.05
Others,3,ANANTNAG-RAJOURI,ABDUL RAOUF MALIK,Independent,Jammu and Kashmir,1,0.00 Cr,10582,1,1.03
Others,18,VIDISHA,ABDUL RASHID,Independent,Madhya Pradesh,1,0.00 Cr,1682,1,0.12
Others,1,BARAMULLA,ABDUL RASHID SHEIKH,Independent,Jammu and Kashmir,1,0.05 Cr,472481,1,45.7
Others,3,ANANTNAG-RAJOURI,ABDUL ROUF NAIK,Independent,Jammu and Kashmir,1,0.00 Cr,9149,1,0.89
Others,5,Sitamarhi,ABDUL SAMAD,Independent,Bihar,1,0.00 Cr,1441,1,0.13
Others,19,Aurangabad,ABDUL SAMAD BAGWAN,All India Majlis-E-Inquilab-E-Millat,Maharashtra,,0.00 Cr,1482,1,0.11
Others,18,Kurnoolu,ABDUL SATTAR  A.S.R,Anna YSR Congress Party,Andhra Pradesh,,0.00 Cr,1601,1,0.12
Others,3,Jalgaon,ABDUL SHAKUR DESHPANDE,Independent,Maharashtra,1,0.00 Cr,1606,1,0.14
Others,19,BHOPAL,ABDUL TAHIR ADVOCATE (BABLU RAJNIKANT)  S/O SAEED PAHELWAN ANSARI,Bahujan Maha Party,Madhya Pradesh,,0.00 Cr,473,1,0.03
Others,29,Mumbai North Central,ABDUL TAHIR ADVOCATE BABLU RAJNIKANT,Independent,Maharashtra,1,0.00 Cr,355,1,0.04
Others,3,Bagalkot,ABDULAZIZ KALADAGI PENDARI,Independent,Karnataka,1,0.00 Cr,529,1,0.04
Others,3,Patan,ABDULHAQ ISMAIL NEDARIYA,Independent,Gujarat,1,0.00 Cr,1524,1,0.13
Others,3,Patan,ABDULKUDDUS,Independent,Gujarat,1,0.00 Cr,1360,1,0.11
Others,6,Malappuram,ABDULSALAM S/O MUHAMMED HAJI,Independent,Kerala,1,0.00 Cr,783,1,0.07
Others,7,Karimganj,ABDUS  SUBHAN TAPADAR,Independent,Assam,1,0.00 Cr,571,1,0.05
Others,7,Ponnani,ABDUSSAMED MALAYAMPALLI,Independent,Kerala,1,0.00 Cr,1653,1,0.16
Others,16,Vaishali,ABHA RAY,Peoples Party of India (Democratic),Bihar,,0.00 Cr,3274,1,0.28
Others,41,Latur,ABHANG GANGARAM SURYAWANSHI,Independent,Maharashtra,1,0.00 Cr,2102,1,0.17
Others,26,INDORE,ABHAY JAIN,Independent,Madhya Pradesh,1,0.00 Cr,8392,1,0.54
Others,15,Muzaffarpur,ABHAY KUMAR,Samata Party,Bihar,,0.00 Cr,1174,1,0.11
Others,2,RAIGARH,ABHAY KUMAR EKKA,Independent,Chhattisgarh,1,0.00 Cr,1825,1,0.13
Others,2,KURUKSHETRA,ABHAY SINGH CHAUTALA,Indian National Lok Dal,Haryana,,0.01 Cr,78708,1,6.53
Others,25,Bangalore central,ABHAYA SHEELA.,Rashtriya Samaj Dal (R),Karnataka,,0.00 Cr,635,1,0.05
Others,38,Shirdi,ABHIJEET ASHOKRAO POTE,Independent,Maharashtra,1,0.00 Cr,4776,1,0.45
Others,29,Arambagh,ABHIJIT MAJI,Independent,West Bengal,1,0.00 Cr,1606,1,0.1
Others,10,Baharampur,ABHIJIT MANDAL,Socialist Unity Centre Of India (COMMUNIST),West Bengal,,0.00 Cr,1418,1,0.1
Others,24,Kalyan,ABHIJIT WAMANRAO BICHUKALE,Independent,Maharashtra,1,0.00 Cr,1824,1,0.17
Others,6,Medak,ABHILASH CHELIMELA,Independent,Telangana,1,0.00 Cr,2031,1,0.15
Others,6,Medak,ABHILASH SHIRNA,Independent,Telangana,1,0.00 Cr,924,1,0.07
Others,28,KHANDWA,ABHINESH SINGH,Rashtriya Jan Awaz Party,Madhya Pradesh,,0.00 Cr,9299,1,0.61
Others,23,Bangalore Rural,ABHISHEK K,Uttama Prajaakeeya Party,Karnataka,,0.00 Cr,6202,1,0.32
Others,14,Hazaribagh,ABHISHEK KUMAR,Independent,Jharkhand,1,0.00 Cr,2972,1,0.24
Others,12,Ghaziabad,ABHISHEK PUNDIR,Independent,Uttar Pradesh,1,0.00 Cr,653,1,0.04
Others,24,Aonla,ABID ALI,Bahujan Samaj Party,Uttar Pradesh,,0.01 Cr,95630,1,8.78
Others,10,Meerut,ABID HUSAIN,Social Democratic Party Of India,Uttar Pradesh,,0.00 Cr,1922,1,0.16
Others,23,KARUR,ABILAZAN. N,Independent,Tamil Nadu,1,0.00 Cr,1921,1,0.17
Others,21,Koraput,ABINASH GOMANGO,Independent,Odisha,1,0.00 Cr,10274,1,0.89
Others,9,Dhenkanal,ABINASH SAMAL,Biju Janata Dal,Odisha,,0.05 Cr,522154,1,43.82
Others,10,DHARMAPURI,ABINAYA,Naam Tamilar Katchi,Tamil Nadu,,0.01 Cr,65381,1,5.24
Others,6,Medak,ABISHEK GOUD THABETI,Jana Shankhaaraavam Party,Telangana,,0.00 Cr,797,1,0.06
Others,6,Madhubani,ABU BAKAR RAHMANI,Country Citizen Party,Bihar,,0.00 Cr,2097,1,0.2
Others,9,Nagaon,ABU EUSUF MD RAIHAN UDDIN,Independent,Assam,1,0.00 Cr,2030,1,0.13
Others,9,Nagaon,ABU SHAMA,Independent,Assam,1,0.00 Cr,2238,1,0.14
Others,3,Barpeta,ABUBAKKAR SIDDIQUE,Rashtriya Ulama Council,Assam,,0.00 Cr,2477,1,0.15
Others,35,RAMANATHAPURAM,ABUBAKKAR SITHICK J,Desiya Makkal Sakthi Katchi,Tamil Nadu,,0.00 Cr,1518,1,0.14
Others,30,Mumbai South Central,ABUL HASAN ALI HASAN KHAN,Vanchit Bahujan  Aaghadi,Maharashtra,,0.00 Cr,23867,1,3
Others,1,Chandni Chowk,ABUL KALAM AZAD,Bahujan Samaj Party,NCT OF Delhi,,0.00 Cr,5829,1,0.6
Others,4,Darrang-Udalguri,ABUL KASEM,Republican Party of India (Athawale),Assam,,0.00 Cr,4973,1,0.27
Others,1,KANGRA,ACHAL SINGH,Independent,Himachal Pradesh,1,0.00 Cr,545,1,0.05
Others,4,New Delhi,ACHLA JETHMALANI,Jindabad Kranti Party,NCT OF Delhi,,0.00 Cr,1037,1,0.12
Others,13,Kandhamal,ACHYUTANANDA SAMANTA,Biju Janata Dal,Odisha,,0.04 Cr,395044,1,39.66
Others,3,JANJGIR-CHAMPA,AD. T.R. NIRALA,Independent,Chhattisgarh,1,0.00 Cr,5794,1,0.42
Others,9,Narsapuram,ADABALA SIVA,Independent,Andhra Pradesh,1,0.00 Cr,683,1,0.06
Others,5,Anakapalle,ADARI SARAT CHANDRA,Jai Bharat National Party,Andhra Pradesh,,0.00 Cr,1913,1,0.14
Others,26,Pilibhit,ADARSH PANDEY,Independent,Uttar Pradesh,1,0.00 Cr,1726,1,0.15
Others,10,Nagpur,ADARSH RAVISHANKAR THAKUR,Independent,Maharashtra,1,0.00 Cr,1750,1,0.14
Others,25,Howrah,ADARSHA MONDAL,Independent,West Bengal,1,0.00 Cr,945,1,0.07
Others,9,Narsapuram,ADDANKI DORABABU,Independent,Andhra Pradesh,1,0.00 Cr,1393,1,0.11
Others,9,Narsapuram,ADDEPALLI VEERA VENKAT SUBBA RAO,Independent,Andhra Pradesh,1,0.00 Cr,2783,1,0.23
Others,33,Maval,ADHALGE LAXMAN SADASHIV,Independent,Maharashtra,1,0.00 Cr,3167,1,0.22
Others,6,Akola,ADHAU RAVIKANT RAMKRUSHNA,Jay Vidarbha Party,Maharashtra,,0.00 Cr,1734,1,0.15
Others,3,Jalpaiguri,ADHIR CHANDRA BARMAN,Independent,West Bengal,1,0.00 Cr,1927,1,0.12
Others,10,Baharampur,ADHIR SWARNAKAR,Independent,West Bengal,1,0.00 Cr,856,1,0.06
Others,9,Narsapuram,ADINARAYANA DUPPANAPUDI,Independent,Andhra Pradesh,1,0.00 Cr,1007,1,0.08
Others,3,Vizianagaram,ADINARAYANA TADDI,Independent,Andhra Pradesh,1,0.00 Cr,856,1,0.07
Others,5,North-West Delhi,ADITI,Independent,NCT OF Delhi,1,0.00 Cr,790,1,0.05
Others,6,JAIPUR RURAL,ADITYA PRAKASH SHARMA,Right to Recall Party,Rajasthan,,0.00 Cr,666,1,0.05
Others,75,Ghazipur,ADITYA SHRIVASTAV,Yuga Thulasi Party,Uttar Pradesh,,0.00 Cr,3316,1,0.29
Others,28,Munger,ADITYA SINGH MADHUKAR,Independent,Bihar,1,0.00 Cr,4140,1,0.36
Others,6,Medak,ADLA KUMAR,Independent,Telangana,1,0.00 Cr,5116,1,0.37
Others,32,Raigad,ADV AJAY UPADHYE,Independent,Maharashtra,1,0.00 Cr,1795,1,0.18
Others,15,Hingoli,ADV ALTAF AHMED,Indian National League,Maharashtra,,0.00 Cr,2950,1,0.25
Others,2,KURUKSHETRA,ADV ASHWINI SHARMA HRITTWAL,Independent,Haryana,1,0.00 Cr,2029,1,0.17
Others,29,Mumbai North Central,ADV ASIF ALI SIDDIQUIE,Independent,Maharashtra,1,0.00 Cr,683,1,0.08
Others,19,Aurangabad,ADV B U GOSAWI,Hindustan Janta Party,Maharashtra,,0.00 Cr,1275,1,0.1
Others,9,Ramtek,ADV BHIMRAO SHENDE,Bahujan Republican  Socialist Party,Maharashtra,,0.00 Cr,1818,1,0.15
Others,24,Begusarai,ADV CHANDAN KUMAR DAS,Bahujan Samaj Party,Bihar,,0.00 Cr,8453,1,0.65
Others,11,Chalakudy,ADV CHARLY PAUL,Twenty 20 Party,Kerala,,0.01 Cr,105642,1,11.11
Others,29,Mumbai North Central,ADV FEROZ SHAIKH,Independent,Maharashtra,1,0.00 Cr,180,1,0.02
Others,33,Maval,ADV JYOTISHWAR VISHNU BHOSALE,Baliraja Party,Maharashtra,,0.00 Cr,10879,1,0.77
Others,6,Anandpur Sahib,ADV KULWINDER SINGH,Independent,Punjab,1,0.00 Cr,1600,1,0.15
Others,27,Mumbai North West,ADV MITESH VARSHNEY,Bhim Sena,Maharashtra,,0.00 Cr,497,1,0.05
Others,6,Akola,ADV NAJIB SHAIKH,Indian National League,Maharashtra,,0.00 Cr,3300,1,0.28
Others,38,Shirdi,ADV NITIN DADAHARI POL,Bahujan Bharat Party,Maharashtra,,0.00 Cr,2532,1,0.24
Others,10,Thrissur,ADV P K NARAYANAN,Bahujan Samaj Party,Kerala,,0.00 Cr,2019,1,0.19
Others,20,Thiruvananthapuram,ADV RAJENDRAN,Bahujan Samaj Party,Kerala,,0.00 Cr,2352,1,0.24
Others,33,Maval,ADV RAJU PATIL,Independent,Maharashtra,1,0.00 Cr,670,1,0.05
Others,15,Hingoli,ADV RAVI SHINDE,Independent,Maharashtra,1,0.00 Cr,2701,1,0.23
Others,2,Dhule,ADV SACHIN UMAJI NIKAM,Independent,Maharashtra,1,0.00 Cr,3660,1,0.3
Others,20,Thiruvananthapuram,ADV SHINE LAL M P,Independent,Kerala,1,0.00 Cr,1483,1,0.15
Others,38,Shirdi,ADV SIDHARTH DEEPAK BODHAK,Independent,Maharashtra,1,0.00 Cr,2204,1,0.21
Others,9,Ramtek,ADV ULHAS SHALIKRAM DUPARE,Independent,Maharashtra,1,0.00 Cr,781,1,0.06
Others,10,Nagpur,ADV ULHAS SHALIKRAM DUPARE,Independent,Maharashtra,1,0.00 Cr,1348,1,0.11
Others,29,Mumbai North Central,ADV UTTAMKUMAR NAKUL SAJANI SAHU,Independent,Maharashtra,1,0.00 Cr,558,1,0.06
Others,42,Solapur,ADV VIKRAM UTTAM KASABE,Independent,Maharashtra,1,0.00 Cr,846,1,0.07
Others,1,North Goa,ADV VISHAL NAIK,Independent,Goa,1,0.00 Cr,752,1,0.16
Others,10,REWA,ADV. ABHISHEK MASTER BUDDHSEN PATEL,Bahujan Samaj Party,Madhya Pradesh,,0.01 Cr,117221,1,12.77
Others,12,Ernakulam,ADV. ANTONY JUDY,Twenty 20 Party,Kerala,,0.00 Cr,39808,1,4.37
Others,7,Bhadrak,ADV. ARJUN CHARAN MALLIK,Bahujan Samaj Party,Odisha,,0.00 Cr,3604,1,0.28
Others,9,SATNA,ADV. ASHOK SAKET,Bahujan Dravida Party,Madhya Pradesh,,0.00 Cr,2399,1,0.23
Others,8,Wardha,ADV. BHASKAR MAROTRAO  NEWARE,Independent,Maharashtra,1,0.00 Cr,4032,1,0.37
Others,40,Osmanabad,ADV. BHAUSAHEB ANIL BELURE,Independent,Maharashtra,1,0.00 Cr,677,1,0.05
Others,2,North-East Delhi,ADV. BHIM KISHOR,Peoples Party of India (Democratic),NCT OF Delhi,,0.00 Cr,827,1,0.05
Others,39,Beed,ADV. GANESH NAVNATHRAO KARANDE,Independent,Maharashtra,1,0.00 Cr,1508,1,0.1
Others,25,Thane,ADV. GURUDEV NARSINGH SURYAWANSHI,Independent,Maharashtra,1,0.00 Cr,3494,1,0.27
Others,24,Kalyan,ADV. HITESH JAIKISHAN JESWANI,Independent,Maharashtra,1,0.00 Cr,715,1,0.07
Others,37,Ahmednagar,ADV. JAMIR SHAIKH,Independent,Maharashtra,1,0.00 Cr,3935,1,0.3
Others,13,Idukki,ADV. JOICE GEORGE,Communist Party of India  (Marxist),Kerala,,0.03 Cr,298645,1,35.53
Others,43,Madha,ADV. JORE SACHIN BHASKAR,Independent,Maharashtra,1,0.00 Cr,2347,1,0.18
Others,2,North-East Delhi,ADV. K.T. PALUSKAR,Prabuddha Republican Party,NCT OF Delhi,,0.00 Cr,349,1,0.02
Others,41,Latur,ADV. KASBEKAR SHRIDHAR LIMBAJI,Rashtriya Sant Sandesh Party,Maharashtra,,0.00 Cr,994,1,0.08
Others,5,North-West Delhi,ADV. KRUPAL,Prabuddha Republican Party,NCT OF Delhi,,0.00 Cr,675,1,0.05
Others,27,Mumbai North West,ADV. LATA PANDURANG SHINDE,Independent,Maharashtra,1,0.00 Cr,1154,1,0.12
Others,37,Ahmednagar,ADV. MAHENDRA DADASAHEB SHINDE,Independent,Maharashtra,1,0.00 Cr,675,1,0.05
Others,30,Mumbai South Central,ADV. MAHENDRA TULSHIRAM BHINGARDIVE,Right to Recall Party,Maharashtra,,0.00 Cr,1444,1,0.18
Others,39,Beed,ADV. MANIK BANSI AADMANE,Bahujan Republican  Socialist Party,Maharashtra,,0.00 Cr,426,1,0.03
Others,3,Jalgaon,ADV. NAMDEO PANDURANG KOLI,Independent,Maharashtra,1,0.00 Cr,1224,1,0.1
Others,41,Latur,ADV. PRADIP S. CHINCHOLIKAR,Independent,Maharashtra,1,0.00 Cr,533,1,0.04
Others,7,Amravati,ADV. PRUTHVISAMRAT MUKINDRAO DIPWANSH,Independent,Maharashtra,1,0.00 Cr,337,1,0.03
Others,7,Amravati,ADV. RAJU MADHUKARRAO KALANE,Bahujan Bharat Party,Maharashtra,,0.00 Cr,495,1,0.04
Others,15,Hingoli,ADV. RAMRAO ATMARAM JUMBADE,Independent,Maharashtra,1,0.00 Cr,2104,1,0.18
Others,13,Idukki,ADV. RUSSEL JOY,Bahujan Samaj Party,Kerala,,0.00 Cr,4437,1,0.53
Others,13,Idukki,ADV. SANGEETHA VISWANATHAN,Bharath Dharma Jana Sena,Kerala,,0.01 Cr,91323,1,10.86
Others,27,Mumbai North West,ADV. SANJEEVKUMAR APPARAV KALKORI,Independent,Maharashtra,1,0.00 Cr,1197,1,0.13
Others,30,Mumbai South Central,ADV. SANTOSH PUNJIRAM SANJKAR,Independent,Maharashtra,1,0.00 Cr,1578,1,0.2
Others,10,Nagpur,ADV. SANTOSH RAMKRISHNA LANJEWAR,All India Forward Bloc,Maharashtra,,0.00 Cr,567,1,0.05
Others,39,Beed,ADV. SHARAD BAHINAJI KAMBLE,All India National Raksha Sena,Maharashtra,,0.00 Cr,396,1,0.03
Others,15,Hingoli,ADV. SHIVAJIRAO JADHAV,Independent,Maharashtra,1,0.00 Cr,2214,1,0.19
Others,37,Ahmednagar,ADV. SHIVAJIRAO WAMAN DAMALE (EX. SGT OF IAF),Sainik Samaj Party,Maharashtra,,0.00 Cr,1104,1,0.08
Others,26,Mumbai North,ADV. SONAL DIWAKAR GONDANE,Vanchit Bahujan  Aaghadi,Maharashtra,,0.00 Cr,6052,1,0.58
Others,17,Parbhani,ADV. VINOD CHHAGANRAO AMBHORE,Bahujan Mukti Party,Maharashtra,,0.00 Cr,2041,1,0.15
Others,40,Osmanabad,ADV. VISHVJEET VIJAYKUMAR SHINDE,Aadarsh Sangram Party,Maharashtra,,0.00 Cr,865,1,0.07
Others,47,Kolhapur,ADV. YASH SUHAS HEGDEPATIL,Independent,Maharashtra,1,0.00 Cr,2459,1,0.18
Others,18,Jalna,ADV. YOGESH DATTU GULLAPELLI,Independent,Maharashtra,1,0.00 Cr,1342,1,0.1
Others,34,Pune,ADV. YOGESH MAKANE,Independent,Maharashtra,1,0.00 Cr,299,1,0.03
Others,21,Nashik,ADV. ZUNJAR MHASUJI AVHAD,Bahujan Republican  Socialist Party,Maharashtra,,0.00 Cr,1210,1,0.1
Others,17,Pathanamthitta,ADV.HARIKUMAR M.K.,Ambedkarite Party of India,Kerala,,0.00 Cr,762,1,0.08
Others,15,Alappuzha,ADV.K.M SHAJAHAN,Independent,Kerala,1,0.00 Cr,682,1,0.06
Others,17,Pathanamthitta,ADV.P.K.GEETHAKRISHNAN,Bahujan Samaj Party,Kerala,,0.00 Cr,3972,1,0.43
Others,36,Shirur,ADV.SWAPNIL BHAUSAHEB SHELAR,Independent,Maharashtra,1,0.00 Cr,2667,1,0.19
Others,7,ROHTAK,ADVOCATE ADITYA DHANKHAR,Super Power India Party,Haryana,,0.00 Cr,287,1,0.02
Others,4,Jalandhar,ADVOCATE BALWINDER KUMAR,Bahujan Samaj Party,Punjab,,0.01 Cr,64941,1,6.57
Others,5,North-West Delhi,ADVOCATE DR. MAHENDER   SINGH CHURIYANA,Bahujan Dravida Party,NCT OF Delhi,,0.00 Cr,1016,1,0.07
Others,6,JAIPUR RURAL,ADVOCATE HARI KISHAN TIWARI,Bheem Tribal Congress,Rajasthan,,0.00 Cr,545,1,0.04
Others,7,JAIPUR,ADVOCATE HARI KISHAN TIWARI,Bheem Tribal Congress,Rajasthan,,0.00 Cr,400,1,0.03
Others,26,Mumbai North,ADVOCATE KAPIL K. SONI,Independent,Maharashtra,1,0.00 Cr,633,1,0.06
Others,27,Mumbai North West,ADVOCATE KAPIL KANTILAL SONI,Independent,Maharashtra,1,0.00 Cr,780,1,0.08
Others,4,GUNA,ADVOCATE KARANSINGH JATAV,Aazad Samaj Party (Kanshi Ram),Madhya Pradesh,,0.00 Cr,5485,1,0.4
Others,3,East Delhi,ADVOCATE MANJEET SINGH,Rashtra Nirman Party,NCT OF Delhi,,0.00 Cr,614,1,0.05
Others,3,GWALIOR,ADVOCATE MUKESH KUMAR KORI,Independent,Madhya Pradesh,1,0.00 Cr,1134,1,0.08
Others,25,Navsari,ADVOCATE NAVINKUMAR SHANKERBHAI PATEL,Independent,Gujarat,1,0.00 Cr,1095,1,0.08
Others,26,INDORE,ADVOCATE PANKAJ GUPTE,Independent,Madhya Pradesh,1,0.00 Cr,1660,1,0.11
Others,2,KURUKSHETRA,ADVOCATE PARDEEP SAINI,Rashtriya Garib Dal,Haryana,,0.00 Cr,960,1,0.08
Others,4,HISAR,ADVOCATE PARDEEP SIHMAR,Peoples Party of India (Democratic),Haryana,,0.00 Cr,876,1,0.07
Others,22,UJJAIN,ADVOCATE PRAKASH CHOUHAN,Bahujan Samaj Party,Madhya Pradesh,,0.00 Cr,9518,1,0.72
Others,1,KANGRA,ADVOCATE SANJAY SHARMA,Independent,Himachal Pradesh,1,0.00 Cr,2319,1,0.22
Others,53,Barabanki,ADVOCATE SANTOSH RAWAT,Dr. Bhimrao Ambedkar Dal,Uttar Pradesh,,0.00 Cr,1078,1,0.08
Others,5,North-West Delhi,ADVOCATE SATISH CHANDRA,Ambedkarite Party of India,NCT OF Delhi,,0.00 Cr,1237,1,0.08
Others,15,BALAGHAT,ADVOCATE SATYAPRAKASH SHULKE (LODHI),Madhya Pradesh Jan Vikas Party,Madhya Pradesh,,0.00 Cr,1932,1,0.14
Others,3,JANJGIR-CHAMPA,ADVOCATE SHAILENDRA BANJARE (SHAKTIPUTRA),Shakti Sena (Bharat Desh),Chhattisgarh,,0.00 Cr,1253,1,0.09
Others,5,BILASPUR,ADVOCATE SHAILENDRA BANJARE (SHAKTIPUTRA),Shakti Sena (Bharat Desh),Chhattisgarh,,0.00 Cr,690,1,0.05
Others,13,JABALPUR,ADVOCATE UDAY KUMAR SAHU,Gondvana Gantantra Party,Madhya Pradesh,,0.00 Cr,4848,1,0.42
Others,21,DEWAS,ADVOCATE VIDAYARAJ MALAVIY,Social Democratic Party Of India,Madhya Pradesh,,0.00 Cr,2031,1,0.14
Others,3,Jalgaon,ADVOCATE VIJAY BABULAL DANEJ,Independent,Maharashtra,1,0.00 Cr,3404,1,0.29
Others,17,Khammam,ADVOCATE YERRA KAAMESH,Bahujan Samaj Party,Telangana,,0.00 Cr,6101,1,0.49
Others,14,MANDLA,ADVOCATE-DEV SINGH KUMRE,Independent,Madhya Pradesh,1,0.00 Cr,4217,1,0.27
Others,12,Krishnanagar,AFROJA KHATUN MONDAL,All India Secular Front,West Bengal,,0.00 Cr,4298,1,0.3
Others,8,VELLORE,AFROSE,Independent,Tamil Nadu,1,0.00 Cr,673,1,0.06
Others,19,Aurangabad,AFSAR KHAN YASEEN KHA,Vanchit Bahujan  Aaghadi,Maharashtra,,0.01 Cr,69266,1,5.32
Others,31,Mumbai South,AFZAL S. DAWOODANI,Vanchit Bahujan  Aaghadi,Maharashtra,,0.00 Cr,5612,1,0.73
Others,66,Deoria,AGAMSWAROOP,Rashtriya Samanta Dal,Uttar Pradesh,,0.00 Cr,3182,1,0.3
Others,10,Eluru,AGASTEEN KOMMINA,Independent,Andhra Pradesh,1,0.00 Cr,1004,1,0.07
Others,2,Tura,AGATHA K SANGMA,National People's Party,Meghalaya,,0.02 Cr,228678,1,33.93
Others,4,CHENNAI CENTRAL,AGNI AALVAR,Independent,Tamil Nadu,1,0.00 Cr,787,1,0.11
Others,10,DHARMAPURI,AGNI AALVAR,Independent,Tamil Nadu,1,0.00 Cr,1651,1,0.13
Others,11,TIRUVANNAMALAI,"AGNI SELVARASU, J.",Naadaalum Makkal Katchi,Tamil Nadu,,0.00 Cr,777,1,0.07
Others,7,Karimganj,AHAD UDDIN,Rashtriya Ulama Council,Assam,,0.00 Cr,4192,1,0.37
Others,15,SALEM,AHAMED SHAHJAHAN M,Independent,Tamil Nadu,1,0.00 Cr,466,1,0.04
Others,6,TIKAMGARH,AHIRWAR DALLURAM,Bahujan Samaj Party,Madhya Pradesh,,0.00 Cr,32673,1,2.97
Others,6,TIKAMGARH,AHIRWAR PANKAJ,Rashtriya Samaj Paksha,Madhya Pradesh,,0.00 Cr,10158,1,0.92
Others,5,SAGAR,AHIRWAR RAJKUMAR THEKEDAAR,Independent,Madhya Pradesh,1,0.00 Cr,917,1,0.08
Others,58,Shrawasti,AHMAD JIYA KHAN,Peace Party,Uttar Pradesh,,0.00 Cr,15630,1,1.49
Others,3,Jalgaon,AHMAD KHAN,Independent,Maharashtra,1,0.00 Cr,1901,1,0.16
Others,18,Jalna,AHMAD RAHIM SAIKH BAGWAN,Independent,Maharashtra,1,0.00 Cr,1394,1,0.1
Others,8,Maldaha Dakshin,AHMED HEDATUL HASAN,Independent,West Bengal,1,0.00 Cr,5736,1,0.42
Others,8,VELLORE,AHMED RAASHID PALLIMIRA,Independent,Tamil Nadu,1,0.00 Cr,273,1,0.02
Others,8,Ranchi,AINUL ANSARI,Independent,Jharkhand,1,0.00 Cr,2537,1,0.18
Others,14,Bhongir,AITARAJU ABENDER,Bahujan Samaj Party,Telangana,,0.00 Cr,7769,1,0.55
Others,6,West Delhi,AJ RAJAN,Navarang Congress Party,NCT OF Delhi,,0.00 Cr,2387,1,0.16
Others,13,Madhepura,AJABLAL MEHTA,Yuva Krantikari Party,Bihar,,0.00 Cr,8736,1,0.72
Others,10,Rajkot,AJAGIYA NIRALBHAI AMRUTLAL,Independent,Gujarat,1,0.00 Cr,3680,1,0.29
Others,28,Hooghly,AJANTA SARKAR,Bharatiya National Janata Dal,West Bengal,,0.00 Cr,3639,1,0.24
Others,75,Ghazipur,AJAY,Vishwa Kalyan Rashtriya Manav Samaj Party,Uttar Pradesh,,0.00 Cr,5074,1,0.44
Others,10,Eluru,AJAY BABU BODA,Navarang Congress Party,Andhra Pradesh,,0.00 Cr,12210,1,0.88
Others,9,Ramtek,AJAY BAKARAM CHAVAN,Independent,Maharashtra,1,0.00 Cr,6026,1,0.48
Others,16,CHHINDWARA,AJAY BARKADE,Independent,Madhya Pradesh,1,0.00 Cr,2495,1,0.19
Others,6,JAIPUR RURAL,AJAY BHAT,Republican Party of India (A),Rajasthan,,0.00 Cr,948,1,0.08
Others,33,Maval,AJAY HANUMANT LONDHE,Independent,Maharashtra,1,0.00 Cr,4767,1,0.34
Others,5,Kodarma,AJAY KRISHNA,Moolniwasi Samaj Party,Jharkhand,,0.00 Cr,4541,1,0.33
Others,9,GURGAON,AJAY KUMAR,Independent,Haryana,1,0.00 Cr,3528,1,0.22
Others,25,Khagaria,AJAY KUMAR,Rashtriya Jansambhavna Party,Bihar,,0.00 Cr,8310,1,0.78
Others,20,Mathurapur,AJAY KUMAR DAS,All India Secular Front,West Bengal,,0.01 Cr,87606,1,5.86
Others,26,Bhagalpur,AJAY KUMAR MANDAL,Janata Dal  (United),Bihar,,0.05 Cr,536031,1,50.38
Others,43,Kanpur,AJAY KUMAR MISHRA,Independent,Uttar Pradesh,1,0.00 Cr,672,1,0.08
Others,19,BHOPAL,AJAY KUMAR PATHAK,Chhatrapati Shivaji Bhartiya Garib Party,Madhya Pradesh,,0.00 Cr,790,1,0.05
Others,8,Supaul,AJAY KUMAR SAH,Independent,Bihar,1,0.00 Cr,5351,1,0.43
Others,6,RAJNANDGAON,AJAY PALI,Independent,Chhattisgarh,1,0.00 Cr,1114,1,0.08
Others,11,SIDHI,AJAY PRATAP SINGH,Gondvana Gantantra Party,Madhya Pradesh,,0.01 Cr,50962,1,4.44
Others,15,Muzaffarpur,AJAY SAHNI,Independent,Bihar,1,0.00 Cr,5158,1,0.46
Others,24,Kalyan,AJAY SHYAM MORYA,Independent,Maharashtra,1,0.00 Cr,1802,1,0.17
Others,2,North-East Delhi,AJAY TIWARI,Right to Recall Party,NCT OF Delhi,,0.00 Cr,2042,1,0.13
Others,6,Moradabad,AJAY YADAV,Apna Haq Party,Uttar Pradesh,,0.00 Cr,4094,1,0.32
Others,11,Bhandara Gondiya,AJAYKUMAR BHARTIYA,Akhil Bhartiya Parivar Party,Maharashtra,,0.00 Cr,4057,1,0.33
Others,25,Howrah,AJAZ AHMED ANSARI,Independent,West Bengal,1,0.00 Cr,857,1,0.07
Others,29,Mumbai North Central,AJAZ MOHAMMAD SAFI KHAN,Independent,Maharashtra,1,0.00 Cr,1041,1,0.11
Others,4,Wayanad,AJEEB MUHAMMED,Independent,Kerala,1,0.00 Cr,804,1,0.07
Others,29,Nalanda,AJEET KUMAR,Independent,Bihar,1,0.00 Cr,14750,1,1.29
Others,52,Allahabad,AJEET KUMAR PATEL,Pragatisheel Samaj Party,Uttar Pradesh,,0.00 Cr,2642,1,0.28
Others,35,Karakat,AJEET KUMAR SINGH,Peoples Party of India (Democratic),Bihar,,0.00 Cr,9653,1,0.94
Others,39,Pratapgarh,AJEET PRATAP,Independent,Uttar Pradesh,1,0.00 Cr,2581,1,0.27
Others,33,THENI,AJEETHKUMAR S,Independent,Tamil Nadu,1,0.00 Cr,3006,1,0.26
Others,18,Jalna,AJHAR ANWAR SAYYAD,Independent,Maharashtra,1,0.00 Cr,1546,1,0.11
Others,44,Sangli,AJIT DHANAJI KHANDARE,Independent,Maharashtra,1,0.00 Cr,1398,1,0.12
Others,29,Nalanda,AJIT KUMAR,Independent,Bihar,1,0.00 Cr,5520,1,0.48
Others,10,Baharampur,AJIT KUMAR MANDAL,Independent,West Bengal,1,0.00 Cr,749,1,0.05
Others,35,Purulia,AJIT MAHATO,Independent,West Bengal,1,0.00 Cr,3318,1,0.23
Others,1,Rajmahal,AJIT MARANDI,Rashtriya Jansambhavna Party,Jharkhand,,0.00 Cr,11251,1,0.92
Others,35,Purulia,AJIT PRASAD MAHATA,Independent,West Bengal,1,0.01 Cr,98658,1,6.88
Others,3,Khadoor Sahib,AJIT SINGH,Independent,Punjab,1,0.00 Cr,2535,1,0.24
Others,4,HISAR,AJIT SINGH,Independent,Haryana,1,0.00 Cr,796,1,0.07
Others,10,Firozpur,AJIT SINGH,Rashtriya Republican Party,Punjab,,0.00 Cr,1615,1,0.14
Others,15,Muzaffarpur,AJITANSH GAUR,The Agrani Party,Bihar,,0.00 Cr,1843,1,0.17
Others,1,Kokrajhar,AJOY NARZARY,Independent,Assam,1,0.00 Cr,4080,1,0.33
Others,30,Mumbai South Central,AKASH LAXMAN KHARATMAL,Independent,Maharashtra,1,0.00 Cr,1899,1,0.24
Others,2,North-East Delhi,AKASH SRIVASTAV,Jai Hind National Party,NCT OF Delhi,,0.00 Cr,1317,1,0.08
Others,9,GURGAON,AKASH VYAS,Bhartiya Shakti Chetna Party,Haryana,,0.00 Cr,439,1,0.03
Others,7,Dhanbad,AKBAR ALI,Akhil Bhartiya Parivar Party,Jharkhand,,0.00 Cr,3041,1,0.21
Others,24,Rajampet,AKBAR M BASHA,Anna YSR Congress Party,Andhra Pradesh,,0.00 Cr,2411,1,0.18
Others,2,North-East Delhi,AKESHAN DUT,Independent,NCT OF Delhi,1,0.00 Cr,3325,1,0.21
Others,4,Nainital-Udhamsingh Nagar,AKHALESH KUMAR,Akhil Bhartiya Parivar Party,Uttarakhand,,0.00 Cr,4902,1,0.39
Others,35,Lucknow,AKHAND PRATAP SINGH,Independent,Uttar Pradesh,1,0.00 Cr,1473,1,0.13
Others,6,Balasore,AKHIL KUMAR MOHANTA,Independent,Odisha,1,0.00 Cr,830,1,0.07
Others,9,Araria,AKHILESH KUMAR,Independent,Bihar,1,0.00 Cr,5120,1,0.41
Others,33,Buxar,AKHILESH KUMAR PANDEY,Independent,Bihar,1,0.00 Cr,1095,1,0.1
Others,51,Phulpur,AKHILESH TRIPATHI,Independent,Uttar Pradesh,1,0.00 Cr,2298,1,0.23
Others,19,Maharajganj,AKHILESHWAR PRASAD SINGH,All India Majlis-E-Ittehadul Muslimeen,Bihar,,0.00 Cr,7767,1,0.77
Others,4,Sheohar,AKHILESHWAR SHRIVAISHANV,Independent,Bihar,1,0.00 Cr,29094,1,2.76
Others,4,Nainital-Udhamsingh Nagar,AKHTAR ALI,Bahujan Samaj Party,Uttarakhand,,0.00 Cr,23455,1,1.85
Others,18,Basirhat,AKHTAR RAHAMAN BISWAS,All India Secular Front,West Bengal,,0.01 Cr,123500,1,8.11
Others,10,Kishanganj,AKHTARUL IMAN,All India Majlis-E-Ittehadul Muslimeen,Bihar,,0.03 Cr,309264,1,26.87
Others,24,TIRUCHIRAPPALLI,AKILA. M,Independent,Tamil Nadu,1,0.00 Cr,747,1,0.07
Others,2,Peddapalle,AKKAPAKA THIRUPATHI,Independent,Telangana,1,0.00 Cr,1669,1,0.15
Others,5,Kodarma,AKLESHWAR SAW,Lokhit Adhikar Party,Jharkhand,,0.00 Cr,5601,1,0.41
Others,5,Haridwar,AKRAM HUSSAIN,Independent,Uttarakhand,1,0.00 Cr,1685,1,0.13
Others,9,GURGAON,AKSHAT GAIT,Independent,Haryana,1,0.00 Cr,2550,1,0.16
Others,2,CHENNAI NORTH,AKSHAY,Naadaalum Makkal Katchi,Tamil Nadu,,0.00 Cr,566,1,0.06
Others,19,BHOPAL,AKSHAY GOTHI,Parivartan Party of India,Madhya Pradesh,,0.00 Cr,407,1,0.03
Others,3,Karimnagar,AKSHAY KUMAR MEKALA,Independent,Telangana,1,0.00 Cr,2224,1,0.17
Others,8,Wardha,AKSHAY MEHARE BHARTIYA,Akhil Bhartiya Parivar Party,Maharashtra,,0.00 Cr,5467,1,0.5
Others,10,Bolangir,AKSHAYA DISHRI,National Apni Party,Odisha,,0.00 Cr,5469,1,0.39
Others,16,Ongole,AKUMALLA MALLIKARJUNA REDDY,Independent,Andhra Pradesh,1,0.00 Cr,575,1,0.04
Others,5,Raiganj,AL MONOWARA BEGAM,India Manus Party,West Bengal,,0.00 Cr,982,1,0.07
Others,10,DHARMAPURI,ALAGARASAN. R.,Independent,Tamil Nadu,1,0.00 Cr,900,1,0.07
Others,13,Ranaghat,ALAKESH DAS,Communist Party of India  (Marxist),West Bengal,,0.01 Cr,123810,1,8.04
Others,2,Dhubri,ALAKESH ROY,Independent,Assam,1,0.00 Cr,6990,1,0.28
Others,11,Sonitpur,ALAM ALI,Bahujan Maha Party,Assam,,0.00 Cr,4202,1,0.33
Others,17,Parbhani,ALAMGIR MOHAMMAD KHAN,Bahujan Samaj Party,Maharashtra,,0.00 Cr,11062,1,0.83
Others,9,KRISHNAGIRI,ALBERT FRANCIS XAVIER S,Independent,Tamil Nadu,1,0.00 Cr,1423,1,0.12
Others,2,RAIGARH,ALBERT MING,Hamar Raj Party,Chhattisgarh,,0.00 Cr,10959,1,0.75
Others,37,Ahmednagar,ALEKAR GORAKH DASHRATH,Independent,Maharashtra,1,0.00 Cr,44597,1,3.36
Others,2,Dumka,ALESH HANSDA,Indian National Socialistic Action Forces,Jharkhand,,0.00 Cr,1674,1,0.14
Others,2,South Goa,ALEXY FERNANDES,Independent,Goa,1,0.00 Cr,542,1,0.12
Others,7,DURG,ALI HUSSAIN SIDDIQUI,Independent,Chhattisgarh,1,0.00 Cr,5050,1,0.33
Others,5,Raiganj,ALI IMRAN,Independent,West Bengal,1,0.00 Cr,1946,1,0.14
Others,4,Nizamabad,ALI MANSOOR,Anna YSR Congress Party,Telangana,,0.00 Cr,1468,1,0.12
Others,3,ANANTNAG-RAJOURI,ALI MOHAMMAD WANI,Independent,Jammu and Kashmir,1,0.00 Cr,5255,1,0.51
Others,26,Mumbai North,ALIEK SUNDER MESHRAM,Bharatiya Mulnivasi Aazad Party,Maharashtra,,0.00 Cr,396,1,0.04
Others,12,Krishnanagar,ALIK KUMAR KUNDU,Independent,West Bengal,1,0.00 Cr,2708,1,0.19
Others,7,Karimganj,ALIM UDDIN MAZUMDER,Independent,Assam,1,0.00 Cr,882,1,0.08
Others,23,Thirupathi(SC),ALLAM.RAJA,Independent,Andhra Pradesh,1,0.00 Cr,4970,1,0.36
Others,44,Sangli,ALLAUDDIN HAYATCHAND KAZI,Independent,Maharashtra,1,0.00 Cr,9282,1,0.79
Others,24,TIRUCHIRAPPALLI,ALLIMUTHU. M,Bahujan Samaj Party,Tamil Nadu,,0.00 Cr,4431,1,0.42
Others,3,Vizianagaram,ALLU SRIRAMULU,Independent,Andhra Pradesh,1,0.00 Cr,3401,1,0.26
Others,29,Arambagh,ALOK DOLAI,Independent,West Bengal,1,0.00 Cr,1094,1,0.07
Others,15,Muzaffarpur,ALOK KUMAR SINH,Independent,Bihar,1,0.00 Cr,17225,1,1.55
Others,43,Kanpur,ALOK MISHRA,Independent,Uttar Pradesh,1,0.00 Cr,1198,1,0.14
Others,42,Kannauj,ALOK VERMA,Rashtriya Shoshit Samaj Party,Uttar Pradesh,,0.00 Cr,4492,1,0.37
Others,13,Junagadh,ALPESHKUMAR CHANDULAL TRAMBADIYA,Log Party,Gujarat,,0.00 Cr,964,1,0.09
Others,41,Latur,ALTE VISHWANATH MAHADEV,Bahujan Samaj Party,Maharashtra,,0.00 Cr,5121,1,0.41
Others,4,JHUNJHUNU,ALTIF,Independent,Rajasthan,1,0.00 Cr,2050,1,0.18
Others,2,Outer Manipur,ALYSON ABONMAI,Independent,Manipur,1,0.00 Cr,15110,1,1.9
Others,12,Krishnanagar,AMAL CHANDRA SARKAR,Bahujan Samaj Party,West Bengal,,0.00 Cr,5100,1,0.36
Others,1,Coochbehar,AMAL DAS,Independent,West Bengal,1,0.00 Cr,1495,1,0.09
Others,26,Uluberia,AMAL KUMAR BARMAN,Independent,West Bengal,1,0.00 Cr,2000,1,0.14
Others,24,Kolkata Uttar,AMAL KUMAR DEY,Independent,West Bengal,1,0.00 Cr,591,1,0.06
Others,26,Uluberia,AMAL KUMAR DEYATI,Bharatiya Nyay-Adhikar Raksha Party,West Bengal,,0.00 Cr,5451,1,0.39
Others,8,Maldaha Dakshin,AMAL KUMAR RABIDAS,Independent,West Bengal,1,0.00 Cr,3271,1,0.24
Others,7,Ludhiana,AMANDEEP SINGH,Sehajdhari Sikh Party,Punjab,,0.00 Cr,987,1,0.09
Others,11,Bathinda,AMANDEEP SINGH,Independent,Punjab,1,0.00 Cr,1148,1,0.1
Others,12,Sangrur,AMANPREET SINGH,Independent,Punjab,1,0.00 Cr,1693,1,0.17
Others,2,Amritsar,AMANPREET SINGH MAHADIPUR,Independent,Punjab,1,0.00 Cr,2362,1,0.26
Others,22,Palghar,AMAR KISAN KAVALE,Independent,Maharashtra,1,0.00 Cr,9821,1,0.71
Others,36,Shirur,AMAR MACHINDRA BORHADE,Independent,Maharashtra,1,0.00 Cr,888,1,0.06
Others,22,Etah,AMAR SINGH,Independent,Uttar Pradesh,1,0.00 Cr,615,1,0.06
Others,39,Pratapgarh,AMAR SINGH,Independent,Uttar Pradesh,1,0.00 Cr,4138,1,0.44
Others,40,Farrukhabad,AMAR SINGH,Bharatiya Rashtriya Morcha,Uttar Pradesh,,0.00 Cr,3358,1,0.32
Others,60,Domariyaganj,AMAR SINGH CHAUDHARY,Aazad Samaj Party (Kanshi Ram),Uttar Pradesh,,0.01 Cr,81305,1,7.98
Others,4,Nainital-Udhamsingh Nagar,AMAR SINGH SAINI,Peoples Party of India (Democratic),Uttarakhand,,0.00 Cr,2987,1,0.24
Others,5,SIKAR,AMARCHAND,Bahujan Samaj Party,Rajasthan,,0.00 Cr,8619,1,0.66
Others,6,Raichur,AMARESH,Independent,Karnataka,1,0.00 Cr,4465,1,0.34
Others,22,Ujiarpur,AMARESH RAY,Independent,Bihar,1,0.00 Cr,2143,1,0.21
Others,6,Moradabad,AMARJEET SINGH JATAV,Independent,Uttar Pradesh,1,0.00 Cr,952,1,0.07
Others,13,Patiala,AMARJIT SINGH JAGDE RAHO,Jan Janwadi Party,Punjab,,0.00 Cr,1992,1,0.17
Others,12,Nagarkurnool,AMARNATH,India Praja Bandhu Party,Telangana,,0.00 Cr,3709,1,0.3
Others,8,RAIPUR,AMARNATH CHANDRAKAR,Independent,Chhattisgarh,1,0.00 Cr,1608,1,0.1
Others,40,Asansol,AMARNATH CHOWDHURY,Socialist Unity Centre Of India (COMMUNIST),West Bengal,,0.00 Cr,4358,1,0.33
Others,13,Guntur,AMARTHALURI VENKATESWARA RAO.,Marxist Communist Party of India (United),Andhra Pradesh,,0.00 Cr,312,1,0.02
Others,7,Bidar,AMBADAS SOPANRAO HULSURE,Bahujan Bharat Party,Karnataka,,0.00 Cr,5302,1,0.43
Others,15,Hingoli,AMBADAS SUKAJI GADE,Independent,Maharashtra,1,0.00 Cr,14742,1,1.27
Others,13,Guntur,AMBATI CHALAMAIAH,Pyramid Party of India,Andhra Pradesh,,0.00 Cr,1031,1,0.07
Others,18,Agra,AMBEDAKARI HASANURAM AMBEDAKARI,Independent,Uttar Pradesh,1,0.00 Cr,933,1,0.08
Others,15,SALEM,AMBEDKAR C,Ambedkarite Party of India,Tamil Nadu,,0.00 Cr,961,1,0.07
Others,6,Akola,AMBEDKAR PRAKASH YASHWANT,Vanchit Bahujan  Aaghadi,Maharashtra,,0.03 Cr,276747,1,23.59
Others,21,Mysore,AMBEDKAR. C. J,Independent,Karnataka,1,0.00 Cr,835,1,0.06
Others,9,Hyderabad,AMBI HANUMANTH RAO,Socialist Party (India),Telangana,,0.00 Cr,162,1,0.01
Others,24,TIRUCHIRAPPALLI,AMBIVENKATESAN,Independent,Tamil Nadu,1,0.00 Cr,978,1,0.09
Others,15,Warangal,AMBOJU BUDDAIAH,Alliance of Democratic Reforms Party,Telangana,,0.00 Cr,11115,1,0.88
Others,12,Nagarkurnool,AMBOJU RAVI,Alliance of Democratic Reforms Party,Telangana,,0.00 Cr,12554,1,1.03
Others,2,Peddapalle,AMBOJU SUMALATHA,Alliance of Democratic Reforms Party,Telangana,,0.00 Cr,3783,1,0.35
Others,34,Pune,AMBORE MANJUNATH MARUTI,Independent,Maharashtra,1,0.00 Cr,433,1,0.04
Others,54,Faizabad,AMBRISH DEV GUPTA,Bharat Mahaparivar Party,Uttar Pradesh,,0.00 Cr,2218,1,0.19
Others,3,Bagalkot,AMBROSE D' MELLO,Independent,Karnataka,1,0.00 Cr,1205,1,0.09
Others,14,NAGAUR,AMEEN KHAN,Independent,Rajasthan,1,0.00 Cr,4463,1,0.36
Others,2,SRINAGAR,AMIN DAR,Independent,Jammu and Kashmir,1,0.00 Cr,996,1,0.15
Others,9,Nagaon,AMINUL ISLAM,All India United Democratic Front,Assam,,0.01 Cr,137340,1,8.86
Others,2,SRINAGAR,AMIR AHMAD BHAT,Democratic Progressive Azad Party,Jammu and Kashmir,,0.00 Cr,15104,1,2.24
Others,10,Chevella,AMIR SAJID,Independent,Telangana,1,0.00 Cr,228,1,0.01
Others,14,Bhongir,AMIREDDY KIRAN REDDY,Independent,Telangana,1,0.00 Cr,541,1,0.04
Others,1,Gurdaspur,AMIT AGGARWAL,Independent,Punjab,1,0.00 Cr,924,1,0.09
Others,3,East Delhi,AMIT GUPTA,Independent,NCT OF Delhi,1,0.00 Cr,360,1,0.03
Others,8,ALWAR,AMIT GUPTA,Independent,Rajasthan,1,0.00 Cr,1389,1,0.11
Others,4,Raver,AMIT HARIBHAU KOLTE,Independent,Maharashtra,1,0.00 Cr,981,1,0.08
Others,4,UDHAMPUR,AMIT KUMAR,Bahujan Samaj Party,Jammu and Kashmir,,0.00 Cr,8642,1,0.78
Others,30,Patna Sahib,AMIT KUMAR ALBELA,Independent,Bihar,1,0.00 Cr,2053,1,0.19
Others,34,Sasaram,AMIT KUMAR AMBEDKAR,Bahujan Mukti Party,Bihar,,0.00 Cr,2834,1,0.26
Others,15,Barrackpur,AMIT KUMAR CHOUBEY,Independent,West Bengal,1,0.00 Cr,721,1,0.06
Others,4,Chatra,AMIT KUMAR SINGH,Independent,Jharkhand,1,0.00 Cr,31991,1,2.94
Others,6,West Delhi,AMIT KUMAR SINGH,Rashtriya Suraksha Party,NCT OF Delhi,,0.00 Cr,574,1,0.04
Others,2,KURUKSHETRA,AMIT MALIK,Independent,Haryana,1,0.00 Cr,1506,1,0.12
Others,3,GWALIOR,AMIT PARIHAR,Independent,Madhya Pradesh,1,0.00 Cr,883,1,0.07
Others,32,Raigad,AMIT SHRIPAL KAWADE,Independent,Maharashtra,1,0.00 Cr,5634,1,0.56
Others,24,Kalyan,AMIT UPADHYAY,Right to Recall Party,Maharashtra,,0.00 Cr,4205,1,0.4
Others,64,Gorakhpur,AMITA BHARATI,Independent,Uttar Pradesh,1,0.00 Cr,1364,1,0.12
Others,5,Guwahati,AMITABH SARMA,Ekam Sanatan Bharat Dal,Assam,,0.00 Cr,7527,1,0.47
Others,42,Birbhum,AMIY GHOSH,Independent,West Bengal,1,0.00 Cr,11958,1,0.78
Others,65,Kushi Nagar,AMIY UPADHYAY,Independent,Uttar Pradesh,1,0.00 Cr,2433,1,0.23
Others,9,Hyderabad,AMJAD KHAN,Independent,Telangana,1,0.00 Cr,196,1,0.02
Others,14,Yavatmal- Washim,AMOL KOMAWAR,Hindrashtra Sangh,Maharashtra,,0.00 Cr,3377,1,0.28
Others,43,Madha,AMOL MADHUKAR KARADE,Independent,Maharashtra,1,0.00 Cr,903,1,0.07
Others,41,Latur,AMOL MALU HANMANTE,Independent,Maharashtra,1,0.00 Cr,1099,1,0.09
Others,21,Nashik,AMOL SAMPATRAO KAMBLE,Rashtriya Kisan Bahujan Party,Maharashtra,,0.00 Cr,4997,1,0.4
Others,36,Shirur,AMOL VILAS PACHUNDKAR,Independent,Maharashtra,1,0.00 Cr,2388,1,0.17
Others,37,Ahmednagar,AMOL VILAS PACHUNDKAR,Independent,Maharashtra,1,0.00 Cr,5493,1,0.41
Others,5,SIKAR,AMRARAM,Communist Party of India  (Marxist),Rajasthan,,0.07 Cr,659300,1,50.68
Others,38,Gaya,AMRESH KUMAR,Independent,Bihar,1,0.00 Cr,2821,1,0.29
Others,71,Salempur,AMRESH THAKUR,Independent,Uttar Pradesh,1,0.00 Cr,2156,1,0.24
Others,9,Faridkot,AMRIK SINGH,Independent,Punjab,1,0.00 Cr,1414,1,0.14
Others,4,KORBA,AMRIKA KARPE,Independent,Chhattisgarh,1,0.00 Cr,2232,1,0.18
Others,4,Jalandhar,AMRISH BHAGAT,Independent,Punjab,1,0.00 Cr,1184,1,0.12
Others,24,Kalyan,AMRISH RAJ MORAJKAR,Independent,Maharashtra,1,0.00 Cr,2620,1,0.25
Others,12,SHAHDOL,AMRIT LAL SINGH UIKEY,Peoples Party of India (Democratic),Madhya Pradesh,,0.00 Cr,4722,1,0.41
Others,27,Banka,AMRIT TANTI,Bhartiya Dalit Party,Bihar,,0.00 Cr,9670,1,0.95
Others,23,Samastipur,AMRITA KUMARI,Independent,Bihar,1,0.00 Cr,2852,1,0.26
Others,3,Khadoor Sahib,AMRITPAL SINGH,Independent,Punjab,1,0.04 Cr,404430,1,38.62
Others,7,Ludhiana,AMRITPAL SINGH CHHANDRAN,Shiromani Akali Dal (Amritsar)(Simranjit Singh Mann),Punjab,,0.00 Cr,18241,1,1.72
Others,18,Kurnoolu,AMRUTH KUMAR SALKAPURAM,Liberation Congress Party,Andhra Pradesh,,0.00 Cr,783,1,0.06
Others,18,Chitradurga,AMRUTH RAJA.,Independent,Karnataka,1,0.00 Cr,834,1,0.06
Others,4,Mahesana,AMRUTLAL MAKWANA,Bahujan Samaj Party,Gujarat,,0.00 Cr,9874,1,0.92
Others,2,CHENNAI NORTH,AMUDINI,Naam Tamilar Katchi,Tamil Nadu,,0.01 Cr,95954,1,10.63
Others,3,Barpeta,AMZAD ALI,Republican Party of India (Athawale),Assam,,0.00 Cr,2679,1,0.16
Others,13,Davanagere,ANABERU THIPPESWAMY,Socialist Unity Centre Of India (COMMUNIST),Karnataka,,0.00 Cr,849,1,0.06
Others,9,Narsapuram,ANAND CHANDULAL JASTI,Independent,Andhra Pradesh,1,0.00 Cr,2726,1,0.22
Others,3,JANJGIR-CHAMPA,ANAND GILHARE,Independent,Chhattisgarh,1,0.00 Cr,2877,1,0.21
Others,5,Sitamarhi,ANAND KUMAR,Independent,Bihar,1,0.00 Cr,1796,1,0.16
Others,8,BHIWANI-MAHENDRAGARH,ANAND KUMAR,Bharatheeya Jawan Kisan Party,Haryana,,0.00 Cr,1668,1,0.14
Others,12,Ghaziabad,ANAND KUMAR,Rashtra Nirman Party,Uttar Pradesh,,0.00 Cr,1178,1,0.08
Others,9,KRISHNAGIRI,ANAND KUMAR A,Independent,Tamil Nadu,1,0.00 Cr,1160,1,0.1
Others,62,Sant Kabir Nagar,ANAND KUMAR GAUTAM,Independent,Uttar Pradesh,1,0.00 Cr,1850,1,0.17
Others,15,PALI,ANAND KUMAR PARIHAR,Independent,Rajasthan,1,0.00 Cr,1335,1,0.1
Others,39,Nawada,ANAND KUMAR VERMA,Bharat Jan Jagran Dal,Bihar,,0.00 Cr,7736,1,0.89
Others,64,Gorakhpur,ANAND KUMAR YADAV ALIAS ANAND KUMAR FAUJI,Bharatheeya Jawan Kisan Party,Uttar Pradesh,,0.00 Cr,4955,1,0.43
Others,33,Buxar,ANAND MISHRA S/O- PARAM HANS MISHRA,Independent,Bihar,1,0.00 Cr,47409,1,4.42
Others,9,Jamshedpur,ANAND MUKHI,Independent,Jharkhand,1,0.00 Cr,6352,1,0.5
Others,15,Hingoli,ANAND RAJARAM DHULE,Independent,Maharashtra,1,0.00 Cr,9817,1,0.85
Others,45,Satara,ANAND RAMESH THORWADE,Bahujan Samaj Party,Maharashtra,,0.00 Cr,6485,1,0.54
Others,1,Andaman & Nicobar Islands,ANAND RAMNATH ARLEKAR,Independent,Andaman & Nicobar Islands,1,0.00 Cr,342,1,0.17
Others,24,TIRUCHIRAPPALLI,ANAND SELVARAJ,Independent,Tamil Nadu,1,0.00 Cr,1178,1,0.11
Others,44,Sangli,ANAND SHANKAR NALAGE,Baliraja Party,Maharashtra,,0.00 Cr,3540,1,0.3
Others,5,Gulbarga,ANAND SINNUR,Independent,Karnataka,1,0.00 Cr,1280,1,0.1
Others,5,BILASPUR,ANAND URAWAN,Independent,Chhattisgarh,1,0.00 Cr,5898,1,0.43
Others,17,Khammam,ANANDA PRASAD KASINA,Pyramid Party of India,Telangana,,0.00 Cr,718,1,0.06
Others,1,Nandurbar,ANANDA SUKALAL KOLI,Bahujan Samaj Party,Maharashtra,,0.00 Cr,10644,1,0.76
Others,25,PERAMBALUR,ANANDARAJU R,Independent,Tamil Nadu,1,0.00 Cr,1015,1,0.09
Others,16,JODHPUR,ANANDARAM URF ANAND CHAUHAN,Aazad Samaj Party (Kanshi Ram),Rajasthan,,0.00 Cr,3680,1,0.27
Others,9,Surendranagar,ANANDBHAI PACHANBHAI RATHOD,Independent,Gujarat,1,0.00 Cr,1249,1,0.11
Others,20,COIMBATORE,ANANDHAKUMAR S,Rashtriya Samaj Paksha,Tamil Nadu,,0.00 Cr,419,1,0.03
Others,7,Amravati,ANANDRAJ YASHWANT AMBEDKAR,Republican Sena,Maharashtra,,0.00 Cr,18793,1,1.6
Others,48,Hatkanangale,ANANDRAO TUKARAM THORAT,Independent,Maharashtra,1,0.00 Cr,3499,1,0.27
Others,48,Hatkanangale,ANANDRAO VASANTRAO SARNAIK (FOUJI BAPU),Independent,Maharashtra,1,0.00 Cr,4955,1,0.38
Others,32,Raigad,ANANT BALOJI GITE,Independent,Maharashtra,1,0.00 Cr,3515,1,0.35
Others,32,Raigad,ANANT PADMA GITE,Independent,Maharashtra,1,0.00 Cr,2040,1,0.2
Others,8,Silchar,ANANTA MOHAN ROY,Independent,Assam,1,0.00 Cr,3143,1,0.29
Others,23,KARUR,ANBAZHAGAN. T,Independent,Tamil Nadu,1,0.00 Cr,339,1,0.03
Others,4,CHENNAI CENTRAL,ANBAZHAGAN.G,Independent,Tamil Nadu,1,0.00 Cr,3186,1,0.44
Others,19,NILGIRIS,ANBHUGURU V,Independent,Tamil Nadu,1,0.00 Cr,565,1,0.06
Others,24,TIRUCHIRAPPALLI,ANBIN AMUDHAN. R,Independent,Tamil Nadu,1,0.00 Cr,1498,1,0.14
Others,22,DINDIGUL,ANBUROSE D,Independent,Tamil Nadu,1,0.00 Cr,1012,1,0.09
Others,9,Hyderabad,ANDE USHA KANNA,Bahujan Mukti Party,Telangana,,0.00 Cr,133,1,0.01
Others,40,Osmanabad,ANDHALKAR BHAUSAHEB RAOSAHEB,Vanchit Bahujan  Aaghadi,Maharashtra,,0.00 Cr,33402,1,2.61
Others,11,Mahbubnagar,ANDHARI ANJAIAH,Independent,Telangana,1,0.00 Cr,1675,1,0.14
Others,8,Secunderabad,ANDRAPU SUDARSHAN,Independent,Telangana,1,0.00 Cr,315,1,0.03
Others,4,Visakhapatnam,ANDUKURI VIJAYA BHASKAR,India Praja Bandhu Party,Andhra Pradesh,,0.00 Cr,1109,1,0.08
Others,1,Kasaragod,ANEESH PAYYANNUR,Independent,Kerala,1,0.00 Cr,759,1,0.07
Others,11,Mahbubnagar,ANEESUR RAHMAN,Bahujan Mukti Party,Telangana,,0.00 Cr,503,1,0.04
Others,9,BHARATPUR,ANEETA,Independent,Rajasthan,1,0.00 Cr,5119,1,0.45
Others,9,Jamshedpur,ANGAD MAHATO,Amra Bangalee,Jharkhand,,0.00 Cr,4925,1,0.39
Others,8,Maldaha Dakshin,ANGSHUDHAR MANDAL,Socialist Unity Centre Of India (COMMUNIST),West Bengal,,0.00 Cr,1189,1,0.09
Others,22,DINDIGUL,ANGUCHAMY M,Independent,Tamil Nadu,1,0.00 Cr,1290,1,0.11
Others,16,Vaishali,ANIKET RAJ,Rashtriya Samaj Paksha,Bihar,,0.00 Cr,2025,1,0.17
Others,20,RAJGARH,ANIL,Independent,Madhya Pradesh,1,0.00 Cr,1418,1,0.1
Others,22,UJJAIN,ANIL,Independent,Madhya Pradesh,1,0.00 Cr,981,1,0.07
Others,43,Madha,ANIL BHAGAVAN SHEDAGE,Independent,Maharashtra,1,0.00 Cr,982,1,0.08
Others,31,Patliputra,ANIL DAS,Bhartiya Dalit Party,Bihar,,0.00 Cr,1469,1,0.12
Others,15,Hingoli,ANIL DEVRAO MOHITE,Akhil Bhartiya Parivar Party,Maharashtra,,0.00 Cr,3374,1,0.29
Others,20,Dindori,ANIL GAWALIRAM BARDE,Independent,Maharashtra,1,0.00 Cr,6441,1,0.52
Others,6,Medak,ANIL GOUD,Bharat Jodo Party,Telangana,,0.00 Cr,2132,1,0.15
Others,20,RAJGARH,ANIL JAIN,Independent,Madhya Pradesh,1,0.00 Cr,3089,1,0.22
Others,14,Yavatmal- Washim,ANIL JAYRAM RATHOD,Samnak Janta Party,Maharashtra,,0.01 Cr,56390,1,4.6
Others,2,Amritsar,ANIL JOSHI,Shiromani Akali Dal,Punjab,,0.02 Cr,162896,1,17.99
Others,8,Wardha,ANIL K. GHUSHE,Independent,Maharashtra,1,0.00 Cr,1971,1,0.18
Others,33,Buxar,ANIL KUMAR,Bahujan Samaj Party,Bihar,,0.01 Cr,114714,1,10.68
Others,79,Mirzapur,ANIL KUMAR,Eklavya Samaj Party,Uttar Pradesh,,0.00 Cr,6171,1,0.56
Others,16,Mahabubabad,ANIL KUMAR BODA,Independent,Telangana,1,0.00 Cr,6431,1,0.58
Others,31,Patliputra,ANIL KUMAR CHAND,Socialist Unity Centre Of India (COMMUNIST),Bihar,,0.00 Cr,1424,1,0.12
Others,14,Bhongir,ANIL KUMAR GADEPAKA,Independent,Telangana,1,0.00 Cr,393,1,0.03
Others,15,Warangal,ANIL KUMAR GADEPAKA,Independent,Telangana,1,0.00 Cr,4486,1,0.35
Others,12,Vijayawada,ANIL KUMAR MADDINENI,Independent,Andhra Pradesh,1,0.00 Cr,1240,1,0.09
Others,17,Khammam,ANIL KUMAR MADDINENI,Independent,Telangana,1,0.00 Cr,693,1,0.06
Others,4,SHIMLA,Anil Kumar Manget,Bahujan Samaj Party,Himachal Pradesh,,0.00 Cr,6500,1,0.67
Others,14,Narsaraopet,ANIL KUMAR POLUBOINA,Yuvajana Sramika Rythu Congress Party,Andhra Pradesh,,0.06 Cr,648267,1,43.23
Others,54,Faizabad,ANIL KUMAR RAVAT,Rashtriya Janshakti Samaj Party,Uttar Pradesh,,0.00 Cr,1638,1,0.14
Others,58,Shrawasti,ANIL KUMAR TIWARI,Independent,Uttar Pradesh,1,0.00 Cr,1514,1,0.14
Others,8,RAIPUR,ANIL MAHOBIA,Right to Recall Party,Chhattisgarh,,0.00 Cr,2916,1,0.18
Others,3,JANJGIR-CHAMPA,ANIL MANHAR,Hamar Raj Party,Chhattisgarh,,0.00 Cr,5780,1,0.42
Others,17,Parbhani,ANIL MANIKRAO MUDGALKAR,Independent,Maharashtra,1,0.00 Cr,3533,1,0.27
Others,4,Raver,ANIL PITAMBAR WAGH (SIR),Independent,Maharashtra,1,0.00 Cr,2278,1,0.19
Others,17,Gopalganj,ANIL RAM,Independent,Bihar,1,0.00 Cr,13002,1,1.22
Others,9,Hyderabad,ANIL SEN,Independent,Telangana,1,0.00 Cr,111,1,0.01
Others,12,SHAHDOL,ANIL SINGH DHURVEY,Gondvana Gantantra Party,Madhya Pradesh,,0.00 Cr,35278,1,3.06
Others,7,Amravati,ANIL THAWARE ALIAS DR. ANILKUMAR NAGBUDDHA,Independent,Maharashtra,1,0.00 Cr,1206,1,0.1
Others,2,Dumka,ANIL TUDU,Lokhit Adhikar Party,Jharkhand,,0.00 Cr,6818,1,0.58
Others,15,Bhavnagar,ANILBHAI NARENDRABHAI CHAVDA,Swatantrata Abhivyakti Party,Gujarat,,0.00 Cr,7619,1,0.73
Others,20,Vadodara,ANILBHAI SHARMA,Hindrashtra Sangh,Gujarat,,0.00 Cr,3453,1,0.28
Others,5,BILASPUR,ANILESH MISHRA (MAHARAJ),Independent,Chhattisgarh,1,0.00 Cr,5376,1,0.39
Others,5,Zahirabad,ANILKUMAR GALI,Bharat Rashtra Samithi,Telangana,,0.02 Cr,172078,1,13.92
Others,5,Sabarkantha,ANILKUMAR NIRANJANKUMAR MUNDADA,Log Party,Gujarat,,0.00 Cr,5247,1,0.41
Others,8,Ahmedabad West,ANILKUMAR VASANTBHAI VAGHELA,Bahujan Samaj Party,Gujarat,,0.00 Cr,9600,1,0.99
Others,3,Karimnagar,ANILREDDY KADTHALA,National Nava Kranthi Party,Telangana,,0.00 Cr,2754,1,0.21
Others,10,Kaziranga,ANIMA DEKA GUPTA,Voters Party  International,Assam,,0.00 Cr,8673,1,0.53
Others,7,Dhanbad,ANINDITA DAS,Independent,Jharkhand,1,0.00 Cr,2674,1,0.19
Others,34,Medinipur,ANINDITA JANA,Socialist Unity Centre Of India (COMMUNIST),West Bengal,,0.00 Cr,9791,1,0.66
Others,26,Pilibhit,ANIS AHMED KHAN (PHOOL BABU),Bahujan Samaj Party,Uttar Pradesh,,0.01 Cr,89697,1,7.73
Others,34,Pune,ANIS ARASHID SUNDAKE,All India Majlis-E-Ittehadul Muslimeen,Maharashtra,,0.00 Cr,860,1,0.08
Others,21,Diamond harbour,ANISUR RAHAMAN SK,Independent,West Bengal,1,0.00 Cr,1159,1,0.08
Others,7,Malkajgiri,ANITHA REDDY SHEELAM,Bahujan Samaj Party,Telangana,,0.00 Cr,4779,1,0.25
Others,13,Nalgonda,ANJAIAH VIRIGINENI,Bahujan Samaj Party,Telangana,,0.00 Cr,7177,1,0.55
Others,23,Thirupathi(SC),ANJAIAH.P,Republican Party of India (A),Andhra Pradesh,,0.00 Cr,3666,1,0.27
Others,3,GWALIOR,ANJALI MONU RAWAT,Parivartan Party of India,Madhya Pradesh,,0.00 Cr,1279,1,0.1
Others,34,Medinipur,ANJAN (BABALU) MANDAL,Bahujan Samaj Party,West Bengal,,0.00 Cr,6503,1,0.44
Others,7,Bhadrak,ANJAN DAS,Ambedkarite Party of India,Odisha,,0.00 Cr,3517,1,0.27
Others,15,Barrackpur,ANJAN GOSWAMI,Bharatiya Nyay-Adhikar Raksha Party,West Bengal,,0.00 Cr,3448,1,0.3
Others,10,Chevella,ANJANEYULU NEERATI,Independent,Telangana,1,0.00 Cr,449,1,0.03
Others,32,Raigad,ANJANI ASHWIN KELKAR,Independent,Maharashtra,1,0.00 Cr,1350,1,0.13
Others,8,Ranchi,ANJANI PANDEY,Independent,Jharkhand,1,0.00 Cr,5397,1,0.37
Others,9,BHARATPUR,ANJILA JATAV,Bahujan Samaj Party,Rajasthan,,0.00 Cr,9508,1,0.84
Others,6,West Delhi,ANJU SHARMA,Independent,NCT OF Delhi,1,0.00 Cr,1267,1,0.08
Others,10,Chevella,ANKAGALA PRAVEEN KUMAR,Independent,Telangana,1,0.00 Cr,488,1,0.03
Others,21,Kadapa,ANKIREDDY. SURESH KUMAR REDDY.,All India Forward Bloc,Andhra Pradesh,,0.00 Cr,755,1,0.06
Others,19,BHOPAL,ANKIT RAI,Independent,Madhya Pradesh,1,0.00 Cr,1101,1,0.07
Others,64,Gorakhpur,ANKIT SHAH,Bharatiya Yuva Jan Ekta Party,Uttar Pradesh,,0.00 Cr,1874,1,0.16
Others,3,Muzaffarnagar,ANKUR,Independent,Uttar Pradesh,1,0.00 Cr,372,1,0.03
Others,5,JAMMU,ANKUR SHARMA,Ekam Sanatan Bharat Dal,Jammu and Kashmir,,0.00 Cr,4278,1,0.33
Others,35,Baramati,ANKUSH DNYANESHAWAR PILANE,Independent,Maharashtra,1,0.00 Cr,1663,1,0.12
Others,8,Palakkad,ANNA KURIAKOSE,Independent,Kerala,1,0.00 Cr,1433,1,0.14
Others,42,Solapur,ANNA SUKHADEV MASKE,Independent,Maharashtra,1,0.00 Cr,501,1,0.04
Others,9,KRISHNAGIRI,ANNADURAI K,Independent,Tamil Nadu,1,0.00 Cr,1160,1,0.1
Others,15,SALEM,ANNADURAI N,Pattali Makkal Katchi,Tamil Nadu,,0.01 Cr,127139,1,9.74
Others,20,COIMBATORE,ANNADURAI R,Independent,Tamil Nadu,1,0.00 Cr,1772,1,0.13
Others,11,TIRUVANNAMALAI,"ANNADURAI, A.",Independent,Tamil Nadu,1,0.00 Cr,516,1,0.05
Others,11,TIRUVANNAMALAI,"ANNADURAI, S.",Independent,Tamil Nadu,2,0.00 Cr,1820,1,0.16
Others,6,Medak,ANNELA LAXMAN,Dharma Samaj Party,Telangana,,0.00 Cr,1152,1,0.08
Others,8,Koppal,ANNOJI RAO. G,Sarva Janata Party,Karnataka,,0.00 Cr,1117,1,0.08
Others,3,Khadoor Sahib,ANOKH SINGH KATWAL,Independent,Punjab,1,0.00 Cr,2769,1,0.26
Others,7,DURG,ANOOP KUMAR PANDEY,Independent,Chhattisgarh,1,0.00 Cr,7766,1,0.5
Others,1,MORENA,ANOOP NAGAR,Independent,Madhya Pradesh,1,0.00 Cr,1317,1,0.11
Others,6,SONIPAT,ANOOP SINGH,Indian National Lok Dal,Haryana,,0.00 Cr,11523,1,1.03
Others,17,Pathanamthitta,ANOOP V.,Independent,Kerala,1,0.00 Cr,609,1,0.07
Others,3,Karimnagar,ANOSE KATKOORI,Independent,Telangana,1,0.00 Cr,8706,1,0.66
Others,28,Kheri,ANSHAY KALRA,Bahujan Samaj Party,Uttar Pradesh,,0.01 Cr,110460,1,9.1
Others,22,Ujiarpur,ANSHU KUMAR,Subhashwadi Bhartiya Samajwadi Party (Subhas Party),Bihar,,0.00 Cr,1756,1,0.17
Others,15,Kendrapara,ANSHUMAN MOHANTY,Biju Janata Dal,Odisha,,0.05 Cr,549169,1,43
Others,29,Mumbai North Central,ANSON THOMAS,People's Party of India(secular),Maharashtra,,0.00 Cr,2211,1,0.24
Others,12,Ghaziabad,ANSUL GUPTA,Rashtriya Jan Karmath Party,Uttar Pradesh,,0.00 Cr,764,1,0.05
Others,6,Balurghat,ANTA HANSDA,Bahujan Samaj Party,West Bengal,,0.00 Cr,5145,1,0.42
Others,17,Khammam,ANTHONI SURESH,Bahujana Left Party,Telangana,,0.00 Cr,616,1,0.05
Others,3,Bagalkot,ANTHOSH SAVVASE,Uttama Prajaakeeya Party,Karnataka,,0.00 Cr,4923,1,0.37
Others,39,KANNIYAKUMARI,ANTONY MICHAEL J,Independent,Tamil Nadu,1,0.00 Cr,175,1,0.02
Others,52,Allahabad,ANUJ SWAROOP SHUKLA,Independent,Uttar Pradesh,1,0.00 Cr,1616,1,0.17
Others,8,Sambhal,ANUJ VARSHNEY,Independent,Uttar Pradesh,1,0.00 Cr,1677,1,0.14
Others,24,Kolkata Uttar,ANUJIT KUMAR NAN,Independent,West Bengal,1,0.00 Cr,557,1,0.06
Others,3,Godda,ANUP KUMAR,"Proutist Bloc, India",Jharkhand,,0.00 Cr,2007,1,0.14
Others,9,Nagaon,ANUPAM BARUAH,Jai Prakash Janata Dal,Assam,,0.00 Cr,4319,1,0.28
Others,22,Etah,ANUPAM KUMAR,Kisan Kranti Dal,Uttar Pradesh,,0.00 Cr,3949,1,0.39
Others,47,HAMIRPUR,ANUPAM KUMAR TRIPATHI,Bhartiya Shakti Chetna Party,Uttar Pradesh,,0.00 Cr,6407,1,0.57
Others,23,BHILWARA,ANURAG AROT,Independent,Rajasthan,1,0.00 Cr,1425,1,0.11
Others,11,Machilipatnam,ANUSHA YERUVA,Independent,Andhra Pradesh,1,0.00 Cr,1235,1,0.09
Others,9,GURGAON,ANWAR,Social Democratic Party Of India,Haryana,,0.00 Cr,578,1,0.04
Others,12,Jamnagar,ANWAR NOORMAMAD SANGHAR,Independent,Gujarat,1,0.00 Cr,1299,1,0.12
Others,17,Khammam,ANWAR RAICE,Socialist Party (India),Telangana,,0.00 Cr,754,1,0.06
Others,5,Raiganj,ANWARUL HOQUE,Independent,West Bengal,1,0.00 Cr,1190,1,0.09
Others,5,Anakapalle,APPALA RAJU NAMMI,Bharatha Chaitanya Yuvajana Party,Andhra Pradesh,,0.00 Cr,2619,1,0.2
Others,5,Anakapalle,APPALANAIDU TUMMAGUNTA,Independent,Andhra Pradesh,1,0.00 Cr,1062,1,0.08
Others,1,Araku (ST),APPALANARASA PACHIPENTA,Communist Party of India  (Marxist),Andhra Pradesh,,0.01 Cr,123129,1,10.57
Others,11,Machilipatnam,APPARAO ENNETI,Independent,Andhra Pradesh,1,0.00 Cr,626,1,0.05
Others,7,Malkajgiri,APPARAO KONDA,Rashtra Samanya Praja Party,Telangana,,0.00 Cr,1162,1,0.06
Others,17,Parbhani,APPASAHEB OMKAR KADAM,Independent,Maharashtra,1,0.00 Cr,3891,1,0.29
Others,1,Chikkodi,APPASAHEB SHRIPATI KURANE,Sarva Janata Party,Karnataka,,0.00 Cr,4654,1,0.33
Others,15,Warangal,AR NENA PREM READY RIPEEKA,Mana Telangana Rashtra Samaikya Party,Telangana,,0.00 Cr,3634,1,0.29
Others,1,PUDUCHERRY,ARADADI POSIYYA,Independent,Puducherry,1,0.00 Cr,1546,1,0.19
Others,18,Agra,ARAM SINGH,Peoples Party of India (Democratic),Uttar Pradesh,,0.00 Cr,4143,1,0.37
Others,5,Kozhikode,ARAMUKHAN,Bahujan Samaj Party,Kerala,,0.00 Cr,1715,1,0.16
Others,13,VILUPPURAM,ARASAN. K,Independent,Tamil Nadu,1,0.00 Cr,1842,1,0.16
Others,12,Uttara Kannada,ARAVIND GOWDA,Independent,Karnataka,1,0.00 Cr,904,1,0.07
Others,5,Kozhikode,ARAVINDAKSHAN NAIR M. K.,Bharatheeya Jawan Kisan Party,Kerala,,0.00 Cr,1305,1,0.12
Others,25,Thane,ARCHANA DINKAR GAIKWAD,Independent,Maharashtra,1,0.00 Cr,1180,1,0.09
Others,3,GWALIOR,ARCHANA SINGH RATHORE,Rashtriya Samaj Paksha,Madhya Pradesh,,0.00 Cr,5892,1,0.44
Others,2,Tripura East,ARCHANA URANG,Independent,Tripura,1,0.00 Cr,10922,1,0.96
Others,27,CHIDAMBARAM,ARCHUNAN M A T,Independent,Tamil Nadu,1,0.00 Cr,1836,1,0.16
Others,4,Nizamabad,ARE RAJENDHAR,Independent,Telangana,1,0.00 Cr,2907,1,0.24
Others,21,Nashik,ARIF USMAN MANSURI,Independent,Maharashtra,1,0.00 Cr,2543,1,0.21
Others,26,Uluberia,ARIT KARAK,Independent,West Bengal,1,0.00 Cr,7292,1,0.52
Others,40,Osmanabad,ARJUN (DADA) SALGAR,Independent,Maharashtra,1,0.00 Cr,1935,1,0.15
Others,29,BETUL,ARJUN ASHOK BHALAVI,Bahujan Samaj Party,Madhya Pradesh,,0.00 Cr,26597,1,1.91
Others,17,Parbhani,ARJUN DNYANOBA BHISE,Independent,Maharashtra,1,0.00 Cr,6923,1,0.52
Others,2,Alipurduars,ARJUN INDWAR,Independent,West Bengal,1,0.00 Cr,11122,1,0.78
Others,31,Kanthi,ARJUN KUMAR MAITY,Independent,West Bengal,1,0.00 Cr,544,1,0.04
Others,4,Chatra,ARJUN PRAJAPATI,Independent,Jharkhand,1,0.00 Cr,13328,1,1.23
Others,3,Almora,ARJUN PRASAD,Independent,Uttarakhand,1,0.00 Cr,4707,1,0.7
Others,2,Garhwal,ARJUN SINGH,Akhil Bhartiya Parivar Party,Uttarakhand,,0.00 Cr,1378,1,0.19
Others,12,Lohardaga,ARJUN TOPPO,Independent,Jharkhand,1,0.00 Cr,2747,1,0.28
Others,16,Jagatsinghpur,ARJUNA CHARAN BEHERA,Independent,Odisha,1,0.00 Cr,766,1,0.06
Others,15,Alappuzha,ARJUNAN,Socialist Unity Centre Of India (COMMUNIST),Kerala,,0.00 Cr,1319,1,0.12
Others,1,Tripura West,ARNAB ROY,Republican Party of India (A),Tripura,,0.00 Cr,3449,1,0.29
Others,4,Darrang-Udalguri,AROON BAROOA,Bharatheeya Jawan Kisan Party,Assam,,0.00 Cr,12563,1,0.69
Others,27,Mumbai North West,ARORA SURINDER MOHAN,Bharat Jan Aadhar Party,Maharashtra,,0.00 Cr,1675,1,0.18
Others,12,Lohardaga,ARPAN DEO BHAGAT,Independent,Jharkhand,1,0.00 Cr,2814,1,0.29
Others,11,Khunti,ARPANA HANS,Jharkhand Party,Jharkhand,,0.00 Cr,8532,1,0.91
Others,8,Ranchi,ARSHAD AYUB,Independent,Jharkhand,1,0.00 Cr,1412,1,0.1
Others,7,Rampur,ARSHAD WARSI,Minorities Democratic Party,Uttar Pradesh,,0.00 Cr,2927,1,0.3
Others,3,ANANTNAG-RAJOURI,ARSHEED AHMED LONE,Jammu & Kashmir National Panthers Party (Bhim),Jammu and Kashmir,,0.00 Cr,6389,1,0.62
Others,20,Saran,ARTI KUMARI,Independent,Bihar,1,0.00 Cr,3023,1,0.3
Others,8,Jajpur,ARTTATRANA MALIK,Independent,Odisha,1,0.00 Cr,1252,1,0.11
Others,14,KALLAKURICHI,ARUL INIYAN A,Independent,Tamil Nadu,1,0.00 Cr,784,1,0.06
Others,12,ARANI,"ARUL, M.",Independent,Tamil Nadu,1,0.00 Cr,510,1,0.04
Others,16,NAMAKKAL,ARULMANI M,Independent,Tamil Nadu,1,0.00 Cr,568,1,0.05
Others,17,ERODE,ARUMUGA AC KANNAN,Independent,Tamil Nadu,1,0.00 Cr,549,1,0.05
Others,9,KRISHNAGIRI,ARUMUGAM M,Bharatiya Praja Aikyata Party,Tamil Nadu,,0.00 Cr,6154,1,0.53
Others,22,DINDIGUL,ARUMUGAM R,Independent,Tamil Nadu,1,0.00 Cr,1089,1,0.09
Others,13,VILUPPURAM,ARUMUGAM. M,United Republican Party of India,Tamil Nadu,,0.00 Cr,3504,1,0.3
Others,10,DHARMAPURI,ARUMUGAM. M.,Independent,Tamil Nadu,1,0.00 Cr,2290,1,0.18
Others,37,TENKASI,ARUMUGASWAMI M,Independent,Tamil Nadu,1,0.00 Cr,1313,1,0.13
Others,3,HAMIRPUR,ARUN ANKESH SYAL,Ekam Sanatan Bharat Dal,Himachal Pradesh,,0.00 Cr,433,1,0.04
Others,24,Kalyan,ARUN BHAURAO NITURE,Rashtriya Kisan Bahujan Party,Maharashtra,,0.00 Cr,2753,1,0.26
Others,14,Jorhat,ARUN CHANDRA HANDIQUE,Ekam Sanatan Bharat Dal,Assam,,0.00 Cr,9086,1,0.65
Others,12,Purnia,ARUN DAS,Bahujan Samaj Party,Bihar,,0.00 Cr,10619,1,0.89
Others,11,Chalakudy,ARUN EDATHADAN,Independent,Kerala,1,0.00 Cr,686,1,0.07
Others,7,DURG,ARUN JOSHI,Independent,Chhattisgarh,1,0.00 Cr,4753,1,0.31
Others,3,Godda,ARUN KUMAR,Nyaydharmsabha,Jharkhand,,0.00 Cr,2893,1,0.21
Others,3,Khadoor Sahib,ARUN KUMAR,Independent,Punjab,1,0.00 Cr,2525,1,0.24
Others,7,South Delhi,ARUN KUMAR,Independent,NCT OF Delhi,1,0.00 Cr,842,1,0.06
Others,24,Begusarai,ARUN KUMAR,Independent,Bihar,1,0.00 Cr,4045,1,0.31
Others,36,Jahanabad,ARUN KUMAR,Bahujan Samaj Party,Bihar,,0.01 Cr,86380,1,9.33
Others,38,Gaya,ARUN KUMAR,Independent,Bihar,1,0.00 Cr,2554,1,0.27
Others,54,Faizabad,ARUN KUMAR,Independent,Uttar Pradesh,1,0.00 Cr,1067,1,0.09
Others,1,Tripura West,ARUN KUMAR BHAUMIK,Socialist Unity Centre Of India (COMMUNIST),Tripura,,0.00 Cr,8784,1,0.73
Others,16,Mahabubabad,ARUN KUMAR MYPATHI,All India Forward Bloc,Telangana,,0.00 Cr,39136,1,3.53
Others,39,Pratapgarh,ARUN KUMAR PANDEY,Hindustan Samaj Party,Uttar Pradesh,,0.00 Cr,4991,1,0.53
Others,1,BARAMULLA,ARUN KUMAR RAINA,Independent,Jammu and Kashmir,1,0.00 Cr,2241,1,0.22
Others,9,Jamshedpur,ARUN KUMAR SHARMA,Bhartiya Azad Sena,Jharkhand,,0.00 Cr,1801,1,0.14
Others,21,Nashik,ARUN MADHUKAR KALE,Bahujan Samaj Party,Maharashtra,,0.00 Cr,7751,1,0.63
Others,9,Jamshedpur,ARUN MAHATO,Independent,Jharkhand,1,0.00 Cr,7344,1,0.57
Others,3,Godda,ARUN MARIK,Independent,Jharkhand,1,0.00 Cr,17437,1,1.25
Others,25,PERAMBALUR,ARUN NEHRU,Independent,Tamil Nadu,1,0.00 Cr,1299,1,0.12
Others,26,Bangalore South,ARUN PRASAD.A,Bahujan Samaj Party,Karnataka,,0.00 Cr,2425,1,0.19
Others,22,Jadavpur,ARUN SARKAR,Independent,West Bengal,1,0.00 Cr,1110,1,0.07
Others,10,REWA,ARUN TIWARI 'MINTU',Independent,Madhya Pradesh,1,0.00 Cr,1113,1,0.12
Others,24,Kalyan,ARUN VAMAN JADHAV,Independent,Maharashtra,1,0.00 Cr,1082,1,0.1
Others,7,Amravati,ARUN YASHWANTRAO BHAGAT,Independent,Maharashtra,1,0.00 Cr,2088,1,0.18
Others,9,Bellary,ARUN.S.HIREHAL,Independent,Karnataka,1,0.00 Cr,1282,1,0.09
Others,14,Shimoga,ARUNA KANAHALLI,Uttama Prajaakeeya Party,Karnataka,,0.00 Cr,1478,1,0.11
Others,4,Visakhapatnam,ARUNA SRI MURALA,Independent,Andhra Pradesh,1,0.00 Cr,1993,1,0.14
Others,3,Karimnagar,ARUNA THALLAPALLY,Alliance of Democratic Reforms Party,Telangana,,0.00 Cr,9064,1,0.69
Others,18,TIRUPPUR,"ARUNACHALAM, P.",All India Anna Dravida Munnetra Kazhagam,Tamil Nadu,,0.03 Cr,346811,1,30.35
Others,36,THOOTHUKKUDI,ARUNADEVI R,Independent,Tamil Nadu,1,0.00 Cr,6072,1,0.62
Others,10,REWA,ARUNENDRA NARAYAN PANDEY,Independent,Madhya Pradesh,1,0.00 Cr,1551,1,0.17
Others,3,East Delhi,ARUNIMA GAUTAM,Independent,NCT OF Delhi,1,0.00 Cr,751,1,0.06
Others,57,Kaiserganj,ARUNIMA PANDEY,Independent,Uttar Pradesh,1,0.00 Cr,9250,1,0.87
Others,59,Gonda,ARUNIMA PANDEY,Independent,Uttar Pradesh,1,0.00 Cr,3073,1,0.32
Others,20,COIMBATORE,ARUNKANTH V,Independent,Tamil Nadu,1,0.00 Cr,438,1,0.03
Others,33,Jhargram,ARUNKUMAR HANSDA,Bahujan Samaj Party,West Bengal,,0.00 Cr,11989,1,0.8
Others,17,Puri,ARUP MOHAN PATNAIK,Biju Janata Dal,Odisha,,0.05 Cr,524621,1,43.83
Others,7,ROHTAK,ARVIND,Independent,Haryana,1,0.00 Cr,330,1,0.03
Others,1,Kachchh,ARVIND ASHOK SANGHELA,Gujarat Sarva Samaj Party,Gujarat,,0.00 Cr,1526,1,0.14
Others,1,SURGUJA,ARVIND KACHHAP,Independent,Chhattisgarh,1,0.00 Cr,4184,1,0.29
Others,19,Aurangabad,ARVIND KISANRAO KAMBLE,Bahujan Republican  Socialist Party,Maharashtra,,0.00 Cr,1979,1,0.15
Others,3,JANJGIR-CHAMPA,ARVIND KUMAR,Independent,Chhattisgarh,1,0.00 Cr,1715,1,0.12
Others,56,Baharaich,ARVIND KUMAR,Bhartiya Awam Party (Rastriya),Uttar Pradesh,,0.00 Cr,6160,1,0.58
Others,80,Robertsganj,ARVIND KUMAR BHARTI,Rashtriya Samanta Dal,Uttar Pradesh,,0.00 Cr,7592,1,0.75
Others,15,Muzaffarpur,ARVIND KUMAR CHAUDHARY,Socialist Unity Centre Of India (COMMUNIST),Bihar,,0.00 Cr,1857,1,0.17
Others,76,Chandauli,ARVIND KUMAR PATEL,Sardar Patel Siddhant Party,Uttar Pradesh,,0.00 Cr,2745,1,0.25
Others,7,ROHTAK,ARVIND KUMAR SHARMA,Independent,Haryana,1,0.00 Cr,367,1,0.03
Others,43,Kanpur,ARVIND KUMAR SRIVASTAVA,Independent,Uttar Pradesh,1,0.00 Cr,398,1,0.04
Others,31,Mumbai South,ARVIND NARAYAN SAWANT,Independent,Maharashtra,1,0.00 Cr,3090,1,0.4
Others,8,Wardha,ARVIND SHAMRAO LILLORE,Independent,Maharashtra,1,0.00 Cr,1476,1,0.13
Others,9,Ramtek,ARVIND SHIVAJI TANDEKAR,Independent,Maharashtra,1,0.00 Cr,3215,1,0.26
Others,13,Patiala,ARVINDER KUMAR,Independent,Punjab,1,0.00 Cr,3812,1,0.33
Others,10,Firozpur,ARWINDER SINGH,Independent,Punjab,1,0.00 Cr,2570,1,0.23
Others,40,Osmanabad,ARYANRAJE KISANRAO SHINDE,Rashtriya Samaj Dal (R),Maharashtra,,0.00 Cr,1887,1,0.15
Others,24,Rajampet,ASADI VENKATADRI,Independent,Andhra Pradesh,1,0.00 Cr,691,1,0.05
Others,9,Hyderabad,ASADUDDIN OWAISI,All India Majlis-E-Ittehadul Muslimeen,Telangana,,0.07 Cr,661981,1,61.28
Others,26,Bangalore South,ASGAR A MOHIN.S.M.,Independent,Karnataka,1,0.00 Cr,269,1,0.02
Others,53,Barabanki,ASHA DEVI,Swatantrata Abhivyakti Party,Uttar Pradesh,,0.00 Cr,2020,1,0.16
Others,10,Singhbhum,ASHA KUMARI RUNDA,Independent,Jharkhand,1,0.00 Cr,2754,1,0.27
Others,5,BILASPUR,ASHAVANT SAHOO,Bhartiya Shakti Chetna Party,Chhattisgarh,,0.00 Cr,4354,1,0.32
Others,10,Baharampur,ASHIS DAS,Independent,West Bengal,1,0.00 Cr,1110,1,0.08
Others,9,Ramtek,ASHISH BHAURAO SARODE,Bhim Sena,Maharashtra,,0.00 Cr,1620,1,0.13
Others,9,Jangipur,ASHISH BHUIMALI,Independent,West Bengal,1,0.00 Cr,3951,1,0.29
Others,5,Haridwar,ASHISH DHYANI,Independent,Uttarakhand,1,0.00 Cr,1117,1,0.09
Others,25,Bareilly,ASHISH GANGWAR,Independent,Uttar Pradesh,1,0.00 Cr,616,1,0.06
Others,5,Kodarma,ASHISH KUMAR,Right to Recall Party,Jharkhand,,0.00 Cr,2896,1,0.21
Others,26,Pilibhit,ASHISH KUMAR,Independent,Uttar Pradesh,1,0.00 Cr,1850,1,0.16
Others,8,RAIPUR,ASHISH KUMAR TIWARI,Aap Sabki Apni Party,Chhattisgarh,,0.00 Cr,528,1,0.03
Others,8,Wardha,ASHISH LEKHIRAM IZANKAR,Vidarbha Rajya Aghadi,Maharashtra,,0.00 Cr,1828,1,0.17
Others,24,KOTA,ASHISH YOGI,Ekam Sanatan Bharat Dal,Rajasthan,,0.00 Cr,5775,1,0.38
Others,20,Hindupur,ASHOK,Socialist Unity Centre Of India (COMMUNIST),Andhra Pradesh,,0.00 Cr,1292,1,0.09
Others,13,Guntur,ASHOK ANAND GALI,Independent,Andhra Pradesh,1,0.00 Cr,335,1,0.02
Others,2,Belgaum,ASHOK APPAYA APPUGOL,Bahujan Samaj Party,Karnataka,,0.00 Cr,4407,1,0.32
Others,4,Raver,ASHOK BABURAO JADHAV,Peoples Party of India (Democratic),Maharashtra,,0.00 Cr,4690,1,0.4
Others,9,SATNA,ASHOK BAUDH,Independent,Madhya Pradesh,1,0.00 Cr,947,1,0.09
Others,39,Beed,ASHOK BHAGOJI THORAT,Bahujan Maha Party,Maharashtra,,0.01 Cr,54850,1,3.6
Others,23,Bhiwandi,ASHOK BHIKU BAHADARE,Sanyukt Bharat Paksh,Maharashtra,,0.00 Cr,2047,1,0.16
Others,43,Madha,ASHOK DNYANDEV WAGHMODE,Independent,Maharashtra,1,0.00 Cr,989,1,0.08
Others,46,Ratnagiri- Sindhudurg,ASHOK GANGARAM PAWAR,Bahujan Mukti Party,Maharashtra,,0.00 Cr,5280,1,0.58
Others,72,Ballia,ASHOK GUPTA,Independent,Uttar Pradesh,1,0.00 Cr,1347,1,0.13
Others,7,DURG,ASHOK JAIN,Independent,Chhattisgarh,1,0.00 Cr,1902,1,0.12
Others,9,GURGAON,ASHOK JANGRA,Independent,Haryana,1,0.00 Cr,3005,1,0.19
Others,5,KARNAL,ASHOK KATARIA,Samst Samaj Party,Haryana,,0.00 Cr,2904,1,0.22
Others,6,Akola,ASHOK KISANRAO THORAT,Independent,Maharashtra,1,0.00 Cr,581,1,0.05
Others,2,North-East Delhi,ASHOK KUMAR,Bahujan Samaj Party,NCT OF Delhi,,0.00 Cr,12138,1,0.78
Others,5,KARNAL,ASHOK KUMAR,Independent,Haryana,1,0.00 Cr,633,1,0.05
Others,7,ROHTAK,ASHOK KUMAR,Independent,Haryana,1,0.00 Cr,629,1,0.05
Others,9,Jamshedpur,ASHOK KUMAR,Peoples Party of India (Democratic),Jharkhand,,0.00 Cr,2048,1,0.16
Others,17,ERODE,ASHOK KUMAR,All India Anna Dravida Munnetra Kazhagam,Tamil Nadu,,0.03 Cr,325773,1,29.79
Others,21,Hajipur,ASHOK KUMAR,Samata Party,Bihar,,0.00 Cr,4721,1,0.41
Others,22,Etah,ASHOK KUMAR,Independent,Uttar Pradesh,1,0.00 Cr,780,1,0.08
Others,1,Chandni Chowk,ASHOK KUMAR GUPTA,Independent,NCT OF Delhi,1,0.00 Cr,140,1,0.01
Others,9,SATNA,ASHOK KUMAR GUPTA,Bhartiya Shakti Chetna Party,Madhya Pradesh,,0.00 Cr,1265,1,0.12
Others,4,Jalandhar,ASHOK KUMAR JAKHU,Independent,Punjab,1,0.00 Cr,743,1,0.08
Others,31,SIVAGANGA,ASHOK KUMAR K,Independent,Tamil Nadu,1,0.00 Cr,1034,1,0.1
Others,34,VIRUDHUNAGAR,ASHOK KUMAR M,Bharatiya Praja Aikyata Party,Tamil Nadu,,0.00 Cr,5293,1,0.5
Others,9,Hyderabad,ASHOK KUMAR MAMBA,Maa Telangana Party,Telangana,,0.00 Cr,423,1,0.04
Others,33,Unnao,ASHOK KUMAR PANDEY,Bahujan Samaj Party,Uttar Pradesh,,0.01 Cr,72527,1,5.57
Others,38,Gaya,ASHOK KUMAR PASWAN,Independent,Bihar,1,0.00 Cr,2701,1,0.28
Others,5,Mayurbhanj,ASHOK KUMAR SING,Independent,Odisha,1,0.00 Cr,8953,1,0.76
Others,5,Sabarkantha,ASHOK L VAGHELA,Independent,Gujarat,1,0.00 Cr,1688,1,0.13
Others,2,North-East Delhi,ASHOK MISHRA,Independent,NCT OF Delhi,1,0.00 Cr,352,1,0.02
Others,2,Belgaum,ASHOK P HANAJI,Independent,Karnataka,1,0.00 Cr,679,1,0.05
Others,9,Surendranagar,ASHOK PALAJIBHAI RATHOD,Independent,Gujarat,1,0.00 Cr,1091,1,0.1
Others,3,Karimnagar,ASHOK PANCHIKA,Social Justice Party of India,Telangana,,0.00 Cr,1924,1,0.15
Others,15,Hingoli,ASHOK PANDURANG RATHOD,Independent,Maharashtra,1,0.00 Cr,2906,1,0.25
Others,43,Kanpur,ASHOK PASWAN ADVOCATE,Sabhi Jan Party,Uttar Pradesh,,0.00 Cr,1974,1,0.22
Others,44,Akbarpur,ASHOK PASWAN ADVOCATE,Sabhi Jan Party,Uttar Pradesh,,0.00 Cr,3173,1,0.29
Others,20,RAJGARH,ASHOK PAWAR,Samata Samadhan Party,Madhya Pradesh,,0.00 Cr,6614,1,0.46
Others,1,TIRUVALLUR,"Ashok Priyadarshan, S.",Desiya Makkal Sakthi Katchi,Tamil Nadu,,0.00 Cr,2946,1,0.21
Others,38,Shirdi,ASHOK RAMCHANDRA ALHAT,Independent,Maharashtra,1,0.00 Cr,1798,1,0.17
Others,13,JABALPUR,ASHOK RANA,Rashtra Nirman Party,Madhya Pradesh,,0.00 Cr,1228,1,0.11
Others,13,Chandrapur,ASHOK RANAJI RATHOD,Jay Vidarbha Party,Maharashtra,,0.00 Cr,1670,1,0.13
Others,14,MANDLA,ASHOK SARAIYA,Independent,Madhya Pradesh,1,0.00 Cr,2727,1,0.18
Others,5,SIKAR,ASHOK SEHRA,Ambedkarite Party of India,Rajasthan,,0.00 Cr,5382,1,0.41
Others,73,Jaunpur,ASHOK SINGH,Samaj Vikas Kranti Party,Uttar Pradesh,,0.00 Cr,2755,1,0.25
Others,39,Beed,ASHOK SUKHDEV HINGE,Vanchit Bahujan  Aaghadi,Maharashtra,,0.01 Cr,50867,1,3.34
Others,5,Zahirabad,ASHOK TALARI,Independent,Telangana,1,0.00 Cr,837,1,0.07
Others,32,Arrah,ASHOK TIWARY,Independent,Bihar,1,0.00 Cr,2295,1,0.21
Others,5,Buldhana,ASHOK WAMAN HIWALE,Independent,Maharashtra,1,0.00 Cr,15436,1,1.39
Others,18,Chitradurga,ASHOKA CHAKRAVARTHI,Bahujan Samaj Party,Karnataka,,0.00 Cr,7705,1,0.56
Others,10,DHARMAPURI,ASHOKAN. M.,Independent,Tamil Nadu,1,0.00 Cr,1026,1,0.08
Others,20,Mathurapur,ASHOKE PUROKAIT,Independent,West Bengal,1,0.00 Cr,1501,1,0.1
Others,20,Mathurapur,ASHOKE SARDAR,Independent,West Bengal,1,0.00 Cr,1501,1,0.1
Others,2,Belgaum,ASHPAKAHMAD USTAD,Independent,Karnataka,1,0.00 Cr,634,1,0.05
Others,36,Jahanabad,ASHUTOSH KUMAR,Rashtriya Jan Jan Party,Bihar,,0.00 Cr,13213,1,1.43
Others,2,MANDI,ASHUTOSH MAHANT,Independent,Himachal Pradesh,1,0.00 Cr,286,1,0.03
Others,29,Dhaurahra,ASHUTOSH PATHAK,Aam Janta Party (India),Uttar Pradesh,,0.00 Cr,3556,1,0.32
Others,2,Garhwal,ASHUTOSH SINGH,Uttarakhand Kranti Dal,Uttarakhand,,0.00 Cr,4561,1,0.62
Others,36,Jahanabad,ASHUTOSH VINAY KUMAR,Rashtriya Garib Dal,Bihar,,0.00 Cr,2909,1,0.31
Others,6,SONIPAT,ASHWANI,Independent,Haryana,1,0.00 Cr,695,1,0.06
Others,5,BILASPUR,ASHWANI RAJAK,Bahujan Samaj Party,Chhattisgarh,,0.00 Cr,13222,1,0.97
Others,24,Kalyan,ASHWINI AMOL KENDRE,Independent,Maharashtra,1,0.00 Cr,2468,1,0.24
Others,30,Mumbai South Central,ASHWINI KUMAR PATHAK,Independent,Maharashtra,1,0.00 Cr,1612,1,0.2
Others,34,Pune,ASHWINI PRATIBHA KHAIRNAR,Independent,Maharashtra,1,0.00 Cr,415,1,0.04
Others,8,Wardha,ASIF,Independent,Maharashtra,1,0.00 Cr,15182,1,1.39
Others,25,Khagaria,ASIF IMAM,Aadarsh Mithila Party,Bihar,,0.00 Cr,2443,1,0.23
Others,8,Maldaha Dakshin,ASIM MANDAL,Jan Sangh Party,West Bengal,,0.00 Cr,2788,1,0.2
Others,11,Murshidabad,ASIM RAY,Bhartiya Lokmat Rashtrwadi Party,West Bengal,,0.00 Cr,5534,1,0.36
Others,35,Purulia,ASIT BARAN MAHATO,Party for Democratic Socialism,West Bengal,,0.00 Cr,3877,1,0.27
Others,48,Hatkanangale,ASLAM AINODIN MULLA,Independent,Maharashtra,1,0.00 Cr,6111,1,0.47
Others,36,Shirur,ASLAM ISAK BAGWAN,Lok Sena Party,Maharashtra,,0.00 Cr,2350,1,0.17
Others,3,CHURU,ASLAM LILGAR,Independent,Rajasthan,1,0.00 Cr,567,1,0.04
Others,5,Buldhana,ASLAM SHAH HASAN SHAH,Maharashtra Vikas Aghadi,Maharashtra,,0.00 Cr,6153,1,0.55
Others,10,DHARMAPURI,ASOKAN. G.,Independent,Tamil Nadu,1,0.00 Cr,611,1,0.05
Others,10,DHARMAPURI,ASOKAN. R. DR.,All India Anna Dravida Munnetra Kazhagam,Tamil Nadu,,0.03 Cr,293629,1,23.53
Others,14,Bhongir,ASURA BALU,Independent,Telangana,1,0.00 Cr,5750,1,0.41
Others,23,Kolkata Dakshin,ATANU DAS,Independent,West Bengal,1,0.00 Cr,971,1,0.08
Others,4,Darjeeling,ATASI BISWAS,Kisan Mazdoor Sangharsh Party,West Bengal,,0.00 Cr,4641,1,0.35
Others,77,Varanasi,ATHER JAMAL LARI,Bahujan Samaj Party,Uttar Pradesh,,0.00 Cr,33766,1,2.99
Others,1,Araku (ST),ATHIDHI,Independent,Andhra Pradesh,1,0.00 Cr,8136,1,0.7
Others,38,TIRUNELVELI,ATHISAYAM V,Independent,Tamil Nadu,1,0.00 Cr,3781,1,0.35
Others,1,Adilabad,ATHRAM SAKKU,Bharat Rashtra Samithi,Telangana,,0.01 Cr,137300,1,11.11
Others,6,Medak,ATI ANJANEYULU,Independent,Telangana,1,0.00 Cr,2038,1,0.15
Others,41,Latur,ATITHI KHANDERAO SURYVANSHI,Swarajya Shakti Sena,Maharashtra,,0.00 Cr,5178,1,0.42
Others,4,HISAR,ATMA RAM BISHNOI,Independent,Haryana,1,0.00 Cr,1097,1,0.09
Others,2,BIKANER,ATMA RAM GUJARATI,Independent,Rajasthan,1,0.00 Cr,6281,1,0.56
Others,3,Sambalpur,ATMA RAM SUPKAR,Independent,Odisha,1,0.00 Cr,2059,1,0.17
Others,10,FARIDABAD,ATUL,Independent,Haryana,1,0.00 Cr,1458,1,0.1
Others,41,Bolpur,ATUL CHANDRA BAURI,Independent,West Bengal,1,0.00 Cr,7829,1,0.51
Others,20,Vadodara,ATUL GAMECHI,Independent,Gujarat,1,0.00 Cr,1084,1,0.09
Others,5,JAMMU,ATUL RAINA,Independent,Jammu and Kashmir,1,0.00 Cr,2068,1,0.16
Others,12,Ghaziabad,AURANGJEB,Independent,Uttar Pradesh,1,0.00 Cr,1120,1,0.08
Others,32,MADURAI,AVADAINATHAN V,Independent,Tamil Nadu,1,0.00 Cr,462,1,0.05
Others,35,Karakat,AVADHESH PASAWAN,Bharatiya Aam Awam Party,Bihar,,0.00 Cr,5585,1,0.54
Others,72,Ballia,AVADHESH VERMA,Independent,Uttar Pradesh,1,0.00 Cr,1161,1,0.12
Others,52,Allahabad,AVANEESH KUMAR,Independent,Uttar Pradesh,1,0.00 Cr,1835,1,0.19
Others,1,Araku (ST),AVASHYA LAHARI . VARAM,Bahujan Samaj Party,Andhra Pradesh,,0.00 Cr,25750,1,2.21
Others,12,Ghaziabad,AVDESH KUMAR,Independent,Uttar Pradesh,1,0.00 Cr,1043,1,0.07
Others,32,Misrikh,AVDHESH,Independent,Uttar Pradesh,1,0.00 Cr,1423,1,0.14
Others,20,Saran,AVINASH KUMAR,Bahujan Samaj Party,Bihar,,0.00 Cr,14770,1,1.45
Others,16,Nanded,AVINASH VISHWANATH BHOSIKAR,Vanchit Bahujan  Aaghadi,Maharashtra,,0.01 Cr,92512,1,8.2
Others,12,Uttara Kannada,AVINASH. NARAYAN. PATIL.,Independent,Karnataka,1,0.00 Cr,773,1,0.06
Others,3,Godda,AVISEK ANAND JHA,Independent,Jharkhand,1,0.00 Cr,9636,1,0.69
Others,5,Haridwar,AVNISH KUMAR,Independent,Uttarakhand,1,0.00 Cr,975,1,0.07
Others,9,Faridkot,AVTAR SINGH SAHOTA,Independent,Punjab,1,0.00 Cr,4160,1,0.41
Others,17,Khammam,AVUTAPALLI RAMBABU,Independent,Telangana,1,0.00 Cr,950,1,0.08
Others,13,Chandrapur,AWACHIT SHAMRAO SAYAM,Janseva Gondwana Party,Maharashtra,,0.00 Cr,1906,1,0.15
Others,31,Hardoi,AWADESH KUMAR,Independent,Uttar Pradesh,1,0.00 Cr,1424,1,0.13
Others,70,Ghosi,AWADHESH KUMAR CHAUHAN,Janta Kranti Party (Rashtravadi),Uttar Pradesh,,0.00 Cr,2239,1,0.19
Others,30,Patna Sahib,AWADHESH PRASAD,Independent,Bihar,1,0.00 Cr,4974,1,0.46
Others,15,Muzaffarpur,AWADHESH PRASAD SINGH,Independent,Bihar,1,0.00 Cr,15618,1,1.4
Others,43,Madha,AWARE SIDDHESHWAR BHARAT,All India Forward Bloc,Maharashtra,,0.00 Cr,3067,1,0.24
Others,26,INDORE,AYAZ ALI,Independent,Madhya Pradesh,1,0.00 Cr,7096,1,0.45
Others,42,Birbhum,AYESHA KHATUN,Socialist Unity Centre Of India (COMMUNIST),West Bengal,,0.00 Cr,6779,1,0.44
Others,3,Barpeta,AYNAL HAQUE,Independent,Assam,1,0.00 Cr,3192,1,0.19
Others,5,SRIPERUMBUDUR,AYODHI LAKSHMANAN,Independent,Tamil Nadu,1,0.00 Cr,1259,1,0.09
Others,25,Bareilly,AYSHA BI,Independent,Uttar Pradesh,1,0.00 Cr,559,1,0.05
Others,10,BASTAR,AYTU RAM MANDAVI,Bahujan Samaj Party,Chhattisgarh,,0.00 Cr,19647,1,1.95
Others,38,Gaya,AYUSH KUMAR,Independent,Bihar,1,0.00 Cr,4103,1,0.43
Others,10,DHARMAPURI,AYYAKANNU,Independent,Tamil Nadu,1,0.00 Cr,586,1,0.05
Others,12,Nagarkurnool,AYYAPPA SUNIL,Rashtriya Praja Congress  (Secular),Telangana,,0.00 Cr,1227,1,0.1
Others,39,KANNIYAKUMARI,AYYAPPAN V,Independent,Tamil Nadu,1,0.00 Cr,373,1,0.04
Others,29,Mumbai North Central,AYYUB AMIN HUNGUND,Bahujan Samaj Party,Maharashtra,,0.00 Cr,3243,1,0.36
Others,21,CHITTORGARH,AZAD PRAKASH CHANDRA MEGHWAL,Akhil Bharatiya Congress Dal (Ambedkar),Rajasthan,,0.00 Cr,2777,1,0.19
Others,9,GURGAON,AZAD SINGH,Independent,Haryana,1,0.00 Cr,2745,1,0.17
Others,5,KARNAL,AZAD SINGH PUNIA,Independent,Haryana,1,0.00 Cr,705,1,0.05
Others,9,SATNA,AZEEZ AHMED QURAISHY,Manviya Bharat Party,Madhya Pradesh,,0.00 Cr,2082,1,0.2
Others,8,Secunderabad,B . SUNITHA RANI,Socialist Party (India),Telangana,,0.00 Cr,133,1,0.01
Others,4,Nizamabad,B B NAIK,Independent,Telangana,1,0.00 Cr,581,1,0.05
Others,17,Nandyal,B C RAMANADHA AREDDY,Independent,Andhra Pradesh,1,0.00 Cr,472,1,0.03
Others,17,ERODE,B DHARMARAJ,Anti Corruption Dynamic Party,Tamil Nadu,,0.00 Cr,601,1,0.05
Others,8,VELLORE,B JAGAN,Independent,Tamil Nadu,1,0.00 Cr,285,1,0.03
Others,32,Misrikh,B R AHIRWAR,Bahujan Samaj Party,Uttar Pradesh,,0.01 Cr,111945,1,10.64
Others,10,Chevella,B V RAMESH NAIDU,Socialist Party (India),Telangana,,0.00 Cr,1495,1,0.09
Others,18,Kurnoolu,B Y RAMAIAH,Yuvajana Sramika Rythu Congress Party,Andhra Pradesh,,0.05 Cr,547616,1,41.15
Others,2,CHENNAI NORTH,B. BALAMURUGAN,Independent,Tamil Nadu,1,0.00 Cr,488,1,0.05
Others,23,Thirupathi(SC),B. BHARANI BAS,Ambedkar National Congress,Andhra Pradesh,,0.00 Cr,688,1,0.05
Others,19,Tumkur,B. DEVARAJ,Independent,Karnataka,1,0.00 Cr,499,1,0.04
Others,25,Bangalore central,B. KRISHNA PRASAD,"Proutist Bloc, India",Karnataka,,0.00 Cr,327,1,0.02
Others,5,Zahirabad,B. MARUTHI RAO,Independent,Telangana,1,0.00 Cr,4252,1,0.34
Others,4,CHENNAI CENTRAL,B. PARTHASARATHY,Desiya Murpokku Dravida Kazhagam,Tamil Nadu,,0.01 Cr,72016,1,9.86
Others,11,Mahbubnagar,B. RAVINDER,Social Justice Party of India,Telangana,,0.00 Cr,1085,1,0.09
Others,47,Kolhapur,B. T. PATIL (EX SERVICEMAN),Bharatheeya Jawan Kisan Party,Maharashtra,,0.00 Cr,1107,1,0.08
Others,18,Chitradurga,"B. VENKATESHA, SHILPI",Independent,Karnataka,1,0.00 Cr,4201,1,0.31
Others,5,Gulbarga,B. VIJAYKUMAR CHINCHANSOORKAR,Prahar Janshakti Party,Karnataka,,0.00 Cr,554,1,0.04
Others,2,CHENNAI NORTH,B. ZAKIR HUSSAIN,Independent,Tamil Nadu,1,0.00 Cr,355,1,0.04
Others,16,Hassan,B.N. SURESHA (SURESHGOWDA),Independent,Karnataka,1,0.00 Cr,1418,1,0.1
Others,19,Ananthapur,B.NAGAMUTHYALU,Socialist Unity Centre Of India (COMMUNIST),Andhra Pradesh,,0.00 Cr,570,1,0.04
Others,4,CHENNAI CENTRAL,B.PARTHASARATHY,Independent,Tamil Nadu,1,0.00 Cr,380,1,0.05
Others,19,Ananthapur,B.RAGHAVENDRA PRASAD,Independent,Andhra Pradesh,1,0.00 Cr,1318,1,0.09
Others,18,Chitradurga,B.T. RAMASUBBAIAH,Indian Movement Party,Karnataka,,0.00 Cr,720,1,0.05
Others,11,Machilipatnam,BAAL SHOURI CHODABATHINA,Jatiya Jana Sena Party,Andhra Pradesh,,0.00 Cr,11141,1,0.85
Others,34,Pune,BABA SALIM SAYYED,Independent,Maharashtra,1,0.00 Cr,164,1,0.01
Others,6,Akola,BABAN MAHADEV SAYAM,Janseva Gondwana Party,Maharashtra,,0.00 Cr,537,1,0.05
Others,18,Jalna,BABASAHEB PATIL SHINDE,Independent,Maharashtra,1,0.00 Cr,2417,1,0.18
Others,18,Jalna,BABASAHEB SANTUKRAO SHELKE,Samata Party,Maharashtra,,0.00 Cr,9570,1,0.7
Others,2,Alipurduars,BABITA BARA,Gana Suraksha Party,West Bengal,,0.00 Cr,1552,1,0.11
Others,10,Nagpur,BABITA RAJU AWASTHI,Independent,Maharashtra,1,0.00 Cr,182,1,0.02
Others,2,North-East Delhi,BABITA YADAV,Aazad Samaj Party (Kanshi Ram),NCT OF Delhi,,0.00 Cr,646,1,0.04
Others,29,Arambagh,BABLU GHANTI,Independent,West Bengal,1,0.00 Cr,1629,1,0.1
Others,7,Jhanjharpur,BABLU KUMAR,Aadarsh Mithila Party,Bihar,,0.00 Cr,11673,1,1.07
Others,9,Jamshedpur,BABLU PRASAD DANGI,Independent,Jharkhand,1,0.00 Cr,1152,1,0.09
Others,42,Solapur,BABLU SIDRAM GAIKWAD,Bahujan Samaj Party,Maharashtra,,0.00 Cr,5268,1,0.44
Others,53,Barabanki,BABOORAM,Independent,Uttar Pradesh,1,0.00 Cr,3669,1,0.28
Others,2,BIKANER,BABU LAL,Independent,Rajasthan,1,0.00 Cr,2019,1,0.18
Others,12,ARANI,BABU N,Independent,Tamil Nadu,1,0.00 Cr,674,1,0.06
Others,28,MAYILADUTHURAI,BABU P,All India Anna Dravida Munnetra Kazhagam,Tamil Nadu,,0.02 Cr,247276,1,22.73
Others,28,MAYILADUTHURAI,BABU S,Independent,Tamil Nadu,1,0.00 Cr,1838,1,0.17
Others,20,Dindori,BABU SADU BHAGRE (SIR),Independent,Maharashtra,1,0.01 Cr,103632,1,8.35
Others,20,RAJGARH,BABU SINGH,Sajag Samaj Party,Madhya Pradesh,,0.00 Cr,1191,1,0.08
Others,23,KARUR,BABU. G,Independent,Tamil Nadu,1,0.00 Cr,387,1,0.03
Others,10,Kishanganj,BABUL ALAM,Bahujan Samaj Party,Bihar,,0.00 Cr,7579,1,0.66
Others,25,JHALAWAR-BARAN,BABULAL,Independent,Rajasthan,1,0.00 Cr,7692,1,0.54
Others,48,Banda,BABULAL,Log Party,Uttar Pradesh,,0.00 Cr,2361,1,0.23
Others,6,TIKAMGARH,BABULAL KHANGAR,Independent,Madhya Pradesh,1,0.00 Cr,4459,1,0.41
Others,1,Kachchh,BABULAL LADHA CHAVDA,Independent,Gujarat,1,0.00 Cr,3354,1,0.31
Others,19,BHOPAL,BABULAL SEN,Moulik Adhikar Party,Madhya Pradesh,,0.00 Cr,720,1,0.05
Others,15,Hingoli,BABURAO ANANDRAO KADAM,Independent,Maharashtra,1,0.00 Cr,4482,1,0.39
Others,2,Dumka,BABYLATA TUDU,Independent,Jharkhand,1,0.00 Cr,19360,1,1.63
Others,24,TIRUCHIRAPPALLI,BACKIYARAJ VELLAISAMY,Naadaalum Makkal Katchi,Tamil Nadu,,0.00 Cr,2283,1,0.22
Others,2,RAIGARH,BADAL EKKA,Sarv Adi Dal,Chhattisgarh,,0.00 Cr,1728,1,0.12
Others,9,Faridkot,BADAL SINGH BHALOOR,Bhartiya Rashtriya Dal,Punjab,,0.00 Cr,2028,1,0.2
Others,19,NILGIRIS,BADRAN M,Ganasangam Party of India,Tamil Nadu,,0.00 Cr,2425,1,0.24
Others,70,Ghosi,BADRI NATH,Independent,Uttar Pradesh,1,0.00 Cr,1170,1,0.1
Others,45,Satara,BAGAL SADASHIV SAHEBRAO,Independent,Maharashtra,1,0.00 Cr,958,1,0.08
Others,34,Pune,BAGBAN SALEEM ABDUL RAZZAQUE,Independent,Maharashtra,1,0.00 Cr,146,1,0.01
Others,3,SIRSA,BAGDAWAT RAM,Independent,Haryana,1,0.00 Cr,1224,1,0.09
Others,2,Dumka,BAGHRAI SOREN,Independent,Jharkhand,1,0.00 Cr,2256,1,0.19
Others,38,Shirdi,BAGUL GORAKSHA TANHAJI,Independent,Maharashtra,1,0.00 Cr,2660,1,0.25
Others,6,Gandhinagar,BAGVAN BAHADURSHAH GULMOHAMMAD,Independent,Gujarat,1,0.00 Cr,771,1,0.06
Others,8,BHIWANI-MAHENDRAGARH,BAHADUR SINGH,Jannayak Janta Party,Haryana,,0.00 Cr,15265,1,1.29
Others,8,Fatehgarh Sahib,BAHAL SINGH,Aazad Samaj Party (Kanshi Ram),Punjab,,0.00 Cr,3104,1,0.32
Others,8,Supaul,BAIDYA NATH MEHTA,Independent,Bihar,1,0.01 Cr,51652,1,4.2
Others,16,Mavelikkara,BAIJU KALASALA,Bharath Dharma Jana Sena,Kerala,,0.01 Cr,142984,1,15.98
Others,2,Banaskantha,BAJAG LASHABHAI LAVAJIBHAI,Independent,Gujarat,1,0.00 Cr,3009,1,0.22
Others,3,Godda,BAJRANGI MAHTHA,Bahujan Samaj Party,Jharkhand,,0.00 Cr,8175,1,0.58
Others,5,Mayurbhanj,BAJUN HANSDA,Independent,Odisha,1,0.00 Cr,5322,1,0.45
Others,18,Jalna,BAKALE PRABHAKAR DEVGAN,Vanchit Bahujan  Aaghadi,Maharashtra,,0.00 Cr,37810,1,2.77
Others,6,Balurghat,BAKHTIAR MUJAHIT SAHANI,Independent,West Bengal,1,0.00 Cr,6393,1,0.52
Others,12,ARANI,"BAKIYALAKSHMI, K.",Naam Tamilar Katchi,Tamil Nadu,,0.01 Cr,66740,1,5.85
Others,2,Amritsar,BAL KRISHAN SHARMA,Independent,Punjab,1,0.00 Cr,1107,1,0.12
Others,4,Jalandhar,BAL MUKAND BAWRA,Global Republican Party,Punjab,,0.00 Cr,591,1,0.06
Others,27,Mumbai North West,BALA VENKATESH VINAYAK NADAR,Aapki Apni Party (Peoples),Maharashtra,,0.00 Cr,1763,1,0.18
Others,9,Narsapuram,BALAGAM NAYAKAR,Independent,Andhra Pradesh,1,0.00 Cr,5240,1,0.43
Others,41,Latur,BALAJI SHESHRAO BANSODE,Independent,Maharashtra,1,0.00 Cr,954,1,0.08
Others,41,Latur,BALAJI TUKARAM GAIKWAD,Bharat Peoples Sena,Maharashtra,,0.00 Cr,683,1,0.06
Others,3,CHENNAI SOUTH,BALAJI. G. MANGADU,Aravor Munnetra Kazhagam,Tamil Nadu,,0.00 Cr,589,1,0.05
Others,16,NAMAKKAL,BALAJICHEZHIAN P,Independent,Tamil Nadu,1,0.00 Cr,719,1,0.06
Others,26,Bangalore South,BALAKRISHNA.M.,Uttama Prajaakeeya Party,Karnataka,,0.00 Cr,1110,1,0.09
Others,1,Kasaragod,BALAKRISHNAN N,Independent,Kerala,1,0.00 Cr,628,1,0.06
Others,14,KALLAKURICHI,BALAKRISHNAN P,Independent,Tamil Nadu,1,0.00 Cr,3469,1,0.28
Others,1,TIRUVALLUR,"Balakrishnan, K.",Independent,Tamil Nadu,1,0.00 Cr,1690,1,0.12
Others,11,Dharwad,BALANAGOUDRA MALLIKARJUNAGOUDA,Independent,Karnataka,1,0.00 Cr,987,1,0.07
Others,1,Tripura West,BALARAM DEBBARMA,Independent,Tripura,1,0.00 Cr,4479,1,0.37
Others,22,Jadavpur,BALARAM MANDAL,Independent,West Bengal,1,0.00 Cr,2835,1,0.18
Others,10,Bolangir,BALARAM SA,Independent,Odisha,1,0.00 Cr,6097,1,0.44
Others,5,Buldhana,BALASAHEB RAMCHANDRA INGLE,Independent,Maharashtra,1,0.00 Cr,3931,1,0.35
Others,35,Baramati,BALASO MARUTI DHAPATE,Independent,Maharashtra,1,0.00 Cr,655,1,0.05
Others,38,TIRUNELVELI,BALASUBRAMANIAN,Bahujan Samaj Party,Tamil Nadu,,0.00 Cr,2067,1,0.19
Others,39,KANNIYAKUMARI,BALASUBRAMANIAN T,Independent,Tamil Nadu,1,0.00 Cr,2072,1,0.2
Others,7,Bidar,BALBHEEM UNNE,Independent,Karnataka,1,0.00 Cr,1470,1,0.12
Others,6,SONIPAT,BALBIR SINGH,Socialist Unity Centre Of India (COMMUNIST),Haryana,,0.00 Cr,768,1,0.07
Others,5,Haridwar,BALBIR SINGH BHANDARI,Uttarakhand Samanta Party,Uttarakhand,,0.00 Cr,2961,1,0.23
Others,3,ANANTNAG-RAJOURI,BALDEV KUMAR,Independent,Jammu and Kashmir,1,0.00 Cr,6189,1,0.6
Others,7,DURG,BALDEV SAHU,Independent,Chhattisgarh,1,0.00 Cr,1613,1,0.1
Others,24,KOTA,BALDEV SINGH FOJI,Bharatheeya Jawan Kisan Party,Rajasthan,,0.00 Cr,1069,1,0.07
Others,9,Faridkot,BALDEV SINGH GAGRA,Shiromani Akali Dal (Amritsar)(Simranjit Singh Mann),Punjab,,0.00 Cr,2395,1,0.24
Others,7,Ludhiana,BALDEV SINGH SUMAN,Independent,Punjab,1,0.00 Cr,450,1,0.04
Others,21,Hajipur,BALENDRA DAS,Janshakti Janta Dal,Bihar,,0.00 Cr,1318,1,0.11
Others,16,Vaishali,BALENDRA TIWARY,Hindustan Janta Party Secular,Bihar,,0.00 Cr,1366,1,0.12
Others,6,Medak,BALESH UPPARI,Independent,Telangana,1,0.00 Cr,1393,1,0.1
Others,17,Nandyal,BALIJA SHIVA KUMAR,Independent,Andhra Pradesh,1,0.00 Cr,288,1,0.02
Others,68,Lalganj,BALINDAR,Janta Kranti Party (Rashtravadi),Uttar Pradesh,,0.00 Cr,4158,1,0.41
Others,1,AMBALA,BALJEET SINGH,Bharatheeya Jawan Kisan Party,Haryana,,0.00 Cr,2502,1,0.19
Others,1,Chandigarh,BALJEET SINGH ALIAS LADDI,Independent,Chandigarh,1,0.00 Cr,436,1,0.1
Others,7,Ludhiana,BALJIT SINGH,Independent,Punjab,1,0.00 Cr,1138,1,0.11
Others,70,Ghosi,BALKRISHNA CHAUHAN,Bahujan Samaj Party,Uttar Pradesh,,0.02 Cr,209404,1,18.2
Others,19,BHOPAL,BALRAM SINGH TAUMAR,Bhartiya Shakti Chetna Party,Madhya Pradesh,,0.00 Cr,588,1,0.04
Others,10,Bolangir,BALRAM SINGH YADAV,Independent,Odisha,1,0.00 Cr,8674,1,0.62
Others,3,Patan,BALVANT CHHATRALIYA,Bahujan Samaj Party,Gujarat,,0.00 Cr,5865,1,0.49
Others,7,Ludhiana,BALVINDER SINGH BITTA,Independent,Punjab,1,0.00 Cr,918,1,0.09
Others,8,BHIWANI-MAHENDRAGARH,BALWAN,Peoples Party of India (Democratic),Haryana,,0.00 Cr,857,1,0.07
Others,4,UDHAMPUR,BALWAN SINGH,Jammu & Kashmir National Panthers Party (Bhim),Jammu and Kashmir,,0.00 Cr,3292,1,0.3
Others,5,KARNAL,BALWAN SINGH,Independent,Haryana,1,0.00 Cr,1188,1,0.09
Others,10,Firozpur,BALWANT SINGH SAMMEWALI,Nationalist Justice Party,Punjab,,0.00 Cr,1152,1,0.1
Others,2,Amritsar,BALWINDER SINGH,Independent,Punjab,1,0.00 Cr,857,1,0.09
Others,10,Firozpur,BALWINDER SINGH,Republican Party of India (Athawale),Punjab,,0.00 Cr,1364,1,0.12
Others,12,Sangrur,BALWINDER SINGH,Independent,Punjab,1,0.00 Cr,2288,1,0.23
Others,10,Firozpur,BALWINDER SINGH CHOHAN,Jan Sewa Driver Party,Punjab,,0.00 Cr,1367,1,0.12
Others,12,Sangrur,BALWINDER SINGH SEKHON,Independent,Punjab,1,0.00 Cr,2572,1,0.25
Others,8,Supaul,BAMBAM KUMAR,Independent,Bihar,1,0.00 Cr,7006,1,0.57
Others,16,Dum dum,BANAMALI PANDA,Socialist Unity Centre Of India (COMMUNIST),West Bengal,,0.00 Cr,1739,1,0.14
Others,34,Sasaram,BANARSI DAS,Peoples Party of India (Democratic),Bihar,,0.00 Cr,4498,1,0.41
Others,19,Ananthapur,BANASI NARAYANAPPA,Bahujan Samaj Party,Andhra Pradesh,,0.00 Cr,6396,1,0.44
Others,11,Mahbubnagar,BANDA SATYANARAYANA,Independent,Telangana,1,0.00 Cr,264,1,0.02
Others,44,Sangli,BANDAGAR NANASO BALASO,Independent,Maharashtra,1,0.00 Cr,1300,1,0.11
Others,4,Darjeeling,BANDANA RAI,Independent,West Bengal,1,0.00 Cr,13674,1,1.03
Others,25,Chittoor(SC),BANDAPALLI RAMESH,Independent,Andhra Pradesh,1,0.00 Cr,493,1,0.03
Others,6,Medak,BANDAPALLY SRINIVAS,Socialist Unity Centre Of India (COMMUNIST),Telangana,,0.00 Cr,2366,1,0.17
Others,17,Khammam,BANDARU NAGARAJU,Independent,Telangana,1,0.00 Cr,2122,1,0.17
Others,2,Arunachal East,BANDEY MILI,Arunachal Democratic Party,Arunachal Pradesh,,0.00 Cr,6622,1,2.05
Others,14,Shimoga,BANDI,Independent,Karnataka,1,0.00 Cr,7266,1,0.53
Others,7,Malkajgiri,BANJAPALLY SUDHA RANI,Independent,Telangana,1,0.00 Cr,1069,1,0.06
Others,11,Dharwad,BANKAPUR SHOUKATALI,Tipu Sultan Party,Karnataka,,0.00 Cr,473,1,0.03
Others,4,Visakhapatnam,BANNA. RAMESH,Dalita Bahujana Party,Andhra Pradesh,,0.00 Cr,948,1,0.07
Others,16,Mahabubabad,BANOTH LINGYA NAIK,Independent,Telangana,1,0.00 Cr,1715,1,0.15
Others,16,Mahabubabad,BANOTH PREM NAYAK [BPN],Independent,Telangana,1,0.00 Cr,3712,1,0.33
Others,16,Mahabubabad,BANOTHU LINGANNA,Blue India Party,Telangana,,0.00 Cr,1367,1,0.12
Others,4,JHUNJHUNU,BANSHIDHAR,Bahujan Samaj Party,Rajasthan,,0.00 Cr,6867,1,0.61
Others,20,BANSWARA,BANSHILAL AHARI,Independent,Rajasthan,1,0.00 Cr,17896,1,1.09
Others,5,JAMMU,BANSI LAL,Independent,Jammu and Kashmir,1,0.00 Cr,1059,1,0.08
Others,28,Mumbai North East,BANSODE DILIP,Independent,Maharashtra,1,0.00 Cr,838,1,0.09
Others,41,Latur,BANSODE RAGHUNATH WAGHOJI,Independent,Maharashtra,1,0.00 Cr,1600,1,0.13
Others,23,KARUR,BANUMATHY. S,Independent,Tamil Nadu,1,0.00 Cr,496,1,0.04
Others,20,Mathurapur,BAPI HALDAR,Independent,West Bengal,1,0.00 Cr,5626,1,0.38
Others,20,Mathurapur,BAPI HALDER,Independent,West Bengal,1,0.00 Cr,8934,1,0.6
Others,33,Jhargram,BAPI SOREN,All India Secular Front,West Bengal,,0.00 Cr,5895,1,0.4
Others,20,Mathurapur,BAPPA DAS,Party for Democratic Socialism,West Bengal,,0.00 Cr,1209,1,0.08
Others,21,CHITTORGARH,BAPU LAL ANJANA,Independent,Rajasthan,1,0.00 Cr,7846,1,0.52
Others,35,Baramati,BAPU PRALHAD PAWAR,Independent,Maharashtra,1,0.00 Cr,998,1,0.07
Others,43,Madha,BARASKAR RAMESH NAGNATH,Vanchit Bahujan  Aaghadi,Maharashtra,,0.00 Cr,20604,1,1.62
Others,15,Warangal,BARIGELA SHIVA,Independent,Telangana,1,0.00 Cr,2949,1,0.23
Others,12,Gadchiroli - Chimur,BARIKRAO DHARMAJI MADAVI,Bahujan Republican  Socialist Party,Maharashtra,,0.00 Cr,2555,1,0.22
Others,8,Silchar,BARINDRA KUMAR DAS,Bangali Nabanirman Sena,Assam,,0.00 Cr,1593,1,0.15
Others,19,Dahod,BARIYA MANILAL HIRABHAI,Independent,Gujarat,1,0.00 Cr,6588,1,0.59
Others,13,Davanagere,BARKATH ALI,Independent,Karnataka,1,0.00 Cr,411,1,0.03
Others,12,Vijayawada,BARRE SREENIVASARAO (JAI BHEEM SRINIVAS),Telugu Rajadhikara Samiti Party,Andhra Pradesh,,0.00 Cr,615,1,0.05
Others,29,BETUL,BARSKAR SUBHASH KORAKU,Swatantra Kisan Party,Madhya Pradesh,,0.00 Cr,3849,1,0.28
Others,20,Saran,BARUN KUMAR DAS,Gana Suraksha Party,Bihar,,0.00 Cr,1775,1,0.17
Others,33,Jhargram,BARUN MAHATO,Independent,West Bengal,1,0.00 Cr,12087,1,0.81
Others,5,BILASPUR,BASANT BANSL,Independent,Chhattisgarh,1,0.00 Cr,564,1,0.04
Others,26,INDORE,BASANT GEHLOT,Jan Sangh Party,Madhya Pradesh,,0.00 Cr,3676,1,0.24
Others,11,Khunti,BASANT KUMAR LONGA,Independent,Jharkhand,1,0.00 Cr,10755,1,1.15
Others,9,MAHASAMUND,BASANT SINHA,Bahujan Samaj Party,Chhattisgarh,,0.00 Cr,8860,1,0.67
Others,7,Bhadrak,BASANTA KUMAR MAHALIK,Independent,Odisha,1,0.00 Cr,1530,1,0.12
Others,2,Belgaum,BASAPPA GURUSIDDAPPA KUMBAR,Karnataka Rashtra Samithi,Karnataka,,0.00 Cr,5441,1,0.39
Others,6,Raichur,BASAVA PRABHU. MEDA,Karnataka Rashtra Samithi,Karnataka,,0.00 Cr,5181,1,0.4
Others,10,Haveri,BASAVARAJ B HADI,Independent,Karnataka,1,0.00 Cr,1071,1,0.08
Others,16,Hassan,BASAVARAJU J.D (EX-ARMY),Independent,Karnataka,1,0.00 Cr,4063,1,0.3
Others,19,Tumkur,BASAVARAJU. H.R,National Maha Sabha Party,Karnataka,,0.00 Cr,439,1,0.03
Others,14,Bhongir,BASHABOINA LAKSHMAIAH,Independent,Telangana,1,0.00 Cr,1320,1,0.09
Others,15,Warangal,BASHIPAKA SUDHAKAR,Independent,Telangana,1,0.00 Cr,505,1,0.04
Others,31,SIVAGANGA,BASKARAN S,Independent,Tamil Nadu,1,0.00 Cr,2194,1,0.21
Others,23,KARUR,BASKARAN. N,Independent,Tamil Nadu,1,0.00 Cr,205,1,0.02
Others,15,Muzaffarpur,BASKIT KUMAR SHARMA,Independent,Bihar,1,0.00 Cr,1779,1,0.16
Others,15,PALI,BASTIRAM,Indian Peoples Green Party,Rajasthan,,0.00 Cr,1586,1,0.12
Others,37,Bishnupur,BASUDEB SIKARI,Independent,West Bengal,1,0.00 Cr,5106,1,0.34
Others,8,Secunderabad,BATHULA RAVI,Independent,Telangana,1,0.00 Cr,252,1,0.02
Others,24,Rajampet,BATTHALA RAMANAIAH,Jai Bharat National Party,Andhra Pradesh,,0.00 Cr,1366,1,0.1
Others,8,Rajahmundry,BATTULA BALARAMAKRISHNA,Navarang Congress Party,Andhra Pradesh,,0.00 Cr,17008,1,1.28
Others,14,Amreli,BAVKUBHAI AMARUBHAI VALA,Independent,Gujarat,1,0.00 Cr,3777,1,0.43
Others,56,Baharaich,BECHULAL,Independent,Uttar Pradesh,1,0.00 Cr,2920,1,0.28
Others,1,Sikkim,BEENA RAI,Independent,Sikkim,1,0.00 Cr,1125,1,0.29
Others,20,Mandya,BEERESH. C.T (SAINIKA BEERESH),Independent,Karnataka,1,0.00 Cr,931,1,0.06
Others,13,Chandrapur,BELE RAJESH WARLUJI,Vanchit Bahujan  Aaghadi,Maharashtra,,0.00 Cr,21980,1,1.77
Others,17,Nandyal,BELLAMKONDA SREENIVASULU,Independent,Andhra Pradesh,1,0.00 Cr,353,1,0.03
Others,3,Vizianagaram,BELLANA CHANDRASEKHAR,Yuvajana Sramika Rythu Congress Party,Andhra Pradesh,,0.05 Cr,493762,1,38
Others,5,SIKAR,BENI PRASAD KAUSHIK (LATA),Rashtriya Sawarn Dal,Rajasthan,,0.00 Cr,1731,1,0.13
Others,11,Bhandara Gondiya,BENIRAM RAMCHAND FULBANDHE,Independent,Maharashtra,1,0.00 Cr,1497,1,0.12
Others,21,POLLACHI,BENJAMINKIRUBAKARAN J,Bahujan Samaj Party,Tamil Nadu,,0.00 Cr,2284,1,0.2
Others,11,TIRUVANNAMALAI,"BENNYRAJAN, C.J.",Bharatiya Praja Aikyata Party,Tamil Nadu,,0.00 Cr,4810,1,0.42
Others,39,KANNIYAKUMARI,BERRILA L,Independent,Tamil Nadu,1,0.00 Cr,3262,1,0.32
Others,12,Nagarkurnool,BESAMOLLA  YOSEF,Bahujan Samaj Party,Telangana,,0.00 Cr,7218,1,0.59
Others,1,AMBALA,BETA MAM CHAND RATTUWALA,Bharatiya Yuva Jan Ekta Party,Haryana,,0.00 Cr,1251,1,0.09
Others,2,Srikakulam,BETHA VIVEKANANDA MAHARAJ,Independent,Andhra Pradesh,1,0.00 Cr,2536,1,0.21
Others,14,Bhongir,BETHI NARENDER,Independent,Telangana,1,0.00 Cr,2168,1,0.15
Others,19,Dahod,BHABHOR DHULABHAI DITABHAI,Bahujan Samaj Party,Gujarat,,0.00 Cr,8632,1,0.77
Others,4,Jalandhar,BHAGAT GULSHAN AZAAD,Democratic Bharatiya Samaj Party,Punjab,,0.00 Cr,930,1,0.09
Others,7,DURG,BHAGBALI SIVARE,Independent,Chhattisgarh,1,0.00 Cr,389,1,0.03
Others,29,BETUL,BHAGCHARAN WARKADE,Independent,Madhya Pradesh,1,0.00 Cr,5968,1,0.43
Others,13,Kandhamal,BHAGIRATHI BALIARSINGH,Manas Lokshakti Dal,Odisha,,0.00 Cr,7330,1,0.74
Others,11,SIDHI,BHAGWAN PRASAD TIWARI,Independent,Madhya Pradesh,1,0.00 Cr,7331,1,0.64
Others,18,Jalna,BHAGWAN SAHEBRAO REGUDE,Hindustan Janta Party,Maharashtra,,0.00 Cr,1174,1,0.09
Others,33,Buxar,BHAGWAN SINGH YADAV,Independent,Bihar,1,0.00 Cr,2053,1,0.19
Others,37,Amethi,BHAGWANDIN PASI,Moulik Adhikar Party,Uttar Pradesh,,0.00 Cr,2334,1,0.24
Others,11,Bathinda,BHAGWANT SINGH SAMAON,Independent,Punjab,1,0.00 Cr,3388,1,0.29
Others,35,Purulia,BHAGWAT DASS SHASTRI,Independent,West Bengal,1,0.00 Cr,4512,1,0.31
Others,37,Ahmednagar,BHAGWAT DHONDIBA GAIKWAD,Samata Party,Maharashtra,,0.00 Cr,4944,1,0.37
Others,5,BILASPUR,BHAGWAT PATRE,Prabuddha Republican Party,Chhattisgarh,,0.00 Cr,712,1,0.05
Others,5,SAGAR,BHAGWATI PRASAD JATAV,Bahujan Samaj Party,Madhya Pradesh,,0.00 Cr,16636,1,1.45
Others,20,Hindupur,BHAGYA R S,Bahujan Samaj Party,Andhra Pradesh,,0.00 Cr,8015,1,0.57
Others,13,VILUPPURAM,BHAGYARAJ. J,All India Anna Dravida Munnetra Kazhagam,Tamil Nadu,,0.04 Cr,406330,1,35.25
Others,21,Nashik,BHAGYASHRI NITIN ADSUL,Indian Peoples Adhikar Party,Maharashtra,,0.00 Cr,1244,1,0.1
Others,18,VIDISHA,BHAI MUNSHILAL SILAWAT,Public Political Party,Madhya Pradesh,,0.00 Cr,1117,1,0.08
Others,17,Kheda,BHAILALBHAI KALUBHAI PANDAV,Bahujan Samaj Party,Gujarat,,0.00 Cr,6152,1,0.52
Others,8,Jajpur,BHAIRABA PRASAD BEHERA,Independent,Odisha,1,0.00 Cr,2403,1,0.21
Others,7,DAMOH,BHAIYA VIJAY PATEL (KURMI) TIRGARH BALE,Bhartiya Shakti Chetna Party,Madhya Pradesh,,0.00 Cr,12217,1,1.12
Others,15,SALEM,BHALAJI M,Independent,Tamil Nadu,1,0.00 Cr,3441,1,0.26
Others,19,Aurangabad,BHALERAO VASANT SAMBHAJI,Prabuddha Republican Party,Maharashtra,,0.00 Cr,1547,1,0.12
Others,8,RAIPUR,BHANJAN JANGADE (ADHIWAKTA),Bharatiya Bahujan Congress,Chhattisgarh,,0.00 Cr,821,1,0.05
Others,42,Solapur,BHANTENAAGAMURTI MOULAPPA KURANE,Independent,Maharashtra,1,0.00 Cr,1554,1,0.13
Others,8,Rajahmundry,BHANU CHANDAR KURUVELLA,Independent,Andhra Pradesh,1,0.00 Cr,1958,1,0.15
Others,17,Mathura,BHANU PRATAP SINGH,Independent,Uttar Pradesh,1,0.00 Cr,15665,1,1.64
Others,19,BHOPAL,BHANU PRATAP SINGH,Bahujan Samaj Party,Madhya Pradesh,,0.00 Cr,13305,1,0.89
Others,42,Kannauj,BHANU PRATAP SINGH DOHRE,Independent,Uttar Pradesh,1,0.00 Cr,1432,1,0.12
Others,19,Aurangabad,BHANUDAS SON OF RAMDAS SARODE PATIL,Independent,Maharashtra,1,0.00 Cr,1110,1,0.09
Others,16,Jagatsinghpur,BHANUMATI DAS,Utkal Samaj,Odisha,,0.00 Cr,677,1,0.05
Others,7,DURG,BHANUPRATAP CHATURVEDI,Independent,Chhattisgarh,1,0.00 Cr,351,1,0.02
Others,24,KOTA,BHANWAR KUMAR RAWAL,Independent,Rajasthan,1,0.00 Cr,1131,1,0.08
Others,25,Thane,BHANWARLAL KHETMAL MEHTA,Hindu Samaj Party,Maharashtra,,0.00 Cr,1488,1,0.11
Others,20,Dindori,BHARAT ARUN PAWAR,Bahujan Republican  Socialist Party,Maharashtra,,0.00 Cr,5621,1,0.45
Others,2,Dhule,BHARAT BABURAO JADHAV,Independent,Maharashtra,1,0.00 Cr,19713,1,1.62
Others,1,Sikkim,BHARAT BASNETT,Citizen Action Party-Sikkim,Sikkim,,0.01 Cr,83566,1,21.71
Others,8,BHIWANI-MAHENDRAGARH,BHARAT BHUSHAN,Bhartiya Shakti Chetna Party,Haryana,,0.00 Cr,443,1,0.04
Others,10,FARIDABAD,BHARAT BHUSHAN KOLI,Rashtra Nirman Party,Haryana,,0.00 Cr,808,1,0.05
Others,7,Amravati,BHARAT CHAMPATRAO YANGAD,Independent,Maharashtra,1,0.00 Cr,441,1,0.04
Others,41,Latur,BHARAT HARIBA NANAWARE,Peoples Party of India (Democratic),Maharashtra,,0.00 Cr,1449,1,0.12
Others,27,Mumbai North West,BHARAT KHIMJI SHAH,Hindu Samaj Party,Maharashtra,,0.00 Cr,937,1,0.1
Others,3,GWALIOR,BHARAT PAL,Aazad Samaj Party (Kanshi Ram),Madhya Pradesh,,0.00 Cr,4163,1,0.31
Others,19,Aurangabad,BHARAT PURUSHOTTAM KADAM,Rashtriya Maratha Party,Maharashtra,,0.00 Cr,1495,1,0.11
Others,73,Jaunpur,BHARAT RAM,Pachchasi Parivartan Samaj Party,Uttar Pradesh,,0.00 Cr,802,1,0.07
Others,38,Shirdi,BHARAT SAMBHAJI BHOSLE,Samata Party,Maharashtra,,0.00 Cr,3403,1,0.32
Others,22,Palghar,BHARAT SAMJI VANGA,Bahujan Samaj Party,Maharashtra,,0.00 Cr,15465,1,1.12
Others,7,Malkajgiri,BHARATHA SUDARSHAN,Independent,Telangana,1,0.00 Cr,1643,1,0.08
Others,1,TIRUVALLUR,"Bharathidasan, S.S.",Independent,Tamil Nadu,1,0.00 Cr,1631,1,0.12
Others,19,BHOPAL,BHARTI YADAV,Independent,Madhya Pradesh,1,0.00 Cr,1839,1,0.12
Others,24,Bangalore North,BHASKAR ANKALAMADUGU SHIVAREDDY,Independent,Karnataka,1,0.00 Cr,831,1,0.05
Others,27,Chikkballapur,BHASKAR ANKALAMADUGU SHIVAREDDY,Independent,Karnataka,1,0.00 Cr,1367,1,0.09
Others,39,Beed,BHASKAR BANSIDHARRAO KHANDE,Independent,Maharashtra,1,0.00 Cr,390,1,0.03
Others,16,Nanded,BHASKAR CHAMPATRAO DOIFODE,Independent,Maharashtra,1,0.00 Cr,2080,1,0.18
Others,20,Berhampur,BHASKAR CHAUDHORY,Bahujan Samaj Party,Odisha,,0.00 Cr,5211,1,0.5
Others,22,Nellore,BHASKAR NASINA,Bahujan Samaj Party,Andhra Pradesh,,0.00 Cr,5811,1,0.42
Others,16,Anand,BHATT SUNILKUMAR NARENDRABHAI,Right to Recall Party,Gujarat,,0.00 Cr,1592,1,0.14
Others,17,Khammam,BHATTU SRINIVAS,Jai Bharat National Party,Telangana,,0.00 Cr,476,1,0.04
Others,7,Amravati,BHAURAO SAMPATRAO WANKHADE,All India Forward Bloc,Maharashtra,,0.00 Cr,329,1,0.03
Others,38,Shirdi,BHAUSAHEB RAMNATH WAKCHAURE,Independent,Maharashtra,1,0.00 Cr,14006,1,1.32
Others,43,Madha,BHAUSAHEB SUKHADEV LIGADE,Independent,Maharashtra,1,0.00 Cr,2052,1,0.16
Others,6,Kakinada,BHAVANI SANKAR PRASAD MERLA,Independent,Andhra Pradesh,1,0.00 Cr,1969,1,0.15
Others,10,Rajkot,BHAVESH UPENDRABHAI ACHARYA,Independent,Gujarat,1,0.00 Cr,2840,1,0.22
Others,14,Amreli,BHAVESHBHAI JENTIBHAI RANK,Independent,Gujarat,1,0.00 Cr,3671,1,0.42
Others,10,Rajkot,BHAVESHBHAI KANTILAL PIPALIYA,Independent,Gujarat,1,0.00 Cr,2856,1,0.22
Others,5,Sabarkantha,BHAVNABA NARENDRASINH PARMAR,Independent,Gujarat,1,0.00 Cr,5459,1,0.43
Others,28,Mumbai North East,BHAWANI H. CHOUDHARY,Sardar Vallabhbhai Patel Party,Maharashtra,,0.00 Cr,746,1,0.08
Others,15,Hingoli,BHAWAR GOVINDRAO FULAJI,Independent,Maharashtra,1,0.00 Cr,2146,1,0.19
Others,13,AJMER,BHAWARLAL SONI,Independent,Rajasthan,1,0.00 Cr,938,1,0.08
Others,5,SAGAR,BHEEKAM SINGH KUSHWAHA,Mahanwadi Party,Madhya Pradesh,,0.00 Cr,5784,1,0.5
Others,18,VIDISHA,BHEEKAM SINGH KUSHWAHA,Mahanwadi Party,Madhya Pradesh,,0.00 Cr,724,1,0.05
Others,41,Latur,BHIKAJI GANGARAM JADHAV,Kranti Kari Jai Hind Sena,Maharashtra,,0.00 Cr,866,1,0.07
Others,21,Chhota Udaipur,BHIL SOMABHAI GOKALBHAI,Bahujan Samaj Party,Gujarat,,0.00 Cr,16093,1,1.27
Others,13,Gautam Buddha Nagar,BHIM PRAKASH JIGYASU,Viro Ke Vir Indian Party,Uttar Pradesh,,0.00 Cr,3875,1,0.27
Others,71,Salempur,BHIM RAJBHAR,Bahujan Samaj Party,Uttar Pradesh,,0.01 Cr,80599,1,8.79
Others,7,South Delhi,BHIM SINGH,Ambedkarite Party of India,NCT OF Delhi,,0.00 Cr,602,1,0.05
Others,1,Chikkodi,BHIMASEN DATTU SANADI,Independent,Karnataka,1,0.00 Cr,619,1,0.04
Others,31,Hardoi,BHIMRAO AMBEDKAR,Bahujan Samaj Party,Uttar Pradesh,,0.01 Cr,122629,1,11.15
Others,5,Hoshiarpur,BHIMRAO YASHWANT AMBEDKAR,Global Republican Party,Punjab,,0.00 Cr,1041,1,0.11
Others,8,Ahmedabad West,BHITORA BHAVESHKUMAR CHIMANLAL,Gujarat Loktantra Party,Gujarat,,0.00 Cr,2458,1,0.25
Others,4,Raver,BHIVRAJ RAMDAS RAYSINGE,Independent,Maharashtra,1,0.00 Cr,1809,1,0.15
Others,15,PALI,BHIYARAM,Independent,Rajasthan,1,0.00 Cr,1345,1,0.1
Others,16,Anand,BHOI ASHISHKUMAR THAKORBHAI,Independent,Gujarat,1,0.00 Cr,5542,1,0.47
Others,9,Ramtek,BHOJRAJ TUKARAM SARODE,Jay Vidarbha Party,Maharashtra,,0.00 Cr,888,1,0.07
Others,11,KANKER,BHOJRAM MANDAVI,Rashtriya Jansabha Party,Chhattisgarh,,0.00 Cr,3361,1,0.27
Others,17,Gopalganj,BHOLA HARIJAN,Independent,Bihar,1,0.00 Cr,11140,1,1.05
Others,5,Sitamarhi,BHOLA SINGH,Bahujan Samaj Party,Bihar,,0.00 Cr,8810,1,0.81
Others,7,Ludhiana,BHOLA SINGH,Independent,Punjab,1,0.00 Cr,411,1,0.04
Others,16,JODHPUR,BHOM SINGH,Indian Peoples Green Party,Rajasthan,,0.00 Cr,487,1,0.04
Others,28,Mumbai North East,BHOPINDER SINGH SAINI,Viro Ke Vir Indian Party,Maharashtra,,0.00 Cr,946,1,0.1
Others,36,Shirur,BHOR VIKAS ROHIDAS,Independent,Maharashtra,1,0.00 Cr,1147,1,0.08
Others,40,Osmanabad,BHORE NITIN KHANDU,Independent,Maharashtra,1,0.00 Cr,1204,1,0.09
Others,4,Bijapur,BHOVI TARABAI,Independent,Karnataka,1,0.00 Cr,4353,1,0.34
Others,20,Berhampur,BHRUGU BAXIPATRA,Biju Janata Dal,Odisha,,0.03 Cr,347626,1,33.33
Others,4,Nizamabad,BHUKYA. NANDU,Vidhyarthula Rajakiya Party,Telangana,,0.00 Cr,580,1,0.05
Others,17,Nandyal,BHUMA VEERA BHADRA REDDY,Navarang Congress Party,Andhra Pradesh,,0.00 Cr,646,1,0.05
Others,14,Hazaribagh,BHUNESHWAR BEDIYA,Samata Party,Jharkhand,,0.00 Cr,2264,1,0.18
Others,5,BILASPUR,BHUNESHWAR MARKO,Independent,Chhattisgarh,1,0.00 Cr,970,1,0.07
Others,15,Bhavnagar,BHUPATBHAI MOHANBHAI VALA,Right to Recall Party,Gujarat,,0.00 Cr,2394,1,0.23
Others,6,SONIPAT,BHUPENDER SINGH MALIK,Jannayak Janta Party,Haryana,,0.00 Cr,7820,1,0.7
Others,25,Bareilly,BHUPENDRA KUMAR MAURYA,Peoples Party of India (Democratic),Uttar Pradesh,,0.00 Cr,1704,1,0.15
Others,4,Darjeeling,BHUPENDRA LEPCHA,Independent,West Bengal,1,0.00 Cr,6395,1,0.48
Others,10,Meerut,BHUPENDRA PAL URF BHUPPI BHAI,Rashtriya Shoshit Samaj Party,Uttar Pradesh,,0.00 Cr,2626,1,0.22
Others,7,Ludhiana,BHUPINDER SINGH,Bharatheeya Jawan Kisan Party,Punjab,,0.00 Cr,1287,1,0.12
Others,12,Jamnagar,BHURALAL MEGHJIBHAI PARMAR,Independent,Gujarat,1,0.00 Cr,1928,1,0.18
Others,29,BETUL,BHURELAL CHOTELAL BETHEKAR,Independent,Madhya Pradesh,1,0.00 Cr,7811,1,0.56
Others,18,Chitradurga,BHUTHARAJA. V.S.,Independent,Karnataka,1,0.00 Cr,2397,1,0.18
Others,6,RAJNANDGAON,BHUVAN SAHU,Independent,Chhattisgarh,1,0.00 Cr,4174,1,0.29
Others,15,BALAGHAT,BHUVAN SINGH KORAM,Independent,Madhya Pradesh,1,0.00 Cr,13074,1,0.95
Others,47,HAMIRPUR,BHUVANENDRA NARAYAN SINGH,Independent,Uttar Pradesh,1,0.00 Cr,4320,1,0.39
Others,25,JHALAWAR-BARAN,BHUVANESH KUMAR,Right to Recall Party,Rajasthan,,0.00 Cr,9345,1,0.66
Others,1,KANGRA,BHUVNESH KUMAR,Rashtriya Devbhumi Party,Himachal Pradesh,,0.00 Cr,756,1,0.07
Others,41,Etawah,BHUVNESH KUMARI,Samyak Party,Uttar Pradesh,,0.00 Cr,1657,1,0.16
Others,16,Jagatsinghpur,BIBHUTI BHUSAN MAJHI,Bahujan Samaj Party,Odisha,,0.00 Cr,2740,1,0.21
Others,43,Madha,BICHUKALE SANTOSH BALASAHEB,Republican Party of India (A),Maharashtra,,0.00 Cr,4046,1,0.32
Others,31,Kanthi,BIDESH BASU MAITY,Independent,West Bengal,1,0.00 Cr,5654,1,0.37
Others,10,Kishanganj,BIDESHI RISHIDEV,Independent,Bihar,1,0.00 Cr,11818,1,1.03
Others,1,Coochbehar,BIDHAN DAS,Independent,West Bengal,1,0.00 Cr,2072,1,0.13
Others,8,Jajpur,BIDYADHAR DALEI,Ambedkarite Party of India,Odisha,,0.00 Cr,2172,1,0.19
Others,18,Basirhat,BIDYUT GAYEN,Independent,West Bengal,1,0.00 Cr,3634,1,0.24
Others,12,Lohardaga,BIHARI BHAGAT,Peoples Party of India (Democratic),Jharkhand,,0.00 Cr,7602,1,0.79
Others,7,South Delhi,BIHARI LAL JALANDHARI,India Greens Party,NCT OF Delhi,,0.00 Cr,514,1,0.04
Others,41,Bolpur,BIJOY DOLUI,Socialist Unity Centre Of India (COMMUNIST),West Bengal,,0.00 Cr,2792,1,0.18
Others,8,Maldaha Dakshin,BIJOY KUMAR SARKAR,Independent,West Bengal,1,0.00 Cr,4776,1,0.35
Others,6,Madhubani,BIKASH KUMAR,Bahujan Samaj Party,Bihar,,0.00 Cr,7223,1,0.7
Others,8,Maldaha Dakshin,BIKASH RABIDAS,Bahujan Samaj Party,West Bengal,,0.00 Cr,5065,1,0.37
Others,17,Barasat,BIKASH SARKAR,Mulnibasi Party of India,West Bengal,,0.00 Cr,1929,1,0.13
Others,4,Visakhapatnam,BIKKAVOLU. CHALAMAJI,Navarang Congress Party,Andhra Pradesh,,0.00 Cr,4884,1,0.35
Others,12,Lakhimpur,BIKRAM RAMCHIARY,Independent,Assam,1,0.00 Cr,10293,1,0.85
Others,8,Fatehgarh Sahib,BIKRAMJIT SINGH KHALSA,Shiromani Akali Dal,Punjab,,0.01 Cr,126730,1,13.01
Others,12,Nagarkurnool,BIKSHAPATHI LANDA,Independent,Telangana,1,0.00 Cr,1981,1,0.16
Others,37,Ahmednagar,BILAL GAFUR SHAIKH,Independent,Maharashtra,1,0.00 Cr,531,1,0.04
Others,4,Chatra,BIMAL LAKRA,Ambedkarite Party of India,Jharkhand,,0.00 Cr,5014,1,0.46
Others,26,Uluberia,BIMALESH KUMAR HELA,Bahujan Samaj Party,West Bengal,,0.00 Cr,4875,1,0.35
Others,1,Arunachal West,BIMPAK SIGA,Independent,Arunachal Pradesh,1,0.00 Cr,11518,1,2.88
Others,7,Karimganj,BINAY KRISHNA ROY,Independent,Assam,1,0.00 Cr,3628,1,0.32
Others,2,Alipurduars,BINAY MURMU,North Bengal People’s Party,West Bengal,,0.00 Cr,2758,1,0.19
Others,13,Patiala,BINDER KAUR,Independent,Punjab,1,0.00 Cr,711,1,0.06
Others,7,Ponnani,BINDHU W/O DEVARAJAN,Independent,Kerala,1,0.00 Cr,847,1,0.08
Others,11,Katihar,BINDU KUMARI,Samaj Shakti Party,Bihar,,0.00 Cr,5884,1,0.5
Others,1,Kokrajhar,BINITA DEKA,Gana Suraksha Party,Assam,,0.01 Cr,94189,1,7.59
Others,10,Kaziranga,BINOD GOGOI,Independent,Assam,1,0.00 Cr,10679,1,0.66
Others,8,Jajpur,BINOD KUMAR JENA,Gana Suraksha Party,Odisha,,0.00 Cr,879,1,0.08
Others,3,Jalpaiguri,BINOD MALLICK,Bahujan Samaj Party,West Bengal,,0.00 Cr,8566,1,0.54
Others,8,Ranchi,BINOD ORAON,Bahujan Mukti Party,Jharkhand,,0.00 Cr,2589,1,0.18
Others,39,Nawada,BINOD YADAV,Independent,Bihar,1,0.00 Cr,39519,1,4.54
Others,24,Kolkata Uttar,BINOY KRISHNA CHATTERJEE,Independent,West Bengal,1,0.00 Cr,501,1,0.05
Others,9,Nagaon,BIPAD BHANJAN SARKAR,Independent,Assam,1,0.00 Cr,4885,1,0.32
Others,26,Mumbai North,BIPIN BACHUBHAI SHAH,Hindu Samaj Party,Maharashtra,,0.00 Cr,508,1,0.05
Others,13,Ranaghat,BIPLAB BISWAS,Bahujan Samaj Party,West Bengal,,0.00 Cr,9392,1,0.61
Others,33,Jhargram,BIPLAB HEMBRAM,Independent,West Bengal,1,0.00 Cr,7170,1,0.48
Others,29,Arambagh,BIPLAB KUMAR MOITRA,Communist Party of India  (Marxist),West Bengal,,0.01 Cr,92502,1,5.93
Others,18,Basirhat,BIPUL CHANDRA BISWAS,Mulnibasi Party of India,West Bengal,,0.00 Cr,1074,1,0.07
Others,10,Singhbhum,BIR SINGH DEOGAM,Right to Recall Party,Jharkhand,,0.00 Cr,1927,1,0.19
Others,11,Kalahandi,BIRANCHI NARAYAN DURGA,Bahujan Samaj Party,Odisha,,0.00 Cr,8497,1,0.64
Others,3,Muzaffarnagar,BIRBAL SINGH,Vishal Janta Party,Uttar Pradesh,,0.00 Cr,1421,1,0.13
Others,5,SIKAR,BIRBALSINGH,Independent,Rajasthan,1,0.00 Cr,1081,1,0.08
Others,12,Lakhimpur,BIREN BAILUNG,Voters Party  International,Assam,,0.00 Cr,5359,1,0.44
Others,4,Darrang-Udalguri,BIREN BASAK,Bharatiya Gana Parishad,Assam,,0.00 Cr,4623,1,0.26
Others,2,Dumka,BIREN MOHLI,Independent,Jharkhand,1,0.00 Cr,4418,1,0.37
Others,6,Balasore,BIREN PUHAN,Krupaa Party,Odisha,,0.00 Cr,1452,1,0.12
Others,6,Balurghat,BIRENDRA NATH MAHANTA,Socialist Unity Centre Of India (COMMUNIST),West Bengal,,0.00 Cr,1387,1,0.11
Others,8,Ranchi,BIRENDRA NATH MANJHI,Abua Jharkhand Party,Jharkhand,,0.00 Cr,3155,1,0.22
Others,49,Fatehpur,BIRENDRA SINGH,Independent,Uttar Pradesh,1,0.00 Cr,7920,1,0.72
Others,2,North-East Delhi,BIRPAL SINGH KOLI,Independent,NCT OF Delhi,1,0.00 Cr,270,1,0.02
Others,33,Jhargram,BIRSABIR BASKEY,Ambedkarite Party of India,West Bengal,,0.00 Cr,4362,1,0.29
Others,3,CHURU,BISAN SINGH,Independent,Rajasthan,1,0.00 Cr,1644,1,0.12
Others,7,ROHTAK,BISHAMBAR KUMAR,Independent,Haryana,1,0.00 Cr,2394,1,0.19
Others,4,Darjeeling,BISHNU PRASAD SHARMA,Independent,West Bengal,1,0.00 Cr,7447,1,0.56
Others,36,THOOTHUKKUDI,BISHOP DR GODFREY NOBLE,Aanaithinthiya Jananayaka Pathukappu Kazhagam,Tamil Nadu,,0.00 Cr,769,1,0.08
Others,38,TIRUNELVELI,BISHOP DR GODFREY WASHINGTON NOBLE,Aanaithinthiya Jananayaka Pathukappu Kazhagam,Tamil Nadu,,0.00 Cr,1475,1,0.14
Others,10,Singhbhum,BISHWA VIJAY MARDI,Ambedkarite Party of India,Jharkhand,,0.00 Cr,3070,1,0.3
Others,9,Jamshedpur,BISHWANATH MAHATO,Independent,Jharkhand,1,0.00 Cr,5331,1,0.42
Others,14,Bangaon,BISWAJIT DAS,Independent,West Bengal,1,0.00 Cr,1272,1,0.09
Others,34,Medinipur,BISWAJIT DAS,Independent,West Bengal,1,0.00 Cr,2144,1,0.14
Others,14,Bangaon,BISWAJIT DAS S/O LATE BALARAM DAS,Independent,West Bengal,1,0.00 Cr,2248,1,0.15
Others,42,Birbhum,BISWAJIT MISHRA,All India Arya Mahasabha,West Bengal,,0.00 Cr,3823,1,0.25
Others,2,Dhubri,BISWAJIT RAY,Independent,Assam,1,0.00 Cr,7703,1,0.31
Others,10,Baharampur,BISWAMVOIR KALITA,Independent,West Bengal,1,0.00 Cr,3062,1,0.22
Others,6,Balurghat,BISWANATH MURMU,Ambedkarite Party of India,West Bengal,,0.00 Cr,3465,1,0.28
Others,20,Mathurapur,BISWANATH SARDAR,Socialist Unity Centre Of India (COMMUNIST),West Bengal,,0.00 Cr,4534,1,0.3
Others,8,KHAJURAHO,BITIAYA AHIRWAR,Independent,Madhya Pradesh,1,0.00 Cr,4026,1,0.35
Others,17,Parbhani,BOBADE SAKHARAM PADEGAONKAR,Independent,Maharashtra,1,0.00 Cr,1246,1,0.09
Others,1,Tehri Garhwal,BOBY PANWAR,Independent,Uttarakhand,1,0.02 Cr,168081,1,19.5
Others,1,Kachchh,BOCHIYA BHIMJI BHIKHA,Sarva Samaj Janata Party,Gujarat,,0.00 Cr,1497,1,0.14
Others,15,Warangal,BOCHU RAJU,Independent,Telangana,1,0.00 Cr,913,1,0.07
Others,16,Mahabubabad,BODA PRASHANTH,Independent,Telangana,1,0.00 Cr,1590,1,0.14
Others,6,Medak,BODAPATLA ESHWAR,Bahujan Samaj Party,Telangana,,0.00 Cr,7463,1,0.54
Others,6,Kakinada,BODDETI APPARAO,Independent,Andhra Pradesh,1,0.00 Cr,1687,1,0.13
Others,16,Ongole,BODDU KRANTHI KUMAR,Independent,Andhra Pradesh,1,0.00 Cr,1798,1,0.13
Others,8,RAIPUR,BODHAN LAL FARIKAR,Independent,Chhattisgarh,1,0.00 Cr,1059,1,0.07
Others,8,Secunderabad,BOGGULA SUNIITHHA,Independent,Telangana,1,0.00 Cr,418,1,0.04
Others,7,Malkajgiri,BOIN DURGA PRASAD YADAV,Dharma Samaj Party,Telangana,,0.00 Cr,789,1,0.04
Others,10,Eluru,BOKINALA KOTESWARA RAO,Independent,Andhra Pradesh,1,0.00 Cr,2263,1,0.16
Others,15,Warangal,BOLLAM VIJAY KUMAR,Independent,Telangana,1,0.00 Cr,1825,1,0.14
Others,8,Secunderabad,BOMMAKANTI SOWMYA,Pyramid Party of India,Telangana,,0.00 Cr,205,1,0.02
Others,6,Medak,BOMMALA VIJAY KUMAR,Independent,Telangana,1,0.00 Cr,1196,1,0.09
Others,20,Berhampur,BOMMALI KANTA RAO,Naba Bharata Nirmana Seva Party,Odisha,,0.00 Cr,4201,1,0.4
Others,2,Srikakulam,BOMMALI TIRUPATI RAO,Pyramid Party of India,Andhra Pradesh,,0.00 Cr,594,1,0.05
Others,8,Rajahmundry,BOMMANABOINA VSR MURTHY,Independent,Andhra Pradesh,1,0.00 Cr,2179,1,0.16
Others,13,Guntur,BOMMASANI MUTYALA RAO,All Peoples Party,Andhra Pradesh,,0.00 Cr,207,1,0.01
Others,16,Ongole,BONTHA RANGA REDDY,Independent,Andhra Pradesh,1,0.00 Cr,1923,1,0.14
Others,20,COIMBATORE,BOOBALAN,Independent,Tamil Nadu,1,0.00 Cr,253,1,0.02
Others,2,Peddapalle,BOODIDHA THIRUPATHI,Independent,Telangana,1,0.00 Cr,1393,1,0.13
Others,29,NAGAPATTINAM,BOOMINATHAN B,Desiya Makkal Sakthi Katchi,Tamil Nadu,,0.00 Cr,1050,1,0.11
Others,32,MADURAI,BOOMINATHAN C,Independent,Tamil Nadu,1,0.00 Cr,1213,1,0.12
Others,13,Junagadh,BORICHANGAR BHAVESH DALPATRAI,Independent,Gujarat,1,0.00 Cr,1908,1,0.18
Others,2,Dadar & Nagar Haveli,BORSA SANDIPBHAI S,Bahujan Samaj Party,Dadra & Nagar Haveli and Daman & Diu,,0.00 Cr,3152,1,1.53
Others,2,Srikakulam,BORUBADRA CHANDRAKALA,Bharatha Chaitanya Yuvajana Party,Andhra Pradesh,,0.00 Cr,1357,1,0.11
Others,11,Chalakudy,BOSCO KALAMASSERY,Independent,Kerala,1,0.00 Cr,1087,1,0.11
Others,2,Peddapalle,BOTLA CHANDRAIAH,Independent,Telangana,1,0.00 Cr,1747,1,0.16
Others,18,Kurnoolu,BOYA SURESH,Independent,Andhra Pradesh,1,0.00 Cr,5900,1,0.44
Others,31,Hardoi,BRAHMA PRASAD,Lok Jan Sangharsh Party,Uttar Pradesh,,0.00 Cr,1140,1,0.1
Others,15,Bhavnagar,BRAHMAKSHTRIYA BHAGVATIBEN KHETSINH,Independent,Gujarat,1,0.00 Cr,1624,1,0.16
Others,12,Ernakulam,BRAHMAKUMAR,Socialist Unity Centre Of India (COMMUNIST),Kerala,,0.00 Cr,412,1,0.05
Others,17,Nandyal,BRAHMANANDA REDDY K,Independent,Andhra Pradesh,1,0.00 Cr,1272,1,0.09
Others,1,Tripura West,BRAJALAL DEBNATH,Independent,Tripura,1,0.00 Cr,3683,1,0.3
Others,54,Faizabad,BRAJENDRA DUTT TRIPATHI URF B. D. TRIPATHI,Adarshwaadi Congress Party,Uttar Pradesh,,0.00 Cr,1173,1,0.1
Others,13,Palamau,BRAJESH KUMAR TURI,Rashtriya Samanta Dal,Jharkhand,,0.00 Cr,17566,1,1.26
Others,3,Godda,BRAJKISHORE PANDIT,Akhil Bhartiya Manavadhikar Vichar Manch Party,Jharkhand,,0.00 Cr,2108,1,0.15
Others,1,Tehri Garhwal,BRIJ BHUSHAN KARANWAL,Bhartiya Rashtriya Ekta Dal,Uttarakhand,,0.00 Cr,3570,1,0.41
Others,45,Jalaun,BRIJ MOHAN,Independent,Uttar Pradesh,1,0.00 Cr,4673,1,0.41
Others,10,FARIDABAD,BRIJABALA,Peoples Party of India (Democratic),Haryana,,0.00 Cr,1380,1,0.09
Others,63,Maharajganj,BRIJESH,Abhay Samaj Party,Uttar Pradesh,,0.00 Cr,8583,1,0.71
Others,74,Machhlishahr,BRIJESH KUMAR,Prithviraj Janshakti Party,Uttar Pradesh,,0.00 Cr,1364,1,0.13
Others,47,HAMIRPUR,BRIJESH KUMAR PAL,Rashtra Uday Party,Uttar Pradesh,,0.00 Cr,4527,1,0.41
Others,74,Machhlishahr,BRIJESH KUMAR SAROJ,Prabuddhwadi Bahujan Morcha,Uttar Pradesh,,0.00 Cr,2365,1,0.22
Others,34,Mohanlalganj,BRIJESH KUMAR VIKRAM,Rashtriya Samaj Paksha,Uttar Pradesh,,0.00 Cr,1655,1,0.12
Others,35,Lucknow,BRIJESH KUMAR YADAV,Kisan Vishwa Party,Uttar Pradesh,,0.00 Cr,603,1,0.05
Others,7,Ahmedabad East,BRIJESH SHARMA,Independent,Gujarat,1,0.00 Cr,4526,1,0.4
Others,3,JANJGIR-CHAMPA,BRINDA CHAUHAN,Chhattisgarh Vikas Ganga Rashtriya Party,Chhattisgarh,,0.00 Cr,924,1,0.07
Others,18,Kollam,BRO NOUSHAD  SHERIFF J,Independent,Kerala,1,0.00 Cr,579,1,0.06
Others,19,Aska,BRUNDABANA NAHAK,Bahujan Samaj Party,Odisha,,0.00 Cr,5439,1,0.53
Others,16,Ongole,BUCHI EDUKONDALU,Independent,Andhra Pradesh,1,0.00 Cr,3048,1,0.21
Others,20,Mandya,BUDAYYA. B.P,Karunaadu Party,Karnataka,,0.00 Cr,1370,1,0.09
Others,25,Bareilly,BUDDH PRIYA KARMRAJ RAHUL,Independent,Uttar Pradesh,1,0.00 Cr,1194,1,0.11
Others,36,Jahanabad,BUDDHADEV SAV,Independent,Bihar,1,0.00 Cr,5773,1,0.62
Others,12,Nagarkurnool,BUDDHULA SRINIVAS,Independent,Telangana,1,0.00 Cr,4361,1,0.36
Others,4,Darjeeling,BUDHARU ROY,Kamatapur People’s Party (United),West Bengal,,0.00 Cr,1762,1,0.13
Others,5,Anakapalle,BUDI MUTYALA NAIDU,Yuvajana Sramika Rythu Congress Party,Andhra Pradesh,,0.05 Cr,465539,1,35.13
Others,20,Hindupur,BUDILI DHANUNJAYA,National Nava Kranthi Party,Andhra Pradesh,,0.00 Cr,682,1,0.05
Others,11,Dharwad,BUGADI BASAVALINGAPPA IRAPPA,Uttama Prajaakeeya Party,Karnataka,,0.00 Cr,800,1,0.06
Others,6,Kakinada,BUGATHA BANGARRAO,Communist Party of India  (Marxist-Leninist)  (Liberation),Andhra Pradesh,,0.00 Cr,2823,1,0.21
Others,1,Adilabad,BUKYA JAIVANTH RAO,Independent,Telangana,1,0.00 Cr,6446,1,0.52
Others,15,Warangal,BUNGA JYOTHI RAMANA,Aihra National Party,Telangana,,0.00 Cr,4265,1,0.34
Others,13,Guntur,BURAGA RATNAM,Loktantrik Janta Dal,Andhra Pradesh,,0.00 Cr,316,1,0.02
Others,16,Mahabubabad,BURKA KRISHNAVENI,Socialist Party (India),Telangana,,0.00 Cr,1448,1,0.13
Others,17,Nandyal,BUSHAKU MAHESWARA REDDY,Independent,Andhra Pradesh,1,0.00 Cr,390,1,0.03
Others,14,Bhongir,BUSHIPAKA VENKATAIAH,Independent,Telangana,1,0.00 Cr,4675,1,0.33
Others,15,Bapatla (SC),BUSSA. NAGARAJU,Independent,Andhra Pradesh,1,0.00 Cr,1318,1,0.1
Others,10,Eluru,BYRABOYINA MALYADRI,Bharatha Chaitanya Yuvajana Party,Andhra Pradesh,,0.00 Cr,715,1,0.05
Others,5,SRIPERUMBUDUR,C A JAYARAMAN,Independent,Tamil Nadu,1,0.00 Cr,447,1,0.03
Others,5,SRIPERUMBUDUR,C ARAVIND,Desiya Makkal Sakthi Katchi,Tamil Nadu,,0.00 Cr,970,1,0.07
Others,26,Bangalore South,C M. SHABAZ KHAN,Young Star Empowerment Party,Karnataka,,0.00 Cr,297,1,0.02
Others,8,VELLORE,C MADHAVAN,Independent,Tamil Nadu,1,0.00 Cr,202,1,0.02
Others,16,Mavelikkara,C MONICHEN,Independent,Kerala,1,0.00 Cr,4974,1,0.56
Others,23,Bangalore Rural,C N MANJUNATHA,Bahujan Bharat Party,Karnataka,,0.00 Cr,1400,1,0.07
Others,5,SRIPERUMBUDUR,C PREMKUMAR,Independent,Tamil Nadu,1,0.00 Cr,316,1,0.02
Others,8,Palakkad,C RAJAMANICKAM,Independent,Kerala,1,0.00 Cr,520,1,0.05
Others,8,VELLORE,C RAMACHANDHIRAN,Independent,Tamil Nadu,1,0.00 Cr,130,1,0.01
Others,17,Nandyal,C SURENDRA NATHA REDDY,Independent,Andhra Pradesh,1,0.00 Cr,1268,1,0.09
Others,2,Kannur,C. BALAKRISHNAN YADAV,Independent,Kerala,1,0.00 Cr,304,1,0.03
Others,9,Bellary,C. CHANNAVEERA,Karnataka Rashtra Samithi,Karnataka,,0.00 Cr,3797,1,0.27
Others,23,Thirupathi(SC),C. DAVID,Indian Believers Party (IBP),Andhra Pradesh,,0.00 Cr,1239,1,0.09
Others,23,Thirupathi(SC),C. PUNYAMURTHY,United Republican Party of India,Andhra Pradesh,,0.00 Cr,1515,1,0.11
Others,2,CHENNAI NORTH,C. SENAPATHI,Independent,Tamil Nadu,1,0.00 Cr,850,1,0.09
Others,8,Koppal,C. SHARANA BASAPPA,Republican Party of India (Karnataka),Karnataka,,0.00 Cr,776,1,0.06
Others,2,CHENNAI NORTH,C. SRIDHAR,Independent,Tamil Nadu,1,0.00 Cr,307,1,0.03
Others,6,Medak,C.H. NAVEEN KUMAR,Independent,Telangana,1,0.00 Cr,531,1,0.04
Others,25,Bangalore central,C.M. SHABAZ KHAN,Young Star Empowerment Party,Karnataka,,0.00 Cr,429,1,0.03
Others,22,Chamarajanagar,C.M.KRISHNA,Dr. Ambedkar People's Party,Karnataka,,0.00 Cr,8089,1,0.59
Others,4,CHENNAI CENTRAL,C.S.KARNAN,Anti Corruption Dynamic Party,Tamil Nadu,,0.00 Cr,761,1,0.1
Others,25,Chittoor(SC),C.SUDHAKAR,Independent,Andhra Pradesh,1,0.00 Cr,1935,1,0.14
Others,27,Chikkballapur,"C.V.  LOKESH GOWDA, B.E",Independent,Karnataka,1,0.00 Cr,701,1,0.05
Others,9,Faridkot,CAPTAIN BAHADUR SINGH,Independent,Punjab,1,0.00 Cr,1640,1,0.16
Others,11,TIRUVANNAMALAI,CAPTAIN GOWTHAM,Independent,Tamil Nadu,1,0.00 Cr,1842,1,0.16
Others,12,ARANI,CAPTAIN SETTU M,Viro Ke Vir Indian Party,Tamil Nadu,,0.00 Cr,922,1,0.08
Others,17,Nandyal,CH P MALLESWARUDU,Independent,Andhra Pradesh,1,0.00 Cr,421,1,0.03
Others,36,Shirur,CHAAYA SANJAY JAGDALE-SOLANKE,Independent,Maharashtra,1,0.00 Cr,1830,1,0.13
Others,18,Jalna,CHABUKSWAR RAHUL NIRANJAN,Independent,Maharashtra,1,0.00 Cr,6337,1,0.46
Others,12,Vijayawada,CHAGANTIPATI GANGADHAR GANDHI,Pyramid Party of India,Andhra Pradesh,,0.00 Cr,489,1,0.04
Others,3,Khadoor Sahib,CHAIN SINGH BAINKA,Aas Punjab Party,Punjab,,0.00 Cr,6739,1,0.64
Others,9,Hyderabad,CHAITANYA KUMAR REDDY PELLAKURU,Independent,Telangana,1,0.00 Cr,110,1,0.01
Others,11,Bhandara Gondiya,CHAITRAM DASHARATH KOKASE,Independent,Maharashtra,1,0.00 Cr,791,1,0.06
Others,20,Thiruvananthapuram,CHALAI MOHANAN,Independent,Kerala,1,0.00 Cr,400,1,0.04
Others,6,Kakinada,CHALAMALASETTY SUNIL,Yuvajana Sramika Rythu Congress Party,Andhra Pradesh,,0.05 Cr,500208,1,37.62
Others,8,Secunderabad,CHALIKA CHANDRA SEKHAR,Independent,Telangana,1,0.00 Cr,129,1,0.01
Others,7,Malkajgiri,CHAMAKURA RAJAIAH ALIAS PIDIKILI RAJU,Social Justice Party of India,Telangana,,0.00 Cr,723,1,0.04
Others,6,West Delhi,CHAMAN LAL VERMA,Samaj Vikas Kranti Party,NCT OF Delhi,,0.00 Cr,420,1,0.03
Others,10,Rajkot,CHAMANBHAI NAGJIBHAI SAVSANI,Bahujan Samaj Party,Gujarat,,0.00 Cr,10465,1,0.82
Others,10,Firozpur,CHAMKAUR SINGH,Independent,Punjab,1,0.00 Cr,642,1,0.06
Others,13,Patiala,CHAMKILA SINGH,Independent,Punjab,1,0.00 Cr,1228,1,0.11
Others,9,MAHASAMUND,CHAMPA LAL PATEL GURUJI DHARTI PAKD,Right to Recall Party,Chhattisgarh,,0.00 Cr,1379,1,0.1
Others,12,Lohardaga,CHAMRA LINDA,Independent,Jharkhand,1,0.00 Cr,45998,1,4.76
Others,21,Kadapa,CHAN BASHA. S,Anna YSR Congress Party,Andhra Pradesh,,0.00 Cr,439,1,0.03
Others,16,Mahabubabad,CHANDA LINGAIAH,Independent,Telangana,1,0.00 Cr,5100,1,0.46
Others,20,Mandya,CHANDAN GOWDA. K,Independent,Karnataka,1,0.00 Cr,12394,1,0.85
Others,4,Chatra,CHANDAN KUMAR,Independent,Jharkhand,1,0.00 Cr,6582,1,0.61
Others,14,Bangaon,CHANDAN MALLICK,Bahujan Samaj Party,West Bengal,,0.00 Cr,5935,1,0.4
Others,2,Alipurduars,CHANDAN ORAON,Socialist Unity Centre Of India (COMMUNIST),West Bengal,,0.00 Cr,2787,1,0.2
Others,3,GWALIOR,CHANDAN RATHORE,Parivartan Samaj Party,Madhya Pradesh,,0.00 Cr,1059,1,0.08
Others,4,Bijnor,CHANDAN SINGH,Independent,Uttar Pradesh,1,0.00 Cr,2176,1,0.21
Others,46,Jhansi,CHANDAN SINGH,Apna Dal (Kamerawadi),Uttar Pradesh,,0.00 Cr,2491,1,0.18
Others,2,Peddapalle,CHANDANAGIRI SHRINIVAS,Independent,Telangana,1,0.00 Cr,766,1,0.07
Others,25,Navsari,CHANDANSINGH SHIVBADANSINGH THAKUR,Independent,Gujarat,1,0.00 Cr,1087,1,0.08
Others,4,HISAR,CHANDER MOHAN,Independent,Haryana,1,0.00 Cr,998,1,0.09
Others,5,North-West Delhi,CHANDER PAL SONI,Independent,NCT OF Delhi,1,0.00 Cr,891,1,0.06
Others,36,Jahanabad,CHANDESHWAR PRASAD,Independent,Bihar,1,0.00 Cr,5378,1,0.58
Others,36,Jahanabad,CHANDESHWAR PRASAD,Janata Dal  (United),Bihar,1,0.03 Cr,300444,1,32.47
Others,36,Shirur,CHANDGUDE VINOD VASANT,Independent,Maharashtra,1,0.00 Cr,8078,1,0.59
Others,7,Ludhiana,CHANDI,Independent,Punjab,1,0.00 Cr,456,1,0.04
Others,17,Nandyal,CHANDINI REDDY VAKATI,Liberation Congress Party,Andhra Pradesh,,0.00 Cr,556,1,0.04
Others,29,Nalanda,CHANDRA KISHOR PRASAD YADAV,Independent,Bihar,1,0.00 Cr,1178,1,0.1
Others,25,Khagaria,CHANDRA KISHOR THAKUR,Aam Janta Party Rashtriya,Bihar,,0.00 Cr,2849,1,0.27
Others,18,Agra,CHANDRA PAL,Adarsh Samaj Party,Uttar Pradesh,,0.00 Cr,643,1,0.06
Others,30,Sitapur,CHANDRA SHEKHAR VERMA,Rashtriya Shoshit Samaj Party,Uttar Pradesh,,0.00 Cr,2429,1,0.22
Others,25,JHALAWAR-BARAN,CHANDRA SINGH KIRAD,Bahujan Samaj Party,Rajasthan,,0.00 Cr,12285,1,0.86
Others,14,MANDLA,CHANDRA SINGH KUSHRAM,Bhartiya Shakti Chetna Party,Madhya Pradesh,,0.00 Cr,15558,1,1.01
Others,21,Nashik,CHANDRABHAN AABAJI PURKAR,Independent,Maharashtra,1,0.00 Cr,1890,1,0.15
Others,9,SATNA,CHANDRABHAN KOL,Independent,Madhya Pradesh,1,0.00 Cr,3398,1,0.32
Others,14,Kottayam,CHANDRABOSE P,Independent,Kerala,1,0.00 Cr,1087,1,0.13
Others,22,Jadavpur,CHANDRACHUR GOSWAMI,Independent,West Bengal,1,0.00 Cr,1114,1,0.07
Others,27,CHIDAMBARAM,CHANDRAHASAN M,All India Anna Dravida Munnetra Kazhagam,Tamil Nadu,,0.04 Cr,401530,1,34.4
Others,21,Nashik,CHANDRAKANT KESHAVRAO THAKUR,Independent,Maharashtra,1,0.00 Cr,6608,1,0.53
Others,39,Beed,CHANDRAKANT KUMAR HAJARE,Maharashtra Vikas Aghadi,Maharashtra,,0.00 Cr,803,1,0.05
Others,34,Pune,CHANDRAKANT PARMESHWAR SAWANT,Independent,Maharashtra,1,0.00 Cr,314,1,0.03
Others,23,Bhiwandi,CHANDRAKANT RAMBHAJI MOTE,Independent,Maharashtra,1,0.00 Cr,3433,1,0.27
Others,24,Kalyan,CHANDRAKANT RAMBHAJI MOTE,Independent,Maharashtra,1,0.00 Cr,1380,1,0.13
Others,38,Shirdi,CHANDRAKANT SAMBHAJI DONDE,Independent,Maharashtra,1,0.00 Cr,2080,1,0.2
Others,25,Thane,CHANDRAKANT VITTHAL SONAWANE,Independent,Maharashtra,1,0.00 Cr,2249,1,0.17
Others,9,KRISHNAGIRI,CHANDRAMOHAN K.M.,Independent,Tamil Nadu,1,0.00 Cr,792,1,0.07
Others,25,PERAMBALUR,CHANDRAMOHAN N D,All India Anna Dravida Munnetra Kazhagam,Tamil Nadu,,0.02 Cr,214102,1,18.96
Others,38,TIRUNELVELI,CHANDRAN M,Veerath Thiyagi Viswanathadoss Thozhilalarkal Katchi,Tamil Nadu,,0.00 Cr,1413,1,0.13
Others,32,MADURAI,CHANDRASEKAR N,Independent,Tamil Nadu,1,0.00 Cr,711,1,0.07
Others,14,Shimoga,CHANDRASHEKAR. H C,Independent,Karnataka,1,0.00 Cr,357,1,0.03
Others,27,Chikkballapur,CHANDRASHEKAR. H.C,Independent,Karnataka,1,0.00 Cr,1282,1,0.08
Others,20,Mandya,CHANDRASHEKARA. K.R (CHANDRU KEELARA),Karnataka Rashtra Samithi,Karnataka,,0.00 Cr,1476,1,0.1
Others,5,Nagina,CHANDRASHEKHAR,Aazad Samaj Party (Kanshi Ram),Uttar Pradesh,,0.05 Cr,512552,1,51.19
Others,7,South Delhi,CHANDRASHEKHAR SINGH KUSHWAHA,Independent,NCT OF Delhi,1,0.00 Cr,1889,1,0.15
Others,37,Amethi,CHANDRAWATI,Independent,Uttar Pradesh,1,0.00 Cr,2291,1,0.23
Others,44,Akbarpur,CHANDRESH SINGH,Bhartiya Shakti Chetna Party,Uttar Pradesh,,0.00 Cr,2654,1,0.24
Others,1,Valmiki Nagar,CHANDRESHWAR MISHRA,Independent,Bihar,1,0.00 Cr,13598,1,1.23
Others,5,Sitamarhi,CHANDRIKA PRASAD,Independent,Bihar,1,0.00 Cr,7114,1,0.65
Others,80,Robertsganj,CHANDRIKA PRASAD,Janta Kranti Party (Rashtravadi),Uttar Pradesh,,0.00 Cr,3741,1,0.37
Others,14,Bhongir,CHANDU NAYAK MEGAVATH,Independent,Telangana,1,0.00 Cr,502,1,0.04
Others,3,Patan,CHANDURA DHANJIBHAI LAXAMANBHAI,Independent,Gujarat,1,0.00 Cr,2160,1,0.18
Others,20,Mandya,CHANNAMAYIGOWDA,Independent,Karnataka,1,0.00 Cr,497,1,0.03
Others,12,Sangrur,CHANNVEER SINGH,Independent,Punjab,1,0.00 Cr,1283,1,0.13
Others,1,Araku (ST),CHANTI BADNAINA,Jai Bharat National Party,Andhra Pradesh,,0.00 Cr,7252,1,0.62
Others,15,Barrackpur,CHAPALA RAY (MAJUMDER),Bahujan Samaj Party,West Bengal,,0.00 Cr,3909,1,0.34
Others,4,Visakhapatnam,CHAPPIDI RAMU,Independent,Andhra Pradesh,1,0.00 Cr,757,1,0.05
Others,6,West Delhi,CHARANJEET SINGH,All India Forward Bloc,NCT OF Delhi,,0.00 Cr,619,1,0.04
Others,33,THENI,CHARCHIL DURAI P,Humanity for Peace Party,Tamil Nadu,,0.00 Cr,1935,1,0.17
Others,8,Sambhal,CHAUDHARY SAULAT ALI,Bahujan Samaj Party,Uttar Pradesh,,0.02 Cr,152460,1,12.76
Others,7,Ahmedabad East,CHAUHAN MOHAMADFARUK  AHEMADHASANBHAI,Independent,Gujarat,1,0.00 Cr,778,1,0.07
Others,4,Mahesana,CHAUHAN PRAKASHKUMAR TRIBHOVANDAS,Akhila Vijaya Party,Gujarat,,0.00 Cr,3882,1,0.36
Others,14,Amreli,CHAUHAN RAVAJIBHAI MULABHAI,Bahujan Samaj Party,Gujarat,,0.00 Cr,7543,1,0.86
Others,32,Raigad,CHAULE PANDURANG DAMODAR,Independent,Maharashtra,1,0.00 Cr,2417,1,0.24
Others,5,Zahirabad,CHAVAGANI MANI,Alliance of Democratic Reforms Party,Telangana,,0.00 Cr,6309,1,0.51
Others,1,Adilabad,CHAVAN SUDHARSHAN,Anna YSR Congress Party,Telangana,,0.00 Cr,4644,1,0.38
Others,9,Surendranagar,CHAVDA NILESHBHAI MANSUKHBHAI,Rashtra Nirman Party,Gujarat,,0.00 Cr,4129,1,0.36
Others,8,Secunderabad,CHEEKATI BHUPAL GOUD,All India Backward People Sunami Party,Telangana,,0.00 Cr,210,1,0.02
Others,3,Karimnagar,CHEEKOTI VARUN KUMAR GUPTA,Telugu Congress Party,Telangana,,0.00 Cr,790,1,0.06
Others,2,Srikakulam,CHELLURI DANIYAL,Independent,Andhra Pradesh,1,0.00 Cr,816,1,0.07
Others,26,Bangalore South,CHETAN CHAMAN,Country Citizen Party,Karnataka,,0.00 Cr,492,1,0.04
Others,2,Banaskantha,CHETANKUMAR KESHAVLAL OZA,Independent,Gujarat,1,0.00 Cr,1334,1,0.1
Others,8,ALWAR,CHHAGAN LAL,Independent,Rajasthan,1,0.00 Cr,1327,1,0.11
Others,14,Hazaribagh,CHHATHI DEVI,Akhil Bhartiya Parivar Party,Jharkhand,,0.00 Cr,3316,1,0.26
Others,9,SATNA,CHHEDI LAL PRAJAPATI (PANDA  BABA),Independent,Madhya Pradesh,1,0.00 Cr,4061,1,0.38
Others,63,Maharajganj,CHHEDI MAJDOOR,Independent,Uttar Pradesh,1,0.00 Cr,3834,1,0.32
Others,26,Bhagalpur,CHHOTE LAL KUMAR,Independent,Bihar,1,0.00 Cr,6683,1,0.63
Others,10,Kishanganj,CHHOTE LAL MAHTO,Independent,Bihar,1,0.00 Cr,3763,1,0.33
Others,12,Uttara Kannada,CHIDANAND  HANUMANTHAPPA HARIJAN,Independent,Karnataka,1,0.00 Cr,1721,1,0.14
Others,17,Khammam,CHILAKABATHINI STALIN,Independent,Telangana,1,0.00 Cr,3113,1,0.25
Others,2,Peddapalle,CHILUKA ANAND,Yuva Taram Party,Telangana,,0.00 Cr,1093,1,0.1
Others,15,Warangal,CHILUMULLA SUJATHA,Independent,Telangana,1,0.00 Cr,379,1,0.03
Others,15,Warangal,CHILUVERU PRATHAP,Independent,Telangana,1,0.00 Cr,401,1,0.03
Others,3,Karimnagar,CHILUVERU SRIKANTH,Dharma Samaj Party,Telangana,,0.00 Cr,2586,1,0.2
Others,33,Maval,CHIMAJI DHONDIBA SHINDE,Independent,Maharashtra,1,0.00 Cr,757,1,0.05
Others,38,TIRUNELVELI,CHINNA MAHARAJA K,Independent,Tamil Nadu,1,0.00 Cr,1895,1,0.18
Others,27,CHIDAMBARAM,CHINNADURAI A,Independent,Tamil Nadu,1,0.00 Cr,638,1,0.05
Others,3,Vizianagaram,CHINNAM ARUNA KUMAR,Jaibhim Rao Bharat Party,Andhra Pradesh,,0.00 Cr,1411,1,0.11
Others,15,Bapatla (SC),CHINNAM MURALIDHAR,All Peoples Party,Andhra Pradesh,,0.00 Cr,255,1,0.02
Others,21,Kadapa,CHINNAPUREDDY GOPALA KRISHNA REDDY,Independent,Andhra Pradesh,1,0.00 Cr,2430,1,0.18
Others,4,Visakhapatnam,CHINTADA SURYAM,Naba Bharata Nirmana Seva Party,Andhra Pradesh,,0.00 Cr,448,1,0.03
Others,10,Chevella,CHINTALAGARI VENKAT SWAMY,Blue India Party,Telangana,,0.00 Cr,436,1,0.03
Others,3,Karimnagar,CHINTHA ANILKUMAR,Pyramid Party of India,Telangana,,0.00 Cr,830,1,0.06
Others,12,Vijayawada,CHINTHALACHERUVU HEMALATHA,Jai Maha Bharath Party,Andhra Pradesh,,0.00 Cr,244,1,0.02
Others,26,Valsad,CHIRAGKUMAR BHARATBHAI  PATEL,Independent,Gujarat,1,0.00 Cr,3440,1,0.25
Others,7,Malkajgiri,CHIRIPI REDDY RAMESH,Independent,Telangana,1,0.00 Cr,987,1,0.05
Others,36,THOOTHUKKUDI,CHITHIRAI JEGAN S,Independent,Tamil Nadu,1,0.00 Cr,3640,1,0.37
Others,3,Barpeta,CHITRALEKHA DAS,Socialist Unity Centre Of India (COMMUNIST),Assam,,0.00 Cr,3131,1,0.19
Others,10,Singhbhum,CHITRASEN SINKU,Jharkhand Party,Jharkhand,,0.00 Cr,3210,1,0.32
Others,13,Nalgonda,CHOLLETI PRABHAKAR,Independent,Telangana,1,0.00 Cr,2504,1,0.19
Others,34,Pune,CHORMALE SANDIP SOPAN,Independent,Maharashtra,1,0.00 Cr,1645,1,0.15
Others,24,Rajampet,CHOUDVARAM SUBBANARASAIAH,Independent,Andhra Pradesh,1,0.00 Cr,4735,1,0.36
Others,20,Firozabad,CHOWDHARY BASHEER,Bahujan Samaj Party,Uttar Pradesh,,0.01 Cr,90948,1,8.21
Others,21,Mysore,CHRISTOPHER RAJ KUMAR,Independent,Karnataka,1,0.00 Cr,544,1,0.04
Others,32,Raigad,COL PRAKASHRAO CHAVAN,Bharatheeya Jawan Kisan Party,Maharashtra,,0.00 Cr,1939,1,0.19
Others,5,Guwahati,COLONEL GOKUL CHANDRA SINGHA,Independent,Assam,1,0.00 Cr,7678,1,0.48
Others,26,INDORE,COMRADE AJEET SINGH,Socialist Unity Centre Of India (COMMUNIST),Madhya Pradesh,,0.00 Cr,7179,1,0.46
Others,17,Parbhani,COMRADE GANPAT BHISE,Independent,Maharashtra,1,0.00 Cr,3604,1,0.27
Others,26,Mumbai North,COMRADE JAYRAM VISHWAKARMA,Socialist Unity Centre Of India (COMMUNIST),Maharashtra,,0.00 Cr,1195,1,0.12
Others,2,KURUKSHETRA,COMRADE OM PARKASH SHASTRI,Socialist Unity Centre Of India (COMMUNIST),Haryana,,0.00 Cr,1812,1,0.15
Others,3,GWALIOR,COMRADE RACHNA AGRAWAL,Socialist Unity Centre Of India (COMMUNIST),Madhya Pradesh,,0.00 Cr,803,1,0.06
Others,22,Palghar,COMRADE RAHUL MEDHA,Marxist Leninist Party of India (Red Flag),Maharashtra,,0.00 Cr,7085,1,0.51
Others,2,KURUKSHETRA,COMRADE RAMESH KHATKAR,Independent,Haryana,1,0.00 Cr,717,1,0.06
Others,13,JABALPUR,COMRADE SACHIN JAIN,Socialist Unity Centre Of India (COMMUNIST),Madhya Pradesh,,0.00 Cr,876,1,0.08
Others,9,GURGAON,COMRADE SARWAN KUMAR GUPTA,Socialist Unity Centre Of India (COMMUNIST),Haryana,,0.00 Cr,1074,1,0.07
Others,21,Mysore,COMRADE SUNIL T. R,Socialist Unity Centre Of India (COMMUNIST),Karnataka,,0.00 Cr,1560,1,0.11
Others,28,Mumbai North East,COMRADE SURENDRA SIBAG,All India Forward Bloc,Maharashtra,,0.00 Cr,678,1,0.07
Others,9,Bellary,CONDUCTOR PAMPAPATHI,Independent,Karnataka,1,0.00 Cr,2460,1,0.18
Others,1,PUDUCHERRY,COUTTANE ALIAS DHIVANEEDHE,Independent,Puducherry,1,0.00 Cr,822,1,0.1
Others,12,Ernakulam,CYRILL SKARIA,Independent,Kerala,1,0.00 Cr,690,1,0.08
Others,1,PUDUCHERRY,D ALANGARAVELU,Bahujan Samaj Party,Puducherry,,0.00 Cr,1540,1,0.19
Others,1,Andaman & Nicobar Islands,D AYYAPPAN,Communist Party of India  (Marxist),Andaman & Nicobar Islands,,0.00 Cr,6017,1,2.97
Others,8,Koppal,D DURGA PRASAD BYATARAYANAJI,Challengers Party,Karnataka,,0.00 Cr,799,1,0.06
Others,28,Kolar,D GOPALAKRISHNA,Socialist Party (India),Karnataka,,0.00 Cr,1669,1,0.12
Others,7,ARAKKONAM,D JANAKIRAMAN,Independent,Tamil Nadu,1,0.00 Cr,837,1,0.07
Others,8,VELLORE,D MAHESH ANAND,Naam Tamilar Katchi,Tamil Nadu,,0.01 Cr,53284,1,4.72
Others,7,ARAKKONAM,D PANDIYAN,Bahujan Samaj Party,Tamil Nadu,,0.00 Cr,6212,1,0.53
Others,1,PUDUCHERRY,D RAVINDIRAN,Independent,Puducherry,1,0.00 Cr,307,1,0.04
Others,8,VELLORE,D SARAVANAN,Independent,Tamil Nadu,1,0.00 Cr,1497,1,0.13
Others,48,Hatkanangale,D. C. PATIL DADASAHEB / DADGONDA CHAVGONDA PATIL,Vanchit Bahujan  Aaghadi,Maharashtra,,0.00 Cr,32696,1,2.52
Others,27,Chikkballapur,D. CHINNAPPA,Independent,Karnataka,1,0.00 Cr,619,1,0.04
Others,13,Davanagere,D. HANUMANTHAPPA,Bahujan Samaj Party,Karnataka,,0.00 Cr,4475,1,0.34
Others,2,CHENNAI NORTH,D. KABILAN,Independent,Tamil Nadu,1,0.00 Cr,209,1,0.02
Others,6,Medak,D. NARAHARI,Independent,Telangana,1,0.00 Cr,675,1,0.05
Others,2,CHENNAI NORTH,D. SRINIVASAN,Independent,Tamil Nadu,1,0.00 Cr,261,1,0.03
Others,27,Chikkballapur,D. SUDHAKARA,Independent,Karnataka,1,0.00 Cr,1689,1,0.11
Others,15,BALAGHAT,D.L. MANESHWAR,Peoples Party of India (Democratic),Madhya Pradesh,,0.00 Cr,10017,1,0.72
Others,25,Chittoor(SC),D.MAHESH,Independent,Andhra Pradesh,1,0.00 Cr,1119,1,0.08
Others,4,GUNA,D.S. CHAUHAN (ADVOCATE),Rashtriya Samaj Paksha,Madhya Pradesh,,0.00 Cr,915,1,0.07
Others,14,Shimoga,D.S. ESHWARAPPA,Independent,Karnataka,1,0.00 Cr,695,1,0.05
Others,9,Surendranagar,DABHI ASHOKBHAI SUKHABHAI,Bahujan Samaj Party,Gujarat,,0.00 Cr,12036,1,1.06
Others,36,Shirur,DADA ALIAS VIKAS SURESH KASBE,Independent,Maharashtra,1,0.00 Cr,1106,1,0.08
Others,33,Buxar,DADAN YADAV,Independent,Bihar,1,0.00 Cr,15836,1,1.47
Others,33,Maval,DADARAO KISAN KAMBLE,Independent,Maharashtra,1,0.00 Cr,2642,1,0.19
Others,11,SIDHI,DADDI YADAV,Independent,Madhya Pradesh,1,0.00 Cr,3305,1,0.29
Others,6,Medak,DADIGE RAJENDAR,Independent,Telangana,1,0.00 Cr,559,1,0.04
Others,2,Peddapalle,DAGAM SRINIVAS,Independent,Telangana,1,0.00 Cr,1388,1,0.13
Others,13,Junagadh,DAKI NATHABHAI MENSIBHAI,Independent,Gujarat,1,0.00 Cr,1344,1,0.13
Others,18,JALORE,DALARAM,Independent,Rajasthan,1,0.00 Cr,1508,1,0.1
Others,19,UDAIPUR,DALPAT RAM GARASIA,Bahujan Samaj Party,Rajasthan,,0.00 Cr,14460,1,0.97
Others,21,Koraput,DAMINI JANI,Bahujan Samaj Party,Odisha,,0.00 Cr,15427,1,1.34
Others,10,Singhbhum,DAMODAR SINGH HANSDA,Independent,Jharkhand,1,0.00 Cr,44292,1,4.4
Others,11,Machilipatnam,DAMODARA RAO GUDAVALLI,Independent,Andhra Pradesh,1,0.00 Cr,930,1,0.07
Others,24,TIRUCHIRAPPALLI,DAMODARAN. S,Independent,Tamil Nadu,1,0.00 Cr,5166,1,0.49
Others,19,Dahod,DAMOR MANABHAI BHAVSINGBHAI,Independent,Gujarat,1,0.00 Cr,3173,1,0.28
Others,19,Dahod,DAMOR VESTABHAI JOKHANABHAI,Independent,Gujarat,1,0.00 Cr,4400,1,0.39
Others,4,Darrang-Udalguri,DANIEL MARDI,Independent,Assam,1,0.00 Cr,14291,1,0.79
Others,23,Bhiwandi,DANISH EZAZ AH. SHAIKH,Bahujan Maha Party,Maharashtra,,0.00 Cr,1586,1,0.13
Others,23,KARUR,DANIYA. P,Independent,Tamil Nadu,1,0.00 Cr,165,1,0.01
Others,22,Etah,DANVEER,Independent,Uttar Pradesh,1,0.00 Cr,1265,1,0.13
Others,3,Muzaffarnagar,DARA SINGH PRAJAPATI,Bahujan Samaj Party,Uttar Pradesh,,0.01 Cr,143707,1,13.32
Others,1,Gurdaspur,DARBARA SINGH,Nationalist Justice Party,Punjab,,0.00 Cr,424,1,0.04
Others,4,Chatra,DARSHAN GANJHU,Jharkhand Party,Jharkhand,,0.00 Cr,2817,1,0.26
Others,21,Mysore,DARSHAN K PONNETI,Independent,Karnataka,1,0.00 Cr,764,1,0.05
Others,2,Tripura East,DARSHAN KUMAR REANG,Independent,Tripura,1,0.00 Cr,9269,1,0.82
Others,6,Anandpur Sahib,DARSHAN SINGH,Punjab National Party,Punjab,,0.00 Cr,1172,1,0.11
Others,7,Ludhiana,DARSHAN SINGH DABA,Nationalist Justice Party,Punjab,,0.00 Cr,390,1,0.04
Others,21,Nashik,DARSHANA AMOL MEDHE,Prabuddha Republican Party,Maharashtra,,0.00 Cr,4736,1,0.38
Others,28,Kheri,DARWARI URF  DARWARI LAL  CHAUHAN,Janta Kranti Party,Uttar Pradesh,,0.00 Cr,936,1,0.08
Others,20,Hindupur,DASAGANIPALLI KULLAYAPPA,Independent,Andhra Pradesh,1,0.00 Cr,1328,1,0.09
Others,13,JABALPUR,DASAI RAM KOL,Aadim Samaj Party,Madhya Pradesh,,0.00 Cr,1100,1,0.09
Others,21,Diamond harbour,DASARATHI PAIK,Bahujan Samaj Party,West Bengal,,0.00 Cr,7111,1,0.46
Others,6,Medak,DASARI BHANUCHANDER,Independent,Telangana,1,0.00 Cr,575,1,0.04
Others,23,Thirupathi(SC),DASARI. GOWTHAM,Independent,Andhra Pradesh,1,0.00 Cr,1087,1,0.08
Others,17,Parbhani,DASHARATH PRABHKAR RATHOD,Maharashtra Vikas Aghadi,Maharashtra,,0.00 Cr,4394,1,0.33
Others,7,Ahmedabad East,DASHARATHBHAI KANTILAL PANCHAL,Independent,Gujarat,1,0.00 Cr,1480,1,0.13
Others,35,Baramati,DASHRATH NANA RAUT,Bharatiya Praja Surajya Paksha,Maharashtra,,0.00 Cr,1834,1,0.13
Others,11,SIDHI,DASHRATH PRASAD BAIS,Independent,Madhya Pradesh,1,0.00 Cr,4131,1,0.36
Others,12,Vijayawada,DATLA LURTHU MERI,Jaibhim Rao Bharat Party,Andhra Pradesh,,0.00 Cr,417,1,0.03
Others,15,Hingoli,DATTA SHRIKRISHNA SURYAWANSHI,Independent,Maharashtra,1,0.00 Cr,7239,1,0.62
Others,39,Beed,DATTA SUDAM GAIKWAD,Independent,Maharashtra,1,0.00 Cr,2130,1,0.14
Others,37,Ahmednagar,DATTATRAY APPA WAGHMODE,Rashtriya Jankranti Party,Maharashtra,,0.00 Cr,873,1,0.07
Others,28,Mumbai North East,DATTATRAY ARJUN UTEKAR,Bharatheeya Jawan Kisan Party,Maharashtra,,0.00 Cr,711,1,0.08
Others,44,Sangli,DATTATRAY PANDIT PATIL,Independent,Maharashtra,1,0.00 Cr,1469,1,0.13
Others,35,Baramati,DATTATRAY RAMBHAU CHANDARE,Independent,Maharashtra,1,0.00 Cr,1434,1,0.1
Others,3,Bagalkot,DATTATREYA DASHARATHA TAVARE,Independent,Karnataka,1,0.00 Cr,1620,1,0.12
Others,41,Latur,DATTU SOPAN NARSINGE,Independent,Maharashtra,1,0.00 Cr,2002,1,0.16
Others,18,Basirhat,DAUD ALI GAZI,Socialist Unity Centre Of India (COMMUNIST),West Bengal,,0.00 Cr,1167,1,0.08
Others,28,Mumbai North East,DAULAT KADAR KHAN,Vanchit Bahujan  Aaghadi,Maharashtra,,0.00 Cr,14657,1,1.58
Others,3,CHURU,DAULAT RAM PENSIA,National Janmandal Party,Rajasthan,,0.00 Cr,1193,1,0.08
Others,79,Mirzapur,DAULAT SINGH,Apna Dal (Kamerawadi),Uttar Pradesh,,0.00 Cr,5235,1,0.47
Others,48,Hatkanangale,DAVARI LAXMAN SHRIPATI,Independent,Maharashtra,1,0.00 Cr,1009,1,0.08
Others,36,THOOTHUKKUDI,DAVID JEBASEELAN J,Independent,Tamil Nadu,1,0.00 Cr,663,1,0.07
Others,38,TIRUNELVELI,DAVID M,Independent,Tamil Nadu,1,0.00 Cr,1836,1,0.17
Others,5,Hoshiarpur,DAVINDER KUMAR SAROYA,Samaj Bhalai Morcha,Punjab,,0.00 Cr,930,1,0.1
Others,5,Hoshiarpur,DAVINDER SINGH,Independent,Punjab,1,0.00 Cr,1617,1,0.17
Others,6,Anandpur Sahib,DAVINDER SINGH,Independent,Punjab,1,0.00 Cr,1175,1,0.11
Others,7,Ludhiana,DAVINDER SINGH RAMGARHIA,Bahujan Samaj Party,Punjab,,0.00 Cr,10394,1,0.98
Others,13,AJMER,DAYA MOHAN GARG,Independent,Rajasthan,1,0.00 Cr,646,1,0.05
Others,1,GANGANAGAR,DAYA RAM,Independent,Rajasthan,1,0.00 Cr,3719,1,0.26
Others,8,RAIPUR,DAYA SHANKER NISHAD,Bhartiya Shakti Chetna Party,Chhattisgarh,,0.00 Cr,1062,1,0.07
Others,3,CHENNAI SOUTH,DAYALAN. R,Independent,Tamil Nadu,1,0.00 Cr,242,1,0.02
Others,26,Bhagalpur,DAYARAM MANDAL,Lok Sewa Dal,Bihar,,0.00 Cr,3519,1,0.33
Others,10,REWA,DAYASHANKAR PANDEY,Independent,Madhya Pradesh,1,0.00 Cr,4610,1,0.5
Others,12,Lakhimpur,DEBA NATH PAIT,Independent,Assam,1,0.00 Cr,6163,1,0.51
Others,30,Tamluk,DEBAPRASAD JANA,Independent,West Bengal,1,0.00 Cr,1467,1,0.09
Others,7,Karimganj,DEBASHISH GHOSH,Bangali Nabanirman Sena,Assam,,0.00 Cr,817,1,0.07
Others,15,Barrackpur,DEBASISH BANERJEE,Socialist Unity Centre Of India (COMMUNIST),West Bengal,,0.00 Cr,1434,1,0.13
Others,15,Barrackpur,DEBDUT GHOSH,Communist Party of India  (Marxist),West Bengal,,0.01 Cr,109564,1,9.6
Others,7,Karimganj,DEBOJYOTI NATH,Independent,Assam,1,0.00 Cr,5907,1,0.52
Others,3,Jalpaiguri,DEBRAJ BARMAN,Communist Party of India  (Marxist),West Bengal,,0.01 Cr,74092,1,4.69
Others,9,KRISHNAGIRI,DEEKSHITH M,Karunaadu Party,Tamil Nadu,,0.00 Cr,824,1,0.07
Others,37,Ahmednagar,DEELIP KONDIBA KHEDKAR,Vanchit Bahujan  Aaghadi,Maharashtra,,0.00 Cr,13749,1,1.04
Others,19,BHOPAL,DEENDAYAL AHIRWAR URF DEENU BHAIYA,Independent,Madhya Pradesh,1,0.00 Cr,3641,1,0.24
Others,15,PALI,DEEPAK BAMNIYA,Independent,Rajasthan,1,0.00 Cr,1288,1,0.1
Others,21,Nashik,DEEPAK GAIKWAD,Independent,Maharashtra,1,0.00 Cr,642,1,0.05
Others,7,South Delhi,DEEPAK KAPILA,Independent,NCT OF Delhi,1,0.00 Cr,1500,1,0.12
Others,41,Latur,DEEPAK KEDAR,Independent,Maharashtra,1,0.00 Cr,1726,1,0.14
Others,4,Bijnor,DEEPAK KUMAR,Independent,Uttar Pradesh,1,0.00 Cr,7318,1,0.71
Others,26,Bhagalpur,DEEPAK KUMAR,Socialist Unity Centre Of India (COMMUNIST),Bihar,,0.00 Cr,3763,1,0.35
Others,36,Jahanabad,DEEPAK KUMAR,Jagrook Janta Party,Bihar,,0.00 Cr,8970,1,0.97
Others,3,GWALIOR,DEEPAK KUMAR BANSAL (RANG WALE),Independent,Madhya Pradesh,1,0.00 Cr,2448,1,0.18
Others,7,Dhanbad,DEEPAK KUMAR DAS,Peoples Party of India (Democratic),Jharkhand,,0.00 Cr,1735,1,0.12
Others,10,Firozpur,DEEPAK KUMAR DEEP DASHANAND,Independent,Punjab,1,0.00 Cr,2436,1,0.22
Others,4,Chatra,DEEPAK KUMAR GUPTA,Independent,Jharkhand,1,0.00 Cr,12566,1,1.16
Others,3,JANJGIR-CHAMPA,DEEPAK KUMAR KHUNTE,Aazad Samaj Party (Kanshi Ram),Chhattisgarh,,0.00 Cr,1829,1,0.13
Others,26,Bhagalpur,DEEPAK KUMAR SINGH,Rashtriya Jansambhavna Party,Bihar,,0.00 Cr,7670,1,0.72
Others,30,Mumbai South Central,DEEPAK M. CHAUGULE,Bahujan Republican  Socialist Party,Maharashtra,,0.00 Cr,975,1,0.12
Others,2,KURUKSHETRA,DEEPAK MEHRA,Bahujan Samaj Party,Haryana,,0.00 Cr,20944,1,1.74
Others,17,Dakshina Kannada,DEEPAK RAJESH COELHO,Independent,Karnataka,1,0.00 Cr,976,1,0.07
Others,6,Balasore,DEEPAK SANKAR THAKUR GIRI,Independent,Odisha,1,0.00 Cr,1194,1,0.1
Others,6,Anandpur Sahib,DEEPAK SHARMA,Independent,Punjab,1,0.00 Cr,1012,1,0.09
Others,6,West Delhi,DEEPAK SHARMA,Bharatiya Jan Jagriti Party,NCT OF Delhi,,0.00 Cr,370,1,0.02
Others,1,Nandurbar,DEEPAKKUMAR MADHUKAR SHIRSATH,Independent,Maharashtra,1,0.00 Cr,3571,1,0.26
Others,26,Mumbai North,DEEPALI BHAWARSING SHEKHAWAT,Maharashtra Vikas Aghadi,Maharashtra,,0.00 Cr,625,1,0.06
Others,11,TIRUVANNAMALAI,DEEPAMMAL SUNDARI,Independent,Tamil Nadu,1,0.00 Cr,259,1,0.02
Others,16,NAMAKKAL,DEEPAN CHAKKRAVARTHI S,Independent,Tamil Nadu,1,0.00 Cr,3579,1,0.31
Others,1,Chandigarh,DEEPANSHU SHARMA,Akhil Bhartiya Parivar Party,Chandigarh,,0.00 Cr,1068,1,0.24
Others,2,Garhwal,DEEPENDRA SINGH NEGI,Independent,Uttarakhand,1,0.00 Cr,1640,1,0.22
Others,2,South Goa,DEEPKUMAR D MAPARI,Independent,Goa,1,0.00 Cr,1317,1,0.29
Others,5,BILASPUR,DEEPMALA CHOUHAN,Chhattisgarh Vikas Ganga Rashtriya Party,Chhattisgarh,,0.00 Cr,565,1,0.04
Others,3,CHURU,DEIRAM MEGHWAL,Bahujan Samaj Party,Rajasthan,,0.00 Cr,11271,1,0.79
Others,39,KANNIYAKUMARI,DENNISON V,Independent,Tamil Nadu,1,0.00 Cr,1278,1,0.12
Others,26,INDORE,DESH BHAKT ANKIT GUPTA,Independent,Madhya Pradesh,1,0.00 Cr,1969,1,0.13
Others,4,HISAR,DESH RAJ,Bahujan Samaj Party,Haryana,,0.00 Cr,26015,1,2.22
Others,15,Hingoli,DESHA SHYAM BANJARA,Samnak Janta Party,Maharashtra,,0.00 Cr,2063,1,0.18
Others,4,Nizamabad,DESHABOINA LAXMINARAYANA,Independent,Telangana,1,0.00 Cr,723,1,0.06
Others,4,HISAR,DEV GIRI,Rashtriya Lokswaraj Party,Haryana,,0.00 Cr,726,1,0.06
Others,5,BILASPUR,DEV PRASAD BRAIHA,Independent,Chhattisgarh,1,0.00 Cr,511,1,0.04
Others,1,KANGRA,DEV RAJ BHARDWAJ,Rashtriya Samaj Dal (R),Himachal Pradesh,,0.00 Cr,607,1,0.06
Others,1,Kachchh,DEVABHAI MITHABHAI GOHIL,Rashtriya Power Party,Gujarat,,0.00 Cr,2101,1,0.19
Others,14,KALLAKURICHI,DEVADASS RAMASAMY,Pattali Makkal Katchi,Tamil Nadu,,0.01 Cr,71290,1,5.71
Others,11,Machilipatnam,DEVAMANI DEVARAPALLI,Bahujan Samaj Party,Andhra Pradesh,,0.00 Cr,10028,1,0.76
Others,1,TIRUVALLUR,"Devandhran, M.",Anna MGR Dravida Makkal Kalgam,Tamil Nadu,,0.00 Cr,2008,1,0.14
Others,9,KRISHNAGIRI,DEVAPPA Y,Independent,Tamil Nadu,1,0.00 Cr,724,1,0.06
Others,27,Chikkballapur,DEVARAJ CORONA WARRIOR,Independent,Karnataka,1,0.00 Cr,1177,1,0.08
Others,16,Hassan,DEVARAJ M.Y,Karnataka Rashtra Samithi,Karnataka,,0.00 Cr,6057,1,0.45
Others,28,Kolar,DEVARAJA A ALUSURUDINNE,Uttama Prajaakeeya Party,Karnataka,,0.00 Cr,1354,1,0.1
Others,15,Warangal,DEVARAJU PENDELA,Rashtriya Praja Congress  (Secular),Telangana,,0.00 Cr,2083,1,0.16
Others,18,JALORE,DEVARAM,Independent,Rajasthan,1,0.00 Cr,3134,1,0.22
Others,12,Vijayawada,DEVARAPALLI MALLIKARJUNA RAO (MAHESH),Independent,Andhra Pradesh,1,0.00 Cr,3199,1,0.23
Others,18,Kurnoolu,DEVARAPOGU MADDILETY,Independent,Andhra Pradesh,1,0.00 Cr,2582,1,0.19
Others,12,Vijayawada,DEVARASETTY RAVEENDRA BABU,Andhra Rastra Praja Samithi,Andhra Pradesh,,0.00 Cr,331,1,0.02
Others,2,BHIND,DEVASHISH JARARIYA,Bahujan Samaj Party,Madhya Pradesh,,0.00 Cr,20465,1,1.95
Others,53,Barabanki,DEVATADEEN GAUTAM,Independent,Uttar Pradesh,1,0.00 Cr,2173,1,0.17
Others,4,Nizamabad,DEVATHI SRINIVAS,Bahujan Mukti Party,Telangana,,0.00 Cr,636,1,0.05
Others,8,Secunderabad,DEVENDAR KONNE,Independent,Telangana,1,0.00 Cr,117,1,0.01
Others,5,KARNAL,DEVENDER KADIAN,Jannayak Janta Party,Haryana,,0.00 Cr,11467,1,0.85
Others,9,Surendranagar,DEVENDRA MOHANDAS MAHANT,Gunj Satya Ni Janata Party,Gujarat,,0.00 Cr,2051,1,0.18
Others,8,Ranchi,DEVENDRA NATH MAHTO,Independent,Jharkhand,1,0.01 Cr,132647,1,9.16
Others,38,Gaya,DEVENDRA PRATAP,Independent,Bihar,1,0.00 Cr,9211,1,0.96
Others,13,Junagadh,DEVENDRABHAI DHANJIBHAI MOTIVARAS,Independent,Gujarat,1,0.00 Cr,2309,1,0.22
Others,5,Sitamarhi,DEVESH CHANDRA THAKUR,Janata Dal  (United),Bihar,,0.05 Cr,515719,1,47.14
Others,6,JAIPUR RURAL,DEVHANS,Independent,Rajasthan,1,0.00 Cr,941,1,0.07
Others,16,Nanded,DEVIDAS GOVINDRAO INGLE,Independent,Maharashtra,1,0.00 Cr,1471,1,0.13
Others,21,Nashik,DEVIDAS PIRAJI SARKATE,Independent,Maharashtra,1,0.00 Cr,394,1,0.03
Others,19,Aurangabad,DEVIDAS RATAN KASBE,Independent,Maharashtra,1,0.00 Cr,595,1,0.05
Others,1,Bargarh,DEVIKA SIKA,National Apni Party,Odisha,,0.00 Cr,4538,1,0.35
Others,17,BARMER,DEVILAL JAIN,Independent,Rajasthan,1,0.00 Cr,3023,1,0.18
Others,11,Bhandara Gondiya,DEVILAL SUKHRAM NEPALE,Peoples Party of India (Democratic),Maharashtra,,0.00 Cr,2009,1,0.16
Others,7,Ludhiana,DEVINDER BHAGRIA,Hindustan Shakti Sena,Punjab,,0.00 Cr,860,1,0.08
Others,13,Patiala,DEVINDER RAJPUT,Bharatheeya Jawan Kisan Party,Punjab,,0.00 Cr,2311,1,0.2
Others,16,CHHINDWARA,DEVIRAM URF DEV RAVEN BHALAVI,Gondvana Gantantra Party,Madhya Pradesh,,0.01 Cr,55988,1,4.29
Others,16,Ongole,DEVIREDDY BALANJANEYULU,Independent,Andhra Pradesh,1,0.00 Cr,716,1,0.05
Others,18,Siwan,DEVKANT MISHRA,Independent,Bihar,1,0.00 Cr,6181,1,0.62
Others,1,GANGANAGAR,DEVKARAN NAYAK,Bahujan Samaj Party,Rajasthan,,0.00 Cr,16302,1,1.15
Others,6,RAJNANDGAON,DEVLAL SINHA (SONVANSHI),Bahujan Samaj Party,Chhattisgarh,,0.00 Cr,9668,1,0.67
Others,15,Hingoli,DEVSARKAR VARSHA SHIVAJIRAO,Bahujan Mukti Party,Maharashtra,,0.00 Cr,4099,1,0.35
Others,3,Karimnagar,DEVUNOORI SRINIVASU,Independent,Telangana,1,0.00 Cr,465,1,0.04
Others,10,Meerut,DEVVRAT KUMAR TYAGI,Bahujan Samaj Party,Uttar Pradesh,,0.01 Cr,87025,1,7.36
Others,3,Barpeta,DEWAN MOHIBUL ISLAM,Independent,Assam,1,0.00 Cr,9941,1,0.59
Others,15,Hingoli,DEWJI GANGARAM ASOLE,Independent,Maharashtra,1,0.00 Cr,1483,1,0.13
Others,28,MAYILADUTHURAI,DHAKSHINAMOORTHY M,Independent,Tamil Nadu,1,0.00 Cr,535,1,0.05
Others,27,CHIDAMBARAM,DHAMODHARAN S,Naadaalum Makkal Katchi,Tamil Nadu,,0.00 Cr,1642,1,0.14
Others,12,ARANI,"DHAMODHARAN, G.",Independent,Tamil Nadu,1,0.00 Cr,242,1,0.02
Others,19,NILGIRIS,DHANABAL R,Independent,Tamil Nadu,1,0.00 Cr,1928,1,0.19
Others,21,Nashik,DHANAJI ASHOK TOPALE,Independent,Maharashtra,1,0.00 Cr,1376,1,0.11
Others,48,Hatkanangale,DHANAJI JAGANNATH GURAV (SHIVAREKAR),Lokrajya Janata Party,Maharashtra,,0.00 Cr,1061,1,0.08
Others,43,Madha,DHANAJI SHRIPATI MASKE,Independent,Maharashtra,1,0.00 Cr,4433,1,0.35
Others,31,SIVAGANGA,DHANALAKSHMI M,Independent,Tamil Nadu,1,0.00 Cr,8512,1,0.81
Others,17,ERODE,DHANALAKSHMI V,Naadaalum Makkal Katchi,Tamil Nadu,,0.00 Cr,679,1,0.06
Others,39,Pratapgarh,DHANANJAY,Independent,Uttar Pradesh,1,0.00 Cr,1623,1,0.17
Others,8,Ranchi,DHANANJAY BHAGAT “GANDHI“,Mera Adhikaar Rashtriya Dal,Jharkhand,,0.00 Cr,6799,1,0.47
Others,7,Ahmedabad East,DHANANJAY GIRJASHANKAR RAJPUT,Bhartiya Jan Parishad,Gujarat,,0.00 Cr,1120,1,0.1
Others,75,Ghazipur,DHANANJAY KUMAR TIWARI,Bhartiya Lokvani Party,Uttar Pradesh,,0.00 Cr,1956,1,0.17
Others,18,Jalna,DHANANJAY RUPRAOJI KAKDE (PATIL),Bharatheeya Jawan Kisan Party,Maharashtra,,0.00 Cr,1139,1,0.08
Others,11,Murshidabad,DHANANJOY SARKAR,Independent,West Bengal,1,0.00 Cr,1539,1,0.1
Others,15,BALAGHAT,DHANENDRA DEV PAWAR BANWARI SETH,Independent,Madhya Pradesh,1,0.00 Cr,7245,1,0.52
Others,80,Robertsganj,DHANESHWAR,Bahujan Samaj Party,Uttar Pradesh,,0.01 Cr,118778,1,11.77
Others,12,SHAHDOL,DHANI RAM KOL,Bahujan Samaj Party,Madhya Pradesh,,0.00 Cr,21854,1,1.9
Others,4,GUNA,DHANIRAM CHAUDHARY,Bahujan Samaj Party,Madhya Pradesh,,0.00 Cr,30235,1,2.2
Others,9,Amroha,DHANISH,Independent,Uttar Pradesh,1,0.00 Cr,3617,1,0.33
Others,30,Patna Sahib,DHANJAY KUMAR,Rashtriya Jansambhavna Party,Bihar,,0.00 Cr,1971,1,0.18
Others,19,BHOPAL,DHANRAJ SHENDE,Republican Party of India (A),Madhya Pradesh,,0.00 Cr,790,1,0.05
Others,24,KOTA,DHANRAJ YADAV,Bahujan Samaj Party,Rajasthan,,0.00 Cr,7575,1,0.5
Others,10,Nagpur,DHANU WALTHARE,Independent,Maharashtra,1,0.00 Cr,692,1,0.06
Others,4,Keonjhar,DHANURJAYA SIDU,Biju Janata Dal,Odisha,,0.05 Cr,476881,1,37.95
Others,14,Yavatmal- Washim,DHARAM DILIPSING THAKUR,Sanman Rajkiya Paksha,Maharashtra,,0.00 Cr,4555,1,0.37
Others,22,RAJSAMAND,DHARAM SINGH RAWAT,Independent,Rajasthan,1,0.00 Cr,4053,1,0.33
Others,3,SIRSA,DHARAMPAL VARTIA,Loktantrik Lok Rajyam Party,Haryana,,0.00 Cr,919,1,0.07
Others,12,ARANI,"DHARANI, D.",Independent,Tamil Nadu,1,0.00 Cr,468,1,0.04
Others,16,Ongole,DHARANIKOTA LAKSHMI NARAYANA,Bahujan Samaj Party,Andhra Pradesh,,0.00 Cr,6314,1,0.44
Others,27,Shahjahanpur,DHARM PAL,Independent,Uttar Pradesh,1,0.00 Cr,1423,1,0.11
Others,13,VILUPPURAM,DHARMA. K,Independent,Tamil Nadu,1,0.00 Cr,2382,1,0.21
Others,32,Arrah,DHARMATMA SHARMA,Socialist Unity Centre Of India (COMMUNIST),Bihar,,0.00 Cr,2467,1,0.22
Others,9,GURGAON,DHARMENDER THAKRAN,Swayam Shashan Party,Haryana,,0.00 Cr,1408,1,0.09
Others,5,SAGAR,DHARMENDRA BANPURIYA,Independent,Madhya Pradesh,1,0.00 Cr,1624,1,0.14
Others,6,Akola,DHARMENDRA CHANDRAPRAKASH KOTHARI,Independent,Maharashtra,1,0.00 Cr,1240,1,0.11
Others,21,Hajipur,DHARMENDRA KUMAR,Jantantra Awaj Party,Bihar,,0.00 Cr,1978,1,0.17
Others,46,Jhansi,DHARMENDRA PRATAP,Independent,Uttar Pradesh,1,0.00 Cr,2303,1,0.17
Others,15,Barrackpur,DHARMENDRA SINGH,Independent,West Bengal,1,0.00 Cr,2847,1,0.25
Others,18,VIDISHA,DHARMENDRA SINGH PANWAR (GOLU BHAIYA),Right to Recall Party,Madhya Pradesh,,0.00 Cr,1026,1,0.07
Others,39,Pratapgarh,DHARMENDRA TIWARI,Log Party,Uttar Pradesh,,0.00 Cr,993,1,0.1
Others,8,Ranchi,DHARMENDRA TIWARY,Bhartiya Jantantra Morcha,Jharkhand,,0.00 Cr,3094,1,0.21
Others,22,Bharuch,DHARMESHKUMAR VISHNUBHAI VASAVA,Independent,Gujarat,1,0.00 Cr,1330,1,0.11
Others,6,Anandpur Sahib,DHARMINDER SINGH HARMAN,Akhil Bhartiya Parivar Party,Punjab,,0.00 Cr,2043,1,0.19
Others,47,HAMIRPUR,DHARMRAJ,Al-Hind Party,Uttar Pradesh,,0.00 Cr,1591,1,0.14
Others,9,Jamshedpur,DHARMU TUDU,Ambedkarite Party of India,Jharkhand,,0.00 Cr,3291,1,0.26
Others,18,VIDISHA,DHARMVIR BHARTI,Akhil Bhartiya Parivar Party,Madhya Pradesh,,0.00 Cr,2819,1,0.19
Others,30,Patna Sahib,DHARMVIR KUMAR BHASKAR,Independent,Bihar,1,0.00 Cr,2416,1,0.22
Others,15,Warangal,DHAYAKAR GAJJI,Independent,Telangana,1,0.00 Cr,1638,1,0.13
Others,4,CHENNAI CENTRAL,DHAYANIDHI SURESH,Independent,Tamil Nadu,1,0.00 Cr,567,1,0.08
Others,2,Garhwal,DHEER SINGH,Bahujan Samaj Party,Uttarakhand,,0.00 Cr,4122,1,0.56
Others,35,Karakat,DHEERAJ KUMAR SINGH,Bahujan Samaj Party,Bihar,,0.00 Cr,23657,1,2.29
Others,62,Sant Kabir Nagar,DHEERAJ SRIVASTAV,Pragatisheel Samaj Party,Uttar Pradesh,,0.00 Cr,5140,1,0.47
Others,16,Anand,DHEERAJKUMAR KSHATRIYA,Garib Kalyan Party,Gujarat,,0.00 Cr,1747,1,0.15
Others,38,Gaya,DHEERENDRA PRASAD,Loktantrik Samajwadi Party,Bihar,,0.00 Cr,5629,1,0.58
Others,14,Bhongir,DHERAVATH GOPI NAIK,Jai Maha Bharath Party,Telangana,,0.00 Cr,1682,1,0.12
Others,12,Gadchiroli - Chimur,DHIRAJ PURUSHOTTAM SHEDMAKE,Janseva Gondwana Party,Maharashtra,,0.00 Cr,2174,1,0.19
Others,5,SIKAR,DHIRENDRA  VERMA,Ummeed Party of India,Rajasthan,,0.00 Cr,2944,1,0.23
Others,78,Bhadohi,DHIRENDRA KUMAR TIWARI,Independent,Uttar Pradesh,1,0.00 Cr,2948,1,0.27
Others,12,Ghaziabad,DHIRENDRA SINGH BHADAURIYA,Subhashwadi Bhartiya Samajwadi Party (Subhas Party),Uttar Pradesh,,0.00 Cr,700,1,0.05
Others,35,Purulia,DHIRENDRANATH MAHATO,All India Forward Bloc,West Bengal,,0.00 Cr,14572,1,1.02
Others,20,Dindori,DHOMSE MALATI RAHUL,Vanchit Bahujan  Aaghadi,Maharashtra,,0.00 Cr,37103,1,2.99
Others,18,VIDISHA,DHOOLSINGH DHAMMA,Independent,Madhya Pradesh,1,0.00 Cr,3424,1,0.24
Others,7,DURG,DHRUV KUMAR SONI URF LANGUR SONI,Independent,Chhattisgarh,1,0.00 Cr,3815,1,0.25
Others,25,DHAR,DHUMSINGH MANDLOI MACHHAR,Bahujan Samaj Party,Madhya Pradesh,,0.00 Cr,14956,1,1.05
Others,23,KARUR,DHURAIYARASAN. P,Independent,Tamil Nadu,1,0.00 Cr,275,1,0.02
Others,39,Pratapgarh,DHYAN SINGH,Independent,Uttar Pradesh,1,0.00 Cr,678,1,0.07
Others,7,Amravati,DIGAMBAR WAMAN BHAGAT,Naki Bharatiya Ekta Party,Maharashtra,,0.00 Cr,762,1,0.06
Others,14,Yavatmal- Washim,DIKSHANT NAMDEVRAO SAWAIKAR,Independent,Maharashtra,1,0.00 Cr,1103,1,0.09
Others,4,CHENNAI CENTRAL,DILAVAR ALI,Tipu Sultan Party,Tamil Nadu,,0.00 Cr,2546,1,0.35
Others,2,Amritsar,DILBAGH SINGH,Independent,Punjab,1,0.00 Cr,391,1,0.04
Others,3,Khadoor Sahib,DILBAGH SINGH,All India Mazdoor Party (Rangreta),Punjab,,0.00 Cr,1374,1,0.13
Others,2,Amritsar,DILDAR MASIH,Shiromani Lok Dal Party,Punjab,,0.00 Cr,1044,1,0.12
Others,15,BALAGHAT,DILEEP CHHABDA,Independent,Madhya Pradesh,1,0.00 Cr,1750,1,0.13
Others,20,BANSWARA,DILEEP KUMAR MEENA,Bahujan Samaj Party,Rajasthan,,0.00 Cr,8591,1,0.52
Others,15,Aligarh,DILEEP SHARMA AD.,Independent,Uttar Pradesh,1,0.00 Cr,955,1,0.08
Others,36,Rae Bareli,DILEEP SINGH,Akhil Bhartiya Apna Dal,Uttar Pradesh,,0.00 Cr,8678,1,0.84
Others,8,Supaul,DILESHWAR KAMAIT,Janata Dal  (United),Bihar,,0.06 Cr,595038,1,48.33
Others,1,Coochbehar,DILIP CHANDRA BARMAN,Socialist Unity Centre Of India (COMMUNIST),West Bengal,,0.00 Cr,2468,1,0.15
Others,7,Bidar,DILIP KADWAD,Independent,Karnataka,1,0.00 Cr,798,1,0.06
Others,18,Siwan,DILIP KU SINGH,Bahujan Samaj Party,Bihar,,0.00 Cr,12112,1,1.21
Others,7,Karimganj,DILIP KUMAR,Independent,Assam,1,0.00 Cr,2630,1,0.23
Others,29,Nalanda,DILIP KUMAR,Moolniwasi Samaj Party,Bihar,,0.00 Cr,2729,1,0.24
Others,24,Bangalore North,DILIP KUMAR I.S.,Independent,Karnataka,1,0.00 Cr,1903,1,0.11
Others,4,Sheohar,DILIP KUMAR MISHRA,Prabal Bharat Party,Bihar,,0.00 Cr,2099,1,0.2
Others,3,ANANTNAG-RAJOURI,DILIP KUMAR PANDITA,Independent,Jammu and Kashmir,1,0.00 Cr,3722,1,0.36
Others,18,Siwan,DILIP KUMAR SINGH,Independent,Bihar,1,0.00 Cr,1953,1,0.2
Others,2,Sundargarh,DILIP KUMAR TIRKEY,Biju Janata Dal,Odisha,,0.04 Cr,355474,1,30.76
Others,4,KORBA,DILIP MIRI,Independent,Chhattisgarh,1,0.00 Cr,3902,1,0.32
Others,7,DURG,DILIP RAMTEKE,Bahujan Samaj Party,Chhattisgarh,,0.00 Cr,13333,1,0.86
Others,6,Akola,DILIP SHATRUGHAN MHAISANE,Independent,Maharashtra,1,0.00 Cr,862,1,0.07
Others,4,New Delhi,DILIP SINGH,Independent,NCT OF Delhi,1,0.00 Cr,726,1,0.09
Others,9,Surendranagar,DILIPBHAI PARSHOTTAMBHAI MAKWANA,New India United Party,Gujarat,,0.00 Cr,1257,1,0.11
Others,2,CHENNAI NORTH,DILLI GANESH. E,Independent,Tamil Nadu,1,0.00 Cr,736,1,0.08
Others,17,Puri,DILLIP KUMAR BARAL,Independent,Odisha,1,0.00 Cr,1611,1,0.13
Others,10,Kaziranga,DILUWARA BEGUM CHOWDHURY,Independent,Assam,1,0.00 Cr,11743,1,0.72
Others,13,Patiala,DIMPLE,Independent,Punjab,1,0.00 Cr,850,1,0.07
Others,48,Hatkanangale,DINAKARRAO TULSHIDAS CHAVAN (PATIL),All India Forward Bloc,Maharashtra,,0.00 Cr,679,1,0.05
Others,25,Khagaria,DINANATH CHANDRAVANSHI,Independent,Bihar,1,0.00 Cr,6162,1,0.58
Others,17,Gopalganj,DINANATH MANJHI,All India Majlis-E-Ittehadul Muslimeen,Bihar,,0.00 Cr,29992,1,2.82
Others,11,Mahbubnagar,DINESH,Independent,Telangana,1,0.00 Cr,1727,1,0.14
Others,40,Farrukhabad,DINESH,Bhartiya Shakti Chetna Party,Uttar Pradesh,,0.00 Cr,1063,1,0.1
Others,1,Valmiki Nagar,DINESH AGRAWAL,Independent,Bihar,1,0.00 Cr,19810,1,1.8
Others,37,Amethi,DINESH CHANDRA MAURYA,Janshakti Samta Party,Uttar Pradesh,,0.00 Cr,4577,1,0.47
Others,13,Madhepura,DINESH CHANDRA YADAV,Janata Dal  (United),Bihar,,0.06 Cr,640649,1,52.96
Others,7,Amravati,DINESH GANESHDAS BUB,Prahar Janshakti Party,Maharashtra,,0.01 Cr,85300,1,7.27
Others,20,COIMBATORE,DINESH K,Independent,Tamil Nadu,1,0.00 Cr,285,1,0.02
Others,4,HISAR,DINESH KUMAR,Independent,Haryana,1,0.00 Cr,703,1,0.06
Others,4,New Delhi,DINESH KUMAR,Peoples Party of India (Democratic),NCT OF Delhi,,0.00 Cr,361,1,0.04
Others,23,Badaun,DINESH KUMAR,Independent,Uttar Pradesh,1,0.00 Cr,2674,1,0.24
Others,2,MANDI,DINESH KUMAR BHATI,Independent,Himachal Pradesh,1,0.00 Cr,381,1,0.04
Others,48,Banda,DINESH KUMAR PATEL,Sardar Patel Siddhant Party,Uttar Pradesh,,0.00 Cr,2508,1,0.24
Others,77,Varanasi,DINESH KUMAR YADAV,Independent,Uttar Pradesh,1,0.00 Cr,2917,1,0.26
Others,3,CHENNAI SOUTH,DINESH KUMAR. B,Independent,Tamil Nadu,1,0.00 Cr,253,1,0.02
Others,32,Ghatal,DINESH MAIKAP,Socialist Unity Centre Of India (COMMUNIST),West Bengal,,0.00 Cr,4148,1,0.26
Others,5,BILASPUR,DINESH PRATAP SINGH KHUSRO NIKHIL,Rashtriya Gondvana Party,Chhattisgarh,,0.00 Cr,1808,1,0.13
Others,20,RAJGARH,DINESH RAZAWAT,Aazad Samaj Party (Kanshi Ram),Madhya Pradesh,,0.00 Cr,4179,1,0.29
Others,16,Hathras,DINESH SAI,Independent,Uttar Pradesh,1,0.00 Cr,1144,1,0.11
Others,18,JALORE,DINESH SINGH,Independent,Rajasthan,1,0.00 Cr,2105,1,0.15
Others,13,JABALPUR,DINESH YADAV,Independent,Madhya Pradesh,1,0.00 Cr,1484,1,0.13
Others,22,DINDIGUL,DINESHKUMAR S,All India Youth Development Party,Tamil Nadu,,0.00 Cr,2434,1,0.21
Others,22,Palghar,DINKAR DATTATRAYA WADHAN,Independent,Maharashtra,1,0.00 Cr,10687,1,0.78
Others,5,Buldhana,DINKAR TUKARAM SAMBARE,Independent,Maharashtra,1,0.00 Cr,4564,1,0.41
Others,36,Bankura,DIPA BOURI,Bahujan Samaj Party,West Bengal,,0.00 Cr,8796,1,0.61
Others,1,Rajmahal,DIPA TUDU,Independent,Jharkhand,1,0.00 Cr,6856,1,0.56
Others,18,Jalna,DIPAK BHIMRAO BORHADE,Samnak Janta Party,Maharashtra,,0.00 Cr,5522,1,0.41
Others,5,Guwahati,DIPAK KR BORO,Voters Party  International,Assam,,0.00 Cr,8548,1,0.53
Others,10,Nagpur,DIPAK LAXMANRAO MASKE,Bahujan Maha Party,Maharashtra,,0.00 Cr,270,1,0.02
Others,14,Bangaon,DIPAK MAJUMDAR,All India Secular Front,West Bengal,,0.00 Cr,19216,1,1.29
Others,22,Jadavpur,DIPAK SARDAR,Independent,West Bengal,1,0.00 Cr,927,1,0.06
Others,23,Kolkata Dakshin,DIPENDU HAZRA,Independent,West Bengal,1,0.00 Cr,804,1,0.06
Others,40,Asansol,DIPIKA BAURI,Independent,West Bengal,1,0.00 Cr,10647,1,0.82
Others,27,Srerampur,DIPSITA DHAR,Communist Party of India  (Marxist),West Bengal,,0.02 Cr,239146,1,16.2
Others,26,Mumbai North,DIPTI ASHOK WALAWALKAR,Independent,Maharashtra,1,0.00 Cr,1472,1,0.14
Others,10,Thrissur,DIVAKARAN PALLATH,New Labour Party,Kerala,,0.00 Cr,819,1,0.08
Others,13,Chandrapur,DIWAKAR HARIJI URADE,Independent,Maharashtra,1,0.00 Cr,3224,1,0.26
Others,8,Wardha,DIXITA ANAND,Desh Janhit Party,Maharashtra,,0.00 Cr,736,1,0.07
Others,18,Jalna,DNYANESHWAR DAGDUJI NADE,Independent,Maharashtra,1,0.00 Cr,1143,1,0.08
Others,17,Parbhani,DNYANESHWAR JAGANNATH DAHIBHATE,Independent,Maharashtra,1,0.00 Cr,3539,1,0.27
Others,24,Kalyan,DNYANESHWAR LOKHANDE MAHARAJ,Independent,Maharashtra,1,0.00 Cr,741,1,0.07
Others,40,Osmanabad,DNYANESHWAR NAGANATHRAO KOLI,Samata Party,Maharashtra,,0.00 Cr,6472,1,0.51
Others,16,Nanded,DNYANESHWAR RAOSAHEB KAPATE,Independent,Maharashtra,1,0.00 Cr,681,1,0.06
Others,14,Narsaraopet,DOCTOR GODA RAMESH KUMAR,Jatiya Jana Sena Party,Andhra Pradesh,,0.00 Cr,309,1,0.02
Others,27,Shahjahanpur,DOD RAM VERMA,Bahujan Samaj Party,Uttar Pradesh,,0.01 Cr,91710,1,7.35
Others,24,Rajampet,DODDAPANENI RAJA NAIDU,Independent,Andhra Pradesh,1,0.00 Cr,1318,1,0.1
Others,13,Davanagere,DODDESH.H.S,Janahitha Paksha,Karnataka,,0.00 Cr,440,1,0.03
Others,6,Medak,DODLA VENKAT,Telangana Praja Shakthi Party,Telangana,,0.00 Cr,917,1,0.07
Others,15,Bapatla (SC),DOKKA JAGAN MOHANA RAO,Bahujan Samaj Party,Andhra Pradesh,,0.00 Cr,6857,1,0.53
Others,42,Birbhum,DOLA SARKAR,Indian National Socialistic Action Forces,West Bengal,,0.00 Cr,2033,1,0.13
Others,9,Jamshedpur,DOMAN CHANDRA BHAKAT,Bhagidari Party(P),Jharkhand,,0.00 Cr,1348,1,0.11
Others,7,Malkajgiri,DONTHULA BIKSHAPATHI,Independent,Telangana,1,0.00 Cr,1821,1,0.09
Others,7,Amalapuram (SC),DORABABU YALLA,Bahujan Samaj Party,Andhra Pradesh,,0.00 Cr,5388,1,0.41
Others,20,Vadodara,DOSHI HARDIK BIPINBHAI,Satyawadi Rakshak Party,Gujarat,,0.00 Cr,657,1,0.05
Others,14,Bhongir,DR : MORIGADI KRISHNA,Independent,Telangana,1,0.00 Cr,617,1,0.04
Others,7,ARAKKONAM,DR A V NARENDRAN,Independent,Tamil Nadu,1,0.00 Cr,1722,1,0.15
Others,45,Satara,DR ABHIJEET WAMANRAO AWADE BICHUKALE,Independent,Maharashtra,1,0.00 Cr,1395,1,0.12
Others,29,Mumbai North Central,DR ADV YASHWANT RAMBHAU KASBE,Bhartiya Jan Vikas Aaghadi,Maharashtra,,0.00 Cr,391,1,0.04
Others,44,Sangli,DR AKASH VHATKAR,Independent,Maharashtra,1,0.00 Cr,814,1,0.07
Others,6,Kakinada,DR ANUSHA YADAV,Bharatha Chaitanya Yuvajana Party,Andhra Pradesh,,0.00 Cr,9854,1,0.74
Others,14,Yavatmal- Washim,DR ARJUNKUMAR SITARAM RATHOD,Independent,Maharashtra,1,0.00 Cr,1863,1,0.15
Others,1,Andaman & Nicobar Islands,DR ARUN KUMAR MALLIK,Bahujan Samaj Party,Andaman & Nicobar Islands,,0.00 Cr,719,1,0.36
Others,14,NAGAUR,DR ASHOK CHOUDHARY,Abhinav Rajasthan Party,Rajasthan,,0.00 Cr,26294,1,2.12
Others,35,RAMANATHAPURAM,DR CHANDRA PRABHA JEYAPAL,Naam Tamilar Katchi,Tamil Nadu,,0.01 Cr,97672,1,8.8
Others,16,Ongole,DR CHEVIREDDY BHASKAR REDD,Yuvajana Sramika Rythu Congress Party,Andhra Pradesh,,0.07 Cr,651695,1,45.82
Others,1,Nagaland,DR CHUMBEN MURRY,Nationalist Democratic Progressive Party,Nagaland,,0.04 Cr,350967,1,46.13
Others,6,JAIPUR RURAL,DR DASHRATH HINUNIA,Ambedkarite Party of India,Rajasthan,,0.00 Cr,2681,1,0.21
Others,9,Faridkot,DR DEV INDER GAGALANI,Republican Party of India,Punjab,,0.00 Cr,1040,1,0.1
Others,15,Warangal,Dr GADAM MALLESH,Jai Bharat National Party,Telangana,,0.00 Cr,567,1,0.04
Others,29,Mumbai North Central,DR GAFFAR IBRAHIM SAYED,Independent,Maharashtra,1,0.00 Cr,586,1,0.06
Others,12,ARANI,DR GANESH KUMAR A ME PHD,Pattali Makkal Katchi,Tamil Nadu,,0.02 Cr,236571,1,20.75
Others,16,NAMAKKAL,DR GURUNATHAN S,Independent,Tamil Nadu,1,0.00 Cr,1071,1,0.09
Others,26,Bangalore South,DR HARISH GOWDA,Independent,Karnataka,1,0.00 Cr,563,1,0.05
Others,10,Meerut,DR HIMANSHU BHATNAGAR,Jai Hind National Party,Uttar Pradesh,,0.00 Cr,854,1,0.07
Others,19,Aurangabad,DR JIVAN BHAWLAL RAJPUT,Independent,Maharashtra,1,0.00 Cr,3807,1,0.29
Others,37,TENKASI,DR K KRISHNASAMY,All India Anna Dravida Munnetra Kazhagam,Tamil Nadu,,0.02 Cr,229480,1,22.08
Others,2,South Goa,DR KALIDAS VAINGANKAR,Independent,Goa,1,0.00 Cr,720,1,0.16
Others,1,KANGRA,DR KEHAR SINGH,Independent,Himachal Pradesh,1,0.00 Cr,2178,1,0.21
Others,11,Chalakudy,DR M PRADEEPAN,Socialist Unity Centre Of India (COMMUNIST),Kerala,,0.00 Cr,694,1,0.07
Others,28,Kolar,DR M. VENKATASWAMY,Independent,Karnataka,1,0.00 Cr,3354,1,0.25
Others,18,Chitradurga,DR M.P. DARAKESWARAIAH,Independent,Karnataka,1,0.00 Cr,992,1,0.07
Others,2,KURUKSHETRA,DR MAHESH CHAND GAUR,Independent,Haryana,1,0.00 Cr,1340,1,0.11
Others,41,Bolpur,DR MANIK CHANDRA PRODHAN,Bahujan Samaj Party,West Bengal,,0.00 Cr,7039,1,0.46
Others,15,SALEM,DR MANOJKUMAR G,Naam Tamilar Katchi,Tamil Nadu,,0.01 Cr,76207,1,5.84
Others,2,Garhwal,DR MUKESH PANT,Sainik Samaj Party,Uttarakhand,,0.00 Cr,1179,1,0.16
Others,51,Phulpur,DR NEERAJ,Independent,Uttar Pradesh,1,0.00 Cr,1710,1,0.17
Others,6,JAIPUR RURAL,DR OM SINGH MEENA SEHARA,Independent,Rajasthan,1,0.00 Cr,734,1,0.06
Others,4,UDHAMPUR,DR PANKAJ SHARMA,Independent,Jammu and Kashmir,1,0.00 Cr,2247,1,0.2
Others,3,Almora,DR PRAMOD KUMAR,Peoples Party of India (Democratic),Uttarakhand,,0.00 Cr,4457,1,0.67
Others,5,JAMMU,DR PRINCE RAINA,Independent,Jammu and Kashmir,1,0.00 Cr,2866,1,0.22
Others,2,SRINAGAR,DR QAZI ASHRAF,Independent,Jammu and Kashmir,1,0.00 Cr,919,1,0.14
Others,38,TIRUNELVELI,DR RAJENDRA RETNAM K,Independent,Tamil Nadu,1,0.00 Cr,689,1,0.06
Others,3,Purvi Champaran,DR RAJESH KUMAR,Vikassheel Insaan Party,Bihar,,0.05 Cr,453906,1,42.28
Others,30,Patna Sahib,DR RAKESH DUTTA MISHRA,Bharatiya Jan Kranti Dal (Democratic),Bihar,,0.00 Cr,1240,1,0.12
Others,6,JAIPUR RURAL,DR RAM ROOP MEENA ADVOCATE,Independent,Rajasthan,1,0.00 Cr,1604,1,0.13
Others,2,Amritsar,DR RAMESH KUMAR,Sacho Sach Party,Punjab,,0.00 Cr,652,1,0.07
Others,19,Fatehpur Sikri,DR RAMESHWAR SINGH,Independent,Uttar Pradesh,1,0.00 Cr,48606,1,4.7
Others,8,Sambhal,DR RASHID,Peace Party,Uttar Pradesh,,0.00 Cr,1060,1,0.09
Others,25,Khagaria,DR RAVI KUMAR,Bahujan Samaj Party,Bihar,,0.00 Cr,14053,1,1.32
Others,8,VELLORE,DR S JAYARAJ,Independent,Tamil Nadu,1,0.00 Cr,661,1,0.06
Others,31,Patliputra,DR S P SHARMA,Hindustan Vikas Dal,Bihar,,0.00 Cr,15140,1,1.23
Others,8,VELLORE,DR S PASUPATHI,All India Anna Dravida Munnetra Kazhagam,Tamil Nadu,,0.01 Cr,117682,1,10.42
Others,5,SRIPERUMBUDUR,DR S PRAVEEN,Independent,Tamil Nadu,1,0.00 Cr,799,1,0.06
Others,20,Mathurapur,DR SARAT CHANDRA HALDER,Communist Party of India  (Marxist),West Bengal,,0.01 Cr,61100,1,4.08
Others,38,Sultanpur,DR SHIV SHANKAR INDIAN,Most Backward Classes Of India,Uttar Pradesh,,0.00 Cr,2090,1,0.2
Others,29,NAGAPATTINAM,DR SURSITH SANKAR G,All India Anna Dravida Munnetra Kazhagam,Tamil Nadu,,0.03 Cr,256087,1,26.32
Others,2,South Goa,DR SWETA GAONKAR,Bahujan Samaj Party,Goa,,0.00 Cr,1581,1,0.35
Others,39,KANNIYAKUMARI,DR TOM MANOHAR C M,Punnagai Desam Party,Tamil Nadu,,0.00 Cr,1040,1,0.1
Others,2,Peddapalle,DR VASARLA NATHANIAL,Independent,Telangana,1,0.00 Cr,1217,1,0.11
Others,8,Secunderabad,DR.  BASWANANDAM DANDEPU,Bahujan Samaj Party,Telangana,,0.00 Cr,2268,1,0.22
Others,4,Chatra,DR. ABHISHEK KUMAR SINGH,Independent,Jharkhand,1,0.00 Cr,14106,1,1.3
Others,4,Visakhapatnam,DR. ACHUTHA BALAJI YADAV (MURAPALA),Bharatha Chaitanya Yuvajana Party,Andhra Pradesh,,0.00 Cr,638,1,0.05
Others,11,Bhandara Gondiya,DR. AKASH MADHUKAR JIBHAKATE,Independent,Maharashtra,1,0.00 Cr,1981,1,0.16
Others,17,Gopalganj,DR. ALOK KUMAR SUMAN,Janata Dal  (United),Bihar,,0.05 Cr,511866,1,48.15
Others,7,DURG,DR. ANJU KEME,Ekam Sanatan Bharat Dal,Chhattisgarh,,0.00 Cr,5241,1,0.34
Others,36,Shirur,DR. ANWAR SHAIKH,Vanchit Bahujan  Aaghadi,Maharashtra,,0.00 Cr,17462,1,1.27
Others,30,Mumbai South Central,DR. ARJUN MAHADEO MURUDKAR,Bharatheeya Jawan Kisan Party,Maharashtra,,0.00 Cr,930,1,0.12
Others,22,RAJSAMAND,DR. ARPIT CHHAJER,Independent,Rajasthan,1,0.00 Cr,1244,1,0.1
Others,70,Ghosi,DR. ARVIND RAJBHAR,Suheldev Bharatiya Samaj Party,Uttar Pradesh,,0.03 Cr,340188,1,29.57
Others,7,JAIPUR,DR. ASEEM VERMA,Independent,Rajasthan,1,0.00 Cr,572,1,0.04
Others,15,Hingoli,DR. B. D. CHAVHAN,Vanchit Bahujan  Aaghadi,Maharashtra,,0.02 Cr,161814,1,13.96
Others,34,Pune,DR. BALASAHEB ARJUN POL,Independent,Maharashtra,1,0.00 Cr,259,1,0.02
Others,14,MANDLA,DR. BHAW SINGH TEKAM,Independent,Madhya Pradesh,1,0.00 Cr,6401,1,0.42
Others,24,Kolkata Uttar,DR. BIPLAB CHANDRA,Socialist Unity Centre Of India (COMMUNIST),West Bengal,,0.00 Cr,3658,1,0.38
Others,56,Baharaich,DR. BRIJESH KUMAR,Bahujan Samaj Party,Uttar Pradesh,,0.01 Cr,50448,1,4.77
Others,1,Gurdaspur,DR. DALJIT SINGH CHEEMA,Shiromani Akali Dal,Punjab,,0.01 Cr,85500,1,7.93
Others,7,Ludhiana,DR. DEVINDER SINGH GILL,Aam Lok Party United,Punjab,,0.00 Cr,695,1,0.07
Others,34,Pune,DR. DEVYANI PANDIT,Independent,Maharashtra,1,0.00 Cr,650,1,0.06
Others,13,JABALPUR,DR. DHAI AKSHAR,Independent,Madhya Pradesh,1,0.00 Cr,1400,1,0.12
Others,11,Kalahandi,DR. DHARMANANDA GAHIR,Independent,Odisha,1,0.00 Cr,7811,1,0.59
Others,7,Bidar,DR. DINKAR MORE,Independent,Karnataka,1,0.00 Cr,4116,1,0.33
Others,12,SHAHDOL,DR. DURGA WATI BHARIA,Chhattisgarh Vikas Ganga Rashtriya Party,Madhya Pradesh,,0.00 Cr,3444,1,0.3
Others,10,Haveri,DR. G H IMRAPUR,Independent,Karnataka,1,0.00 Cr,953,1,0.07
Others,14,NAGAUR,DR. GAJENDRA SINGH RATHORE,Bahujan Samaj Party,Rajasthan,,0.00 Cr,24008,1,1.94
Others,4,Visakhapatnam,DR. GANAPATHI KONGARAPU.,Republican Party of India (A),Andhra Pradesh,,0.00 Cr,950,1,0.07
Others,17,Parbhani,DR. GOVARDHAN BHIWAJI KHANDAGALE,Bahujan Bharat Party,Maharashtra,,0.00 Cr,15395,1,1.16
Others,8,Rajahmundry,DR. GUDURI SRINIVAS,Yuvajana Sramika Rythu Congress Party,Andhra Pradesh,,0.05 Cr,487376,1,36.77
Others,11,Dharwad,DR. GURAPPA H IMRAPUR,Independent,Karnataka,1,0.00 Cr,514,1,0.04
Others,21,Mysore,DR. H. M. NANJUNDASWAMY,Samajwadi Janata Party(Karnataka),Karnataka,,0.00 Cr,523,1,0.04
Others,19,Tumkur,DR. H.B.M. HIREMATH,Kannada  Paksha,Karnataka,,0.00 Cr,477,1,0.04
Others,7,DURG,DR. HARISHCHANDRA SAHU,Independent,Chhattisgarh,1,0.00 Cr,1116,1,0.07
Others,22,UJJAIN,DR. HEMANT PARMAR,Bhim Sena,Madhya Pradesh,,0.00 Cr,4976,1,0.37
Others,48,Hatkanangale,DR. ISHWAR MAHADEV YAMGAR,Bharatiya Lokshakti Party,Maharashtra,,0.00 Cr,1537,1,0.12
Others,16,Hathras,DR. JAYVEER SINGH DHANGAR,Rashtra Uday Party,Uttar Pradesh,,0.00 Cr,1607,1,0.15
Others,3,Godda,DR. K. RANGAIAH,Independent,Jharkhand,1,0.00 Cr,2210,1,0.16
Others,37,Ahmednagar,DR. KAILASH NIVRUTTI JADHAV,Maharashtra Vikas Aghadi,Maharashtra,,0.00 Cr,1435,1,0.11
Others,6,SONIPAT,DR. KAMLESH KUMAR SAINI,Independent,Haryana,1,0.00 Cr,866,1,0.08
Others,25,Navsari,DR. KANUBHAI KHADADIYA,Socialist Unity Centre Of India (COMMUNIST),Gujarat,,0.00 Cr,1485,1,0.11
Others,1,SURGUJA,DR. L. S. UDAY SINGH,Gondvana Gantantra Party,Chhattisgarh,,0.00 Cr,15651,1,1.08
Others,5,Kozhikode,DR. M. JYOTHIRAJ,Socialist Unity Centre Of India (COMMUNIST),Kerala,,0.00 Cr,653,1,0.06
Others,27,Chikkballapur,DR. M.R. RANGANATHA,Independent,Karnataka,1,0.00 Cr,857,1,0.06
Others,15,Warangal,Dr. MARAPALLY SUDHEER KUMAR,Bharat Rashtra Samithi,Telangana,,0.02 Cr,232033,1,18.3
Others,1,Shillong,DR. MAZEL AMPAREEN LYNGDOH,National People's Party,Meghalaya,,0.02 Cr,186488,1,17.97
Others,8,Rajahmundry,DR. MEDISI RATNARAO ALIAS VINAY,Independent,Andhra Pradesh,1,0.00 Cr,3115,1,0.24
Others,10,Eluru,DR. MENDEM SANTHOSH KUMAR (PEDDA BABULU),Liberation Congress Party,Andhra Pradesh,,0.00 Cr,786,1,0.06
Others,8,Wardha,DR. MOHAN RAMRAOJI  RAIKWAR,Bahujan Samaj Party,Maharashtra,,0.00 Cr,20795,1,1.9
Others,8,Wardha,DR. MORESHWAR RAMJI NAGRALE,Republican Party of India,Maharashtra,,0.00 Cr,797,1,0.07
Others,3,Bagalkot,DR. MUTTU. S. SURAKOD. (MADAR),Independent,Karnataka,1,0.00 Cr,3135,1,0.24
Others,1,AMBALA,DR. NITESH CHOPRA (HONEY),Bhartiya Shakti Chetna Party,Haryana,,0.00 Cr,857,1,0.06
Others,8,RAIPUR,DR. OMPRAKASH SAHU,Independent,Chhattisgarh,1,0.00 Cr,294,1,0.02
Others,3,GWALIOR,DR. P. D. AGARWAL SR. MEDICAL CONSULTANT,Independent,Madhya Pradesh,1,0.00 Cr,1021,1,0.08
Others,7,Ludhiana,DR. PALWINDER KAUR,Independent,Punjab,1,0.00 Cr,1768,1,0.17
Others,25,Thane,DR. PIYUSH K. SAXENA,Independent,Maharashtra,1,0.00 Cr,2293,1,0.18
Others,2,MANDI,DR. PRAKASH CHAND BHARDWAJ,Bahujan Samaj Party,Himachal Pradesh,,0.00 Cr,4393,1,0.43
Others,8,Secunderabad,DR. R. GANGADHAR,Socialist Unity Centre Of India (COMMUNIST),Telangana,,0.00 Cr,281,1,0.03
Others,20,Vadodara,DR. RAHUL VASUDEVBHAI VYAS,Independent,Gujarat,1,0.00 Cr,2752,1,0.23
Others,16,Jagatsinghpur,DR. RAJASHREE MALLICK,Biju Janata Dal,Odisha,,0.05 Cr,548397,1,42.63
Others,20,RAJGARH,DR. RAJENDRA SURYAVANSHI,Bahujan Samaj Party,Madhya Pradesh,,0.00 Cr,13942,1,0.98
Others,2,North-East Delhi,DR. RAJESH KUMAR SINGH,Independent,NCT OF Delhi,1,0.00 Cr,540,1,0.03
Others,3,SIRSA,DR. RAJESH MEHANDIA,Bahujan Republican  Socialist Party,Haryana,,0.00 Cr,931,1,0.07
Others,11,DAUSA,"DR. RAM ROOP MEENA, ADVOCATE",Independent,Rajasthan,1,0.00 Cr,2721,1,0.25
Others,5,SAGAR,DR. RAMAVATAR SHARMA,Socialist Unity Centre Of India (COMMUNIST),Madhya Pradesh,,0.00 Cr,928,1,0.08
Others,17,Mathura,DR. RASHMI YADAV,Independent,Uttar Pradesh,1,0.00 Cr,1189,1,0.12
Others,18,Siwan,DR. RAVINDRA NATH SHUKLA,Independent,Bihar,1,0.00 Cr,8693,1,0.87
Others,13,Guntur,DR. RAYAPUDI RAJESH VIJAY KUMAR,Indian Labour Party (Ambedkar Phule),Andhra Pradesh,,0.00 Cr,310,1,0.02
Others,18,Kurnoolu,DR. REDDYPOGU PRAVEEN KUMAR,Independent,Andhra Pradesh,1,0.00 Cr,1856,1,0.14
Others,1,Shillong,DR. RICKY ANDREW J. SYNGKON,Voice of the People Party,Meghalaya,,0.06 Cr,571078,1,55.02
Others,3,JANJGIR-CHAMPA,DR. ROHIT DAHARIA,Bahujan Samaj Party,Chhattisgarh,,0.00 Cr,48501,1,3.48
Others,24,Kalyan,DR. SACHIN SAHEBRAO PATIL,Independent,Maharashtra,1,0.00 Cr,351,1,0.03
Others,29,Nalanda,DR. SANDEEP SAURAV,Communist Party of India  (Marxist-Leninist)  (Liberation),Bihar,,0.04 Cr,390308,1,34.11
Others,19,UDAIPUR,DR. SAVITA KUMARI AHARI,Independent,Rajasthan,1,0.00 Cr,8162,1,0.54
Others,39,Beed,DR. SHRIRAM VITTHALRAO KHALGE,Independent,Maharashtra,1,0.00 Cr,1512,1,0.1
Others,78,Bhadohi,DR. SHYAMDHAR TIWARI,Independent,Uttar Pradesh,1,0.00 Cr,4848,1,0.45
Others,39,Beed,DR. SIDDHARTH RAJENDRA TAKANKAR,Bahujan Samaj Party,Maharashtra,,0.00 Cr,5111,1,0.34
Others,35,Baramati,DR. SOMNATH ALIAS BALASAHEB ARJUN POL,Independent,Maharashtra,1,0.00 Cr,1169,1,0.08
Others,2,Dumka,DR. SRILAL KISKU,Independent,Jharkhand,1,0.00 Cr,9416,1,0.8
Others,47,Kolhapur,DR. SUNIL NAMDEV PATIL,National Black Panther Party,Maharashtra,,0.00 Cr,633,1,0.05
Others,28,Mumbai North East,DR. SUSHMA MAURYA,Independent,Maharashtra,1,0.00 Cr,2891,1,0.31
Others,5,Anakapalle,DR. THUMMAPALA HARI  SHANKAR,Independent,Andhra Pradesh,1,0.00 Cr,1576,1,0.12
Others,9,MAHASAMUND,DR. VIRENDRA CHAUDHRI,Bhartiya Shakti Chetna Party,Chhattisgarh,,0.00 Cr,2099,1,0.16
Others,4,Raver,DR. YOGENDRA VITTHAL KOLTE,Independent,Maharashtra,1,0.00 Cr,902,1,0.08
Others,3,CHENNAI SOUTH,DR.J.JAYAVARDHAN,All India Anna Dravida Munnetra Kazhagam,Tamil Nadu,,0.02 Cr,172491,1,15.69
Others,9,Hyderabad,DR.LUBNA SARWATH,Vidhyarthula Rajakiya Party,Telangana,,0.00 Cr,411,1,0.04
Others,19,Ananthapur,DR.NALLANI RAMESH NAIDU,Andhra Rastra Praja Samithi,Andhra Pradesh,,0.00 Cr,4989,1,0.35
Others,4,CHENNAI CENTRAL,DR.R.KARTHIKEYAN,Naam Tamilar Katchi,Tamil Nadu,,0.00 Cr,46031,1,6.3
Others,12,Nagarkurnool,DR.R.S.PRAVEEN KUMAR,Bharat Rashtra Samithi,Telangana,,0.03 Cr,321343,1,26.36
Others,26,Bangalore South,DR.R.SHEKAR THIRUMAVALVAN,Independent,Karnataka,1,0.00 Cr,215,1,0.02
Others,9,KRISHNAGIRI,DR.SHANMUGAM .A.R,Independent,Tamil Nadu,1,0.00 Cr,5583,1,0.48
Others,17,Pathanamthitta,DR.T.M.THOMAS ISSAC,Communist Party of India  (Marxist),Kerala,,0.03 Cr,301504,1,32.79
Others,1,Chikkodi,DR|| KADAYYA HIREMATH (SWAMIJI),Independent,Karnataka,1,0.00 Cr,647,1,0.05
Others,6,Medak,DUBALA SRI SAILAM,Independent,Telangana,1,0.00 Cr,5166,1,0.37
Others,2,Peddapalle,DUDA MAHIPAL,Independent,Telangana,1,0.00 Cr,1496,1,0.14
Others,4,KORBA,DUJRAM BOUDDH,Bahujan Samaj Party,Chhattisgarh,,0.00 Cr,10739,1,0.88
Others,11,Katihar,DULAL CHANDRA GOSWAMI,Janata Dal  (United),Bihar,,0.05 Cr,517229,1,44.15
Others,4,Chatra,DULESHWAR SAW,Bharatheeya Jawan Kisan Party,Jharkhand,,0.00 Cr,2385,1,0.22
Others,12,TONK-SAWAI MADHOPUR,DULI CHAND SAINI,Rajasthan Raj Party,Rajasthan,,0.00 Cr,1264,1,0.1
Others,3,Barpeta,DULU AHMED,Independent,Assam,1,0.00 Cr,9338,1,0.55
Others,16,Dum dum,DULU DEY,Independent,West Bengal,1,0.00 Cr,1694,1,0.13
Others,17,Nandyal,DUMAVATH SWAMY NAIK,Independent,Andhra Pradesh,1,0.00 Cr,2358,1,0.17
Others,12,ARANI,DURAI  M,Bahujan Samaj Party,Tamil Nadu,,0.00 Cr,3685,1,0.32
Others,24,TIRUCHIRAPPALLI,DURAI. S,Independent,Tamil Nadu,1,0.00 Cr,1202,1,0.11
Others,24,TIRUCHIRAPPALLI,DURAI. T,Independent,Tamil Nadu,1,0.00 Cr,880,1,0.08
Others,16,NAMAKKAL,DURAIRAJ C,Independent,Tamil Nadu,1,0.00 Cr,592,1,0.05
Others,24,TIRUCHIRAPPALLI,DURAIRAJ. A,Independent,Tamil Nadu,1,0.00 Cr,1463,1,0.14
Others,20,COIMBATORE,DURAISAMY A,Independent,Tamil Nadu,1,0.00 Cr,266,1,0.02
Others,10,Singhbhum,DURGA LAL MURMU,Independent,Jharkhand,1,0.00 Cr,4924,1,0.49
Others,7,DAMOH,DURGA MOUSI,Independent,Madhya Pradesh,1,0.00 Cr,1124,1,0.1
Others,5,Raiganj,DURGA MURMU,Ambedkarite Party of India,West Bengal,,0.00 Cr,3334,1,0.24
Others,16,Mahabubabad,DURGA PALVANCHA,Independent,Telangana,1,0.00 Cr,10119,1,0.91
Others,17,Dakshina Kannada,DURGA PRASAD,Karunada Sevakara Party,Karnataka,,0.00 Cr,2592,1,0.18
Others,19,Ananthapur,DURGA PRASAD D BYATARAYANAJI,Challengers Party,Andhra Pradesh,,0.00 Cr,444,1,0.03
Others,4,JHUNJHUNU,DURGA PRASAD MEENA,Ambedkarite Party of India,Rajasthan,,0.00 Cr,5497,1,0.49
Others,10,Chevella,DURGA PRASAD T,Praja Velugu Party,Telangana,,0.00 Cr,1139,1,0.07
Others,4,Visakhapatnam,DURGA PRASAD. GUNTU,Bhartiya Rashtriya Dal,Andhra Pradesh,,0.00 Cr,767,1,0.06
Others,4,Darrang-Udalguri,DURGADAS BORO,Bodoland Peoples Front,Assam,,0.03 Cr,310574,1,17.15
Others,2,Peddapalle,DURGAM RAMULU,Independent,Telangana,1,0.00 Cr,3434,1,0.31
Others,2,Peddapalle,DURGAM SANTHOSH,Prajarajya Samithi,Telangana,,0.00 Cr,1614,1,0.15
Others,14,Darbhanga,DURGANANDA MAHAVIR NAYAK,Bahujan Samaj Party,Bihar,,0.00 Cr,8268,1,0.81
Others,39,Pratapgarh,DURGESH KUMAR,Rastriya Atal Janta Party,Uttar Pradesh,,0.00 Cr,1116,1,0.12
Others,9,SATNA,DURGESH KUMAR VISHWAKARMA,Independent,Madhya Pradesh,1,0.00 Cr,5921,1,0.56
Others,31,Patliputra,DURGESH NANDAN SINGH,Independent,Bihar,1,0.00 Cr,3106,1,0.25
Others,1,Valmiki Nagar,DURGESH SINGH CHAUHAN,Bahujan Samaj Party,Bihar,,0.00 Cr,18816,1,1.71
Others,12,ARANI,"DURUGAN, M.",United Republican Party of India,Tamil Nadu,,0.00 Cr,604,1,0.05
Others,16,Mahabubabad,DV NAIK,Independent,Telangana,1,0.00 Cr,2781,1,0.25
Others,6,Giridih,DWARAKA PRASAD LALA,Independent,Jharkhand,1,0.00 Cr,5627,1,0.44
Others,5,Raiganj,DWARIK NATH BARMAN,Independent,West Bengal,1,0.00 Cr,8264,1,0.6
Others,1,PUDUCHERRY,E ANANTHAVEL,Independent,Puducherry,1,0.00 Cr,776,1,0.1
Others,17,Nandyal,E ANIL KUMAR,Independent,Andhra Pradesh,1,0.00 Cr,1334,1,0.09
Others,8,VELLORE,E RAJKUMAR,Independent,Tamil Nadu,1,0.00 Cr,133,1,0.01
Others,3,CHENNAI SOUTH,E RAVENDRAN,Independent,Tamil Nadu,1,0.00 Cr,114,1,0.01
Others,2,CHENNAI NORTH,E. IQBAL,Bahujan Samaj Party,Tamil Nadu,,0.00 Cr,3486,1,0.39
Others,14,Shimoga,E.H. NAYAK,Independent,Karnataka,1,0.00 Cr,954,1,0.07
Others,3,CHENNAI SOUTH,E.RAMESH,Independent,Tamil Nadu,1,0.00 Cr,270,1,0.02
Others,16,NAMAKKAL,EASWARAMOORTHY M,Independent,Tamil Nadu,1,0.00 Cr,768,1,0.07
Others,25,PERAMBALUR,EBINESAN M,Independent,Tamil Nadu,1,0.00 Cr,748,1,0.07
Others,17,Khammam,EDURUGATLA CHITTI MALLU,Independent,Telangana,1,0.00 Cr,1854,1,0.15
Others,10,Chevella,EESARI SURYAPRAKASH REDDY,Independent,Telangana,1,0.00 Cr,583,1,0.03
Others,4,Raver,EKNATH NAGO SALUNKE,Independent,Maharashtra,1,0.00 Cr,43982,1,3.75
Others,5,Kozhikode,ELAMARAM KAREEM,Communist Party of India  (Marxist),Kerala,,0.04 Cr,374245,1,34.33
Others,25,PERAMBALUR,ELANGOVAN R,Bahujan Samaj Party,Tamil Nadu,,0.00 Cr,3059,1,0.27
Others,6,KANCHEEPURAM,ELANGOVAN. M,Independent,Tamil Nadu,1,0.00 Cr,1881,1,0.15
Others,27,CHIDAMBARAM,ELAVARASAN C,Independent,Tamil Nadu,1,0.00 Cr,586,1,0.05
Others,10,DHARMAPURI,ELAYARANI. P.,Ganasangam Party of India,Tamil Nadu,,0.00 Cr,2315,1,0.19
Others,12,ARANI,"ELLAPPAN, R.",Independent,Tamil Nadu,1,0.00 Cr,378,1,0.03
Others,2,Amritsar,EMAAN SINGH MANN,Shiromani Akali Dal (Amritsar)(Simranjit Singh Mann),Punjab,,0.00 Cr,26796,1,2.96
Others,13,Guntur,EMANI. CHANDRASEKHAR RAO,Navodayam Party,Andhra Pradesh,,0.00 Cr,414,1,0.03
Others,30,Patna Sahib,ENG UMESH RAJAK,Peoples Party of India (Democratic),Bihar,,0.00 Cr,4672,1,0.43
Others,26,INDORE,ENG. ARJUN PARIHAR,Independent,Madhya Pradesh,1,0.00 Cr,3831,1,0.25
Others,21,DEWAS,ENG. DEEPAK RAMESH CHANDRA VICHITRA,Independent,Madhya Pradesh,1,0.00 Cr,1595,1,0.11
Others,51,Phulpur,ENGG YOGESH KUSHWAHA,Pragatisheel Samaj Party,Uttar Pradesh,,0.00 Cr,2771,1,0.27
Others,7,Amravati,ENGI. AVINASH HARISHCHANDRA DHANAWATE,Peoples Party of India (Democratic),Maharashtra,,0.00 Cr,730,1,0.06
Others,8,RAIPUR,ENGI. BHANU PRATAP TANDE,Independent,Chhattisgarh,1,0.00 Cr,503,1,0.03
Others,8,RAIPUR,ENGI. LAL BAHADUR YADAV,Gondvana Gantantra Party,Chhattisgarh,,0.00 Cr,2865,1,0.18
Others,7,DAMOH,ENGINEER GOVERDHAN RAJ,Bahujan Samaj Party,Madhya Pradesh,,0.00 Cr,21404,1,1.97
Others,8,BHIWANI-MAHENDRAGARH,ENGINEER MAHAVIR SINGH YADAV,Independent,Haryana,1,0.00 Cr,415,1,0.04
Others,3,JANJGIR-CHAMPA,ENGINEER REVA KURREY,Independent,Chhattisgarh,1,0.00 Cr,8159,1,0.59
Others,30,THANJAVUR,ER ARJUN S,Independent,Tamil Nadu,1,0.00 Cr,1446,1,0.14
Others,6,Anandpur Sahib,ER DALJEET SINGH SAINI,Bharatheeya Jawan Kisan Party,Punjab,,0.00 Cr,1715,1,0.16
Others,3,Almora,ER JYOTI PRAKASH TAMTA,Bahujan Mukti Party,Uttarakhand,,0.00 Cr,2224,1,0.33
Others,15,SALEM,ER PRABAKARAN S,Independent,Tamil Nadu,1,0.00 Cr,1155,1,0.09
Others,2,KURUKSHETRA,ER VISHAL KUMAR,Independent,Haryana,1,0.00 Cr,715,1,0.06
Others,7,Ludhiana,ER. BALDEV RAJ KATNA (DEBI),Independent,Punjab,1,0.00 Cr,2086,1,0.2
Others,43,Madha,ER. BALIRAM SUKHADEV MORE,Independent,Maharashtra,1,0.00 Cr,1953,1,0.15
Others,6,RAJNANDGAON,ER. BASANT KUMAR MESHRAM,Independent,Chhattisgarh,1,0.00 Cr,1820,1,0.13
Others,46,Jhansi,ER. DEEPAK KUMAR VERMA,Al-Hind Party,Uttar Pradesh,,0.00 Cr,1377,1,0.1
Others,10,REWA,ER. DEVENDRA SINGH,Sapaks Party,Madhya Pradesh,,0.00 Cr,4076,1,0.44
Others,3,GWALIOR,ER. MAHENDRA PRATAP SINGH PAL,Independent,Madhya Pradesh,1,0.00 Cr,3783,1,0.28
Others,13,JABALPUR,"ER. PRAVIN GAJBHIYE ""DADA""",Independent,Madhya Pradesh,1,0.00 Cr,3440,1,0.3
Others,10,REWA,ER. RAM KUMAR SONI,Independent,Madhya Pradesh,1,0.00 Cr,3873,1,0.42
Others,43,Madha,ER. RAMCHANDRA MAYAPPA GHUTUKADE,New Rashtriya Samaj Party,Maharashtra,,0.01 Cr,58421,1,4.59
Others,8,Jajpur,ER. SANDHYA RANI MALLICK,Bahujan Samaj Party,Odisha,,0.00 Cr,3218,1,0.28
Others,4,Raver,ER. SANJAY PANDIT BRAMHANE,Vanchit Bahujan  Aaghadi,Maharashtra,,0.01 Cr,59120,1,5.05
Others,1,MORENA,ER. SURAJ KUSHWAH,Independent,Madhya Pradesh,1,0.00 Cr,2285,1,0.19
Others,2,Peddapalle,ERIKILLA RAJESH,Independent,Telangana,1,0.00 Cr,1734,1,0.16
Others,2,Peddapalle,ERUGURALA BHAGYALAXMI,Pyramid Party of India,Telangana,,0.00 Cr,2125,1,0.19
Others,2,Peddapalle,ERUKULLA RAJA NARSAIAH,Bahujan Samaj Party,Telangana,,0.00 Cr,6799,1,0.62
Others,37,TENKASI,ESAI MATHIVANAN,Naam Tamilar Katchi,Tamil Nadu,,0.01 Cr,130335,1,12.54
Others,39,KANNIYAKUMARI,ESAKKIMUTHU N,Independent,Tamil Nadu,1,0.00 Cr,441,1,0.04
Others,36,THOOTHUKKUDI,ESAKKIMUTHU V,Independent,Tamil Nadu,1,0.00 Cr,710,1,0.07
Others,2,Peddapalle,ESHWAR KOPPULA,Bharat Rashtra Samithi,Telangana,,0.02 Cr,193356,1,17.65
Others,13,Davanagere,ESHWARA SHENGA,Uttama Prajaakeeya Party,Karnataka,,0.00 Cr,1430,1,0.11
Others,9,KRISHNAGIRI,ESHWARAN C,Independent,Tamil Nadu,1,0.00 Cr,4128,1,0.35
Others,21,POLLACHI,ESWARASAMY K,Independent,Tamil Nadu,1,0.00 Cr,1790,1,0.16
Others,1,Chandigarh,EX-ASSISTANT COMMANDANT RANPREET SINGH,Independent,Chandigarh,1,0.00 Cr,1054,1,0.23
Others,3,Jalgaon,EX-HAVILDAR ISHWAR DAYARAM MORE,Sainik Samaj Party,Maharashtra,,0.00 Cr,7548,1,0.65
Others,12,ARANI,EZHIL ARASU M,Independent,Tamil Nadu,1,0.00 Cr,753,1,0.07
Others,16,NAMAKKAL,EZHIL SELVAN P,Tamilaga Makkal Thannurimai Katchi,Tamil Nadu,,0.00 Cr,2165,1,0.19
Others,30,THANJAVUR,EZHILARASAN S,Independent,Tamil Nadu,1,0.00 Cr,3851,1,0.37
Others,31,SIVAGANGA,EZHILARASI,Naam Tamilar Katchi,Tamil Nadu,,0.02 Cr,163412,1,15.51
Others,10,Nagpur,FAHIM SHAMIM KHAN,Minorities Democratic Party,Maharashtra,,0.00 Cr,1073,1,0.09
Others,5,Raiganj,FAKIRA MD,Independent,West Bengal,1,0.00 Cr,3355,1,0.25
Others,54,Faizabad,FAREED SALMANI,Independent,Uttar Pradesh,1,0.00 Cr,1780,1,0.16
Others,9,MAHASAMUND,FARID QURAISHI,Gondvana Gantantra Party,Chhattisgarh,,0.00 Cr,1077,1,0.08
Others,4,Bijnor,FARMAN,Majloom Samaj Party,Uttar Pradesh,,0.00 Cr,2343,1,0.23
Others,3,CHENNAI SOUTH,FARMER JAYARAMAN. S.K.J,Desiya Makkal Sakthi Katchi,Tamil Nadu,,0.00 Cr,792,1,0.07
Others,1,BARAMULLA,FAROOQ AHMAD BHAT,National Youth Party,Jammu and Kashmir,,0.00 Cr,2343,1,0.23
Others,2,Dhubri,FARUK KHAN,Independent,Assam,1,0.00 Cr,10994,1,0.45
Others,9,GURGAON,FAUJI JAI KAWAR TYAGI (DIXIT),Independent,Haryana,1,0.00 Cr,474,1,0.03
Others,2,SRINAGAR,FAYAZ AHMAD BUTT,Independent,Jammu and Kashmir,1,0.00 Cr,2227,1,0.33
Others,8,ALWAR,FAZAL HUSSAIN,Bahujan Samaj Party,Rajasthan,,0.00 Cr,19287,1,1.54
Others,12,ARANI,"FEROZKHAN, A.",Independent,Tamil Nadu,1,0.00 Cr,298,1,0.03
Others,1,BARAMULLA,FIRDOUS AHMAD BHAT,Independent,Jammu and Kashmir,1,0.00 Cr,15722,1,1.52
Others,8,KHAJURAHO,FIROJKHAN,Independent,Madhya Pradesh,1,0.00 Cr,3713,1,0.33
Others,23,Kolkata Dakshin,FIROZA KHATUN,Bahujan Samaj Party,West Bengal,,0.00 Cr,3975,1,0.32
Others,16,CHHINDWARA,FOGAL BANSOD,Republican Party of India (A),Madhya Pradesh,,0.00 Cr,1323,1,0.1
Others,18,JALORE,FOJARAM,Indian Peoples Green Party,Rajasthan,,0.00 Cr,1497,1,0.1
Others,10,Firozpur,FOJI ANGREJ SINGH WARWAL,Independent,Punjab,1,0.00 Cr,9478,1,0.84
Others,13,JABALPUR,FOJI VIJAY HALDKAR (EX-ARMY),Independent,Madhya Pradesh,1,0.00 Cr,7043,1,0.61
Others,73,Jaunpur,FULACHANDR,Moulik Adhikar Party,Uttar Pradesh,,0.00 Cr,1633,1,0.15
Others,9,Jamshedpur,G JAYRAM DAS,Independent,Jharkhand,1,0.00 Cr,1931,1,0.15
Others,10,Chevella,G MALLESHAM GOUD,Independent,Telangana,1,0.00 Cr,1240,1,0.07
Others,17,ERODE,G MYLSAMY,Independent,Tamil Nadu,1,0.00 Cr,301,1,0.03
Others,27,Chikkballapur,G N RAVI,Independent,Karnataka,1,0.00 Cr,1465,1,0.1
Others,27,Chikkballapur,G N. KODANDAREDDY,Independent,Karnataka,1,0.00 Cr,401,1,0.03
Others,5,SRIPERUMBUDUR,G PREMKUMAR,All India Anna Dravida Munnetra Kazhagam,Tamil Nadu,,0.03 Cr,271582,1,18.85
Others,5,SRIPERUMBUDUR,G RAMKUMAR,Independent,Tamil Nadu,1,0.00 Cr,426,1,0.03
Others,8,VELLORE,G SHANMUGAM,Independent,Tamil Nadu,1,0.00 Cr,572,1,0.05
Others,27,Chikkballapur,G SUBRAMANI SHETTY,Karnataka Rashtra Samithi,Karnataka,,0.00 Cr,872,1,0.06
Others,7,ARAKKONAM,G SUDHAKAR,Independent,Tamil Nadu,1,0.00 Cr,380,1,0.03
Others,1,PUDUCHERRY,G THAMIZHVENDAN,All India Anna Dravida Munnetra Kazhagam,Puducherry,,0.00 Cr,25165,1,3.11
Others,14,Shimoga,G. JAYADEVA,Independent,Karnataka,1,0.00 Cr,368,1,0.03
Others,26,CUDDALORE,G. PICHAMUTHU,Independent,Tamil Nadu,1,0.00 Cr,2194,1,0.21
Others,9,Bellary,G. SWAMY,Navabharath Sena,Karnataka,,0.00 Cr,944,1,0.07
Others,4,Visakhapatnam,G.A.N. ANAND,Independent,Andhra Pradesh,1,0.00 Cr,543,1,0.04
Others,13,Davanagere,G.B.VINAY KUMAR,Independent,Karnataka,1,0.00 Cr,42907,1,3.25
Others,22,Chamarajanagar,G.D.RAJAGOPAL (H.D.KOTE),Independent,Karnataka,1,0.00 Cr,3954,1,0.29
Others,13,Davanagere,G.M.BARKATH ALI BASHA,Independent,Karnataka,1,0.00 Cr,471,1,0.04
Others,13,Davanagere,G.M.GAYITRI SIDDESHI,Independent,Karnataka,1,0.00 Cr,2464,1,0.19
Others,27,Chikkballapur,G.N. VENKATESH B.A.L.L.B,Independent,Karnataka,1,0.00 Cr,1207,1,0.08
Others,4,CHENNAI CENTRAL,G.OMPRAKASH,Independent,Tamil Nadu,1,0.00 Cr,488,1,0.07
Others,3,CHENNAI SOUTH,G.P. ROBERT,Bahujan Samaj Party,Tamil Nadu,,0.00 Cr,1599,1,0.15
Others,3,CHENNAI SOUTH,G.RAMESHBABU,Independent,Tamil Nadu,1,0.00 Cr,179,1,0.02
Others,19,Ananthapur,G.V.RAMANA REDDY,Independent,Andhra Pradesh,1,0.00 Cr,6439,1,0.45
Others,3,Karimnagar,GADDA SATHISH,Independent,Telangana,1,0.00 Cr,2945,1,0.22
Others,15,Warangal,GADDAM CHIRANJEEVI,Independent,Telangana,1,0.00 Cr,826,1,0.07
Others,9,Hyderabad,GADDAM HARISH GOUD,Dharma Samaj Party,Telangana,,0.00 Cr,271,1,0.03
Others,2,Peddapalle,GADDAM MARUTHI,Independent,Telangana,1,0.00 Cr,2081,1,0.19
Others,12,Nagarkurnool,GADDAM VIJAY,Bahujan Mukti Party,Telangana,,0.00 Cr,1009,1,0.08
Others,15,Bapatla (SC),GADDE. VIJAYA LAKSHMI,Independent,Andhra Pradesh,1,0.00 Cr,1051,1,0.08
Others,45,Satara,GADE SANJAY KONDIBA,Independent,Maharashtra,1,0.00 Cr,37062,1,3.09
Others,6,Medak,GADILA ANJANEYULU,Independent,Telangana,1,0.00 Cr,290,1,0.02
Others,39,Beed,GAFFARKHAN JABBARKHAN PATHAN,Independent,Maharashtra,1,0.00 Cr,2563,1,0.17
Others,77,Varanasi,GAGAN PRAKASH YADAV,Apna Dal (Kamerawadi),Uttar Pradesh,,0.00 Cr,3634,1,0.32
Others,2,Amritsar,GAGANDEEP,Independent,Punjab,1,0.00 Cr,610,1,0.07
Others,17,Nandyal,GAGGERA VENKATA RAMANAIAH,Independent,Andhra Pradesh,1,0.00 Cr,3031,1,0.22
Others,9,Ramtek,GAIKWAD MANJUSHA SACHIN,Akhil Bhartiya Parivar Party,Maharashtra,,0.00 Cr,1773,1,0.14
Others,36,Shirur,GAIKWAD NILOBA CHANGADEO,Independent,Maharashtra,1,0.00 Cr,3571,1,0.26
Others,16,Nanded,GAJANAN DATTRAMJI DHUMAL,Independent,Maharashtra,1,0.00 Cr,950,1,0.08
Others,15,Hingoli,GAJANAN DHONDBA DAL,Bahujan Samaj Party,Maharashtra,,0.00 Cr,7465,1,0.64
Others,5,Buldhana,GAJANAN JANARDAN DHANDE,Independent,Maharashtra,1,0.00 Cr,4854,1,0.44
Others,1,Chikkodi,GAJANAN L. PUJARI,Independent,Karnataka,1,0.00 Cr,600,1,0.04
Others,27,Mumbai North West,GAJANAN TUKARAM SONKAMBLE,Independent,Maharashtra,1,0.00 Cr,501,1,0.05
Others,35,Baramati,GAJANAN UTTAM GAWALI (PATIL),Independent,Maharashtra,1,0.00 Cr,2995,1,0.21
Others,4,GUNA,GAJANAND KUSHWAH,Independent,Madhya Pradesh,1,0.00 Cr,1597,1,0.12
Others,12,ARANI,"GAJENDIRAN, E.",Independent,Tamil Nadu,1,0.00 Cr,2613,1,0.23
Others,21,CHITTORGARH,GAJENDRA,Independent,Rajasthan,1,0.00 Cr,1644,1,0.11
Others,20,Saran,GAJENDRA PRASAD CHAURSIYA,Janhit Kisan Party,Bihar,,0.00 Cr,5030,1,0.49
Others,3,GWALIOR,GAJENDRA SINGH,Independent,Madhya Pradesh,1,0.00 Cr,1348,1,0.1
Others,12,ARANI,"GAJENDRAN, G.V.",All India Anna Dravida Munnetra Kazhagam,Tamil Nadu,,0.03 Cr,291333,1,25.55
Others,12,ARANI,"GAJENDRAN, J.",Independent,Tamil Nadu,1,0.00 Cr,3400,1,0.3
Others,6,Anandpur Sahib,GAJJAN SINGH,Independent,Punjab,1,0.00 Cr,6171,1,0.57
Others,17,Nandyal,GAJULA SHALIMIYA,Anna YSR Congress Party,Andhra Pradesh,,0.00 Cr,486,1,0.03
Others,22,Nellore,GAJULA SOMA SEKHAR,Jai Bharat National Party,Andhra Pradesh,,0.00 Cr,1779,1,0.13
Others,12,Nagarkurnool,GALIMUDI GEETHA,Independent,Telangana,1,0.00 Cr,3147,1,0.26
Others,19,Aurangabad,GALPHADE ARJUN BHAGWANRAO,Rashtriya Kisan Bahujan Party,Maharashtra,,0.00 Cr,2192,1,0.17
Others,4,Visakhapatnam,GANAPATHI. JAGADEESWARA RAO (JAGADEESH),Jai Maha Bharath Party,Andhra Pradesh,,0.00 Cr,500,1,0.04
Others,4,Bijapur,GANAPATI  RATHOD (HANJAGI),Karnataka Rashtra Samithi,Karnataka,,0.00 Cr,7691,1,0.59
Others,12,Uttara Kannada,GANAPATI HEGDE,Socialist Unity Centre Of India (COMMUNIST),Karnataka,,0.00 Cr,4472,1,0.35
Others,39,Nawada,GANAURI PANDIT,Peoples Party of India (Democratic),Bihar,,0.00 Cr,4590,1,0.53
Others,11,Machilipatnam,GANDHI  DHANEKULA,Independent,Andhra Pradesh,1,0.00 Cr,1991,1,0.15
Others,36,THOOTHUKKUDI,GANDHIMALLAR S M,Independent,Tamil Nadu,1,0.00 Cr,805,1,0.08
Others,4,Visakhapatnam,GANDIKOTA RAJESH,Navataram Party,Andhra Pradesh,,0.00 Cr,393,1,0.03
Others,21,Nashik,GANESH BALASAHEB BORASTE,Independent,Maharashtra,1,0.00 Cr,2404,1,0.19
Others,8,Secunderabad,GANESH BHARGAVI GUNDE,Jai Bharat National Party,Telangana,,0.00 Cr,223,1,0.02
Others,5,JAMMU,GANESH CHOUDHARY,Hindustan Shakti Sena,Jammu and Kashmir,,0.00 Cr,1190,1,0.09
Others,27,Banka,GANESH KUMAR KUSHAWAHA,Samata Party,Bihar,,0.00 Cr,7645,1,0.75
Others,12,ARANI,"GANESH KUMAR, U.",Independent,Tamil Nadu,1,0.00 Cr,3812,1,0.33
Others,12,TONK-SAWAI MADHOPUR,GANESH MEENA,Indian Peoples Green Party,Rajasthan,,0.00 Cr,7433,1,0.61
Others,7,Amravati,GANESH NANAJI RAMTEKE,Akhil Bhartiya Parivar Party,Maharashtra,,0.00 Cr,629,1,0.05
Others,46,Jhansi,GANESH RAM,Independent,Uttar Pradesh,1,0.00 Cr,2575,1,0.19
Others,9,MAHASAMUND,GANESH RAM DHRUW,Hamar Raj Party,Chhattisgarh,,0.00 Cr,6651,1,0.5
Others,13,Palamau,GANESH RAVI,Independent,Jharkhand,1,0.00 Cr,17699,1,1.27
Others,12,ARANI,"GANESH, P.",Independent,Tamil Nadu,1,0.00 Cr,980,1,0.09
Others,18,Chitradurga,GANESH.,Independent,Karnataka,1,0.00 Cr,1093,1,0.08
Others,14,Shimoga,GANESH. B (BELLI),Independent,Karnataka,1,0.00 Cr,747,1,0.05
Others,19,NILGIRIS,GANESHAMOORTHI A,Bahujan Samaj Party,Tamil Nadu,,0.00 Cr,3033,1,0.3
Others,34,VIRUDHUNAGAR,GANESHAMOORTHI G,Independent,Tamil Nadu,1,0.00 Cr,460,1,0.04
Others,8,Rajahmundry,GANESWARA RAO PARAMATA,Bahujan Samaj Party,Andhra Pradesh,,0.00 Cr,20409,1,1.54
Others,22,UJJAIN,GANGA MALVIYA,Independent,Madhya Pradesh,1,0.00 Cr,1295,1,0.1
Others,7,Jhanjharpur,GANGA PRASAD YADAV,Independent,Bihar,1,0.00 Cr,18074,1,1.65
Others,1,Adilabad,GANGADEVI MESRAM,Dharma Samaj Party,Telangana,,0.00 Cr,3468,1,0.28
Others,10,Haveri,GANGADHAR BADIGER,Socialist Unity Centre Of India (COMMUNIST),Karnataka,,0.00 Cr,2270,1,0.16
Others,16,Hassan,GANGADHAR BAHUJAN,Bahujan Samaj Party,Karnataka,,0.00 Cr,12173,1,0.9
Others,37,Ahmednagar,GANGADHAR HARIBHAU KOLEKAR,Independent,Maharashtra,1,0.00 Cr,1059,1,0.08
Others,11,Kalahandi,GANGADHAR JAL,Independent,Odisha,1,0.00 Cr,5590,1,0.42
Others,38,Shirdi,GANGADHAR RAJARAM KADAM,Independent,Maharashtra,1,0.00 Cr,2757,1,0.26
Others,6,Moradabad,GANGARAM SHARMA,Rashtriya Congress(J) Party,Uttar Pradesh,,0.00 Cr,685,1,0.05
Others,17,Khammam,GANGIREDDY KOTI REDDY,Independent,Telangana,1,0.00 Cr,1790,1,0.14
Others,15,Warangal,GANIPAKA PRADEEP,Independent,Telangana,1,0.00 Cr,713,1,0.06
Others,9,Narsapuram,GANJI PURNIMA,Republican Party of India (A),Andhra Pradesh,,0.00 Cr,1649,1,0.13
Others,15,Warangal,GANNARAPU RAVINDER,Independent,Telangana,1,0.00 Cr,752,1,0.06
Others,4,Nizamabad,GANTA CHARITHA RAO,Independent,Telangana,1,0.00 Cr,5710,1,0.46
Others,11,Mahbubnagar,GANTLAVELLI RAKESH,Dharma Samaj Party,Telangana,,0.00 Cr,2618,1,0.21
Others,5,Anakapalle,GARA SURYA RAO,Independent,Andhra Pradesh,1,0.00 Cr,3124,1,0.24
Others,3,HAMIRPUR,GARIB DASS KATOCH,Independent,Himachal Pradesh,1,0.00 Cr,246,1,0.02
Others,10,Nagpur,GARUDADRI ANAND KUMAR,Akhil Bhartiya Parivar Party,Maharashtra,,0.00 Cr,720,1,0.06
Others,3,Karimnagar,GATTAIAH YADAV BARIGE,Independent,Telangana,1,0.00 Cr,1694,1,0.13
Others,6,SONIPAT,GAUBHAGAT SUMIT LATHER,Independent,Haryana,1,0.00 Cr,882,1,0.08
Others,35,Lucknow,GAURAV VERMA,Hindu Samaj Party,Uttar Pradesh,,0.00 Cr,807,1,0.07
Others,7,Jhanjharpur,GAURI SHANKAR SAHU,Independent,Bihar,1,0.00 Cr,14325,1,1.31
Others,7,Amravati,GAUTAM ALIAS ANANTA RAMDAS INGALE,Independent,Maharashtra,1,0.00 Cr,1570,1,0.13
Others,7,South Delhi,GAUTAM ANAND,All India Forward Bloc,NCT OF Delhi,,0.00 Cr,540,1,0.04
Others,5,Buldhana,GAUTAM KISANRAO MAGHADE,Bahujan Samaj Party,Maharashtra,,0.00 Cr,8218,1,0.74
Others,39,Nawada,GAUTAM KUMAR BABLOO,Bhagidari Party(P),Bihar,,0.00 Cr,5889,1,0.68
Others,37,Ahmednagar,GAVADE MACCHINDRA RADHAKISAN,Independent,Maharashtra,1,0.00 Cr,1941,1,0.15
Others,3,Karimnagar,GAVVALA LAXMI,Independent,Telangana,1,0.00 Cr,1744,1,0.13
Others,24,Kalyan,GAWALI PRAVIN SHIVAJI,Apni Prajahit Party,Maharashtra,,0.00 Cr,1082,1,0.1
Others,67,Bansgaon,GAYA PRASAD,Independent,Uttar Pradesh,1,0.00 Cr,6638,1,0.7
Others,13,Guntur,GAYATRI AUDHIPUDI,Independent,Andhra Pradesh,1,0.00 Cr,357,1,0.03
Others,9,Narsapuram,GEDALA LAXMANA RAO,Independent,Andhra Pradesh,1,0.00 Cr,1527,1,0.12
Others,1,Adilabad,GEDAM. SAGAR,India Praja Bandhu Party,Telangana,,0.00 Cr,1545,1,0.13
Others,9,Surendranagar,GEDIYA KRUSHANAVADAN HARIPRASADBHAI,Independent,Gujarat,1,0.00 Cr,1459,1,0.13
Others,39,Pratapgarh,GEETA DEVI,Bhartiya Lokmat Rashtrwadi Party,Uttar Pradesh,,0.00 Cr,1594,1,0.17
Others,39,KANNIYAKUMARI,GEETA M,Thakkam Katchi,Tamil Nadu,,0.00 Cr,552,1,0.05
Others,52,Allahabad,GEETA RANI SHARMA,Independent,Uttar Pradesh,1,0.00 Cr,2197,1,0.23
Others,3,Patan,GHAGHA MASIHULLAH ABDULHAMID,Social Democratic Party Of India,Gujarat,,0.00 Cr,2312,1,0.19
Others,29,Nalanda,GHANSHYAM PRASAD SINGH,Independent,Bihar,1,0.00 Cr,2110,1,0.18
Others,16,Hathras,GHANSHYAM SINGH,Swaraj Bhartiya Nyay Party,Uttar Pradesh,,0.00 Cr,2345,1,0.22
Others,22,RAJSAMAND,GHANSHYAM SINGH,Bhartiya Jan Adhikar Party,Rajasthan,,0.00 Cr,1940,1,0.16
Others,5,BILASPUR,GHANSHYAM URF SADHELAL BHARDWAJ,Independent,Chhattisgarh,1,0.00 Cr,1251,1,0.09
Others,7,Amravati,GHAZI SAADUDDIN ZAHEER AHMED,Rashtriya Ulama Council,Maharashtra,,0.00 Cr,331,1,0.03
Others,19,Aurangabad,GHUGE NITIN PUNDLIK,Independent,Maharashtra,1,0.00 Cr,1872,1,0.14
Others,12,Jamnagar,GHUGHA ALARAKHABHAI ISHAKBHAI,Independent,Gujarat,1,0.00 Cr,1585,1,0.15
Others,2,SRINAGAR,GHULAM MOHAMMAD WANI,Independent,Jammu and Kashmir,1,0.00 Cr,1040,1,0.15
Others,4,UDHAMPUR,GHULAM MOHD SAROORI,Independent,Jammu and Kashmir,1,0.00 Cr,39599,1,3.56
Others,14,MANDLA,GHUR SINGH SALLAM,Independent,Madhya Pradesh,1,0.00 Cr,3971,1,0.26
Others,7,Amalapuram (SC),GIDDI JNANA PRAKASA RAO,Republican Party of India,Andhra Pradesh,,0.00 Cr,726,1,0.06
Others,8,KHAJURAHO,GIRAN SINGH,Bhartiya Shakti Chetna Party,Madhya Pradesh,,0.00 Cr,3492,1,0.31
Others,38,Gaya,GIRIDHAR SAPERA,The National Road Map Party of India,Bihar,,0.00 Cr,4727,1,0.49
Others,27,Banka,GIRIDHARI YADAV,Janata Dal  (United),Bihar,,0.05 Cr,506678,1,49.96
Others,14,Bulandshahr,GIRISH CHANDRA,Bahujan Samaj Party,Uttar Pradesh,,0.01 Cr,117424,1,11.14
Others,38,Sultanpur,GIRISH LAL,Azad Party,Uttar Pradesh,,0.00 Cr,2311,1,0.22
Others,43,Madha,GIRISH PRABHAKAR SHETE,Independent,Maharashtra,1,0.00 Cr,2383,1,0.19
Others,12,Lohardaga,GIRJANANDAN URAON,Bahujan Samaj Party,Jharkhand,,0.00 Cr,9148,1,0.95
Others,10,FARIDABAD,GIRRAJ,Independent,Haryana,1,0.00 Cr,614,1,0.04
Others,12,TONK-SAWAI MADHOPUR,GIRRAJ PRASAD MEENA,Independent,Rajasthan,1,0.00 Cr,2521,1,0.21
Others,19,Fatehpur Sikri,GIRRAJ SINGH DHAKREY,"Proutist Bloc, India",Uttar Pradesh,,0.00 Cr,1564,1,0.15
Others,22,Bharuch,GITABEN MANUBHAI MACHHI,Malwa Congress,Gujarat,,0.00 Cr,2764,1,0.23
Others,1,Nandurbar,GITANJALI SHASHIKANT KOLI,Independent,Maharashtra,1,0.00 Cr,2381,1,0.17
Others,24,Bangalore North,"GLOBE STAR J. JAI SIMHA VARMA, B E.",Gareeb Aadmi Party,Karnataka,,0.00 Cr,359,1,0.02
Others,1,Bargarh,GNYANENDRA BEHERA,Independent,Odisha,1,0.00 Cr,4563,1,0.35
Others,3,Sambalpur,GNYANENDRA BEHERA,Independent,Odisha,1,0.00 Cr,3334,1,0.28
Others,12,Lakhimpur,GOBIN BISWAKARMA,Independent,Assam,1,0.00 Cr,7526,1,0.62
Others,6,Balasore,GOBINDA CHANDRA BHOI,National Apni Party,Odisha,,0.00 Cr,2640,1,0.21
Others,10,Eluru,GODUGUPATI VEERA RAGHAVULU,Pyramid Party of India,Andhra Pradesh,,0.00 Cr,715,1,0.05
Others,17,Nandyal,GOGULA SUGUNAMMA,Jai Maha Bharath Party,Andhra Pradesh,,0.00 Cr,379,1,0.03
Others,31,Mumbai South,GOHIL MANISHA SHIVRAM,Independent,Maharashtra,1,0.00 Cr,1045,1,0.14
Others,39,Beed,GOKUL BAPURAO SAWASE,Independent,Maharashtra,1,0.00 Cr,2577,1,0.17
Others,14,Yavatmal- Washim,GOKUL PREMDAS CHAVHAN,Independent,Maharashtra,1,0.00 Cr,1094,1,0.09
Others,18,Kollam,GOKULAM SURESH KUMAR,Independent,Kerala,1,0.00 Cr,1374,1,0.15
Others,14,Cuttack,GOKULANANDA MISHRA,Independent,Odisha,1,0.00 Cr,1808,1,0.16
Others,13,Nalgonda,GOLI SAIDULU,Independent,Telangana,1,0.00 Cr,1779,1,0.14
Others,4,Nizamabad,GOLI. NARESH,Dalita Bahujana Party,Telangana,,0.00 Cr,3024,1,0.25
Others,6,Medak,GOLLAPALLY SAYA GOUD,Pyramid Party of India,Telangana,,0.00 Cr,658,1,0.05
Others,3,CHURU,GOMATI DHARAMPAL KATARIA,Bharat Rakshak Party (Democratic),Rajasthan,,0.00 Cr,4961,1,0.35
Others,6,Medak,GONDHI BHUJANGAMU,Independent,Telangana,1,0.00 Cr,431,1,0.03
Others,10,Chevella,GONE SRINIVAS REDDY,Independent,Telangana,1,0.00 Cr,752,1,0.04
Others,12,Gadchiroli - Chimur,GONNADE  YOGESH  NAMDEORAO,Bahujan Samaj Party,Maharashtra,,0.00 Cr,19055,1,1.63
Others,7,Karimganj,GOPAL CHANDRA PAUL,Independent,Assam,1,0.00 Cr,1657,1,0.14
Others,11,Katihar,GOPAL KUMAR MAHTO,Bahujan Samaj Party,Bihar,,0.00 Cr,14498,1,1.24
Others,7,Bidar,GOPAL M.P. GARAMPALLI,Independent,Karnataka,1,0.00 Cr,767,1,0.06
Others,32,Ghatal,GOPAL MONDAL,Independent,West Bengal,1,0.00 Cr,4244,1,0.27
Others,36,Bankura,GOPAL MURMU,Ambedkarite Party of India,West Bengal,,0.00 Cr,9101,1,0.63
Others,16,NAMAKKAL,GOPAL P,Independent,Tamil Nadu,1,0.00 Cr,214,1,0.02
Others,3,JANJGIR-CHAMPA,GOPAL PRASAD KHUNTE,Bhartiya Shakti Chetna Party,Chhattisgarh,,0.00 Cr,1483,1,0.11
Others,70,Ghosi,GOPAL SINGH,Azad Adhikar Sena,Uttar Pradesh,,0.00 Cr,737,1,0.06
Others,52,Allahabad,GOPAL SWROOP JOSHI,Independent,Uttar Pradesh,1,0.00 Cr,4248,1,0.45
Others,43,Madha,GOPAL YESHVANT JADHAV,Bharatheeya Jawan Kisan Party,Maharashtra,,0.00 Cr,1289,1,0.1
Others,21,POLLACHI,GOPALAKRISHNAN M,New Generation People’s Party,Tamil Nadu,,0.00 Cr,1133,1,0.1
Others,20,COIMBATORE,GOPALAKRISHNAN S,Independent,Tamil Nadu,1,0.00 Cr,1199,1,0.09
Others,32,MADURAI,GOPALAKRISHNAN S,Independent,Tamil Nadu,1,0.00 Cr,746,1,0.08
Others,3,HAMIRPUR,GOPI CHAND ATTARI,Independent,Himachal Pradesh,1,0.00 Cr,202,1,0.02
Others,2,BIKANER,GOPI CHAND MEGHWAL,Independent,Rajasthan,1,0.00 Cr,1795,1,0.16
Others,4,Nizamabad,GOPI CHENDRIAH,Independent,Telangana,1,0.00 Cr,1723,1,0.14
Others,5,SRIPERUMBUDUR,GOPI DEEPAK,Independent,Tamil Nadu,1,0.00 Cr,883,1,0.06
Others,1,Rajmahal,GOPIN SOREN,Communist Party of India  (Marxist),Jharkhand,,0.00 Cr,37291,1,3.06
Others,32,MADURAI,GOPISON M.M.,Independent,Tamil Nadu,1,0.00 Cr,946,1,0.1
Others,34,Pune,GORAKH NARAYAN GHODKE,Independent,Maharashtra,1,0.00 Cr,1451,1,0.13
Others,36,Shirur,GORAKSH KASABE,Independent,Maharashtra,1,0.00 Cr,4915,1,0.36
Others,13,Junagadh,GORDHANBHAI MANGABHAI GOHEL,Independent,Gujarat,1,0.00 Cr,775,1,0.07
Others,40,Osmanabad,GORE NETAJI NAGNATH,Desh Janhit Party,Maharashtra,,0.00 Cr,2336,1,0.18
Others,35,Purulia,GORISH ROY,Independent,West Bengal,1,0.00 Cr,4809,1,0.34
Others,9,Narsapuram,GOTTUMUKKALA SHIVAJI,Independent,Andhra Pradesh,1,0.00 Cr,1384,1,0.11
Others,36,Bankura,GOUR CHANDRA HEMBRAM,Independent,West Bengal,1,0.00 Cr,2081,1,0.14
Others,16,Dum dum,GOURI BISWAS,Independent,West Bengal,1,0.00 Cr,701,1,0.06
Others,1,Tripura West,GOURI SANKAR NANDI,Independent,Tripura,1,0.00 Cr,8114,1,0.67
Others,6,Medak,GOUTI MALLESH,Independent,Telangana,1,0.00 Cr,248,1,0.02
Others,40,Osmanabad,GOVARDHAN SUBRAO NIMBALKAR,Independent,Maharashtra,1,0.00 Cr,18966,1,1.48
Others,4,Nizamabad,GOVERDHAN BAJIREDDY,Bharat Rashtra Samithi,Telangana,,0.01 Cr,102406,1,8.3
Others,17,Parbhani,GOVIND BHAIYYA RAMRAO DESHMUKH,Independent,Maharashtra,1,0.00 Cr,3459,1,0.26
Others,16,CHHINDWARA,GOVIND BHALAVI,Independent,Madhya Pradesh,1,0.00 Cr,4029,1,0.31
Others,33,Maval,GOVIND GANGARAM HERODE,Independent,Maharashtra,1,0.00 Cr,966,1,0.07
Others,10,Chevella,GOVIND LAL,Independent,Telangana,1,0.00 Cr,661,1,0.04
Others,73,Jaunpur,GOVIND LAL,Independent,Uttar Pradesh,1,0.00 Cr,1389,1,0.13
Others,24,Bangalore North,GOVINDAIAH,Bahujan Samaj Party,Karnataka,,0.00 Cr,4631,1,0.26
Others,11,Mahbubnagar,GOVINDAMMA,Independent,Telangana,1,0.00 Cr,2748,1,0.22
Others,14,KALLAKURICHI,GOVINDARAJ S R,Independent,Tamil Nadu,1,0.00 Cr,558,1,0.04
Others,24,TIRUCHIRAPPALLI,GOVINDARASU. P,Independent,Tamil Nadu,1,0.00 Cr,1566,1,0.15
Others,15,SALEM,GOVINDHAN A,Independent,Tamil Nadu,1,0.00 Cr,693,1,0.05
Others,31,SIVAGANGA,GOVINDHARAJU M.G,Independent,Tamil Nadu,1,0.00 Cr,4241,1,0.4
Others,9,Ramtek,GOWARDHAN DEORAO KUMBHARE,Viro Ke Vir Indian Party,Maharashtra,,0.00 Cr,3766,1,0.3
Others,9,Ramtek,GOWARDHAN NAMDEO SOMDEVE,Independent,Maharashtra,1,0.00 Cr,511,1,0.04
Others,2,RAIGARH,GOWARDHAN RATHIA,Independent,Chhattisgarh,1,0.00 Cr,4593,1,0.32
Others,8,Secunderabad,GOWLIKAR SONY,Social Justice Party of India,Telangana,,0.00 Cr,272,1,0.03
Others,11,Machilipatnam,GUDAVALLI VENKATA KEDARESWARA RAO,Independent,Andhra Pradesh,1,0.00 Cr,1111,1,0.08
Others,7,Amalapuram (SC),GUDE VENKATESWARULU,Independent,Andhra Pradesh,1,0.00 Cr,1745,1,0.13
Others,3,Karimnagar,GUDISHE  MOHAN,Independent,Telangana,1,0.00 Cr,1474,1,0.11
Others,16,Mahabubabad,GUGULOTH SHEKAR NAIK,Independent,Telangana,1,0.00 Cr,2542,1,0.23
Others,12,Vijayawada,GUJJULA LALITHA,Socialist Unity Centre Of India (COMMUNIST),Andhra Pradesh,,0.00 Cr,327,1,0.02
Others,48,Banda,GULAB CHANDER BARMA,Rashtra Uday Party,Uttar Pradesh,,0.00 Cr,5907,1,0.57
Others,20,Dindori,GULAB MOHAN BARDE,Prabuddha Republican Party,Maharashtra,,0.00 Cr,4998,1,0.4
Others,30,Patna Sahib,GULAB PRASAD,Loktantrik Samajwadi Party,Bihar,,0.00 Cr,1925,1,0.18
Others,13,JABALPUR,GULAB SINGH,Independent,Madhya Pradesh,1,0.00 Cr,829,1,0.07
Others,1,AMBALA,GULAB SINGH NARWAL,Peoples Party of India (Democratic),Haryana,,0.00 Cr,1690,1,0.13
Others,7,Jhanjharpur,GULAB YADAV,Bahujan Samaj Party,Bihar,,0.01 Cr,73884,1,6.76
Others,2,RAIGARH,GULESHWAR PAINKRA,Bhartiya Shakti Chetna Party,Chhattisgarh,,0.00 Cr,2626,1,0.18
Others,1,Chandni Chowk,GULJAR SINGH,Peoples Party of India (Democratic),NCT OF Delhi,,0.00 Cr,424,1,0.04
Others,3,ANANTNAG-RAJOURI,GULSHAN AKHTER,Independent,Jammu and Kashmir,1,0.00 Cr,2807,1,0.27
Others,5,KARNAL,GULSHAN KASHYAP,Independent,Haryana,1,0.00 Cr,2994,1,0.22
Others,1,Araku (ST),GUMMA THANUJA RANI,Yuvajana Sramika Rythu Congress Party,Andhra Pradesh,,0.05 Cr,477005,1,40.96
Others,33,Jhargram,GUNADHAR SING,Independent,West Bengal,1,0.00 Cr,2849,1,0.19
Others,13,VILUPPURAM,GUNASEKARAN. K,Independent,Tamil Nadu,1,0.00 Cr,963,1,0.08
Others,39,Nawada,GUNJAN KUMAR,Independent,Bihar,1,0.00 Cr,29682,1,3.41
Others,12,SHAHDOL,GUNJAN SINGH,Independent,Madhya Pradesh,1,0.00 Cr,7479,1,0.65
Others,10,Nagpur,GUNWANT HARICHANDRA SOMKUWAR,Bharatheeya Jawan Kisan Party,Maharashtra,,0.00 Cr,471,1,0.04
Others,13,Patiala,GURBACHAN SINGH,Independent,Punjab,1,0.00 Cr,1594,1,0.14
Others,9,Faridkot,GURBAKSH SINGH CHAUHAN,Bahujan Samaj Party,Punjab,,0.00 Cr,8210,1,0.81
Others,11,Bathinda,GURBARN SINGH,Independent,Punjab,1,0.00 Cr,1627,1,0.14
Others,10,Firozpur,GURCHARAN SINGH,Independent,Punjab,1,0.00 Cr,1342,1,0.12
Others,10,Firozpur,GURCHARAN SINGH BHULLAR,Shiromani Akali Dal (Amritsar)(Simranjit Singh Mann),Punjab,,0.00 Cr,15941,1,1.42
Others,4,Jalandhar,GURDEEP SINGH BITTU,Independent,Punjab,1,0.00 Cr,1113,1,0.11
Others,7,Ludhiana,GURDEEP SINGH KAHLON,Independent,Punjab,1,0.00 Cr,738,1,0.07
Others,1,Gurdaspur,GURINDER SINGH BAJWA,Shiromani Akali Dal (Amritsar)(Simranjit Singh Mann),Punjab,,0.00 Cr,25765,1,2.39
Others,2,Amritsar,GURINDER SINGH SABHI GILL,Independent,Punjab,1,0.00 Cr,2129,1,0.24
Others,9,Faridkot,GURMEET SINGH,Independent,Punjab,1,0.00 Cr,1420,1,0.14
Others,11,Bathinda,GURMEET SINGH,Independent,Punjab,1,0.00 Cr,3082,1,0.27
Others,7,Ludhiana,GURMEET SINGH KHARAY,Independent,Punjab,1,0.00 Cr,517,1,0.05
Others,6,Anandpur Sahib,GURMIT SINGH,Independent,Punjab,1,0.00 Cr,2182,1,0.2
Others,1,Gurdaspur,GURPREET KAUR BAJWA,Independent,Punjab,1,0.00 Cr,1709,1,0.16
Others,1,AMBALA,GURPREET SINGH,Indian National Lok Dal,Haryana,,0.00 Cr,8986,1,0.67
Others,3,Khadoor Sahib,GURPREET SINGH,Independent,Punjab,1,0.00 Cr,2609,1,0.25
Others,10,Firozpur,GURPREET SINGH,Independent,Punjab,1,0.00 Cr,2897,1,0.26
Others,2,Amritsar,GURPREET SINGH RATTAN,Republican Party of India (Athawale),Punjab,,0.00 Cr,738,1,0.08
Others,11,Bathinda,GURPREET SINGH URF PREET GHAINT,Jan Sewa Driver Party,Punjab,,0.00 Cr,2628,1,0.23
Others,5,Zahirabad,GURRAPU MACHANDER,All India Forward Bloc,Telangana,,0.00 Cr,1769,1,0.14
Others,5,Mayurbhanj,GURU  CHARAN HEMBRAM,Bharatheeya Jawan Kisan Party,Odisha,,0.00 Cr,3210,1,0.27
Others,26,Mumbai North,GURUDAS RAMDAS KHAIRNAR,Independent,Maharashtra,1,0.00 Cr,486,1,0.05
Others,23,Thirupathi(SC),GURUMOORTHY MADDILA,Yuvajana Sramika Rythu Congress Party,Andhra Pradesh,,0.06 Cr,632228,1,45.73
Others,4,Nizamabad,GUYYA SAIKRISHNA MURTHY,Yuga Thulasi Party,Telangana,,0.00 Cr,1129,1,0.09
Others,10,FARIDABAD,GYAN CHAND BAINSLA,Samrat Mihir Bhoj Samaj Party,Haryana,,0.00 Cr,756,1,0.05
Others,9,Jamshedpur,GYAN SAGAR PRASAD,Independent,Jharkhand,1,0.00 Cr,1044,1,0.08
Others,75,Ghazipur,GYANCHANDRA BIND,Independent,Uttar Pradesh,1,0.00 Cr,3135,1,0.27
Others,3,Godda,GYANESHWAR JHA,Jagrook Janta Party,Jharkhand,,0.00 Cr,1640,1,0.12
Others,6,Giridih,GYANESHWAR PRASAD,Lokhit Adhikar Party,Jharkhand,,0.00 Cr,5356,1,0.42
Others,11,Katihar,GYANESHWAR SOREN,Independent,Bihar,1,0.00 Cr,12317,1,1.05
Others,20,Saran,GYANI KUMAR SHARMA,Bharatiya Ekta Dal,Bihar,,0.00 Cr,1704,1,0.17
Others,15,Aligarh,GYANI RAM,Independent,Uttar Pradesh,1,0.00 Cr,3799,1,0.34
Others,3,Purvi Champaran,GYANTI DEVI,Prabuddha Republican Party,Bihar,,0.00 Cr,7008,1,0.65
Others,20,Hindupur,H D HANUMANTHE GOWD,Independent,Andhra Pradesh,1,0.00 Cr,2278,1,0.16
Others,16,Hassan,H D REVANNA,Purvanchal Mahapanchayat,Karnataka,,0.00 Cr,4272,1,0.32
Others,10,Haveri,H K NARASIMHAPPA,Samajwadi Janata Party(Karnataka),Karnataka,,0.00 Cr,446,1,0.03
Others,14,Shimoga,H SURESH POOJARI,Independent,Karnataka,1,0.00 Cr,220,1,0.02
Others,21,Mysore,H. K. KRISHNA,Karunaadu Party,Karnataka,,0.00 Cr,1489,1,0.1
Others,25,Bangalore central,H. P. SHIVAPRAKASH,Socialist Unity Centre Of India (COMMUNIST),Karnataka,,0.00 Cr,707,1,0.05
Others,20,Mandya,H.D. KUMARASWAMY,Janata Dal  (Secular),Karnataka,,0.09 Cr,851881,1,58.34
Others,20,Mandya,H.D. REVANNA,Purvanchal Mahapanchayat,Karnataka,,0.00 Cr,590,1,0.04
Others,22,Chamarajanagar,H.K.SWAMY HARADANAHALLI,Independent,Karnataka,1,0.00 Cr,3208,1,0.23
Others,19,Tumkur,H.L. MOHAN KUMAR,Independent,Karnataka,1,0.00 Cr,893,1,0.07
Others,24,Bangalore North,H.R.NATARAJ,Independent,Karnataka,1,0.00 Cr,861,1,0.05
Others,11,Murshidabad,HABIB SAIKH,All India Secular Front,West Bengal,,0.00 Cr,12370,1,0.8
Others,61,Basti,HAFIZ ALI,All India Forward Bloc,Uttar Pradesh,,0.00 Cr,2988,1,0.28
Others,17,Nandyal,HAFIZ ATAULLAH KHAN,Social Democratic Party Of India,Andhra Pradesh,,0.00 Cr,6932,1,0.49
Others,2,Dhubri,HAFIZ BURHANUDDIN,The National Road Map Party of India,Assam,,0.00 Cr,6940,1,0.28
Others,10,Meerut,HAJI  AFZAL,Sabse Achchhi Party,Uttar Pradesh,,0.00 Cr,2029,1,0.17
Others,33,Maval,HAJRAT IMAMSAB PATEL,Independent,Maharashtra,1,0.00 Cr,1093,1,0.08
Others,43,Madha,HAKE LAXMAN SOPAN,Independent,Maharashtra,1,0.00 Cr,5134,1,0.4
Others,2,SRINAGAR,HAKIKAT SINGH,Jammu & Kashmir National Panthers Party (Bhim),Jammu and Kashmir,,0.00 Cr,3778,1,0.56
Others,6,Balurghat,HAKIM MURMU,Independent,West Bengal,1,0.00 Cr,6822,1,0.55
Others,7,Ponnani,HAMSA S/O MOIDUTTY,Independent,Kerala,1,0.00 Cr,978,1,0.1
Others,7,Ponnani,HAMZA KADAVANDI,Independent,Kerala,1,0.00 Cr,710,1,0.07
Others,8,Koppal,HANAMESH . S . H. SHAKHAPUR,Independent,Karnataka,1,0.00 Cr,1248,1,0.09
Others,17,BARMER,HANIPH,Independent,Rajasthan,1,0.00 Cr,7760,1,0.46
Others,6,Anandpur Sahib,HANISH SHARMA,Ekam Sanatan Bharat Dal,Punjab,,0.00 Cr,1076,1,0.1
Others,52,Allahabad,HANSHRAJ KOL,Apna Dal (Kamerawadi),Uttar Pradesh,,0.00 Cr,2141,1,0.23
Others,58,Shrawasti,HANUMAN PRASAD MISHRA,Kisan Mazdoor Sangharsh Party,Uttar Pradesh,,0.00 Cr,1495,1,0.14
Others,6,JAIPUR RURAL,HANUMAN SAHAY,Bahujan Samaj Party,Rajasthan,,0.00 Cr,3850,1,0.31
Others,14,NAGAUR,HANUMAN SINGH KALVI,Rashtriya Janshakti Party (Secular),Rajasthan,,0.00 Cr,2882,1,0.23
Others,40,Osmanabad,HANUMANT LAXMAN BONDAR,Independent,Maharashtra,1,0.00 Cr,2172,1,0.17
Others,43,Madha,HANUMANT NARAYAN MANE,Independent,Maharashtra,1,0.00 Cr,2864,1,0.22
Others,11,Mahbubnagar,HANUMESH,Independent,Telangana,1,0.00 Cr,3225,1,0.26
Others,1,Inner Manipur,HAORUNGBAM SARAT SINGH,Independent,Manipur,1,0.00 Cr,1296,1,0.16
Others,6,Moradabad,HAR KISHORE SINGH,Socialist Unity Centre Of India (COMMUNIST),Uttar Pradesh,,0.00 Cr,940,1,0.07
Others,12,Sangrur,HARBHAJAN SINGH,Aazad Samaj Party (Kanshi Ram),Punjab,,0.00 Cr,3431,1,0.34
Others,5,Hoshiarpur,HARDEEP SINGH,Nationalist Justice Party,Punjab,,0.00 Cr,1425,1,0.15
Others,1,Coochbehar,HAREKRISHNA SARKAR,Independent,West Bengal,1,0.00 Cr,9467,1,0.58
Others,3,Jalpaiguri,HAREKRISHNA SARKAR,Independent,West Bengal,1,0.00 Cr,5848,1,0.37
Others,26,Bhagalpur,HARERAM YADAV,Independent,Bihar,1,0.00 Cr,12258,1,1.15
Others,8,Fatehgarh Sahib,HARGOBIND SINGH,Independent,Punjab,1,0.00 Cr,731,1,0.08
Others,9,Alathur,HARI ARUMBIL,Bahujan Samaj Party,Kerala,,0.00 Cr,2871,1,0.29
Others,5,North-West Delhi,HARI KISHAN (MECHANIC),Independent,NCT OF Delhi,1,0.00 Cr,548,1,0.04
Others,7,JAIPUR,HARI NARAYAN MEENA,Independent,Rajasthan,1,0.00 Cr,2202,1,0.15
Others,16,Vaishali,HARI NARAYAN RAM,Viro Ke Vir Indian Party,Bihar,,0.00 Cr,5100,1,0.44
Others,16,Dum dum,HARI PADA BISWAS,Mulnibasi Party of India,West Bengal,,0.00 Cr,474,1,0.04
Others,16,Nanded,HARI PIRAJI BOYALE,Bahujan Bharat Party,Maharashtra,,0.00 Cr,878,1,0.08
Others,16,Ongole,HARI PRASAD TUPAKULA,Independent,Andhra Pradesh,1,0.00 Cr,711,1,0.05
Others,14,NAGAUR,HARI RAM,Independent,Rajasthan,1,0.00 Cr,7626,1,0.62
Others,9,SATNA,HARI SHANKAR TIWARI (LOHA WALA),Bharatiya Jan Morcha Party,Madhya Pradesh,,0.00 Cr,945,1,0.09
Others,10,FARIDABAD,HARI SHANKER RAJVANS,Adim Bhartiya Dal,Haryana,,0.00 Cr,1584,1,0.11
Others,13,Guntur,HARI VENKATA SATISH  KURNALA,Jai Bharat National Party,Andhra Pradesh,,0.00 Cr,542,1,0.04
Others,10,DHARMAPURI,HARI. R.,Bahujan Samaj Party,Tamil Nadu,,0.00 Cr,3166,1,0.25
Others,13,Kandhamal,HARIBANDHU BEHERA,Bahujan Samaj Party,Odisha,,0.00 Cr,5137,1,0.52
Others,7,DURG,HARICHAND THAKUR,Independent,Chhattisgarh,1,0.00 Cr,1452,1,0.09
Others,36,Shirur,HARIDAS CHANDAR BHISE,Bharatiya Lokvikas Party,Maharashtra,,0.00 Cr,723,1,0.05
Others,4,Keonjhar,HARIHAR MUNDA,Socialist Unity Centre Of India (COMMUNIST),Odisha,,0.00 Cr,6574,1,0.52
Others,1,MORENA,HARIKANTH,Independent,Madhya Pradesh,1,0.00 Cr,1623,1,0.14
Others,65,Kushi Nagar,HARIKESH,Azad Adhikar Sena,Uttar Pradesh,,0.00 Cr,4097,1,0.38
Others,31,Patliputra,HARIKESHWAR RAM,Bahujan Samaj Party,Bihar,,0.00 Cr,10965,1,0.89
Others,33,THENI,HARIKRISHNAKUMAR R,Independent,Tamil Nadu,1,0.00 Cr,486,1,0.04
Others,2,BHIND,HARIMOHAN,Independent,Madhya Pradesh,1,0.00 Cr,2610,1,0.25
Others,8,Ranchi,HARINATH SAHU,Lokhit Adhikar Party,Jharkhand,,0.00 Cr,4136,1,0.29
Others,11,Mahbubnagar,HARINDER REDDY MALLELA,Independent,Telangana,1,0.00 Cr,3815,1,0.31
Others,23,Badaun,HARIRAJ SINGH URF SIPU YADAV,Log Party,Uttar Pradesh,,0.00 Cr,910,1,0.08
Others,21,Mysore,HARISH GOWDA,Socialist Party (India),Karnataka,,0.00 Cr,976,1,0.07
Others,78,Bhadohi,HARISHANKAR,Bahujan Samaj Party,Uttar Pradesh,,0.02 Cr,155053,1,14.29
Others,27,Mumbai North West,HARISHANKAR YADAV,Samaj Vikas Kranti Party,Maharashtra,,0.00 Cr,405,1,0.04
Others,2,South Goa,HARISHCHANDRA SUDHAKAR NAIK,Corruption Abolition Party,Goa,,0.00 Cr,501,1,0.11
Others,14,Yavatmal- Washim,HARISING (HARIBHAU) NASARU RATHOD,Bahujan Samaj Party,Maharashtra,,0.00 Cr,17396,1,1.42
Others,21,Hajipur,HARIWANSH PASWAN,Independent,Bihar,1,0.00 Cr,7117,1,0.62
Others,5,KARNAL,HARJEET SINGH VIRK,Shiromani Akali Dal (Amritsar)(Simranjit Singh Mann),Haryana,,0.00 Cr,1866,1,0.14
Others,3,Khadoor Sahib,HARJINDER SINGH,Independent,Punjab,1,0.00 Cr,1970,1,0.19
Others,8,Fatehgarh Sahib,HARJINDER SINGH,Independent,Punjab,1,0.00 Cr,1166,1,0.12
Others,40,Farrukhabad,HARNANDAN SINGH,Independent,Uttar Pradesh,1,0.00 Cr,2469,1,0.24
Others,12,Sangrur,HARPREET KAUR,India Greens Party,Punjab,,0.00 Cr,1105,1,0.11
Others,10,Firozpur,HARPREET SINGH,Independent,Punjab,1,0.00 Cr,1538,1,0.14
Others,15,Bhavnagar,HARSH GOKLANI,Independent,Gujarat,1,0.00 Cr,3634,1,0.35
Others,7,Ahmedabad East,HARSHAD BABUBHAI NANDOLIYA,Independent,Gujarat,1,0.00 Cr,3571,1,0.32
Others,23,Bhiwandi,HARSHAD RAMESH MHATRE,Independent,Maharashtra,1,0.00 Cr,1568,1,0.13
Others,29,Mumbai North Central,HARSHADA BABURAV JADHAV,Maharashtra Vikas Aghadi,Maharashtra,,0.00 Cr,690,1,0.08
Others,19,Aurangabad,HARSHWARDHAN DADA RAIBHANJI JADHAV,Independent,Maharashtra,1,0.00 Cr,39828,1,3.06
Others,11,Bathinda,HARSIMRAT KAUR BADAL,Shiromani Akali Dal,Punjab,,0.04 Cr,376558,1,32.71
Others,7,Ludhiana,HARVINDER KAUR,Samajik Sangharsh Party,Punjab,,0.00 Cr,419,1,0.04
Others,6,Anandpur Sahib,HARWINDER KARWAL,Independent,Punjab,1,0.00 Cr,1311,1,0.12
Others,10,Kishanganj,HASIRUL,Independent,Bihar,1,0.00 Cr,9524,1,0.83
Others,18,Panchmahal,HASMUKHKUMAR GANPATSINH RATHOD,Independent,Gujarat,1,0.00 Cr,10399,1,0.92
Others,29,Mumbai North Central,HAYATULAH ABDULAH SHAIKH,Akhil Bharatiya Muslim League (Secular),Maharashtra,,0.00 Cr,821,1,0.09
Others,1,Nagaland,HAYITHUNG TUNGOE LOTHA,Independent,Nagaland,1,0.00 Cr,6232,1,0.82
Others,4,JHUNJHUNU,HAZARI LAL,Bahujan Kranti Party (Marxwad-Ambedkarwad),Rajasthan,,0.00 Cr,940,1,0.08
Others,24,Bangalore North,HEBBAL VENKATESH.J,Republican Party of India (A),Karnataka,,0.00 Cr,425,1,0.02
Others,1,Chandni Chowk,HEENA,Public Political Party,NCT OF Delhi,,0.00 Cr,169,1,0.02
Others,67,Bansgaon,HEERALAL,Independent,Uttar Pradesh,1,0.00 Cr,2597,1,0.27
Others,33,Buxar,HEM LATA,Jagrook Janta Party,Bihar,,0.00 Cr,1570,1,0.15
Others,3,HAMIRPUR,HEM RAJ,Bahujan Samaj Party,Himachal Pradesh,,0.00 Cr,2758,1,0.26
Others,8,BHIWANI-MAHENDRAGARH,HEMANT,Independent,Haryana,1,0.00 Cr,3881,1,0.33
Others,34,Pune,HEMANT BABURAV KOLEKAR ALIAS HEMANT PATIL,Apni Prajahit Party,Maharashtra,,0.00 Cr,375,1,0.03
Others,1,Nandurbar,HEMANT MANSARAM KOLI,Vanchit Bahujan  Aaghadi,Maharashtra,,0.00 Cr,4081,1,0.29
Others,15,Hingoli,HEMANT RADHAKISHAN KANAKE,Rashtriya Kisan Bahujan Party,Maharashtra,,0.00 Cr,1800,1,0.16
Others,4,GUNA,HEMANT SINGH KUSHWAHA,Independent,Madhya Pradesh,1,0.00 Cr,3453,1,0.25
Others,16,Hassan,HEMANTH GAVEESH,Independent,Karnataka,1,0.00 Cr,3281,1,0.24
Others,23,Bangalore Rural,HEMAVATHI K,Socialist Unity Centre Of India (COMMUNIST),Karnataka,,0.00 Cr,1774,1,0.09
Others,16,Hathras,HEMBABOO DHANGAR,Bahujan Samaj Party,Uttar Pradesh,,0.02 Cr,201263,1,18.59
Others,8,Ranchi,HEMNTI DEVI,Samata Party,Jharkhand,,0.00 Cr,4080,1,0.28
Others,21,DEWAS,HEMRAJ POONAMCHANDRA BAMNIYA,Public Political Party,Madhya Pradesh,,0.00 Cr,1248,1,0.08
Others,18,Siwan,HENA SHAHAB,Independent,Bihar,1,0.03 Cr,293651,1,29.42
Others,39,Beed,HIDAYAT SADEKH ALI SYED,Independent,Maharashtra,1,0.00 Cr,448,1,0.03
Others,1,BARAMULLA,HILAL AHMAD WAGAY,Independent,Jammu and Kashmir,1,0.00 Cr,2689,1,0.26
Others,33,Unnao,HIMANSHU SHARMA,Bhartiya Shakti Chetna Party,Uttar Pradesh,,0.00 Cr,2663,1,0.2
Others,11,Kalahandi,HIMANSHU TRIPATHY,Samruddha Odisha,Odisha,,0.00 Cr,4906,1,0.37
Others,7,Amravati,HIMMAT BHIMRAO DHOLE,Independent,Maharashtra,1,0.00 Cr,670,1,0.06
Others,36,Rae Bareli,HIND ROHITASH,Manavtawadi Samaj Party,Uttar Pradesh,,0.00 Cr,3859,1,0.37
Others,24,Kalyan,HINDURAO DADU PATIL,Rashtriya Maratha Party,Maharashtra,,0.00 Cr,1243,1,0.12
Others,4,New Delhi,HIRA LAL,Independent,NCT OF Delhi,1,0.00 Cr,1005,1,0.12
Others,8,RAIPUR,HIRA NAND NAGWANI (ASHOK BHAIYA),Republican Party of India (A),Chhattisgarh,,0.00 Cr,960,1,0.06
Others,16,Dum dum,HIRAK SINHA,Independent,West Bengal,1,0.00 Cr,3147,1,0.25
Others,15,Aligarh,HITENDRA KUMAR ALIAS BUNTY UPADHYAY,Bahujan Samaj Party,Uttar Pradesh,,0.01 Cr,123929,1,10.93
Others,19,BHOPAL,HITENDRA SHAHARE (BABA),Independent,Madhya Pradesh,1,0.00 Cr,318,1,0.02
Others,7,Ahmedabad East,HITENDRABHAI PATEL,Aadi Bharat Party,Gujarat,,0.00 Cr,742,1,0.07
Others,12,Gadchiroli - Chimur,HITESH PANDURANG MADAVI,Vanchit Bahujan  Aaghadi,Maharashtra,,0.00 Cr,15922,1,1.37
Others,4,Nainital-Udhamsingh Nagar,HITESH PATHAK,Independent,Uttarakhand,1,0.00 Cr,4315,1,0.34
Others,28,Kolar,HOLUR SRINIVASA,Independent,Karnataka,1,0.00 Cr,6163,1,0.45
Others,36,Rae Bareli,HORILAL,Independent,Uttar Pradesh,1,0.00 Cr,5399,1,0.52
Others,22,Jadavpur,HOSEN GAZI,Independent,West Bengal,1,0.00 Cr,4927,1,0.31
Others,19,Fatehpur Sikri,HOTAM SINGH NISHAD,Rashtriya Shoshit Samaj Party,Uttar Pradesh,,0.00 Cr,1810,1,0.18
Others,27,Mumbai North West,HRUDA DHANANJAY SHINDE,Independent,Maharashtra,1,0.00 Cr,1078,1,0.11
Others,5,Gulbarga,HUCHESHWARA WATHAR GOUR,Bahujan Samaj Party,Karnataka,,0.00 Cr,7888,1,0.6
Others,15,PALI,HUKAM SINGH,Independent,Rajasthan,1,0.00 Cr,17097,1,1.26
Others,18,Bhubaneswar,HULAS SENAPATI,Independent,Odisha,1,0.00 Cr,2251,1,0.21
Others,30,THANJAVUR,HUMAYUN KABIR,Naam Tamilar Katchi,Tamil Nadu,,0.01 Cr,120293,1,11.69
Others,5,SRIPERUMBUDUR,I MOHAMED YASEEN,Thakkam Katchi,Tamil Nadu,,0.00 Cr,669,1,0.05
Others,17,Nandyal,I V PAKKIR REDDY,Independent,Andhra Pradesh,1,0.00 Cr,410,1,0.03
Others,3,CHENNAI SOUTH,I. DAVIDSINGH,Independent,Tamil Nadu,1,0.00 Cr,151,1,0.01
Others,1,Gurdaspur,I.S.GULATI,Independent,Punjab,1,0.00 Cr,699,1,0.06
Others,8,Secunderabad,IBRAHIM KHAN,Independent,Telangana,1,0.00 Cr,320,1,0.03
Others,2,Banaskantha,IBRAHIMBHAI PARASANI,Independent,Gujarat,1,0.00 Cr,1591,1,0.12
Others,1,Daman & Diu,IDRISH G MULLA,Independent,Dadra & Nagar Haveli and Daman & Diu,1,0.00 Cr,247,1,0.27
Others,28,MAYILADUTHURAI,ILANCHEZHIAN T,Bahujan Samaj Party,Tamil Nadu,,0.00 Cr,2898,1,0.27
Others,6,KANCHEEPURAM,ILAYARAJA. S,Bahujan Samaj Party,Tamil Nadu,,0.00 Cr,5264,1,0.42
Others,8,Koppal,IMAMSAB JANGLISAB MULLA,Independent,Karnataka,1,0.00 Cr,733,1,0.06
Others,18,Basirhat,IMRAN ALI SARDAR,Bharatheeya Jawan Kisan Party,West Bengal,,0.00 Cr,2553,1,0.17
Others,42,Kannauj,IMRAN BIN ZAFAR,Bahujan Samaj Party,Uttar Pradesh,,0.01 Cr,81639,1,6.7
Others,48,Hatkanangale,IMRAN IQBAL KHATIB,Bahujan Mukti Party,Maharashtra,,0.00 Cr,3190,1,0.25
Others,3,ANANTNAG-RAJOURI,IMRAN SHEIKH,Independent,Jammu and Kashmir,1,0.00 Cr,7485,1,0.73
Others,17,Kheda,IMRANBHAI VANKAWALA,Right to Recall Party,Gujarat,,0.00 Cr,928,1,0.08
Others,19,Aurangabad,IMTIAZ JALEEL SYED,All India Majlis-E-Ittehadul Muslimeen,Maharashtra,,0.03 Cr,341480,1,26.22
Others,14,Shimoga,IMTIYAZ A. ATTAR,Independent,Karnataka,1,0.00 Cr,442,1,0.03
Others,3,ANANTNAG-RAJOURI,IMTIYAZ AHMAD,National Loktantrik Party,Jammu and Kashmir,,0.00 Cr,7013,1,0.68
Others,14,MANDLA,INDAR SINGH UIKEY,Bahujan Samaj Party,Madhya Pradesh,,0.00 Cr,16617,1,1.08
Others,5,KARNAL,INDER SINGH,Bahujan Samaj Party,Haryana,,0.00 Cr,32508,1,2.42
Others,2,KURUKSHETRA,INDERJEET KAMBOJ,Peoples Party of India (Democratic),Haryana,,0.00 Cr,2113,1,0.18
Others,17,Kheda,INDIRADEVI HIRALAL VORA,Garib Kalyan Party,Gujarat,,0.00 Cr,1135,1,0.1
Others,9,Jamshedpur,INDRA DEO PRASAD,Independent,Jharkhand,1,0.00 Cr,8469,1,0.66
Others,35,Karakat,INDRA RAJ ROUSHAN,Independent,Bihar,1,0.00 Cr,6324,1,0.61
Others,46,Jhansi,INDRA SINGH,Independent,Uttar Pradesh,1,0.00 Cr,2078,1,0.15
Others,6,Medak,INDRAGOUD SILIVERI,National Nava Kranthi Party,Telangana,,0.00 Cr,1774,1,0.13
Others,33,Maval,INDRAJEET D GOND,Independent,Maharashtra,1,0.00 Cr,2135,1,0.15
Others,24,Begusarai,INDRAJEET KUMAR ROY,Independent,Bihar,1,0.00 Cr,12953,1,1
Others,31,Hardoi,INDRAPAL PASI,Justice Party,Uttar Pradesh,,0.00 Cr,2946,1,0.27
Others,68,Lalganj,INDU CHAUDHRI,Bahujan Samaj Party,Uttar Pradesh,,0.02 Cr,210053,1,20.93
Others,7,ARAKKONAM,INDU W,Tamil Manila Murpokku Dravida Kazhagam,Tamil Nadu,,0.00 Cr,1938,1,0.17
Others,7,Ahmedabad East,INGOLE ROOPESHBHAI BABUBHAI,Independent,Gujarat,1,0.00 Cr,1169,1,0.1
Others,2,RAIGARH,INNOCENT KUJUR - BIDANA ORAON,Bahujan Samaj Party,Chhattisgarh,,0.00 Cr,15600,1,1.07
Others,15,SALEM,INTHRAJITHKUPTHA G,Independent,Tamil Nadu,1,0.00 Cr,432,1,0.03
Others,2,Srikakulam,IPPILI SEETHARAJU,Jai Bharat National Party,Andhra Pradesh,,0.00 Cr,1130,1,0.09
Others,4,Jalandhar,IQBAL CHAND MATTU,Independent,Punjab,1,0.00 Cr,1956,1,0.2
Others,33,Maval,IQBAL IBRAHIM NAWDEKAR,Independent,Maharashtra,1,0.00 Cr,2900,1,0.2
Others,12,Sangrur,IQBAL SINGH JHUNDAN,Shiromani Akali Dal,Punjab,,0.01 Cr,62488,1,6.19
Others,47,Kolhapur,IRFAN ABUTALIB CHAND,Independent,Maharashtra,1,0.00 Cr,597,1,0.04
Others,42,Kannauj,IRFAN ALI,Independent,Uttar Pradesh,1,0.00 Cr,470,1,0.04
Others,25,Thane,IRFAN IBRAHIM SHAIKH,Independent,Maharashtra,1,0.00 Cr,1875,1,0.14
Others,2,Dhule,IRFAN. MO. ISHAK (NADIR),Independent,Maharashtra,1,0.00 Cr,763,1,0.06
Others,25,Bareilly,IRSHAD ANSARI ADVOCATE,Peace Party,Uttar Pradesh,,0.00 Cr,3553,1,0.32
Others,35,Lucknow,ISHTIYAQ ALI,Independent,Uttar Pradesh,1,0.00 Cr,934,1,0.08
Others,2,North-East Delhi,ISHWAR CHAND,Bharatrashtra Democratic Party,NCT OF Delhi,,0.00 Cr,310,1,0.02
Others,70,Ghosi,ISHWAR DAYAL SINGH SETH,Bhartiya Sabka Dal,Uttar Pradesh,,0.00 Cr,841,1,0.07
Others,4,HISAR,ISHWAR JHAJHRIA,Independent,Haryana,1,0.00 Cr,1122,1,0.1
Others,9,MAHASAMUND,ISHWAR MARKANDE,Independent,Chhattisgarh,1,0.00 Cr,957,1,0.07
Others,13,Junagadh,ISHWAR RAMBHAI SOLANKI,Right to Recall Party,Gujarat,,0.00 Cr,1171,1,0.11
Others,9,GURGAON,ISHWAR SINGH SUTHANI,Peoples Party of India (Democratic),Haryana,,0.00 Cr,1114,1,0.07
Others,30,Mumbai South Central,ISHWAR VILAS TATHAWADE,Rashtriya Mahaswaraj Bhumi Party,Maharashtra,,0.00 Cr,971,1,0.12
Others,22,UJJAIN,ISHWARLAL VARSHI,Independent,Madhya Pradesh,1,0.00 Cr,863,1,0.06
Others,22,Bharuch,ISMAIL AHMAD PATEL,Independent,Gujarat,1,0.00 Cr,1902,1,0.16
Others,70,Ghosi,ISMAIL ANSARI,Aawami Pichhada Party,Uttar Pradesh,,0.00 Cr,594,1,0.05
Others,23,MANDSOUR,ISMAIL KHAN MAIV,Independent,Madhya Pradesh,1,0.00 Cr,8826,1,0.62
Others,12,Krishnanagar,ISMAT ARA MONDAL,Socialist Unity Centre Of India (COMMUNIST),West Bengal,,0.00 Cr,3622,1,0.25
Others,23,Badaun,ISRAT ALI,Independent,Uttar Pradesh,1,0.00 Cr,1513,1,0.14
Others,11,Bhandara Gondiya,ITWALE SHARAD MARTAND,Independent,Maharashtra,1,0.00 Cr,1028,1,0.08
Others,17,ERODE,J GOPALAKRISHNAN,Independent,Tamil Nadu,1,0.00 Cr,1955,1,0.18
Others,20,Thiruvananthapuram,J J RUSSELL,Independent,Kerala,1,0.00 Cr,1365,1,0.14
Others,5,SRIPERUMBUDUR,J MOHANRAJ,Jebamani Janata,Tamil Nadu,,0.00 Cr,822,1,0.06
Others,20,Hindupur,J SHANTHA,Yuvajana Sramika Rythu Congress Party,Andhra Pradesh,,0.06 Cr,593107,1,41.88
Others,23,Bangalore Rural,J T PRAKASH,Independent,Karnataka,1,0.00 Cr,1472,1,0.08
Others,6,Diphu,J. I. KATHAR,Independent,Assam,1,0.02 Cr,187017,1,27.39
Others,3,CHENNAI SOUTH,J. SATHISH,Independent,Tamil Nadu,1,0.00 Cr,418,1,0.04
Others,2,CHENNAI NORTH,J. SEBASTIN,Socialist Unity Centre Of India (COMMUNIST),Tamil Nadu,,0.00 Cr,588,1,0.07
Others,21,Kadapa,J. V. RAMANA,Jaathia Chethi Vruthula Ikya Vedika Party,Andhra Pradesh,,0.00 Cr,434,1,0.03
Others,19,Tumkur,J.K. SAMI,Independent,Karnataka,1,0.00 Cr,6775,1,0.52
Others,9,Surendranagar,J.K.PATEL,Independent,Gujarat,1,0.00 Cr,2367,1,0.21
Others,4,CHENNAI CENTRAL,J.NAGARAJ,Independent,Tamil Nadu,1,0.00 Cr,241,1,0.03
Others,9,Hyderabad,J.SHYAMSUNDER RAO,Independent,Telangana,1,0.00 Cr,138,1,0.01
Others,20,Vadodara,JADAV AMITKUMAR RAMJIBHAI,Bahujan Samaj Party,Gujarat,,0.00 Cr,7529,1,0.62
Others,26,Mumbai North,JAEENDRA VASANT SURVE,Bharatheeya Jawan Kisan Party,Maharashtra,,0.00 Cr,405,1,0.04
Others,23,KARUR,JAFAR ALI. A,Independent,Tamil Nadu,1,0.00 Cr,371,1,0.03
Others,28,MAYILADUTHURAI,JAFARULLAH KHAN F,Independent,Tamil Nadu,1,0.00 Cr,1236,1,0.11
Others,2,Sundargarh,JAGABANDHU ORAM,Independent,Odisha,1,0.00 Cr,6027,1,0.52
Others,29,NAGAPATTINAM,JAGADEESH J BE,Bahujan Samaj Party,Tamil Nadu,,0.00 Cr,1806,1,0.19
Others,16,Ongole,JAGADEESH RAYAPATI,Independent,Andhra Pradesh,1,0.00 Cr,725,1,0.05
Others,14,KALLAKURICHI,JAGADESAN A,Naam Tamilar Katchi,Tamil Nadu,,0.01 Cr,73652,1,5.89
Others,1,TIRUVALLUR,"Jagadesh Chander, M.",Naam Tamilar Katchi,Tamil Nadu,,0.01 Cr,120838,1,8.52
Others,9,KRISHNAGIRI,JAGADHEESAN C,Viro Ke Vir Indian Party,Tamil Nadu,,0.00 Cr,900,1,0.08
Others,10,Bolangir,JAGADISH CHANDRA BIBHAR,Bahujan Samaj Party,Odisha,,0.00 Cr,9469,1,0.68
Others,8,Wardha,JAGADISH UDDVRAO  WANKHADE,Independent,Maharashtra,1,0.00 Cr,2349,1,0.21
Others,10,Haveri,JAGADISH YALLAPPA BANKAPURA,Independent,Karnataka,1,0.00 Cr,674,1,0.05
Others,10,DHARMAPURI,JAGANATHAN. A.,Independent,Tamil Nadu,1,0.00 Cr,553,1,0.04
Others,19,Aurangabad,JAGANNATH KHANDERAO JADHAV J K JADHAV,Independent,Maharashtra,1,0.00 Cr,2932,1,0.23
Others,19,Aurangabad,JAGANNATH KISAN UGALE,Independent,Maharashtra,1,0.00 Cr,755,1,0.06
Others,51,Phulpur,JAGANNATH PAL,Bahujan Samaj Party,Uttar Pradesh,,0.01 Cr,82586,1,8.14
Others,3,Barpeta,JAGANNATH RAY,Independent,Assam,1,0.00 Cr,5548,1,0.33
Others,13,Ranaghat,JAGANNATH SARKAR,Independent,West Bengal,1,0.00 Cr,5861,1,0.38
Others,11,TIRUVANNAMALAI,"JAGANNATHAN,  R.",Independent,Tamil Nadu,1,0.00 Cr,864,1,0.08
Others,4,HISAR,JAGAT SINGH,Vikas India Party,Haryana,,0.00 Cr,382,1,0.03
Others,54,Faizabad,JAGAT SINGH,Independent,Uttar Pradesh,1,0.00 Cr,1254,1,0.11
Others,6,SONIPAT,JAGBEER,Independent,Haryana,1,0.00 Cr,524,1,0.05
Others,7,ROHTAK,JAGBIR SINGH,Bharatheeya Jawan Kisan Party,Haryana,,0.00 Cr,593,1,0.05
Others,37,Amethi,JAGDAMBA PRASAD YADAV,Independent,Uttar Pradesh,1,0.00 Cr,4020,1,0.41
Others,3,HAMIRPUR,JAGDEEP KUMAR,Rashtriya Devbhumi Party,Himachal Pradesh,,0.00 Cr,1764,1,0.17
Others,2,North-East Delhi,JAGDISH,Rashtriya Samaj Paksha,NCT OF Delhi,,0.00 Cr,276,1,0.02
Others,8,BHIWANI-MAHENDRAGARH,JAGDISH,Independent,Haryana,1,0.00 Cr,229,1,0.02
Others,20,RAJGARH,JAGDISH KARPENTER,Independent,Madhya Pradesh,1,0.00 Cr,1734,1,0.12
Others,13,Patiala,JAGDISH KUMAR,Independent,Punjab,1,0.00 Cr,3239,1,0.28
Others,7,South Delhi,JAGDISH KUMAR VERMA,Independent,NCT OF Delhi,1,0.00 Cr,1296,1,0.1
Others,16,Nanded,JAGDISH LAXMAN POTRE,Independent,Maharashtra,1,0.00 Cr,963,1,0.09
Others,1,Gurdaspur,JAGDISH MASIH,Independent,Punjab,1,0.00 Cr,546,1,0.05
Others,10,BASTAR,JAGDISH NAG,Azad Janata Party,Chhattisgarh,,0.00 Cr,3592,1,0.36
Others,4,Sheohar,JAGDISH PRASAD,Bajjikanchal Vikas Party,Bihar,,0.00 Cr,2955,1,0.28
Others,40,Jamui,JAGDISH PRASAD,Loktantrik Samajik Nyay Party,Bihar,,0.00 Cr,6542,1,0.67
Others,17,Mathura,JAGDISH PRASAD KAUSHIK ADVOCATE,Rashtriya Samta Vikas Party,Uttar Pradesh,,0.00 Cr,3575,1,0.37
Others,12,TONK-SAWAI MADHOPUR,JAGDISH PRASAD SHARMA,Bheem Tribal Congress,Rajasthan,,0.00 Cr,1029,1,0.08
Others,5,JAMMU,JAGDISH RAJ,Bahujan Samaj Party,Jammu and Kashmir,,0.00 Cr,10300,1,0.79
Others,7,Dhanbad,JAGDISH RAWANI,Independent,Jharkhand,1,0.00 Cr,27635,1,1.94
Others,13,JABALPUR,JAGDISH SINGH LODHI,Bhartiya Shakti Chetna Party,Madhya Pradesh,,0.00 Cr,1875,1,0.16
Others,19,Dahod,JAGDISHBHAI MANILAL MEDA,Bharatiya National Janata Dal,Gujarat,,0.00 Cr,3062,1,0.27
Others,13,Patiala,JAGJIT SINGH CHHARBAR,Bahujan Samaj Party,Punjab,,0.00 Cr,22400,1,1.94
Others,3,JANJGIR-CHAMPA,JAGJIVAN RAM SATNAMI,Azad Janata Party,Chhattisgarh,,0.00 Cr,837,1,0.06
Others,11,Bathinda,JAGJIWAN BALLI,Independent,Punjab,1,0.00 Cr,5484,1,0.48
Others,25,Bareilly,JAGPAL SINGH YADAV,Samrat Mihir Bhoj Samaj Party,Uttar Pradesh,,0.00 Cr,656,1,0.06
Others,56,Baharaich,JAGRAM,Independent,Uttar Pradesh,1,0.00 Cr,1515,1,0.14
Others,20,Dindori,JAGTAP DIPAK GANPAT,Independent,Maharashtra,1,0.00 Cr,15681,1,1.26
Others,12,Sangrur,JAGTAR SINGH,Nationalist Justice Party,Punjab,,0.00 Cr,1225,1,0.12
Others,40,Asansol,JAHANARA KHAN,Communist Party of India  (Marxist),West Bengal,,0.01 Cr,105964,1,8.14
Others,2,SRINAGAR,JAHANGIR AHMAD SHEIKH,Independent,Jammu and Kashmir,1,0.00 Cr,4422,1,0.65
Others,18,Kurnoolu,JAHANGIR AHMED,Social Democratic Party Of India,Andhra Pradesh,,0.00 Cr,2074,1,0.16
Others,2,Kairana,JAHID,Social Democratic Party Of India,Uttar Pradesh,,0.00 Cr,3320,1,0.31
Others,30,Mumbai South Central,JAHID ALI NASIR AHMED SHAIKH,Aazad Samaj Party (Kanshi Ram),Maharashtra,,0.00 Cr,959,1,0.12
Others,23,Bhiwandi,JAHID MURABTAR ANSARI,Independent,Maharashtra,1,0.00 Cr,4882,1,0.39
Others,7,Ludhiana,JAI - PARKASH JAIN (TITU BANIYA),Independent,Punjab,1,0.00 Cr,419,1,0.04
Others,2,KURUKSHETRA,JAI KUMAR  SAINI HAMIDPUR,Independent,Haryana,1,0.00 Cr,8093,1,0.67
Others,2,KURUKSHETRA,JAI PARKASH SHARMA,Independent,Haryana,1,0.00 Cr,1154,1,0.1
Others,4,HISAR,JAI PRAKASH (J.P.) S/O UMA DUTT,Independent,Haryana,1,0.00 Cr,3273,1,0.28
Others,5,Kodarma,JAI PRAKASH VERMA,Independent,Jharkhand,1,0.00 Cr,23223,1,1.7
Others,3,East Delhi,JAI RAM LAL,Rashtriya Republican Party,NCT OF Delhi,,0.00 Cr,657,1,0.05
Others,8,BHIWANI-MAHENDRAGARH,JAI SINGH,Independent,Haryana,1,0.00 Cr,451,1,0.04
Others,71,Salempur,JAIBAHADUR ALIAS JAIBAHADUR CHAUHAN,Janta Kranti Party (Rashtravadi),Uttar Pradesh,,0.00 Cr,8263,1,0.9
Others,4,KORBA,JAICHANDRA SONPAKAR,Independent,Chhattisgarh,1,0.00 Cr,6182,1,0.5
Others,7,ROHTAK,JAIKARAN MANDAUTHI,Socialist Unity Centre Of India (COMMUNIST),Haryana,,0.00 Cr,607,1,0.05
Others,5,Zahirabad,JAIPAL NAYAK JADAVATH,Independent,Telangana,1,0.00 Cr,2268,1,0.18
Others,7,Bidar,JAIRAJ KASHAPPA BUKKA ADVOCATE,Independent,Karnataka,1,0.00 Cr,1493,1,0.12
Others,6,Giridih,JAIRAM KUMAR MAHATO,Independent,Jharkhand,1,0.03 Cr,347322,1,27.46
Others,12,ARANI,"JAISANKAR, M.",Independent,Tamil Nadu,1,0.00 Cr,840,1,0.07
Others,8,Maldaha Dakshin,JALALUDDIN SARKAR,Bharatiya Nyay-Adhikar Raksha Party,West Bengal,,0.00 Cr,2075,1,0.15
Others,1,Nandurbar,JALAMSING SUTUM PAWAR,Independent,Maharashtra,1,0.00 Cr,2587,1,0.19
Others,10,Chevella,JALEEL AHMED,Independent,Telangana,1,0.00 Cr,1510,1,0.09
Others,44,Sangli,JALINDAR MACHINDRA THOMAKE,Independent,Maharashtra,1,0.00 Cr,1260,1,0.11
Others,8,Rajahmundry,JALLI BALA NAVEENA,Independent,Andhra Pradesh,1,0.00 Cr,1254,1,0.09
Others,9,Hyderabad,JAMEEL SAYED,Alliance of Democratic Reforms Party,Telangana,,0.00 Cr,492,1,0.05
Others,36,THOOTHUKKUDI,JAMES P,Independent,Tamil Nadu,1,0.00 Cr,444,1,0.05
Others,5,Haridwar,JAMIL AHMAD,Bahujan Samaj Party,Uttarakhand,,0.00 Cr,42323,1,3.25
Others,28,Hooghly,JAMINI BHAR,Bahujan Samaj Party,West Bengal,,0.00 Cr,4718,1,0.31
Others,13,Nalgonda,JANAIAH NANDIPATI,Telangana Sakalajanula Party,Telangana,,0.00 Cr,10859,1,0.84
Others,7,Dhanbad,JANAK SAH GOND,Independent,Jharkhand,1,0.00 Cr,12764,1,0.89
Others,10,Chevella,JANAPALA DURGA PRASAD,Independent,Telangana,1,0.00 Cr,1517,1,0.09
Others,56,Baharaich,JANARDAN GOND,Independent,Uttar Pradesh,1,0.00 Cr,2673,1,0.25
Others,10,REWA,JANARDAN MISHRA,Independent,Madhya Pradesh,1,0.00 Cr,2295,1,0.25
Others,9,Dhenkanal,JANARDAN NAIK,Independent,Odisha,1,0.00 Cr,2653,1,0.22
Others,4,Visakhapatnam,JANARDHAN PONNADA.,Independent,Andhra Pradesh,1,0.00 Cr,500,1,0.04
Others,18,TIRUPPUR,"JANARTHANAM, P.",Tamilaga Makkal Thannurimai Katchi,Tamil Nadu,,0.00 Cr,1868,1,0.16
Others,27,CHIDAMBARAM,JANCIRANI R,Naam Tamilar Katchi,Tamil Nadu,,0.01 Cr,65589,1,5.62
Others,14,Bhongir,JANGA. SUJATHANAVEEN REDDY,Independent,Telangana,1,0.00 Cr,847,1,0.06
Others,17,Parbhani,JANKAR MAHADEV JAGANNATH,Rashtriya Samaj Paksha,Maharashtra,,0.05 Cr,467282,1,35.1
Others,43,Madha,JANKAR SWARUP DADA,Bahujan Samaj Party,Maharashtra,,0.00 Cr,7094,1,0.56
Others,38,TIRUNELVELI,JANSI RANI M,All India Anna Dravida Munnetra Kazhagam,Tamil Nadu,,0.01 Cr,89601,1,8.39
Others,6,West Delhi,JARNAIL SINGH,Independent,NCT OF Delhi,1,0.00 Cr,1089,1,0.07
Others,14,Bangaon,JASHAJIT SARKHEL,Independent,West Bengal,1,0.00 Cr,7833,1,0.52
Others,10,Firozpur,JASKARAN SINGH KAHAN SINGH WALA,Independent,Punjab,1,0.00 Cr,6535,1,0.58
Others,10,Firozpur,JASKARAN SINGH SIDHU,Independent,Punjab,1,0.00 Cr,971,1,0.09
Others,2,Amritsar,JASPAL MASIH,Independent,Punjab,1,0.00 Cr,1227,1,0.14
Others,12,TONK-SAWAI MADHOPUR,JASRAM MEENA,Independent,Rajasthan,1,0.00 Cr,3045,1,0.25
Others,3,SIRSA,JASVIR SINGH,Independent,Haryana,1,0.00 Cr,1136,1,0.08
Others,11,Bathinda,JASVIR SINGH BATHINDA,Aazad Samaj Party (Kanshi Ram),Punjab,,0.00 Cr,3145,1,0.27
Others,6,Anandpur Sahib,JASVIR SINGH GARHI,Bahujan Samaj Party,Punjab,,0.01 Cr,90157,1,8.37
Others,9,Faridkot,JASWANT RAI RAJORA,Independent,Punjab,1,0.00 Cr,1047,1,0.1
Others,5,Hoshiarpur,JASWANT SINGH,Shiromani Akali Dal (Amritsar)(Simranjit Singh Mann),Punjab,,0.00 Cr,20923,1,2.21
Others,12,Sangrur,JASWANT SINGH,Independent,Punjab,1,0.00 Cr,2224,1,0.22
Others,10,Firozpur,JASWANT SINGH KHATRI,Independent,Punjab,1,0.00 Cr,821,1,0.07
Others,3,Khadoor Sahib,JASWANT SINGH SOHAL,Independent,Punjab,1,0.00 Cr,1639,1,0.16
Others,5,Mayurbhanj,JATIA SAWAYAN,Bahujan Samaj Party,Odisha,,0.00 Cr,8502,1,0.72
Others,1,Gurdaspur,JATINDER KUMAR SHARMA,Bhartiya Rashtriya Dal,Punjab,,0.00 Cr,461,1,0.04
Others,7,Maldaha Uttar,JATISH KISKU,Independent,West Bengal,1,0.00 Cr,8683,1,0.61
Others,3,ANANTNAG-RAJOURI,JAVAID AHMED,All India Forward Bloc,Jammu and Kashmir,,0.00 Cr,1562,1,0.15
Others,55,Ambedkar Nagar,JAVED AHMAD SIDDIQUI,Independent,Uttar Pradesh,1,0.00 Cr,3860,1,0.33
Others,64,Gorakhpur,JAVED ASHRAF ALIAS JAVED SIMNANI,Bahujan Samaj Party,Uttar Pradesh,,0.01 Cr,55781,1,4.83
Others,39,Beed,JAVED SIKANDAR MOMIN,Independent,Maharashtra,1,0.00 Cr,2662,1,0.17
Others,48,Hatkanangale,JAVED SIKANDAR MUJAVAR,Independent,Maharashtra,1,0.00 Cr,1852,1,0.14
Others,11,Dharwad,JAVEED AHAMED BELGAUMKAR.,Naki Bharatiya Ekta Party,Karnataka,,0.00 Cr,3558,1,0.26
Others,2,SRINAGAR,JAVEED AHMAD WANI,Independent,Jammu and Kashmir,1,0.00 Cr,932,1,0.14
Others,13,Madhepura,JAWAHAR LAL JAISWAL,Socialist Unity Centre Of India (COMMUNIST),Bihar,,0.00 Cr,11322,1,0.94
Others,31,Patliputra,JAWAHAR SINGH,Bhartiya Manavta Party,Bihar,,0.00 Cr,1237,1,0.1
Others,39,Beed,JAWED SALEEM SYED,Tipu Sultan Party,Maharashtra,,0.00 Cr,978,1,0.06
Others,49,Fatehpur,JAY CHANDRA KUMAR,Vishwa Kalyan Rashtriya Manav Samaj Party,Uttar Pradesh,,0.00 Cr,1604,1,0.14
Others,38,Sultanpur,JAY PRAKASH,Sardar Patel Siddhant Party,Uttar Pradesh,,0.00 Cr,1369,1,0.13
Others,27,Banka,JAY PRAKASH YADAV,Rashtriya Jansambhavna Party,Bihar,,0.00 Cr,12277,1,1.21
Others,19,BHOPAL,JAY SINGH,Independent,Madhya Pradesh,1,0.00 Cr,2510,1,0.17
Others,6,West Delhi,JAYA RAMAN,Sarvlokhit Samaj Party,NCT OF Delhi,,0.00 Cr,446,1,0.03
Others,30,THANJAVUR,JAYABAL A,Bahujan Samaj Party,Tamil Nadu,,0.00 Cr,2410,1,0.23
Others,14,KALLAKURICHI,JAYABAL PM,Independent,Tamil Nadu,1,0.00 Cr,476,1,0.04
Others,15,Alappuzha,JAYAKRISHNAN P,Independent,Kerala,1,0.00 Cr,385,1,0.04
Others,19,NILGIRIS,JAYAKUMAR A,Naam Tamilar Katchi,Tamil Nadu,,0.01 Cr,58821,1,5.77
Others,25,PERAMBALUR,JAYAKUMAR K,Samaniya Makkal Nala Katchi,Tamil Nadu,,0.00 Cr,1006,1,0.09
Others,25,Bangalore central,JAYALAKSHMI SUNDARA RAJAN,Independent,Karnataka,1,0.00 Cr,2761,1,0.21
Others,19,NILGIRIS,JAYANTHI M,Ambedkarite Party of India,Tamil Nadu,,0.00 Cr,1556,1,0.15
Others,26,Valsad,JAYANTIBHAI KHANDUBHAI SHALUA,Viro Ke Vir Indian Party,Gujarat,,0.00 Cr,4774,1,0.35
Others,26,Bangalore South,JAYAPAL.D,Independent,Karnataka,1,0.00 Cr,942,1,0.08
Others,9,KRISHNAGIRI,JAYAPRAKASH V,All India Anna Dravida Munnetra Kazhagam,Tamil Nadu,,0.03 Cr,300397,1,25.76
Others,2,Kannur,JAYARAJ,Independent,Kerala,1,0.00 Cr,488,1,0.05
Others,2,Kannur,JAYARAJAN S/O. VELAYUDHAN,Independent,Kerala,1,0.00 Cr,425,1,0.04
Others,1,Bargarh,JAYARAM BAGH,Bahujan Samaj Party,Odisha,,0.00 Cr,9322,1,0.71
Others,8,Sambhal,JAYGAMUL ISLAM,Janta Shashan Party,Uttar Pradesh,,0.00 Cr,1942,1,0.16
Others,23,BHILWARA,JAYKISHAN,Viro Ke Vir Indian Party,Rajasthan,,0.00 Cr,4084,1,0.31
Others,5,Kodarma,JAYNARAYAN DAS,Bahujan Mukti Party,Jharkhand,,0.00 Cr,6738,1,0.49
Others,16,Hathras,JAYPAL MAHOR,Independent,Uttar Pradesh,1,0.00 Cr,3061,1,0.28
Others,21,Nashik,JAYSHRI MAHENDRA PATIL,Sainik Samaj Party,Maharashtra,,0.00 Cr,2426,1,0.2
Others,12,Jamnagar,JAYSUKH NATHUBHAI PINGALSUR,Bahujan Samaj Party,Gujarat,,0.00 Cr,11462,1,1.09
Others,9,Amroha,JEETPAL RANA,Independent,Uttar Pradesh,1,0.00 Cr,2556,1,0.23
Others,33,THENI,JEEVA M,Bahujan Samaj Party,Tamil Nadu,,0.00 Cr,2222,1,0.19
Others,4,Nainital-Udhamsingh Nagar,JEEVAN CHANDRA UPRETI,Bharat Ki Lok Jimmedar Party,Uttarakhand,,0.00 Cr,2310,1,0.18
Others,1,KANGRA,JEEVAN KUMAR,Akhil Bhartiya Parivar Party,Himachal Pradesh,,0.00 Cr,1476,1,0.14
Others,5,Hoshiarpur,JEEVAN SINGH TAMIL,Bahujan Dravida Party,Punjab,,0.00 Cr,4621,1,0.49
Others,24,TIRUCHIRAPPALLI,JEEVANANTHAM. M,Independent,Tamil Nadu,1,0.00 Cr,2952,1,0.28
Others,14,KALLAKURICHI,JEEVANRAJ N,Bahujan Samaj Party,Tamil Nadu,,0.00 Cr,3096,1,0.25
Others,18,Siwan,JEEWAN KUMAR,Independent,Bihar,1,0.00 Cr,18590,1,1.86
Others,15,SALEM,JEGANNATHAN A,Independent,Tamil Nadu,1,0.00 Cr,2411,1,0.18
Others,11,Porbandar,JETHAVA BIPINKUMAR BHIKHALAL,Independent,Gujarat,1,0.00 Cr,797,1,0.09
Others,36,THOOTHUKKUDI,JEYAKUMAR C,Independent,Tamil Nadu,1,0.00 Cr,829,1,0.08
Others,35,RAMANATHAPURAM,JEYAPERUMAL P,All India Anna Dravida Munnetra Kazhagam,Tamil Nadu,,0.01 Cr,99780,1,8.99
Others,34,VIRUDHUNAGAR,JEYARAJ T,Independent,Tamil Nadu,1,0.00 Cr,610,1,0.06
Others,25,Thane,JHA SUBHASH CHANDRA,Sardar Vallabhbhai Patel Party,Maharashtra,,0.00 Cr,2358,1,0.18
Others,4,Visakhapatnam,JHANSI LAKSHMI. BOTCHA.,Yuvajana Sramika Rythu Congress Party,Andhra Pradesh,,0.04 Cr,403220,1,29.07
Others,8,Jajpur,JHUNA MALIK,Manas Lokshakti Dal,Odisha,,0.00 Cr,2077,1,0.18
Others,23,Samastipur,JIBACHH KUMAR HAJARI,Independent,Bihar,1,0.00 Cr,4694,1,0.43
Others,36,Bankura,JIBAN CHAKRABORTY,Independent,West Bengal,1,0.00 Cr,3506,1,0.24
Others,7,Karimganj,JIBESH DEB,Independent,Assam,1,0.00 Cr,7109,1,0.62
Others,2,SRINAGAR,JIBRAN FIRDOUS DAR,Independent,Jammu and Kashmir,1,0.00 Cr,5498,1,0.81
Others,10,Rajkot,JIGNESHBHAI MAHAJAN,Independent,Gujarat,1,0.00 Cr,1332,1,0.1
Others,51,Phulpur,JILA JEET BHARTIY,Bahujan Awam Party,Uttar Pradesh,,0.00 Cr,3299,1,0.33
Others,4,HISAR,JILE SINGH,Independent,Haryana,1,0.00 Cr,3196,1,0.27
Others,12,Sangrur,JILE SINGH,Bhartiya Jan Samman Party,Punjab,,0.00 Cr,1548,1,0.15
Others,13,AJMER,JITENDRA BOYAT,Aazad Samaj Party (Kanshi Ram),Rajasthan,,0.00 Cr,2633,1,0.22
Others,4,Darrang-Udalguri,JITENDRA CHALIHA,Socialist Unity Centre Of India (COMMUNIST),Assam,,0.00 Cr,7452,1,0.41
Others,18,Agra,JITENDRA GAUTAM,Lokpriya Rashtrawadi Party,Uttar Pradesh,,0.00 Cr,782,1,0.07
Others,15,Muzaffarpur,JITENDRA KUMAR,Independent,Bihar,1,0.00 Cr,8700,1,0.78
Others,34,Mohanlalganj,JITENDRA KUMAR,Independent,Uttar Pradesh,1,0.00 Cr,1414,1,0.1
Others,22,RAJSAMAND,JITENDRA KUMAR KHATIK,Independent,Rajasthan,1,0.00 Cr,1815,1,0.15
Others,49,Fatehpur,JITENDRA KUMAR MAURYA,Independent,Uttar Pradesh,1,0.00 Cr,3336,1,0.3
Others,21,Nashik,JITENDRA NARESH BHABHE (JITENDRA BHAVE),Independent,Maharashtra,1,0.00 Cr,3132,1,0.25
Others,4,Raver,JITENDRA PANDURANG PATIL,Independent,Maharashtra,1,0.00 Cr,3587,1,0.31
Others,17,Gopalganj,JITENDRA RAM,Bahujan Mukti Party,Bihar,,0.00 Cr,5969,1,0.56
Others,9,Jamshedpur,JITENDRA SINGH,Independent,Jharkhand,1,0.00 Cr,3167,1,0.25
Others,20,RAJGARH,JITENDRA SINGH,National World Leader Party,Madhya Pradesh,,0.00 Cr,5063,1,0.35
Others,1,Chikkodi,JITENDRA SUBHASH NERLE,Independent,Karnataka,1,0.00 Cr,457,1,0.03
Others,4,Bijapur,JITENDRA.ASHOK. KAMBLE,Republican Party of India (A),Karnataka,,0.00 Cr,1623,1,0.13
Others,18,Panchmahal,JITESHKUMAR GHANSHYAMBHAI SEVAK,Dhanwan Bharat Party,Gujarat,,0.00 Cr,8389,1,0.74
Others,5,Kodarma,JITLAL KISKU,Independent,Jharkhand,1,0.00 Cr,5333,1,0.39
Others,11,KANKER,JIVAN LAL MATLAM,Sarv Adi Dal,Chhattisgarh,,0.00 Cr,8949,1,0.71
Others,73,Jaunpur,JIYALAL PRAJAPATI,Bhagidari Party(P),Uttar Pradesh,,0.00 Cr,2235,1,0.2
Others,13,Patiala,JODH SINGH PARMAR KAULI,Independent,Punjab,1,0.00 Cr,2795,1,0.24
Others,14,Kottayam,JOEMON JOSEPH SRAMPICKAL A P J JUMAN V S,Independent,Kerala,1,0.00 Cr,893,1,0.11
Others,5,Nagina,JOGENDRA,Independent,Uttar Pradesh,1,0.00 Cr,4518,1,0.45
Others,21,CHITTORGARH,JOGENDRA SINGH HODA,Independent,Rajasthan,1,0.00 Cr,2302,1,0.15
Others,11,Machilipatnam,JOGI VEERANJANEYULU,Independent,Andhra Pradesh,1,0.00 Cr,1022,1,0.08
Others,3,SIRSA,JOGINDER RAM,Independent,Haryana,1,0.00 Cr,2142,1,0.16
Others,6,Diphu,JOHN BARNARD SANGMA,Gana Suraksha Party,Assam,,0.00 Cr,11279,1,1.65
Others,14,Shimoga,JOHN BENNY,Independent,Karnataka,1,0.00 Cr,867,1,0.06
Others,4,Keonjhar,JOHN MIRAN MUNDA,Independent,Odisha,1,0.00 Cr,31736,1,2.53
Others,33,THENI,JOHNGILBERTRAJ,Independent,Tamil Nadu,1,0.00 Cr,603,1,0.05
Others,11,Chalakudy,JOHNSON K C,Independent,Kerala,1,0.00 Cr,387,1,0.04
Others,34,Pune,JOHNSON VASANT KOLHAPURE,Independent,Maharashtra,1,0.00 Cr,305,1,0.03
Others,39,Pratapgarh,JOKHU PATEL,Sardar Patel Siddhant Party,Uttar Pradesh,,0.00 Cr,971,1,0.1
Others,13,Idukki,JOMON JOHN,Independent,Kerala,1,0.00 Cr,1819,1,0.22
Others,2,Dumka,JONATHAN MARDI,Peoples Party of India (Democratic),Jharkhand,,0.00 Cr,1651,1,0.14
Others,18,Kollam,JOSE SARANATH,Ambedkarite Party of India,Kerala,,0.00 Cr,559,1,0.06
Others,7,Maldaha Uttar,JOSEPH KISKU,Ambedkarite Party of India,West Bengal,,0.00 Cr,4637,1,0.33
Others,24,TIRUCHIRAPPALLI,JOSEPH. L,Samaniya Makkal Nala Katchi,Tamil Nadu,,0.00 Cr,491,1,0.05
Others,10,Thrissur,JOSHI VILLADOM,Independent,Kerala,1,0.00 Cr,493,1,0.05
Others,14,Kottayam,JOSSIN K JOSEPH,Independent,Kerala,1,0.00 Cr,1489,1,0.18
Others,6,KANCHEEPURAM,JOTHI. V,Pattali Makkal Katchi,Tamil Nadu,,0.02 Cr,164931,1,13.09
Others,15,SALEM,JOTHILINGAM M,Independent,Tamil Nadu,1,0.00 Cr,316,1,0.02
Others,23,KARUR,JOTHIMANI. A.K,Independent,Tamil Nadu,1,0.00 Cr,808,1,0.07
Others,23,KARUR,JOTHIMANI. S,Independent,Tamil Nadu,1,0.00 Cr,780,1,0.07
Others,23,KARUR,JOTHIVEL. A,Independent,Tamil Nadu,1,0.00 Cr,206,1,0.02
Others,6,Diphu,JOTSON BEY,Autonomous State Demand Committee,Assam,,0.00 Cr,9633,1,1.41
Others,3,Karimnagar,JOURNALIST VIKRAM REDDY VEMULAA,Independent,Telangana,1,0.00 Cr,2096,1,0.16
Others,2,Kannur,JOY JOHN PATTAR MADATHIL,Independent,Kerala,1,0.00 Cr,618,1,0.06
Others,17,Pathanamthitta,JOY P.MATHEW,People's Party of India(secular),Kerala,,0.00 Cr,1181,1,0.13
Others,1,Kokrajhar,JOYANTA BASUMATARY,"United People’s Party, Liberal",Assam,,0.05 Cr,488995,1,39.39
Others,37,Bishnupur,JOYDEV DHANK,Bahujan Samaj Party,West Bengal,,0.00 Cr,9079,1,0.6
Others,9,Jamshedpur,JUJHAR SOREN,Independent,Jharkhand,1,0.00 Cr,4315,1,0.34
Others,8,Secunderabad,JUNAID ANAM SIDDIQUI,Independent,Telangana,1,0.00 Cr,295,1,0.03
Others,5,Anakapalle,JUNNURI J SRINIVAS,Independent,Andhra Pradesh,1,0.00 Cr,1201,1,0.09
Others,2,Peddapalle,JUPAKA KIRAN,Independent,Telangana,1,0.00 Cr,653,1,0.06
Others,19,Joynagar,JURAN CHANDRA PANDEY,Mulnibasi Party of India,West Bengal,,0.00 Cr,3769,1,0.25
Others,2,Sundargarh,JUSTIN LUGUN,Socialist Unity Centre Of India (COMMUNIST),Odisha,,0.00 Cr,9141,1,0.79
Others,7,Malkajgiri,JUVVA PHANI KUMAR CHOWDARY,Jai Bharat National Party,Telangana,,0.00 Cr,508,1,0.03
Others,15,Alappuzha,JYOTHI ABRAHAM,Independent,Kerala,1,0.00 Cr,338,1,0.03
Others,3,Bagalkot,JYOTI GULEDGUDDA,Independent,Karnataka,1,0.00 Cr,4645,1,0.35
Others,3,East Delhi,JYOTI PRAKASH (MONU),Ekam Sanatan Bharat Dal,NCT OF Delhi,,0.00 Cr,824,1,0.07
Others,5,Gulbarga,JYOTI RAMESH CHAVAN,Independent,Karnataka,1,0.00 Cr,2805,1,0.21
Others,17,HOSHANGABAD,JYOTI SURESH JHARIYA,Independent,Madhya Pradesh,1,0.00 Cr,2046,1,0.16
Others,70,Ghosi,JYOTIRMA PATHAK,Independent,Uttar Pradesh,1,0.00 Cr,1204,1,0.1
Others,1,Kokrajhar,JYOTISH KUMAR DAS,Independent,Assam,1,0.00 Cr,6106,1,0.49
Others,10,Kaziranga,JYOTISKA RANJAN GOSWAMI,Independent,Assam,1,0.00 Cr,4538,1,0.28
Others,18,Chitradurga,K  NARASHIMAMURTHY,Independent,Karnataka,1,0.00 Cr,1397,1,0.1
Others,11,Chalakudy,K A UNNIKRISHNAN,Bharath Dharma Jana Sena,Kerala,,0.01 Cr,106400,1,11.18
Others,1,PUDUCHERRY,K ARUNACHALAM,Independent,Puducherry,1,0.00 Cr,405,1,0.05
Others,7,ARAKKONAM,K BALU,Pattali Makkal Katchi,Tamil Nadu,,0.02 Cr,202325,1,17.38
Others,16,Mavelikkara,K BIMALJI,Socialist Unity Centre Of India (COMMUNIST),Kerala,,0.00 Cr,1370,1,0.15
Others,1,Andaman & Nicobar Islands,K J B SELVARAJ,All India Anna Dravida Munnetra Kazhagam,Andaman & Nicobar Islands,,0.00 Cr,914,1,0.45
Others,8,VELLORE,K JAYAMANI,Bahujan Samaj Party,Tamil Nadu,,0.00 Cr,1702,1,0.15
Others,3,Vadakara,K K SHAILAJA TEACHER,Communist Party of India  (Marxist),Kerala,,0.04 Cr,443022,1,39.45
Others,3,Vadakara,K K SHYLAJA,Independent,Kerala,1,0.00 Cr,1179,1,0.1
Others,17,ERODE,K K VADUGANATHAN,Independent,Tamil Nadu,1,0.00 Cr,399,1,0.04
Others,1,PUDUCHERRY,K KISHORKUMAR,Independent,Puducherry,1,0.00 Cr,1246,1,0.15
Others,5,North-West Delhi,K M KAJAL,Public Political Party,NCT OF Delhi,,0.00 Cr,1342,1,0.09
Others,17,ERODE,K MAATHAN,Ganasangam Party of India,Tamil Nadu,,0.00 Cr,618,1,0.06
Others,7,ARAKKONAM,K MANIGANDAN,Independent,Tamil Nadu,1,0.00 Cr,2049,1,0.18
Others,5,SRIPERUMBUDUR,K PALANIYAPPAN,Tamizhaga Murpokku Makkal Katchi,Tamil Nadu,,0.00 Cr,617,1,0.04
Others,16,Ongole,K PAVAN KALYAN,Jatiya Jana Sena Party,Andhra Pradesh,,0.00 Cr,392,1,0.03
Others,5,SRIPERUMBUDUR,K PRABAKARAN,Bahujan Samaj Party,Tamil Nadu,,0.00 Cr,8189,1,0.57
Others,1,PUDUCHERRY,K PRABHU DEVAN,United Republican Party of India,Puducherry,,0.00 Cr,989,1,0.12
Others,28,Kolar,K R DEVARAJA,Delhi Janta Party,Karnataka,,0.00 Cr,4597,1,0.34
Others,1,PUDUCHERRY,K RAMADASS,Independent,Puducherry,1,0.00 Cr,372,1,0.05
Others,17,ERODE,K SENTHIL KUMAR,Independent,Tamil Nadu,1,0.00 Cr,178,1,0.02
Others,8,VELLORE,K SHANMUGAM,Independent,Tamil Nadu,1,0.00 Cr,616,1,0.05
Others,8,Palakkad,K T PADMINI,Bahujan Samaj Party,Kerala,,0.00 Cr,2132,1,0.21
Others,1,MIZORAM,K VANLALVENA,Mizo National Front,Mizoram,,0.01 Cr,140264,1,28.55
Others,1,Andaman & Nicobar Islands,K VENKAT RAM BABU,Independent,Andaman & Nicobar Islands,1,0.00 Cr,507,1,0.25
Others,7,ARAKKONAM,K VENKATESAN,Independent,Tamil Nadu,1,0.00 Cr,264,1,0.02
Others,26,Bangalore South,K. C. JANARDHAN,Independent,Karnataka,1,0.00 Cr,452,1,0.04
Others,12,Ernakulam,K. J. SHINE TEACHER,Communist Party of India  (Marxist),Kerala,,0.02 Cr,231932,1,25.47
Others,23,Thirupathi(SC),K. JEEVARATHNAM,Independent,Andhra Pradesh,1,0.00 Cr,1204,1,0.09
Others,6,Medak,K. LAXMINARAYANA,Independent,Telangana,1,0.00 Cr,317,1,0.02
Others,25,Bangalore central,K. MANJUNATHA,Independent,Karnataka,1,0.00 Cr,1556,1,0.12
Others,26,CUDDALORE,K. MAYAKRISHNAN,Veerath Thiyagi Viswanathadoss Thozhilalarkal Katchi,Tamil Nadu,,0.00 Cr,3702,1,0.36
Others,8,Secunderabad,K. MURALI KRISHNA,Independent,Telangana,1,0.00 Cr,120,1,0.01
Others,12,Uttara Kannada,K. P. PATIL,Independent,Karnataka,1,0.00 Cr,956,1,0.08
Others,14,Shimoga,K. S. ESHWARAPPA,Independent,Karnataka,1,0.00 Cr,30050,1,2.18
Others,2,CHENNAI NORTH,K. SAMPATH,Independent,Tamil Nadu,1,0.00 Cr,269,1,0.03
Others,2,Kannur,K. SUDHAKARAN S/O. KRISHNAN,Independent,Kerala,1,0.00 Cr,1009,1,0.09
Others,11,Mahbubnagar,K. UDAY TEJ NAIK,Independent,Telangana,1,0.00 Cr,1027,1,0.08
Others,27,Chikkballapur,K. VENKATESH,Independent,Karnataka,1,0.00 Cr,474,1,0.03
Others,4,Visakhapatnam,K.A. PAUL,Praja Shanthi Party,Andhra Pradesh,,0.00 Cr,7696,1,0.55
Others,2,CHENNAI NORTH,K.C.JAYAPRAKASH,Independent,Tamil Nadu,1,0.00 Cr,334,1,0.04
Others,17,Pathanamthitta,K.C.THOMAS,Independent,Kerala,1,0.00 Cr,1101,1,0.12
Others,4,CHENNAI CENTRAL,K.CHANDRASEKAR,Naadaalum Makkal Katchi,Tamil Nadu,,0.00 Cr,373,1,0.05
Others,3,CHENNAI SOUTH,K.KANNAN,Independent,Tamil Nadu,1,0.00 Cr,625,1,0.06
Others,24,Bangalore North,K.M.MAHADEVA,Independent,Karnataka,1,0.00 Cr,1720,1,0.1
Others,25,Chittoor(SC),K.MUNI KRISHNA,Independent,Andhra Pradesh,1,0.00 Cr,3956,1,0.28
Others,2,CHENNAI NORTH,K.PALANIAPPAN,Independent,Tamil Nadu,1,0.00 Cr,462,1,0.05
Others,16,Hassan,K.R. GANGADHARAPPA,Independent,Karnataka,1,0.00 Cr,742,1,0.05
Others,9,Alathur,K.RADHAKRISHNAN,Communist Party of India  (Marxist),Kerala,,0.04 Cr,403447,1,40.66
Others,6,Medak,K.RAGHU,Independent,Telangana,1,0.00 Cr,224,1,0.02
Others,7,Ponnani,K.S HAMZA,Communist Party of India  (Marxist),Kerala,,0.03 Cr,326756,1,31.84
Others,13,Davanagere,K.S. VEERBHADRAPPA,Karnataka Rashtra Samithi,Karnataka,,0.00 Cr,475,1,0.04
Others,9,Hyderabad,K.S.KRISHNA,Bahujan Samaj Party,Telangana,,0.00 Cr,769,1,0.07
Others,15,Udupi Chikmagalur,K.T. RADHAKRISHNA,Bahujan Samaj Party,Karnataka,,0.00 Cr,5417,1,0.44
Others,24,Bangalore North,K.V.NANJUNDASWAMY,Independent,Karnataka,1,0.00 Cr,1365,1,0.08
Others,2,Outer Manipur,KACHUI TIMOTHY ZIMIK,Naga Peoples Front,Manipur,,0.03 Cr,299536,1,37.6
Others,45,Satara,KADAM PRASHANT RAGHUNATH,Vanchit Bahujan  Aaghadi,Maharashtra,,0.00 Cr,11912,1,0.99
Others,16,Nanded,KADAM SURAJ DEVENDRA,Independent,Maharashtra,1,0.00 Cr,799,1,0.07
Others,21,Mysore,KADAMBA NAA AMBARISH,Karnataka Jantha Paksha,Karnataka,,0.00 Cr,4080,1,0.27
Others,22,Chamarajanagar,KADAMBA. NAA. AMBARISH,Independent,Karnataka,1,0.00 Cr,1743,1,0.13
Others,2,Peddapalle,KADASI SHEKHAR,Independent,Telangana,1,0.00 Cr,1272,1,0.12
Others,25,Navsari,KADIR MAHEBOOB SAIYED,Social Democratic Party Of India,Gujarat,,0.00 Cr,2538,1,0.19
Others,14,Bhongir,KADIRE KIRAN KUMAR,Bahujan Republican  Socialist Party,Telangana,,0.00 Cr,478,1,0.03
Others,18,Jalna,KADUBA MHATARBA INGLE,Independent,Maharashtra,1,0.00 Cr,1967,1,0.14
Others,6,JAIPUR RURAL,KAHANVI BOHRA,Independent,Rajasthan,1,0.00 Cr,1711,1,0.14
Others,22,DINDIGUL,KAILAI RAJAN D,Naam Tamilar Katchi,Tamil Nadu,,0.01 Cr,97845,1,8.51
Others,17,Parbhani,KAILAS BALIRAM PAWAR (NAIK),Baliraja Party,Maharashtra,,0.00 Cr,9520,1,0.72
Others,9,Dhenkanal,KAILAS CHANDRA PRADHAN,Independent,Odisha,1,0.00 Cr,2213,1,0.19
Others,22,Etah,KAILASH KUMAR,Independent,Uttar Pradesh,1,0.00 Cr,1728,1,0.17
Others,21,Nashik,KAILASH MARUTI CHAVAN,Aam Janta Party (India),Maharashtra,,0.00 Cr,1703,1,0.14
Others,11,SIDHI,KAILASH PRASAD VERMA,Independent,Madhya Pradesh,1,0.00 Cr,5291,1,0.46
Others,24,KOTA,KAILASHI ANIL JAIN,Independent,Rajasthan,1,0.00 Cr,994,1,0.07
Others,40,Osmanabad,KAKA FULCHAND KAMBLE,Independent,Maharashtra,1,0.00 Cr,4811,1,0.38
Others,21,Kadapa,KAKARLA SHANMUKHA REDDY,Independent,Andhra Pradesh,1,0.00 Cr,647,1,0.05
Others,40,Osmanabad,KAKASAHEB SANDIPAN KHOT,Independent,Maharashtra,1,0.00 Cr,5715,1,0.45
Others,23,KARUR,KALAIRAJ. K,Independent,Tamil Nadu,1,0.00 Cr,811,1,0.07
Others,31,SIVAGANGA,KALAIRAJA  B,Independent,Tamil Nadu,1,0.00 Cr,819,1,0.08
Others,31,SIVAGANGA,KALAISELVAM K,Independent,Tamil Nadu,1,0.00 Cr,1663,1,0.16
Others,20,COIMBATORE,KALAMANI JAGANATHAN,Naam Tamilar Katchi,Tamil Nadu,,0.01 Cr,82657,1,6.02
Others,13,VILUPPURAM,KALANCHIYAM. M,Naam Tamilar Katchi,Tamil Nadu,,0.01 Cr,57242,1,4.97
Others,15,Bhavnagar,KALANIYA SAGARBHAI POPATBHAI,Aapki Awaaz Party,Gujarat,,0.00 Cr,6087,1,0.58
Others,8,Koppal,KALAPPA YACHRAPPA BADIGER VISHWAKARMA,Independent,Karnataka,1,0.00 Cr,1982,1,0.15
Others,11,TIRUVANNAMALAI,"KALASTHIRI,  S.",All India Uzhavargal Uzhaippalargal Katchi,Tamil Nadu,,0.00 Cr,950,1,0.08
Others,27,Chikkballapur,KALAVATHI. N,Socialist Unity Centre Of India (COMMUNIST),Karnataka,,0.00 Cr,2744,1,0.18
Others,7,ROHTAK,KALAWATI,Independent,Haryana,1,0.00 Cr,2150,1,0.17
Others,6,Giridih,KALAWATI DEVI,Independent,Jharkhand,1,0.00 Cr,5430,1,0.43
Others,36,THOOTHUKKUDI,KALEERMURUGAPAVENTHAN R,Makkal Nalvaazhvuk Katchi,Tamil Nadu,,0.00 Cr,1792,1,0.18
Others,16,NAMAKKAL,KALIANNAN S,Independent,Tamil Nadu,1,0.00 Cr,497,1,0.04
Others,11,TIRUVANNAMALAI,"KALIAPERUMAL, M.",Independent,Tamil Nadu,1,0.00 Cr,5713,1,0.5
Others,4,Darjeeling,KALICHARAN BARMAN,Independent,West Bengal,1,0.00 Cr,2079,1,0.16
Others,7,Maldaha Uttar,KALICHARAN ROY,Socialist Unity Centre Of India (COMMUNIST),West Bengal,,0.00 Cr,1293,1,0.09
Others,5,Raiganj,KALIDASH MURMU,Independent,West Bengal,1,0.00 Cr,5868,1,0.43
Others,9,SATNA,KALIM AHMAD BACHCHA,Independent,Madhya Pradesh,1,0.00 Cr,1630,1,0.15
Others,21,Diamond harbour,KALIMUDDIN SK,Indian National Socialistic Action Forces,West Bengal,,0.00 Cr,1590,1,0.1
Others,21,POLLACHI,KALIMUTHU S,Independent,Tamil Nadu,1,0.00 Cr,981,1,0.09
Others,30,Tamluk,KALIPADA DAS,Independent,West Bengal,1,0.00 Cr,974,1,0.06
Others,3,Godda,KALIPADA MURMU,Socialist Unity Centre Of India (COMMUNIST),Jharkhand,,0.00 Cr,1941,1,0.14
Others,37,Ahmednagar,KALIRAM BAHIRU POPALGHAT,Bhartiya Navjawan Sena (Paksha),Maharashtra,,0.00 Cr,1981,1,0.15
Others,14,MANDLA,KALIYA BAI KAKODIA,Independent,Madhya Pradesh,1,0.00 Cr,3001,1,0.2
Others,9,MAHASAMUND,KALIYA PRASAD SETH,Independent,Chhattisgarh,1,0.00 Cr,1531,1,0.12
Others,28,MAYILADUTHURAI,KALIYAMMAL P,Naam Tamilar Katchi,Tamil Nadu,,0.01 Cr,127642,1,11.73
Others,11,TIRUVANNAMALAI,KALIYAPERUMAL M,All India Anna Dravida Munnetra Kazhagam,Tamil Nadu,,0.03 Cr,313448,1,27.34
Others,11,TIRUVANNAMALAI,"KALIYAPERUMAL, A.",Independent,Tamil Nadu,1,0.00 Cr,3407,1,0.3
Others,19,Fatehpur Sikri,KALLAN KUMBHKAR,Independent,Uttar Pradesh,1,0.00 Cr,3463,1,0.33
Others,1,Chikkodi,KALLOLIKAR SHAMBHU KRISHNA,Independent,Karnataka,1,0.00 Cr,25466,1,1.83
Others,2,Tripura East,KALPA MOHAN TRIPURA,Independent,Tripura,1,0.00 Cr,4011,1,0.35
Others,22,Jadavpur,KALPANA NASKAR DATTA,Socialist Unity Centre Of India (COMMUNIST),West Bengal,,0.00 Cr,4451,1,0.28
Others,15,Warangal,KALPANA PANJA,Bahujan Samaj Party,Telangana,,0.00 Cr,9327,1,0.74
Others,16,Nanded,KALPANA SANJAY GAIKWAD,Independent,Maharashtra,1,0.00 Cr,1310,1,0.12
Others,7,Ahmedabad East,KALPESHBHAI  SHETE,Gunj Satya Ni Janata Party,Gujarat,,0.00 Cr,2937,1,0.26
Others,18,JALORE,KALURAM MEGHWAL,Independent,Rajasthan,1,0.00 Cr,2263,1,0.16
Others,27,Srerampur,KALYAN PAUL,Independent,West Bengal,1,0.00 Cr,1758,1,0.12
Others,27,Srerampur,KALYAN SAMANTA,Independent,West Bengal,1,0.00 Cr,1440,1,0.1
Others,14,Bangaon,KALYAN SARKAR,Independent,West Bengal,1,0.00 Cr,691,1,0.05
Others,21,CHITTORGARH,KALYAN SINGH BHATI,Independent,Rajasthan,1,0.00 Cr,1562,1,0.1
Others,3,GWALIOR,KALYAN SINGH KANSANA,Bahujan Samaj Party,Madhya Pradesh,,0.00 Cr,33465,1,2.49
Others,4,KORBA,KALYAN SINGH TANWAR,Independent,Chhattisgarh,1,0.00 Cr,1964,1,0.16
Others,35,Baramati,KALYANI SUJITKUMAR WAGHMODE,Independent,Maharashtra,1,0.00 Cr,1975,1,0.14
Others,21,CHITTORGARH,KAMAL,Independent,Rajasthan,1,0.00 Cr,1498,1,0.1
Others,4,KORBA,KAMAL DEV,Bhartiya Shakti Chetna Party,Chhattisgarh,,0.00 Cr,4988,1,0.41
Others,17,Mathura,KAMAL KANT SHARMA,Independent,Uttar Pradesh,1,0.00 Cr,1503,1,0.16
Others,24,KOTA,KAMAL KUMAR BAIRWA,Independent,Rajasthan,1,0.00 Cr,1014,1,0.07
Others,1,AMBALA,KAMAL KUMAR BARARA,Aazad Samaj Party (Kanshi Ram),Haryana,,0.00 Cr,8754,1,0.65
Others,12,Sangrur,KAMAL KUMAR VERMA (BHASAUR),"Adarsh Janta Party,",Punjab,,0.00 Cr,1376,1,0.14
Others,7,Ludhiana,KAMAL PAWAR,Independent,Punjab,1,0.00 Cr,592,1,0.06
Others,6,Giridih,KAMAL PRASAD,Bahujan Samaj Party,Jharkhand,,0.00 Cr,14074,1,1.11
Others,14,KALLAKURICHI,KAMALAKANNAN M,Independent,Tamil Nadu,1,0.00 Cr,630,1,0.05
Others,1,Coochbehar,KAMALESH BARMAN,Independent,West Bengal,1,0.00 Cr,2993,1,0.18
Others,34,Medinipur,KAMALESH MAHATA,Independent,West Bengal,1,0.00 Cr,4250,1,0.29
Others,8,Fatehgarh Sahib,KAMALJEET KAUR,Independent,Punjab,1,0.00 Cr,899,1,0.09
Others,7,Ludhiana,KAMALJIT SINGH BRAR,Independent,Punjab,1,0.00 Cr,42500,1,4.01
Others,41,Latur,KAMANT MACHHINDRA GUNWANTRAO,Bahujan Bharat Party,Maharashtra,,0.00 Cr,2269,1,0.18
Others,7,Dhanbad,KAMASHEVAR PRA. VERMA,Independent,Jharkhand,1,0.00 Cr,4004,1,0.28
Others,18,Jalna,KAMBLE MAROTI DASHARATH,Independent,Maharashtra,1,0.00 Cr,3728,1,0.27
Others,33,Maval,KAMBLE MARUTI APARAI,Independent,Maharashtra,1,0.00 Cr,4829,1,0.34
Others,34,Pune,KAMBLE MILIND,Bahujan Samaj Party  (Ambedkar),Maharashtra,,0.00 Cr,347,1,0.03
Others,48,Hatkanangale,KAMBLE RAVINDRA TUKARAM,Bahujan Samaj Party,Maharashtra,,0.00 Cr,4033,1,0.31
Others,17,Parbhani,KAMBLE SHIVAJI DEVAJI,Independent,Maharashtra,1,0.00 Cr,11060,1,0.83
Others,36,Shirur,KAMBLE TRIMBAK NARAYAN,Baliraja Party,Maharashtra,,0.00 Cr,2227,1,0.16
Others,35,Baramati,KAMBLE TRISHALA,Bahujan Samaj Party  (Ambedkar),Maharashtra,,0.00 Cr,5036,1,0.36
Others,4,Chatra,KAMDEO DIHO RANA,Rashtriya Jan Utkarsh Party,Jharkhand,,0.00 Cr,2309,1,0.21
Others,13,Palamau,KAMESHWAR BAITHA,Bahujan Samaj Party,Jharkhand,,0.00 Cr,40000,1,2.88
Others,8,Ranchi,KAMESHWAR PRASAD SAW,Independent,Jharkhand,1,0.00 Cr,1646,1,0.11
Others,11,Sonitpur,KAMESWAR SWARGIARY,Voters Party  International,Assam,,0.00 Cr,7382,1,0.57
Others,2,Dumka,KAMISHNAR MURMU,Independent,Jharkhand,1,0.00 Cr,2516,1,0.21
Others,21,Nashik,KAMLAKAR BALASAHEB GAIKWAD,Dalit Soshit Pichhara Varg  Adhikar Dal,Maharashtra,,0.00 Cr,1646,1,0.13
Others,74,Machhlishahr,KAMLESH,Azad Samaj Party,Uttar Pradesh,,0.00 Cr,1702,1,0.16
Others,26,Mumbai North,KAMLESH DAYABHAI VYAS,Sardar Vallabhbhai Patel Party,Maharashtra,,0.00 Cr,622,1,0.06
Others,8,KHAJURAHO,KAMLESH KUMAR,Bahujan Samaj Party,Madhya Pradesh,,0.02 Cr,231545,1,20.3
Others,18,VIDISHA,KAMLESH KUMAR GOUR,Jai Prakash Janata Dal,Madhya Pradesh,,0.00 Cr,8178,1,0.56
Others,7,South Delhi,KAMLESH KUMAR JHA,Independent,NCT OF Delhi,1,0.00 Cr,714,1,0.06
Others,49,Fatehpur,KAMLESH KUMAR SINGH,Parivartan Samaj Party,Uttar Pradesh,,0.00 Cr,5219,1,0.47
Others,17,Kheda,KAMLESHBHAI POPATBHAI PATEL,Bhartiya Jan Parishad,Gujarat,,0.00 Cr,949,1,0.08
Others,5,Zahirabad,KAMMARI ANANDEESHWAR,Independent,Telangana,1,0.00 Cr,2384,1,0.19
Others,1,Kokrajhar,KAMPA BORGOYARI,Bodoland Peoples Front,Assam,,0.04 Cr,437412,1,35.23
Others,1,Saharanpur,KAMRAN,Independent,Uttar Pradesh,1,0.00 Cr,745,1,0.06
Others,1,GANGANAGAR,KANA RAM,Independent,Rajasthan,1,0.00 Cr,2266,1,0.16
Others,13,Kandhamal,KANAK MANJARI RATH,Independent,Odisha,1,0.00 Cr,5205,1,0.52
Others,2,Peddapalle,KANAKAIAH MULKALA,Socialist Party (India),Telangana,,0.00 Cr,720,1,0.07
Others,25,Khagaria,KANCHAN MALA,Hindustan People's Party (Democratic),Bihar,,0.00 Cr,1506,1,0.14
Others,23,Bhiwandi,KANCHAN VINAYAK VAKHARE,New Rashtriya Samaj Party,Maharashtra,,0.00 Cr,24625,1,1.96
Others,54,Faizabad,KANCHAN YADAV,Moulik Adhikar Party,Uttar Pradesh,,0.00 Cr,2666,1,0.23
Others,13,Nalgonda,KANCHARLA KRISHNA REDDY,Bharat Rashtra Samithi,Telangana,,0.02 Cr,218417,1,16.85
Others,4,GUNA,KANCHHEDI LAL KUSHWAHA,Mahanwadi Party,Madhya Pradesh,,0.00 Cr,5856,1,0.43
Others,14,Bhongir,KANDADI. MANIPAL REDDY,Telangana Republican Party,Telangana,,0.00 Cr,433,1,0.03
Others,22,Chamarajanagar,KANDALLI MAHESH,Karnataka Rashtra Samithi,Karnataka,,0.00 Cr,1252,1,0.09
Others,16,NAMAKKAL,KANDASAMY A M,Independent,Tamil Nadu,1,0.00 Cr,1514,1,0.13
Others,16,NAMAKKAL,KANDASAMY P,Independent,Tamil Nadu,1,0.00 Cr,480,1,0.04
Others,10,Eluru,KANDAVALLI JEEVA DEVA DAYAKAR,Independent,Andhra Pradesh,1,0.00 Cr,1180,1,0.09
Others,14,Bhongir,KANDE. RAMARAJU,Independent,Telangana,1,0.00 Cr,579,1,0.04
Others,4,Nizamabad,KANDELA SUMAN,Dharma Samaj Party,Telangana,,0.00 Cr,3886,1,0.32
Others,2,Peddapalle,KANDI CHANDU,Rashtriya Manav Party,Telangana,,0.00 Cr,2410,1,0.22
Others,10,Chevella,KANDIKEKAR SRINIVAS,Independent,Telangana,1,0.00 Cr,446,1,0.03
Others,6,Kakinada,KANDREGULA NARASIMHAM,Bahujan Samaj Party,Andhra Pradesh,,0.00 Cr,11979,1,0.9
Others,4,Sheohar,KANHAIYA KUMAR,Independent,Bihar,1,0.00 Cr,20592,1,1.95
Others,29,Nalanda,KANHAIYA LAL YADAV,Jagrook Janta Party,Bihar,,0.00 Cr,6692,1,0.58
Others,23,MANDSOUR,KANHAIYALAL MALVIYA,Bahujan Samaj Party,Madhya Pradesh,,0.00 Cr,10512,1,0.73
Others,2,North-East Delhi,KANHI LAL,Swatantra Jantaraj Party,NCT OF Delhi,,0.00 Cr,498,1,0.03
Others,5,Mayurbhanj,KANHU CHARAN TUDU,Independent,Odisha,1,0.00 Cr,5138,1,0.44
Others,16,NAMAKKAL,KANIMOZHI G,Naam Tamilar Katchi,Tamil Nadu,,0.01 Cr,95577,1,8.34
Others,7,Ludhiana,KANIYA LAL (DR. KISHAN KUMAR),Independent,Punjab,1,0.00 Cr,820,1,0.08
Others,19,UDAIPUR,KANJI LAL DAMOR,Independent,Rajasthan,1,0.00 Cr,5931,1,0.4
Others,15,BALAGHAT,KANKAR MUNJARE,Bahujan Samaj Party,Madhya Pradesh,,0.01 Cr,53134,1,3.84
Others,35,RAMANATHAPURAM,KANNADHASAN R,Independent,Tamil Nadu,1,0.00 Cr,3502,1,0.32
Others,36,THOOTHUKKUDI,KANNAN G,Independent,Tamil Nadu,1,0.00 Cr,689,1,0.07
Others,18,TIRUPPUR,"KANNAN, M.",Independent,Tamil Nadu,1,0.00 Cr,1765,1,0.15
Others,23,KARUR,KANNAN. T,Independent,Tamil Nadu,1,0.00 Cr,788,1,0.07
Others,13,Guntur,KANNEBOYINA VAMSI KRISHNA YADAV,Independent,Andhra Pradesh,1,0.00 Cr,375,1,0.03
Others,21,Nashik,KANOJE PRAKASH GIRDHARI,Independent,Maharashtra,1,0.00 Cr,3920,1,0.32
Others,1,SURGUJA,KANTA MINJ,Akhil Bhartiya Parivar Party,Chhattisgarh,,0.00 Cr,4016,1,0.28
Others,7,Malkajgiri,KANTE SAYANNA,Independent,Telangana,1,0.00 Cr,539,1,0.03
Others,26,Bangalore South,KANTHAKUMAR.R.,Independent,Karnataka,1,0.00 Cr,403,1,0.03
Others,17,Dakshina Kannada,KANTHAPPA ALANGAR,Bahujan Samaj Party,Karnataka,,0.00 Cr,4232,1,0.3
Others,21,Nashik,KANTILAL KISAN JADHAV,Ambedkarite Party of India,Maharashtra,,0.00 Cr,2055,1,0.17
Others,17,Kheda,KANTIYA DASRATH HARJIVANBHAI,New India United Party,Gujarat,,0.00 Cr,792,1,0.07
Others,5,Sabarkantha,KANUBHAI KHIMJIBHAI GADHAVI,Independent,Gujarat,1,0.00 Cr,1505,1,0.12
Others,10,BASTAR,KANWAL SINGH BAGHEL,Rashtriya Jansabha Party,Chhattisgarh,,0.00 Cr,8800,1,0.87
Others,3,Khadoor Sahib,KANWALJIT SINGH,Independent,Punjab,1,0.00 Cr,1901,1,0.18
Others,12,Jamnagar,KANZARIYA RANCHHODBHAI NARANBHAI,Viro Ke Vir Indian Party,Gujarat,,0.00 Cr,7002,1,0.67
Others,7,Amalapuram (SC),KAPA KALYAN,Republican Party of India (A),Andhra Pradesh,,0.00 Cr,581,1,0.04
Others,19,Tumkur,KAPANIGOWDA.,Independent,Karnataka,1,0.00 Cr,471,1,0.04
Others,36,Jahanabad,KAPIL CHAUHAN,Jan Janwadi Party,Bihar,,0.00 Cr,2964,1,0.32
Others,8,KHAJURAHO,KAPIL GUPTA BHARTIYA,Akhil Bhartiya Parivar Party,Madhya Pradesh,,0.00 Cr,7564,1,0.66
Others,23,Bhiwandi,KAPIL JAYHIND PATIL,Independent,Maharashtra,1,0.00 Cr,1242,1,0.1
Others,6,West Delhi,KAPIL MARWAH,Independent,NCT OF Delhi,1,0.00 Cr,1155,1,0.08
Others,35,Lucknow,KAPIL MOHAN CHOWDHARY,Mera Adhikaar Rashtriya Dal,Uttar Pradesh,,0.00 Cr,817,1,0.07
Others,16,CHHINDWARA,KAPIL SONI,Rashtriya Gondvana Party,Madhya Pradesh,,0.00 Cr,9638,1,0.74
Others,8,Koppal,KARADI BASAVARAJ,Independent,Karnataka,1,0.00 Cr,5877,1,0.44
Others,30,Mumbai South Central,KARAM HUSSAIN KITABULLAH KHAN,Peace Party,Maharashtra,,0.00 Cr,1537,1,0.19
Others,9,Faridkot,KARAM SINGH MALUKA,Independent,Punjab,1,0.00 Cr,2862,1,0.28
Others,21,Nashik,KARAN PANDHARINATH GAIKAR,Vanchit Bahujan  Aaghadi,Maharashtra,,0.00 Cr,47193,1,3.81
Others,3,Jalgaon,KARAN PAWAR,Independent,Maharashtra,1,0.00 Cr,3983,1,0.34
Others,5,Haridwar,KARAN SINGH SAINI ENGINEER,Independent,Uttarakhand,1,0.00 Cr,1974,1,0.15
Others,12,Gadchiroli - Chimur,KARAN SURESH SAYAM,Independent,Maharashtra,1,0.00 Cr,2789,1,0.24
Others,5,JAMMU,KARANJIT,Independent,Jammu and Kashmir,1,0.00 Cr,3207,1,0.25
Others,16,Ongole,KARATAPU RAJU,Independent,Andhra Pradesh,1,0.00 Cr,735,1,0.05
Others,26,Bangalore South,KARAVALI MANJUNATH. BE,Rashtriya Samaj Dal (R),Karnataka,,0.00 Cr,310,1,0.02
Others,17,Parbhani,KARBHARI KUNDLIK MITHE,Independent,Maharashtra,1,0.00 Cr,4276,1,0.32
Others,8,Koppal,KAREEMPASHA GACHCHINMANI.,Independent,Karnataka,1,0.00 Cr,1238,1,0.09
Others,30,THANJAVUR,KARIKALA CHOLAN S,Independent,Tamil Nadu,1,0.00 Cr,1217,1,0.12
Others,14,Bhongir,KARINGULA YADAGIRI,Independent,Telangana,1,0.00 Cr,2612,1,0.19
Others,17,ERODE,KARMEGAN M,Naam Tamilar Katchi,Tamil Nadu,,0.01 Cr,82796,1,7.57
Others,4,Chatra,KARMLAL ORAON,Peoples Party of India (Democratic),Jharkhand,,0.00 Cr,4010,1,0.37
Others,7,Ludhiana,KARNAIL SINGH,Independent,Punjab,1,0.00 Cr,340,1,0.03
Others,3,SIRSA,KARNAIL SINGH ODHAN,Independent,Haryana,1,0.00 Cr,4166,1,0.31
Others,12,Nagarkurnool,KARNE. SHIREESHA @ BARRELAKKA,Independent,Telangana,1,0.00 Cr,3087,1,0.25
Others,37,TENKASI,KARPAGAVALLI P,Independent,Tamil Nadu,1,0.00 Cr,6314,1,0.61
Others,23,Thirupathi(SC),KARRA SIVA,Pyramid Party of India,Andhra Pradesh,,0.00 Cr,1510,1,0.11
Others,16,NAMAKKAL,KARTHI S,Independent,Tamil Nadu,1,0.00 Cr,1334,1,0.12
Others,31,SIVAGANGA,KARTHICK  C,Independent,Tamil Nadu,1,0.00 Cr,981,1,0.09
Others,28,MAYILADUTHURAI,KARTHICK A,Samaniya Makkal Nala Katchi,Tamil Nadu,,0.00 Cr,3891,1,0.36
Others,20,COIMBATORE,KARTHICK T,Independent,Tamil Nadu,1,0.00 Cr,1073,1,0.08
Others,5,SRIPERUMBUDUR,KARTHIK KUMAR P C,Independent,Tamil Nadu,1,0.00 Cr,867,1,0.06
Others,3,CHENNAI SOUTH,KARTHIK MURTHY,Independent,Tamil Nadu,1,0.00 Cr,315,1,0.03
Others,25,Bangalore central,KARTHIK. K,Voters Independent Party,Karnataka,,0.00 Cr,601,1,0.05
Others,29,NAGAPATTINAM,KARTHIKA M,Naam Tamilar Katchi,Tamil Nadu,,0.01 Cr,131294,1,13.49
Others,31,SIVAGANGA,KARTHIKAIRAJAN  P,Independent,Tamil Nadu,1,0.00 Cr,771,1,0.07
Others,21,POLLACHI,KARTHIKEYAN A,All India Anna Dravida Munnetra Kazhagam,Tamil Nadu,,0.03 Cr,281335,1,24.98
Others,21,POLLACHI,KARTHIKEYAN D,Independent,Tamil Nadu,2,0.00 Cr,1054,1,0.09
Others,21,POLLACHI,KARTHIKEYAN P,Independent,Tamil Nadu,1,0.00 Cr,567,1,0.05
Others,16,NAMAKKAL,KARTHIKEYAN S,Independent,Tamil Nadu,1,0.00 Cr,920,1,0.08
Others,18,TIRUPPUR,"KARTHIKEYAN, P.",Independent,Tamil Nadu,1,0.00 Cr,824,1,0.07
Others,23,KARUR,KARTHIKPERUMAL. R,Independent,Tamil Nadu,1,0.00 Cr,1809,1,0.16
Others,36,Bankura,KARTIK CHANDRA BAURI,Independent,West Bengal,1,0.00 Cr,2796,1,0.19
Others,9,Ramtek,KARTIK GENDLALJI DOKE,Independent,Maharashtra,1,0.00 Cr,847,1,0.07
Others,11,Mahbubnagar,KARUKONDA SRINIVAS YADAV,Independent,Telangana,1,0.00 Cr,3451,1,0.28
Others,10,Eluru,KARUMURI SUNIL KUMAR,Yuvajana Sramika Rythu Congress Party,Andhra Pradesh,,0.06 Cr,564494,1,40.84
Others,39,Beed,KARUNA DHANANJAY MUNDE,Swarajya Shakti Sena,Maharashtra,,0.00 Cr,1599,1,0.11
Others,14,Bhongir,KARUNAKAR REDDY NALLA,Jai Bharat National Party,Telangana,,0.00 Cr,447,1,0.03
Others,15,SALEM,KARUNAKARAN M,Independent,Tamil Nadu,1,0.00 Cr,377,1,0.03
Others,23,KARUR,KARUNAMOORTHY. S,Independent,Tamil Nadu,1,0.00 Cr,1278,1,0.11
Others,13,VILUPPURAM,KARUNCHIRUTHAI KALIYAMURTHY. K,Bahujan Samaj Party,Tamil Nadu,,0.00 Cr,3920,1,0.34
Others,24,TIRUCHIRAPPALLI,KARUPPAIAH. P,All India Anna Dravida Munnetra Kazhagam,Tamil Nadu,,0.02 Cr,229119,1,21.7
Others,23,KARUR,KARUPPAIYA. R,Naam Tamilar Katchi,Tamil Nadu,,0.01 Cr,87503,1,7.73
Others,24,TIRUCHIRAPPALLI,KARUPPIAH. S,Independent,Tamil Nadu,1,0.00 Cr,2171,1,0.21
Others,12,ARANI,"KARVANNAN, K.",Independent,Tamil Nadu,1,0.00 Cr,3036,1,0.27
Others,10,Chevella,KASANI GYANESHWAR KASANI,Bharat Rashtra Samithi,Telangana,,0.02 Cr,178968,1,10.68
Others,2,Peddapalle,KASHI SATHISH KUMAR,Anti Corruption Dynamic Party,Telangana,,0.00 Cr,751,1,0.07
Others,9,Amroha,KASHIF HUSAIN,Independent,Uttar Pradesh,1,0.00 Cr,679,1,0.06
Others,1,Chikkodi,KASHINATH KALLAPPA KURANI,Independent,Karnataka,1,0.00 Cr,1108,1,0.08
Others,43,Madha,KASHINATH KISAN DEOKATE,Independent,Maharashtra,1,0.00 Cr,1279,1,0.1
Others,21,Diamond harbour,KASHINATH MONDAL,Independent,West Bengal,1,0.00 Cr,985,1,0.06
Others,6,Akola,KASHINATH VISHWANATH DHAMODE,Bahujan Samaj Party,Maharashtra,,0.00 Cr,2760,1,0.24
Others,29,Dhaurahra,KASIM ALI,Peace Party,Uttar Pradesh,,0.00 Cr,1812,1,0.16
Others,17,Khammam,KASIMALLA NAGESWARA RAO,Independent,Telangana,1,0.00 Cr,2237,1,0.18
Others,24,RATLAM,KASNA RANA PARGI,Independent,Madhya Pradesh,1,0.00 Cr,7316,1,0.48
Others,6,Medak,KASOJU SRIKANTH,Independent,Telangana,1,0.00 Cr,344,1,0.02
Others,39,Beed,KASPATE GANESH VYANKATRAO,Independent,Maharashtra,1,0.00 Cr,719,1,0.05
Others,24,Rajampet,KASTURI OBAIAH NAIDU,Independent,Andhra Pradesh,1,0.00 Cr,887,1,0.07
Others,5,Sabarkantha,KATARA VARUNKUMAR KALYANSINH,Gunj Satya Ni Janata Party,Gujarat,,0.00 Cr,2773,1,0.22
Others,23,KARUR,KATHIRAVAN. P,Independent,Tamil Nadu,1,0.00 Cr,1448,1,0.13
Others,10,Chevella,KATHULA YADAIAH,Independent,Telangana,1,0.00 Cr,1155,1,0.07
Others,2,Peddapalle,KATKURI SANDEEP,Independent,Telangana,1,0.00 Cr,1872,1,0.17
Others,7,Amalapuram (SC),KATRU NAGA BABU,Telugu Nava Garjana Party,Andhra Pradesh,,0.00 Cr,3741,1,0.29
Others,15,Bapatla (SC),KATTA ANAND BABU,Independent,Andhra Pradesh,1,0.00 Cr,729,1,0.06
Others,15,Bapatla (SC),KATTA HEMANAND,Independent,Andhra Pradesh,1,0.00 Cr,549,1,0.04
Others,23,Thirupathi(SC),KATTAMANCHI. PRABHAKAR,Independent,Andhra Pradesh,1,0.00 Cr,5802,1,0.42
Others,15,Bapatla (SC),KATTAPOGU. VIJAY KUMAR,Pyramid Party of India,Andhra Pradesh,,0.00 Cr,897,1,0.07
Others,17,Khammam,KATUKOJWALA NAGESWAR RAO,Independent,Telangana,1,0.00 Cr,4114,1,0.33
Others,21,Koraput,KAUSALYA HIKAKA,Biju Janata Dal,Odisha,,0.03 Cr,323649,1,28.17
Others,24,Aonla,KAUSAR KHAN,Peace Party,Uttar Pradesh,,0.00 Cr,4213,1,0.39
Others,16,Nanded,KAUSAR SULTANA,Indian National League,Maharashtra,,0.00 Cr,1215,1,0.11
Others,29,Nalanda,KAUSHALENDRA KUMAR,Janata Dal  (United),Bihar,,0.06 Cr,559422,1,48.88
Others,4,KORBA,KAUSHALYA BAI PORTE,Independent,Chhattisgarh,1,0.00 Cr,3632,1,0.3
Others,34,VIRUDHUNAGAR,KAUSHIK S,Naam Tamilar Katchi,Tamil Nadu,,0.01 Cr,77031,1,7.25
Others,10,Chevella,KAVALI SUKUMAR,Independent,Telangana,1,0.00 Cr,397,1,0.02
Others,27,Banka,KAVINDRA PANDIT,Socialist Unity Centre Of India (COMMUNIST),Bihar,,0.00 Cr,5246,1,0.52
Others,8,Maldaha Dakshin,KAVIR MADAN DAS,Ambedkarite Party of India,West Bengal,,0.00 Cr,3140,1,0.23
Others,3,Muzaffarnagar,KAVITA,Rashtrawadi Janlok Party (Satya),Uttar Pradesh,,0.00 Cr,2000,1,0.19
Others,12,Ghaziabad,KAVITA,Independent,Uttar Pradesh,1,0.00 Cr,775,1,0.05
Others,1,Kachchh,KAVITABEN DINESHBHAI MACHCHHOYA,Independent,Gujarat,1,0.00 Cr,3366,1,0.31
Others,16,Mahabubabad,KAVITHA MALOTH,Bharat Rashtra Samithi,Telangana,,0.03 Cr,263609,1,23.77
Others,24,TIRUCHIRAPPALLI,KAVITHA. S,Independent,Tamil Nadu,1,0.00 Cr,1736,1,0.16
Others,3,Khadoor Sahib,KAWALJIT SINGH,Independent,Punjab,1,0.00 Cr,2294,1,0.22
Others,2,Srikakulam,KAYA DURGARAO,Navarang Congress Party,Andhra Pradesh,,0.00 Cr,818,1,0.07
Others,25,Navsari,KAZI AYAZ HUSNUDDIN,Independent,Gujarat,1,0.00 Cr,783,1,0.06
Others,5,Guwahati,KAZI NEKIB  AHMED,Independent,Assam,1,0.00 Cr,6761,1,0.42
Others,17,ERODE,KEERTHANA M,Independent,Tamil Nadu,1,0.00 Cr,3799,1,0.35
Others,26,Bangalore South,KEMPEGOWDA,Navabharath Sena,Karnataka,,0.00 Cr,1393,1,0.11
Others,3,Bagalkot,KENGANAL. MALLIKARJUN. BHIMAPPA,Independent,Karnataka,1,0.00 Cr,1207,1,0.09
Others,15,PALI,KESARAM,Independent,Rajasthan,1,0.00 Cr,1345,1,0.1
Others,15,Aligarh,KESHAV DEV ALIAS PANDIT KESHAV DEV GAUTAM,Independent,Uttar Pradesh,1,0.00 Cr,1319,1,0.12
Others,5,BILASPUR,KESHAV PRASAD,Independent,Chhattisgarh,1,0.00 Cr,2767,1,0.2
Others,8,KHAJURAHO,KESHKALI,Rashtriya Jansanchar Dal,Madhya Pradesh,,0.00 Cr,2872,1,0.25
Others,12,SHAHDOL,KESHKALI BAIGA,Independent,Madhya Pradesh,1,0.00 Cr,10071,1,0.87
Others,29,Nalanda,KESHO JAMADAR,Peoples Party of India (Democratic),Bihar,,0.00 Cr,3387,1,0.3
Others,12,Vijayawada,KESINENI SRINIVAS  (NANI),Yuvajana Sramika Rythu Congress Party,Andhra Pradesh,,0.05 Cr,512069,1,37.53
Others,3,Godda,KETAN KUMAR,Right to Recall Party,Jharkhand,,0.00 Cr,1898,1,0.14
Others,9,Narsapuram,KETHA SREENU,Independent,Andhra Pradesh,1,0.00 Cr,3145,1,0.26
Others,19,Ananthapur,KETHIREDDY RAGHUNATHAREDDY,Independent,Andhra Pradesh,1,0.00 Cr,1091,1,0.08
Others,16,Anand,KEYURBHAI PRAVINBHAI PATEL (BAKABHAI),Independent,Gujarat,1,0.00 Cr,2298,1,0.2
Others,47,Kolhapur,KHADE BAJIRAO NANASO,Independent,Maharashtra,1,0.00 Cr,3512,1,0.25
Others,3,Sambalpur,KHAGESWAR BEHERA,Rashtriya Manav Party,Odisha,,0.00 Cr,1495,1,0.12
Others,9,Hyderabad,KHAJA MOINUDDIN,All India Majlis-E-Inquilab-E-Millat,Telangana,,0.00 Cr,234,1,0.02
Others,10,Haveri,KHAJAMOHIDDIN GUDAGERI,Socialist Party (India),Karnataka,,0.00 Cr,3401,1,0.24
Others,25,Thane,KHAJASAB RASULSAB MULLA,Independent,Maharashtra,1,0.00 Cr,648,1,0.05
Others,38,Shirdi,KHAJEKAR VIJAYRAO GOVINDRAO,Independent,Maharashtra,1,0.00 Cr,1557,1,0.15
Others,11,Katihar,KHALID MOBARAK,Independent,Bihar,1,0.00 Cr,10871,1,0.93
Others,1,Rajmahal,KHALIFA KISKU,Peoples Party of India (Democratic),Jharkhand,,0.00 Cr,4107,1,0.34
Others,29,Mumbai North Central,KHAN ABBAS AHMED,Bahujan Maha Party,Maharashtra,,0.00 Cr,428,1,0.05
Others,23,Bhiwandi,KHAN MOHD AKARAM ABDUL HANAN,All India Majlis-E-Ittehadul Muslimeen,Maharashtra,,0.00 Cr,1741,1,0.14
Others,28,Kheri,KHANJAN,Netaji Subhash Chander Bose Rashtriya Azad Party,Uttar Pradesh,,0.00 Cr,1019,1,0.08
Others,38,Shirdi,KHARAT NACHIKET RAGHUNATH,Independent,Maharashtra,1,0.00 Cr,1150,1,0.11
Others,43,Madha,KHARAT SANDIP JANARADHAN,Independent,Maharashtra,1,0.00 Cr,1755,1,0.14
Others,1,Sikkim,KHARGA BHADUR RAI,Sikkim Republican Party,Sikkim,,0.00 Cr,4799,1,1.25
Others,2,KURUKSHETRA,KHAZAN SINGH SEHGAL,Shiromani Akali Dal (Amritsar)(Simranjit Singh Mann),Haryana,,0.00 Cr,2859,1,0.24
Others,2,BIKANER,KHETA RAM,Bahujan Samaj Party,Rajasthan,,0.00 Cr,8299,1,0.74
Others,7,DURG,KHILANAND JASPAL,Independent,Chhattisgarh,1,0.00 Cr,3281,1,0.21
Others,5,North-West Delhi,KHILKHILAKAR,Bahujan Shoshit Samaj Sangharsh Samta Party,NCT OF Delhi,,0.00 Cr,373,1,0.03
Others,12,Jamnagar,KHIRA YUSUF SIDIKBHAI,Independent,Gujarat,1,0.00 Cr,1371,1,0.13
Others,1,BARAMULLA,KHURSHEED AHMAD SHAH,Rashtriya Jankranti Party,Jammu and Kashmir,,0.00 Cr,4268,1,0.41
Others,31,Patliputra,KHUSHBOO KUMARI,Akhil Bhartiya Parivar Party,Bihar,,0.00 Cr,1483,1,0.12
Others,4,Darjeeling,KHUSHI RANJAN MANDAL,Independent,West Bengal,1,0.00 Cr,2337,1,0.18
Others,37,Amethi,KHUSHIRAM,Independent,Uttar Pradesh,1,0.00 Cr,1401,1,0.14
Others,9,Faridkot,KIKKAR SINGH DHALIWAL,Independent,Punjab,1,0.00 Cr,3517,1,0.35
Others,13,Guntur,KILARI VENKATA ROSAIAH,Yuvajana Sramika Rythu Congress Party,Andhra Pradesh,,0.05 Cr,520253,1,36.5
Others,18,Basirhat,KINKAR KANTI ROY,Independent,West Bengal,1,0.00 Cr,1118,1,0.07
Others,11,Mahbubnagar,KINNERA YADAGIRI,Independent,Telangana,1,0.00 Cr,4470,1,0.36
Others,13,Nalgonda,KINNERA YADAIAH,Independent,Telangana,1,0.00 Cr,661,1,0.05
Others,27,Shahjahanpur,KIRAN,Rashtriya Sanatan Party,Uttar Pradesh,,0.00 Cr,6588,1,0.53
Others,3,Almora,KIRAN ARYA,Uttarakhand Parivartan Party,Uttarakhand,,0.00 Cr,5778,1,0.86
Others,8,Supaul,KIRAN DEVI,Bahujan Samaj Party,Bihar,,0.00 Cr,18079,1,1.47
Others,60,Domariyaganj,KIRAN DEVI,Independent,Uttar Pradesh,1,0.00 Cr,3261,1,0.32
Others,6,Anandpur Sahib,KIRAN JAIN,Hindustan Shakti Sena,Punjab,,0.00 Cr,515,1,0.05
Others,34,Pune,KIRAN LAXMAN RAYKAR,Independent,Maharashtra,1,0.00 Cr,1052,1,0.1
Others,1,AMBALA,KIRAN PUNIA,Jannayak Janta Party,Haryana,,0.00 Cr,6092,1,0.45
Others,43,Madha,KIRAN TANAJI SATHE,Independent,Maharashtra,1,0.00 Cr,2175,1,0.17
Others,25,Navsari,KIRIT L. SURATI,Independent,Gujarat,1,0.00 Cr,4211,1,0.31
Others,7,Ludhiana,KIRPAL SINGH KAPURI,Independent,Punjab,1,0.00 Cr,621,1,0.06
Others,7,Bhadrak,KIRTAN BIHARI MALIK,Socialist Unity Centre Of India (COMMUNIST),Odisha,,0.00 Cr,4880,1,0.38
Others,4,GUNA,KISAN LAL AHIRWAR,Independent,Madhya Pradesh,1,0.00 Cr,1044,1,0.08
Others,18,VIDISHA,KISHAN LAL LADIYA,Bahujan Samaj Party,Madhya Pradesh,,0.00 Cr,10816,1,0.74
Others,10,FARIDABAD,KISHAN THAKUR,Bahujan Samaj Party,Haryana,,0.00 Cr,25206,1,1.71
Others,20,Dindori,KISHOR AMBADAS DAGALE,Ambedkarite Party of India,Maharashtra,,0.00 Cr,8055,1,0.65
Others,8,Wardha,KISHOR BABA PAVAR,Independent,Maharashtra,1,0.00 Cr,12920,1,1.18
Others,7,Amravati,KISHOR BHIMRAO LABADE,Independent,Maharashtra,1,0.00 Cr,4524,1,0.39
Others,7,Amravati,KISHOR DNYANESHWAR TAYDE,Independent,Maharashtra,1,0.00 Cr,2072,1,0.18
Others,22,Ujiarpur,KISHOR KUMAR,Independent,Bihar,1,0.00 Cr,2209,1,0.21
Others,1,Chandigarh,KISHOR KUMAR ALIAS BANTI BHAIYA,Independent,Chandigarh,1,0.00 Cr,239,1,0.05
Others,14,Darbhanga,KISHOR KUMAR DAS,Akhil Bhartiya Parivar Party,Bihar,,0.00 Cr,5721,1,0.56
Others,18,Bhubaneswar,KISHOR KUMAR SUTAR,Independent,Odisha,1,0.00 Cr,2203,1,0.2
Others,12,Purnia,KISHOR KUMAR YADAV,All India Forward Bloc,Bihar,,0.00 Cr,6854,1,0.57
Others,13,Gautam Buddha Nagar,KISHOR SINGH,National Party,Uttar Pradesh,,0.00 Cr,1767,1,0.12
Others,9,Ramtek,KISHORE  UTTAMRAO GAJBHIYE,Independent,Maharashtra,1,0.00 Cr,24383,1,1.95
Others,17,Parbhani,KISHORE RADHAKISHAN DHAGE,Independent,Maharashtra,1,0.00 Cr,5480,1,0.41
Others,1,Coochbehar,KISHORE RAY,Independent,West Bengal,1,0.00 Cr,1606,1,0.1
Others,17,Parbhani,KISHORKUMAR PRAKASH SHINDE,Independent,Maharashtra,1,0.00 Cr,6548,1,0.49
Others,29,Nalanda,KISLAY KUMAR,Independent,Bihar,1,0.00 Cr,3602,1,0.31
Others,10,Nagpur,KIVINSUKA VIRENDRA SURYAVANSHI,Desh Janhit Party,Maharashtra,,0.00 Cr,2059,1,0.17
Others,28,Kheri,KM. PANCHSHEELA ANAND,Uttar Pradesh Republican Party,Uttar Pradesh,,0.00 Cr,854,1,0.07
Others,13,Gautam Buddha Nagar,KM. SHALU,Loktantrik Janshakti Party,Uttar Pradesh,,0.00 Cr,1050,1,0.07
Others,1,Adilabad,KODAPA VAMAN RAO,Gondwana Dandkaranya Party,Telangana,,0.00 Cr,1685,1,0.14
Others,12,Gadchiroli - Chimur,KODAPE VILAS SHAMARAO,Independent,Maharashtra,1,0.00 Cr,4402,1,0.38
Others,47,Kolhapur,KOGALE SANDEEP BHAIRAVNATH,Desh Janhit Party,Maharashtra,,0.00 Cr,2975,1,0.21
Others,21,Nashik,KOLAPPA HANUMANT DHOTRE,Independent,Maharashtra,1,0.00 Cr,1200,1,0.1
Others,8,Ranchi,KOLESHWAR MAHTO,Independent,Jharkhand,1,0.00 Cr,1708,1,0.12
Others,32,Raigad,KOLI MANGESH PADMAKAR,Independent,Maharashtra,1,0.00 Cr,1820,1,0.18
Others,9,Surendranagar,KOLI RAMESHBHAI VIRSANGBHAI VAGHELA,Independent,Gujarat,1,0.00 Cr,5189,1,0.46
Others,8,Secunderabad,KOLISETTY SHIVA KUMAR,Yuga Thulasi Party,Telangana,,0.00 Cr,679,1,0.06
Others,77,Varanasi,KOLISETTY SHIVA KUMAR,Yuga Thulasi Party,Uttar Pradesh,,0.00 Cr,5750,1,0.51
Others,6,Medak,KOLKUR PRATAP,Independent,Telangana,1,0.00 Cr,293,1,0.02
Others,1,PUDUCHERRY,KOLLANJIAPPAN,Independent,Puducherry,1,0.00 Cr,1199,1,0.15
Others,4,Visakhapatnam,KOLLI NAGA RAJU,Independent,Andhra Pradesh,1,0.00 Cr,329,1,0.02
Others,4,Raver,KOMALBAI BAPURAO PATIL,Independent,Maharashtra,1,0.00 Cr,1429,1,0.12
Others,11,Machilipatnam,KOMMARAJU SIVA NARASIMHA RAO,All India Forward Bloc,Andhra Pradesh,,0.00 Cr,5254,1,0.4
Others,16,Ongole,KOMMU YOHANU,Liberation Congress Party,Andhra Pradesh,,0.00 Cr,461,1,0.03
Others,17,Nandyal,KOMMUSANI PEDDA KAMBAGIRI SWAMY,Independent,Andhra Pradesh,1,0.00 Cr,4633,1,0.33
Others,10,Chevella,KONDA VISHVESHWAR REDDY,All India Forward Bloc,Telangana,,0.00 Cr,3748,1,0.22
Others,6,Medak,KONDI ASHOK,Independent,Telangana,1,0.00 Cr,509,1,0.04
Others,8,Secunderabad,KONDOJU MOHAN,Independent,Telangana,1,0.00 Cr,114,1,0.01
Others,15,Bapatla (SC),KONDRU KIRAN KUMAR,Independent,Andhra Pradesh,1,0.00 Cr,797,1,0.06
Others,16,Mahabubabad,KONETI SUJATHA,Bahujan Samaj Party,Telangana,,0.00 Cr,8093,1,0.73
Others,15,Warangal,KONGARA ANIL KUMAR,Independent,Telangana,1,0.00 Cr,6259,1,0.49
Others,14,Bhongir,KONGARI LINGA SWAMY,Dharma Samaj Party,Telangana,,0.00 Cr,4093,1,0.29
Others,14,Bhongir,"KONGARI, MALLAIAH",Independent,Telangana,1,0.00 Cr,633,1,0.05
Others,2,Peddapalle,KONKATI LINGA MURTHI,Independent,Telangana,1,0.00 Cr,661,1,0.06
Others,22,Nellore,KOPPALA RAGHU,Independent,Andhra Pradesh,1,0.00 Cr,2015,1,0.15
Others,17,Khammam,KOPPULA SRINIVASA RAO,Jaibhim Rao Bharat Party,Telangana,,0.00 Cr,1273,1,0.1
Others,45,Satara,KORDE SURESHRAO DINKAR,Independent,Maharashtra,1,0.00 Cr,4712,1,0.39
Others,23,KARUR,KOSAMALAR. P,Independent,Tamil Nadu,1,0.00 Cr,644,1,0.06
Others,14,Narsaraopet,KOTA POTHURAJU,Pyramid Party of India,Andhra Pradesh,,0.00 Cr,670,1,0.04
Others,3,Karimnagar,KOTA SHYAM KUMAR,Independent,Telangana,1,0.00 Cr,8756,1,0.67
Others,16,Ongole,KOTA VAMSI KRISHNA,Independent,Andhra Pradesh,1,0.00 Cr,365,1,0.03
Others,4,Nizamabad,KOTAGIRI SRINIVAS,Independent,Telangana,1,0.00 Cr,5312,1,0.43
Others,5,Zahirabad,KOTHA BALIJA BASWARAJ,Telangana Praja Shakthi Party,Telangana,,0.00 Cr,8373,1,0.68
Others,4,Nizamabad,KOTHAKONDA SHAKTI PRASAD,Independent,Telangana,1,0.00 Cr,2106,1,0.17
Others,11,TIRUVANNAMALAI,"KOTHANDABANI, B.",Independent,Tamil Nadu,1,0.00 Cr,965,1,0.08
Others,15,Warangal,KOTHAPALLI SAVITHRI,Marxist Communist Party of India (United),Telangana,,0.00 Cr,1023,1,0.08
Others,37,Ahmednagar,KOTHARI RAVINDRA LILACHAND,Rashtriya Janmanch (Secular),Maharashtra,,0.00 Cr,1333,1,0.1
Others,14,Bhongir,KOTHOJU SRINIVASU,National Maha Sabha Party,Telangana,,0.00 Cr,569,1,0.04
Others,12,ARANI,"KOTTAI VENKATESAN, M.",Independent,Tamil Nadu,1,0.00 Cr,1908,1,0.17
Others,1,Lakshadweep,KOYA,Independent,Lakshadweep,1,0.00 Cr,61,1,0.12
Others,15,Warangal,KOYYADA NARESH,Independent,Telangana,1,0.00 Cr,3286,1,0.26
Others,16,Mavelikkara,KOZHUVASSERIL SURESH,Independent,Kerala,1,0.00 Cr,856,1,0.1
Others,8,Secunderabad,KRANTHI KUMAR BANDELA,Indian National Yuva Jana Party,Telangana,,0.00 Cr,285,1,0.03
Others,9,Hyderabad,KRANTHI KUMAR BANDELA,Indian National Yuva Jana Party,Telangana,,0.00 Cr,562,1,0.05
Others,40,Farrukhabad,KRANTI PANDEY,Bahujan Samaj Party,Uttar Pradesh,,0.00 Cr,45390,1,4.39
Others,74,Machhlishahr,KRIPA SHANKAR SAROJ,Bahujan Samaj Party,Uttar Pradesh,,0.02 Cr,157291,1,14.84
Others,73,Jaunpur,KRIPASHANKAR C PANDEY,Independent,Uttar Pradesh,1,0.00 Cr,1447,1,0.13
Others,12,Sangrur,KRISHAN DEV,Punjab National Party,Punjab,,0.00 Cr,1815,1,0.18
Others,13,Patiala,KRISHAN KUMAR GABA,Hindustan Shakti Sena,Punjab,,0.00 Cr,1008,1,0.09
Others,12,Uttara Kannada,KRISHNA BALEGAR,Independent,Karnataka,1,0.00 Cr,920,1,0.07
Others,7,Dhanbad,KRISHNA CHANDRA SINGH RAJ,Samata Party,Jharkhand,,0.00 Cr,2821,1,0.2
Others,78,Bhadohi,KRISHNA DEV,Rashtra Uday Party,Uttar Pradesh,,0.00 Cr,4597,1,0.42
Others,5,Sitamarhi,KRISHNA KISHORE,Independent,Bihar,1,0.00 Cr,3280,1,0.3
Others,12,Vijayawada,KRISHNA KISHORE YANAMANDRA,Navataram Party,Andhra Pradesh,,0.00 Cr,7878,1,0.58
Others,19,NILGIRIS,KRISHNA KUMAR,Independent,Tamil Nadu,1,0.00 Cr,615,1,0.06
Others,58,Shrawasti,KRISHNA KUMAR MAURYA,Samyak Party,Uttar Pradesh,,0.00 Cr,2267,1,0.22
Others,10,Singhbhum,KRISHNA MARDI,Jharkhand Mukti Morcha  (Ulgulan),Jharkhand,,0.00 Cr,2615,1,0.26
Others,2,Tripura East,KRISHNA MOHAN JAMATIA,Independent,Tripura,1,0.00 Cr,4217,1,0.37
Others,42,Solapur,KRISHNA NAGNATH BHISE,Independent,Maharashtra,1,0.00 Cr,562,1,0.05
Others,5,BILASPUR,KRISHNA NANDAN SINGH,Independent,Chhattisgarh,1,0.00 Cr,2020,1,0.15
Others,32,Arrah,KRISHNA PASWAN,Bhartiya Kranti Vir Party,Bihar,,0.00 Cr,8749,1,0.8
Others,11,Murshidabad,KRISHNA PROSAD BISWAS,Independent,West Bengal,1,0.00 Cr,1206,1,0.08
Others,5,Anakapalle,KRISHNA SWAROOP VADLAMURI,Dalita Bahujana Party,Andhra Pradesh,,0.00 Cr,3557,1,0.27
Others,24,Bangalore North,KRISHNAIAH,Rashtriya Samaj Dal (R),Karnataka,,0.00 Cr,559,1,0.03
Others,28,Kolar,KRISHNAIAH N,Independent,Karnataka,1,0.00 Cr,443,1,0.03
Others,39,KANNIYAKUMARI,KRISHNAN P,Independent,Tamil Nadu,1,0.00 Cr,254,1,0.02
Others,36,THOOTHUKKUDI,KRISHNAN S,Independent,Tamil Nadu,1,0.00 Cr,480,1,0.05
Others,20,COIMBATORE,KRISHNAN V,Independent,Tamil Nadu,1,0.00 Cr,726,1,0.05
Others,9,Alathur,KRISHNANKUTTY KUNISSERY,Independent,Kerala,1,0.00 Cr,2351,1,0.24
Others,37,TENKASI,KRISHNASAMY,Independent,Tamil Nadu,1,0.00 Cr,1833,1,0.18
Others,8,Secunderabad,KRUPAVARAM GANDU,Independent,Telangana,1,0.00 Cr,161,1,0.02
Others,8,Wardha,KRUSHNA ANNAJI KALODE,Hindrashtra Sangh,Maharashtra,,0.00 Cr,1061,1,0.1
Others,47,Kolhapur,KRUSHNA HANMANT DESAI,Independent,Maharashtra,1,0.00 Cr,604,1,0.04
Others,8,Wardha,KRUSHNA SUBHASHRAO FULKARI,Lok Swarajya Party,Maharashtra,,0.00 Cr,1343,1,0.12
Others,17,Parbhani,KRUSHNA TRIMBAKRAO PAWAR,Independent,Maharashtra,1,0.00 Cr,10154,1,0.76
Others,47,Kolhapur,KRUSHNABAI DIPAK CHOUGALE,Independent,Maharashtra,1,0.00 Cr,3063,1,0.22
Others,17,Mathura,KSHETRA PAL SINGH,Independent,Uttar Pradesh,1,0.00 Cr,1211,1,0.13
Others,14,Narsaraopet,KUCHIPUDI JOHN BABU,Jaibhim Rao Bharat Party,Andhra Pradesh,,0.00 Cr,2336,1,0.16
Others,47,Kolhapur,KUDARTULLA ADAM LATIF,Independent,Maharashtra,1,0.00 Cr,467,1,0.03
Others,17,Khammam,KUKKALA NAGAIAH,Alliance of Democratic Reforms Party,Telangana,,0.00 Cr,5743,1,0.46
Others,13,Nalgonda,KUKKALA VENKANNA,Independent,Telangana,1,0.00 Cr,2566,1,0.2
Others,6,Madhubani,KUL BHUSHAN PRASAD,Loktantrik Lok Rajyam Party,Bihar,,0.00 Cr,1783,1,0.17
Others,4,HISAR,KULBIR,Independent,Haryana,1,0.00 Cr,1041,1,0.09
Others,62,Sant Kabir Nagar,KULDEEP,Sardar Patel Siddhant Party,Uttar Pradesh,,0.00 Cr,3595,1,0.33
Others,43,Kanpur,KULDEEP BHADAURIYA,Bahujan Samaj Party,Uttar Pradesh,,0.00 Cr,12032,1,1.36
Others,3,East Delhi,KULDEEP KUMAR,Independent,NCT OF Delhi,1,0.00 Cr,1582,1,0.13
Others,18,Agra,KULDEEP KUMAR,Bharatiya Kisan Parivartan Party,Uttar Pradesh,,0.00 Cr,2002,1,0.18
Others,7,Ludhiana,KULDEEP KUMAR SHARMA,Independent,Punjab,1,0.00 Cr,383,1,0.04
Others,49,Fatehpur,KULDEEP KUSHWAHA,Independent,Uttar Pradesh,1,0.00 Cr,2726,1,0.25
Others,7,JAIPUR,KULDEEP SINGH,Socialist Unity Centre Of India (COMMUNIST),Rajasthan,,0.00 Cr,615,1,0.04
Others,10,Firozpur,KULDEEP SINGH,India Praja Bandhu Party,Punjab,,0.00 Cr,1490,1,0.13
Others,1,Chandigarh,KULDIP RAI ALIAS HAPPY SOOD MORINDA,Independent,Chandigarh,1,0.00 Cr,114,1,0.03
Others,28,Munger,KULDIP YADAV,Hindustan People's Party (Democratic),Bihar,,0.00 Cr,9486,1,0.83
Others,5,BILASPUR,KULESH KUMAR SAHU,Independent,Chhattisgarh,1,0.00 Cr,4443,1,0.33
Others,17,Nandyal,KULURU RAMA KRISHNA REDDY,Neethi Nijayithi Party,Andhra Pradesh,,0.00 Cr,430,1,0.03
Others,1,GANGANAGAR,KULWANT KAUR,Indian Peoples Green Party,Rajasthan,,0.00 Cr,4362,1,0.31
Others,9,Faridkot,KULWANT KAUR,Sanjhi Virasat Party,Punjab,,0.00 Cr,786,1,0.08
Others,8,Fatehgarh Sahib,KULWANT SINGH,Bahujan Samaj Party,Punjab,,0.00 Cr,20892,1,2.14
Others,11,Bathinda,KULWANT SINGH,Independent,Punjab,1,0.00 Cr,1182,1,0.1
Others,6,Anandpur Sahib,KULWINDER SINGH,Democratic Bharatiya Samaj Party,Punjab,,0.00 Cr,1652,1,0.15
Others,33,THENI,KUMAR,Independent,Tamil Nadu,1,0.00 Cr,377,1,0.03
Others,20,COIMBATORE,KUMAR A,Ganasangam Party of India,Tamil Nadu,,0.00 Cr,551,1,0.04
Others,42,Solapur,KUMAR CHANDRAKANT LONDHE,Baliraja Party,Maharashtra,,0.00 Cr,679,1,0.06
Others,29,Nalanda,KUMAR HARI CHARAN SINGH YADAV,Bharatiya Momin Front,Bihar,,0.00 Cr,1980,1,0.17
Others,23,Bangalore Rural,KUMAR L,Bharatiya Prajagala Kalyana Paksha,Karnataka,,0.00 Cr,1066,1,0.06
Others,28,Munger,KUMAR NAVNEET HIMANSHU,Bahujan Samaj Party,Bihar,,0.00 Cr,12280,1,1.08
Others,1,Chikkodi,KUMAR SAMBHAJI DONGARE,Karnataka Rashtra Samithi,Karnataka,,0.00 Cr,941,1,0.07
Others,16,Vaishali,KUMAR SHISHIR,Independent,Bihar,1,0.00 Cr,3907,1,0.33
Others,38,TIRUNELVELI,KUMAR V,Puthiya Makkal Tamil Desam Katchi,Tamil Nadu,,0.00 Cr,1072,1,0.1
Others,14,KALLAKURICHI,KUMARAGURU N,Independent,Tamil Nadu,1,0.00 Cr,2227,1,0.18
Others,14,KALLAKURICHI,KUMARAGURU R,All India Anna Dravida Munnetra Kazhagam,Tamil Nadu,,0.05 Cr,507805,1,40.64
Others,3,Godda,KUMARI DILESHWARI,Ambedkarite Party of India,Jharkhand,,0.00 Cr,6581,1,0.47
Others,58,Shrawasti,KUMARI GEETA GAUTAM,Rashtriya Janta Party,Uttar Pradesh,,0.00 Cr,1319,1,0.13
Others,21,CHITTORGARH,KUMAWAT RAMESH CHANDRA,Independent,Rajasthan,1,0.00 Cr,8842,1,0.59
Others,11,Bhandara Gondiya,KUMBHALKAR SANJAY BHAIYY,Bahujan Samaj Party,Maharashtra,,0.00 Cr,25462,1,2.06
Others,9,Amroha,KUMDESH KUMAR,Independent,Uttar Pradesh,1,0.00 Cr,635,1,0.06
Others,32,Raigad,KUMUDINI RAVINDRA CHAVAN,Vanchit Bahujan  Aaghadi,Maharashtra,,0.00 Cr,19618,1,1.94
Others,14,Shimoga,KUNAJE MANJUNATHA GOWDA,Independent,Karnataka,1,0.00 Cr,683,1,0.05
Others,31,Patliputra,KUNAL KUMAR,Hamara Sahara Party,Bihar,,0.00 Cr,1614,1,0.13
Others,21,Kadapa,KUNCHAM. VENKATA SUBBA REDDY,Rayalaseema Rashtra Samithi,Andhra Pradesh,,0.00 Cr,2333,1,0.18
Others,15,Barrackpur,KUNDAN SINGH,Independent,West Bengal,1,0.00 Cr,826,1,0.07
Others,13,Nalgonda,KUNDARAPU SRIKANTH,Independent,Telangana,1,0.00 Cr,947,1,0.07
Others,3,Vadakara,KUNHIKANNAN PAYYOLI,Independent,Kerala,1,0.00 Cr,869,1,0.08
Others,14,Hazaribagh,KUNJ BIHARI KUMAR,Lokhit Adhikar Party,Jharkhand,,0.00 Cr,4234,1,0.33
Others,17,Nandyal,KUNUKUNTLA RAMUDU,Independent,Andhra Pradesh,1,0.00 Cr,1413,1,0.1
Others,11,Mahbubnagar,KURA VENKATAIAH,Independent,Telangana,1,0.00 Cr,4249,1,0.35
Others,29,Mumbai North Central,KURBAN SHAHADAT HUSAIN,Rashtriya Ulama Council,Maharashtra,,0.00 Cr,367,1,0.04
Others,2,Peddapalle,KURMA MAHENDER,Independent,Telangana,1,0.00 Cr,865,1,0.08
Others,19,Ananthapur,KURUBA MALLIKARJUNA.S.,All India Kisan Janatha party,Andhra Pradesh,,0.00 Cr,578,1,0.04
Others,9,Amroha,KUSHAGRA,Independent,Uttar Pradesh,1,0.00 Cr,858,1,0.08
Others,6,Anandpur Sahib,KUSHAL PAL SINGH MANN,Shiromani Akali Dal (Amritsar)(Simranjit Singh Mann),Punjab,,0.00 Cr,24831,1,2.31
Others,9,GURGAON,KUSHESHWAR  BHAGAT,Independent,Haryana,1,0.00 Cr,794,1,0.05
Others,16,CHHINDWARA,KUSHWAHA RAJESH TANTRIK,Ahinsa Samaj Party,Madhya Pradesh,,0.00 Cr,1698,1,0.13
Others,3,CHENNAI SOUTH,KUTTIMANI. S,Veerath Thiyagi Viswanathadoss Thozhilalarkal Katchi,Tamil Nadu,,0.00 Cr,565,1,0.05
Others,14,Bhongir,KYAMA MALLESH,Bharat Rashtra Samithi,Telangana,,0.03 Cr,256187,1,18.28
Others,7,ARAKKONAM,L VIJAYAN,All India Anna Dravida Munnetra Kazhagam,Tamil Nadu,,0.03 Cr,256657,1,22.05
Others,21,Kadapa,L. KHAJA HUSSAIN,Independent,Andhra Pradesh,1,0.00 Cr,1088,1,0.08
Others,15,Udupi Chikmagalur,L. RANGANATH GOWDA,Karnataka Rashtra Samithi,Karnataka,,0.00 Cr,540,1,0.04
Others,9,Hyderabad,L.ASHOKNATH,Telangana Prajaa Jeevana Rythu Party,Telangana,,0.00 Cr,141,1,0.01
Others,4,CHENNAI CENTRAL,L.KASINATHAN,Independent,Tamil Nadu,1,0.00 Cr,1060,1,0.15
Others,2,Tura,LABENN CH MARAK,Independent,Meghalaya,1,0.00 Cr,6910,1,1.03
Others,13,Patiala,LABH SINGH PAL,Independent,Punjab,1,0.00 Cr,1443,1,0.13
Others,4,Visakhapatnam,LAGUDU. GOVINDA RAO,Independent,Andhra Pradesh,1,0.00 Cr,294,1,0.02
Others,8,RAIPUR,LAKHAMOO RAM TANDON,Rashtriya Jansabha Party,Chhattisgarh,,0.00 Cr,1351,1,0.09
Others,46,Jhansi,LAKHAN LAL,Independent,Uttar Pradesh,1,0.00 Cr,6832,1,0.49
Others,41,Latur,LAKHAN RAJARAM KAMBLE,Rashtriy Bahujan Party,Maharashtra,,0.00 Cr,795,1,0.06
Others,6,RAJNANDGAON,LAKHAN SING TANDAN,Rashtriya Jansabha Party,Chhattisgarh,,0.00 Cr,1056,1,0.07
Others,7,South Delhi,LAKHAN SINGH,Navarang Congress Party,NCT OF Delhi,,0.00 Cr,970,1,0.07
Others,11,Porbandar,LAKHANSI ODEDARA,Viro Ke Vir Indian Party,Gujarat,,0.00 Cr,3163,1,0.34
Others,3,Khadoor Sahib,LAKHBIR SINGH,Independent,Punjab,1,0.00 Cr,1421,1,0.14
Others,1,Chandigarh,LAKHVIR SINGH ALIAS KOTLA,Independent,Chandigarh,1,0.00 Cr,2626,1,0.58
Others,11,Bathinda,LAKHVIR SINGH LAKHA SIDHANA,Shiromani Akali Dal (Amritsar)(Simranjit Singh Mann),Punjab,,0.01 Cr,84684,1,7.36
Others,5,BILASPUR,LAKSHMAN  PATHAK,Ekam Sanatan Bharat Dal,Chhattisgarh,,0.00 Cr,699,1,0.05
Others,25,PERAMBALUR,LAKSHMANAN,Independent,Tamil Nadu,1,0.00 Cr,1087,1,0.1
Others,7,Dhanbad,LAKSHMI DEVI,Independent,Jharkhand,1,0.00 Cr,2605,1,0.18
Others,42,Birbhum,LAKSHMI HEMBROM,Ambedkarite Party of India,West Bengal,,0.00 Cr,7687,1,0.5
Others,24,Bangalore North,LAKSHMI SRIHARI.J.N.,Independent,Karnataka,1,0.00 Cr,2094,1,0.12
Others,24,KOTA,LAKSHMICHAND,Independent,Rajasthan,1,0.00 Cr,3892,1,0.26
Others,2,North-East Delhi,LAKSHYA VASHIST (SHYAM),Jindabad Kranti Party,NCT OF Delhi,,0.00 Cr,653,1,0.04
Others,23,Samastipur,LAL BABU MAHTO,Sathi Aur Aapka Faisala Party,Bihar,,0.00 Cr,2666,1,0.24
Others,32,Arrah,LAL BADSAH SINGH,Bahujan Samaj Party,Bihar,,0.00 Cr,10826,1,0.99
Others,9,GURGAON,LAL CHAND YADAV,Bharatheeya Jawan Kisan Party,Haryana,,0.00 Cr,2222,1,0.14
Others,79,Mirzapur,LAL JI VERMA,Independent,Uttar Pradesh,1,0.00 Cr,6359,1,0.58
Others,54,Faizabad,LAL MANI URF L.M. TRIPATHI (BHAI SAHAB),Independent,Uttar Pradesh,1,0.00 Cr,1717,1,0.15
Others,3,East Delhi,LAL SINGH,Bahujan Dravida Party,NCT OF Delhi,,0.00 Cr,477,1,0.04
Others,13,JABALPUR,LAL SINGH,Rashtriya Samaj Dal (R),Madhya Pradesh,,0.00 Cr,752,1,0.06
Others,15,PALI,LAL SINGH DEWASI,Independent,Rajasthan,1,0.00 Cr,19002,1,1.4
Others,51,Phulpur,LALA RAM SAROJ,Prabuddhwadi Bahujan Morcha,Uttar Pradesh,,0.00 Cr,1052,1,0.1
Others,1,MIZORAM,LALHRIATRENGA CHHANGTE,Independent,Mizoram,1,0.00 Cr,4706,1,0.96
Others,3,Jalgaon,LALIT (BANTI) SHARMA,Independent,Maharashtra,1,0.00 Cr,4192,1,0.36
Others,5,Haridwar,LALIT KUMAR,Peoples Party of India (Democratic),Uttarakhand,,0.00 Cr,1410,1,0.11
Others,7,ROHTAK,LALIT KUMAR,Independent,Haryana,1,0.00 Cr,131,1,0.01
Others,32,Misrikh,LALIT KUMAR,Bhartiya Shakti Chetna Party,Uttar Pradesh,,0.00 Cr,3815,1,0.36
Others,42,Kannauj,LALIT KUMARI,Independent,Uttar Pradesh,1,0.00 Cr,3267,1,0.27
Others,1,Kokrajhar,LALIT PEGU,Voters Party  International,Assam,,0.00 Cr,7932,1,0.64
Others,4,Darrang-Udalguri,LALIT PEGU,Voters Party  International,Assam,,0.00 Cr,10915,1,0.6
Others,6,RAJNANDGAON,LALITA KANWAR,Hamar Raj Party,Chhattisgarh,,0.00 Cr,2149,1,0.15
Others,72,Ballia,LALLAN SINGH YADAV,Bahujan Samaj Party,Uttar Pradesh,,0.01 Cr,85205,1,8.46
Others,4,Keonjhar,LAMBODAR NAIK,Independent,Odisha,1,0.00 Cr,6778,1,0.54
Others,11,Kalahandi,LAMBODAR NIAL,Biju Janata Dal,Odisha,,0.04 Cr,410490,1,30.77
Others,9,Ramtek,LAROKAR SURESH PUNDLIK,Independent,Maharashtra,1,0.00 Cr,698,1,0.06
Others,21,Koraput,LASU HANTAL,Independent,Odisha,1,0.00 Cr,14373,1,1.25
Others,23,Badaun,LATA YADAV,Independent,Uttar Pradesh,1,0.00 Cr,2578,1,0.24
Others,1,Sikkim,LATEN TSHERING SHERPA,Independent,Sikkim,1,0.00 Cr,21263,1,5.52
Others,19,Aurangabad,LATIF JABBAR KHAN,Independent,Maharashtra,1,0.00 Cr,765,1,0.06
Others,26,INDORE,LAVISH DILIP KHANDELWAL,Independent,Madhya Pradesh,1,0.00 Cr,8238,1,0.53
Others,61,Basti,LAVKUSH PATEL,Bahujan Samaj Party,Uttar Pradesh,,0.01 Cr,103301,1,9.54
Others,4,Chatra,LAW KUMAR PANDIT,Bhagidari Party(P),Jharkhand,,0.00 Cr,2380,1,0.22
Others,20,Saran,LAXAMAN PRAO YADAV,Independent,Bihar,1,0.00 Cr,22043,1,2.16
Others,2,Belgaum,LAXMAN JADAGANNAVAR,Socialist Unity Centre Of India (COMMUNIST),Karnataka,,0.00 Cr,1302,1,0.09
Others,3,Sambalpur,LAXMAN KUMAR BHOI,Paschimanchal Vikas Party,Odisha,,0.00 Cr,1682,1,0.14
Others,16,Nanded,LAXMAN NAGORAO PATIL,Independent,Maharashtra,1,0.00 Cr,923,1,0.08
Others,35,Baramati,LAXMAN RAM KUMBHAR,Dalit Soshit Pichhara Varg  Adhikar Dal,Maharashtra,,0.00 Cr,696,1,0.05
Others,11,SIDHI,LAXMAN SINGH BAIS,Independent,Madhya Pradesh,1,0.00 Cr,30662,1,2.67
Others,26,Mumbai North,LAXMAN YELLPPA KURADE,Independent,Maharashtra,1,0.00 Cr,686,1,0.07
Others,18,Panchmahal,LAXMANBHAI GALABHAI BARIYA,"Aam Janmat Party,",Gujarat,,0.00 Cr,3205,1,0.28
Others,5,SAGAR,LAXMI KUSHWAHA,Pichhara Samaj Party United,Madhya Pradesh,,0.00 Cr,952,1,0.08
Others,28,KHANDWA,LAXMI NARAYAN KATARE,Independent,Madhya Pradesh,1,0.00 Cr,4905,1,0.32
Others,8,KHAJURAHO,LAXMI PRASAD,Independent,Madhya Pradesh,1,0.00 Cr,6764,1,0.59
Others,39,Beed,LAXMIBAI BAJIRAO MORE,Independent,Maharashtra,1,0.00 Cr,382,1,0.03
Others,17,BARMER,LEELA RAM,Bahujan Samaj Party,Rajasthan,,0.00 Cr,7585,1,0.45
Others,5,KARNAL,LEENA KOHLI,Independent,Haryana,1,0.00 Cr,1292,1,0.1
Others,6,Balasore,LEKHASRI SAMANTSINGHAR,Biju Janata Dal,Odisha,,0.04 Cr,416709,1,33.62
Others,30,Sitapur,LEKHRAJ LODHI,Aazad Samaj Party (Kanshi Ram),Uttar Pradesh,,0.00 Cr,6734,1,0.61
Others,10,FARIDABAD,LEKHRAM DABANG,Independent,Haryana,1,0.00 Cr,615,1,0.04
Others,1,Arunachal West,LEKI NORBU,Independent,Arunachal Pradesh,1,0.00 Cr,2271,1,0.57
Others,38,TIRUNELVELI,LENIN K,Independent,Tamil Nadu,1,0.00 Cr,1450,1,0.14
Others,16,JODHPUR,LIKHAMA RAM,Independent,Rajasthan,1,0.00 Cr,1125,1,0.08
Others,70,Ghosi,LILAWATI RAJBHAR,Moolniwasi Samaj Party,Uttar Pradesh,,0.00 Cr,47527,1,4.13
Others,1,Rajmahal,LILI HANSDA,Samata Party,Jharkhand,,0.00 Cr,2689,1,0.22
Others,3,SIRSA,LILU RAM ASAKHERA,Bahujan Samaj Party,Haryana,,0.00 Cr,10151,1,0.75
Others,17,Khammam,LINGAIAH DANDA,Independent,Telangana,1,0.00 Cr,700,1,0.06
Others,17,Khammam,LINGALA RAVI KUMAR,Independent,Telangana,1,0.00 Cr,1018,1,0.08
Others,13,Nalgonda,LINGAM KRISHNA,Independent,Telangana,1,0.00 Cr,666,1,0.05
Others,14,Bhongir,LINGIDI. VENKATESWARLU,Prajavani  Party,Telangana,,0.00 Cr,1792,1,0.13
Others,10,Meerut,LIYAKAT,Majloom Samaj Party,Uttar Pradesh,,0.00 Cr,894,1,0.08
Others,1,Rajmahal,LOBIN HEMBRAM,Independent,Jharkhand,1,0.00 Cr,42140,1,3.46
Others,19,NILGIRIS,LOGESH TAMILSELVAN D,All India Anna Dravida Munnetra Kazhagam,Tamil Nadu,,0.02 Cr,220230,1,21.61
Others,19,Ananthapur,LOKANATH GOWD SURAGOWINI,Independent,Andhra Pradesh,1,0.00 Cr,1091,1,0.08
Others,20,Mandya,LOKESHA. S (AARYA LOKESH),Uttama Prajaakeeya Party,Karnataka,,0.00 Cr,1163,1,0.08
Others,5,Anakapalle,LOVARAJU SIDDHA,Independent,Andhra Pradesh,1,0.00 Cr,3852,1,0.29
Others,4,Sheohar,LOVELY ANAND,Janata Dal  (United),Bihar,,0.05 Cr,476612,1,45.15
Others,2,Amritsar,LOVEPREET SHARMA,Aas Punjab Party,Punjab,,0.00 Cr,1375,1,0.15
Others,4,New Delhi,LUKMAN KHAN,Log Party,NCT OF Delhi,,0.00 Cr,656,1,0.08
Others,8,Secunderabad,LUNAVATH HARI RAM,Independent,Telangana,1,0.00 Cr,474,1,0.05
Others,13,Dibrugarh,LURINJYOTI GOGOI,Assam Jatiya Parishad,Assam,,0.04 Cr,414441,1,32.42
Others,39,Bardhaman-Durgapur,LUXMI NARAYAN KORA,Independent,West Bengal,1,0.00 Cr,7142,1,0.48
Others,5,SRIPERUMBUDUR,M ASHOK KUMAR,Independent,Tamil Nadu,1,0.00 Cr,1704,1,0.12
Others,8,VELLORE,M BABU,Independent,Tamil Nadu,1,0.00 Cr,306,1,0.03
Others,7,ARAKKONAM,M BALU,Independent,Tamil Nadu,1,0.00 Cr,1561,1,0.13
Others,1,PUDUCHERRY,M KRISHNAMURTHY,Independent,Puducherry,1,0.00 Cr,1071,1,0.13
Others,14,Kottayam,M M SCARIA,Independent,Kerala,1,0.00 Cr,927,1,0.11
Others,1,PUDUCHERRY,M MANIKANDAN,Independent,Puducherry,1,0.00 Cr,1133,1,0.14
Others,37,TENKASI,M MANMATHAN,Independent,Tamil Nadu,1,0.00 Cr,3278,1,0.32
Others,18,Kollam,M MUKESH,Communist Party of India  (Marxist),Kerala,,0.03 Cr,293326,1,32.03
Others,28,Kolar,M MUNIGANGAPPA,Independent,Karnataka,1,0.00 Cr,604,1,0.04
Others,1,PUDUCHERRY,M MURUGAN,Independent,Puducherry,1,0.00 Cr,196,1,0.02
Others,17,ERODE,M PRABAKARAN,Independent,Tamil Nadu,1,0.00 Cr,276,1,0.03
Others,5,SRIPERUMBUDUR,M PREMKUMAR,Independent,Tamil Nadu,1,0.00 Cr,394,1,0.03
Others,5,SRIPERUMBUDUR,M S ARUMUGAM,Independent,Tamil Nadu,1,0.00 Cr,3699,1,0.26
Others,28,Kolar,M S BADARINARAYANA,Independent,Karnataka,1,0.00 Cr,1116,1,0.08
Others,10,Thrissur,M S JAFARGHAN,Independent,Kerala,1,0.00 Cr,698,1,0.06
Others,20,Thiruvananthapuram,M S SUBI,Independent,Kerala,1,0.00 Cr,599,1,0.06
Others,17,ERODE,M SABARINATHAN,Independent,Tamil Nadu,1,0.00 Cr,531,1,0.05
Others,5,SRIPERUMBUDUR,M SARAVANAN,Independent,Tamil Nadu,1,0.00 Cr,385,1,0.03
Others,17,ERODE,M SHANMUGAM,Independent,Tamil Nadu,1,0.00 Cr,772,1,0.07
Others,7,ARAKKONAM,M THULASIRAMAN,Independent,Tamil Nadu,1,0.00 Cr,1053,1,0.09
Others,23,Thirupathi(SC),M UMADEVI,Janata Congress,Andhra Pradesh,,0.00 Cr,5425,1,0.39
Others,37,TENKASI,M UMAMAHESWARI,Desiya Makkal Sakthi Katchi,Tamil Nadu,,0.00 Cr,1655,1,0.16
Others,7,ARAKKONAM,M VIJAY,Independent,Tamil Nadu,1,0.00 Cr,427,1,0.04
Others,7,ARAKKONAM,M VIJAYAN,Independent,Tamil Nadu,1,0.00 Cr,1678,1,0.14
Others,3,Bagalkot,M. B. SIDAGONI,Bahujan Samaj Party,Karnataka,,0.00 Cr,4479,1,0.34
Others,14,Bhongir,M. GANESH,Pyramid Party of India,Telangana,,0.00 Cr,2010,1,0.14
Others,15,Udupi Chikmagalur,M. K. DAYANANDA,Proutist Sarva Samaj,Karnataka,,0.00 Cr,1069,1,0.09
Others,2,CHENNAI NORTH,M. KOLANJI,Independent,Tamil Nadu,1,0.00 Cr,362,1,0.04
Others,28,Kolar,M. MALLESH BABU,Janata Dal  (Secular),Karnataka,,0.07 Cr,691481,1,51.02
Others,11,Mahbubnagar,M. NAVEEN REDDY,Independent,Telangana,1,0.00 Cr,952,1,0.08
Others,17,Khammam,M. RAVI CHANDAR CHOWHAN,Independent,Telangana,1,0.00 Cr,601,1,0.05
Others,21,Mysore,M. S. PRAVEEN,Karnataka Rashtra Samithi,Karnataka,,0.00 Cr,740,1,0.05
Others,2,CHENNAI NORTH,M. ZION RAJ,Independent,Tamil Nadu,1,0.00 Cr,697,1,0.08
Others,3,CHENNAI SOUTH,M.AZARUTHEEN,Independent,Tamil Nadu,1,0.00 Cr,1812,1,0.16
Others,13,Davanagere,M.C.SREENIVAS,Bharatiya Prajagala Kalyana Paksha,Karnataka,,0.00 Cr,973,1,0.07
Others,4,Visakhapatnam,M.G.M. KHAN,Independent,Andhra Pradesh,1,0.00 Cr,742,1,0.05
Others,3,CHENNAI SOUTH,M.G.RAMU,Jebamani Janata,Tamil Nadu,,0.00 Cr,3534,1,0.32
Others,13,Davanagere,M.G.SRIKANTH,Navabharath Sena,Karnataka,,0.00 Cr,561,1,0.04
Others,9,Hyderabad,M.JOHNSON,All India Mahila Empowerment Party,Telangana,,0.00 Cr,515,1,0.05
Others,9,Hyderabad,M.K.AHMED,Independent,Telangana,1,0.00 Cr,149,1,0.01
Others,22,Chamarajanagar,M.KRISHNA MURTHY,Bahujan Samaj Party,Karnataka,,0.00 Cr,15903,1,1.16
Others,4,CHENNAI CENTRAL,M.L.RAVI,Desiya Makkal Sakthi Katchi,Tamil Nadu,,0.00 Cr,696,1,0.1
Others,3,CHENNAI SOUTH,M.MUNUSWAMY,Viro Ke Vir Indian Party,Tamil Nadu,,0.00 Cr,330,1,0.03
Others,4,CHENNAI CENTRAL,M.NAGARAJ,Independent,Tamil Nadu,1,0.00 Cr,254,1,0.03
Others,13,Davanagere,M.P. KHALANDAR,Country Citizen Party,Karnataka,,0.00 Cr,539,1,0.04
Others,19,Ananthapur,M.SURENDRA,Pyramid Party of India,Andhra Pradesh,,0.00 Cr,2935,1,0.2
Others,1,Kasaragod,M.V BALAKRISHNAN MASTER,Communist Party of India  (Marxist),Kerala,,0.04 Cr,390010,1,35.06
Others,2,Kannur,M.V. JAYARAJAN,Communist Party of India  (Marxist),Kerala,,0.04 Cr,409542,1,38.5
Others,19,Aurangabad,MAANOJ VINAYAKRAO GHODKAY,Independent,Maharashtra,1,0.00 Cr,2587,1,0.2
Others,8,Secunderabad,MACHCHERLA VENKATA REDDY,Independent,Telangana,1,0.00 Cr,673,1,0.06
Others,5,Buldhana,MACHHINDRA SHESHRAV MAGHADE,Socialist Party (India),Maharashtra,,0.00 Cr,5258,1,0.47
Others,24,Rajampet,MADA RAJA,Jaathia Chethi Vruthula Ikya Vedika Party,Andhra Pradesh,,0.00 Cr,1415,1,0.11
Others,37,Ahmednagar,MADAN KANIFNATH SONVANE,Right to Recall Party,Maharashtra,,0.00 Cr,1451,1,0.11
Others,4,SHIMLA,Madan Lal,Akhil Bhartiya Parivar Party,Himachal Pradesh,,0.00 Cr,4676,1,0.48
Others,2,RAIGARH,MADAN PRASAD GOND,Gondvana Gantantra Party,Chhattisgarh,,0.00 Cr,3015,1,0.21
Others,70,Ghosi,MADAN RAJBHAR,Mang Samaj Party,Uttar Pradesh,,0.00 Cr,1905,1,0.17
Others,25,Chittoor(SC),MADASI SUDHARSHAN,Independent,Andhra Pradesh,1,0.00 Cr,1578,1,0.11
Others,13,Guntur,MADAVARAPU NAGA RAJU,Independent,Andhra Pradesh,1,0.00 Cr,172,1,0.01
Others,17,Khammam,MADDISETTY YERRAPPA @ AJAY,Independent,Telangana,1,0.00 Cr,1053,1,0.08
Others,33,THENI,MADHAN,Naam Tamilar Katchi,Tamil Nadu,,0.01 Cr,76834,1,6.73
Others,10,Singhbhum,MADHAV CHANDRA KUNKAL,Independent,Jharkhand,1,0.00 Cr,19834,1,1.97
Others,33,Maval,MADHAVITAI  NARESH JOSHI,Vanchit Bahujan  Aaghadi,Maharashtra,,0.00 Cr,27768,1,1.96
Others,5,Buldhana,MADHAVRAO SAKHARAM BANSODE,Bahujan Republican  Socialist Party,Maharashtra,,0.00 Cr,2455,1,0.22
Others,16,NAMAKKAL,MADHESWARAN V,Independent,Tamil Nadu,1,0.00 Cr,1147,1,0.1
Others,6,West Delhi,MADHU,Akhil Bhartiya Parivar Party,NCT OF Delhi,,0.00 Cr,1059,1,0.07
Others,25,PERAMBALUR,MADHU R,Independent,Tamil Nadu,1,0.00 Cr,3508,1,0.31
Others,33,Maval,MADHUKAR DAMODAR THORAT,Independent,Maharashtra,1,0.00 Cr,905,1,0.06
Others,1,Sikkim,MADHUKAR DHAKAL,Independent,Sikkim,1,0.00 Cr,532,1,0.14
Others,31,Patliputra,MADHURI KUMARI,All India Forward Bloc,Bihar,,0.00 Cr,1302,1,0.11
Others,47,Kolhapur,MADHURI RAJU JADHAV,Independent,Maharashtra,1,0.00 Cr,3508,1,0.25
Others,10,Bolangir,MADHUSUDAN BARIK,Ambedkarite Party of India,Odisha,,0.00 Cr,7252,1,0.52
Others,19,Maharajganj,MADHUSUDAN SINGH,Bahujan Samaj Party,Bihar,,0.00 Cr,13402,1,1.32
Others,21,Hajipur,MADHUSUDHAN PASWAN,Independent,Bihar,1,0.00 Cr,1801,1,0.16
Others,18,Basirhat,MAFIJUL MOLLA,Independent,West Bengal,1,0.00 Cr,11833,1,0.78
Others,13,Davanagere,MAHABUB BASHA,Independent,Karnataka,1,0.00 Cr,308,1,0.02
Others,15,BALAGHAT,MAHADEV NAGDEVE,Independent,Madhya Pradesh,1,0.00 Cr,7192,1,0.52
Others,2,Belgaum,MAHADEV PATIL,Independent,Karnataka,1,0.00 Cr,9503,1,0.69
Others,35,Baramati,MAHADEV SAHEBRAO KHENGARE - PATIL,Bhartiya Navjawan Sena (Paksha),Maharashtra,,0.00 Cr,2418,1,0.17
Others,27,Chikkballapur,MAHADEV. P,Bahujan Samaj Party,Karnataka,,0.00 Cr,4440,1,0.29
Others,22,Chamarajanagar,MAHADEVASWAMY B M (PAMPI),Independent,Karnataka,1,0.00 Cr,3421,1,0.25
Others,5,Zahirabad,MAHADHEV SWAMI MATAM,Independent,Telangana,1,0.00 Cr,5412,1,0.44
Others,11,Murshidabad,MAHAFUJUL ALAM,Socialist Unity Centre Of India (COMMUNIST),West Bengal,,0.00 Cr,3426,1,0.22
Others,23,Bangalore Rural,MAHAMAD MUSADIK PASHA,Karnataka Rashtra Samithi,Karnataka,,0.00 Cr,821,1,0.04
Others,14,Bhongir,MAHAMD JAHANGIR,Communist Party of India  (Marxist),Telangana,,0.00 Cr,28730,1,2.05
Others,6,Balasore,MAHAMEGHABAHAN AIRA KHARABELA SWAIN,Independent,Odisha,1,0.00 Cr,1868,1,0.15
Others,48,Hatkanangale,MAHAMMAD MUBARAK DARAVESHI,Independent,Maharashtra,1,0.00 Cr,361,1,0.03
Others,23,KARUR,MAHAMUNI. A,Independent,Tamil Nadu,1,0.00 Cr,213,1,0.02
Others,8,Sambhal,MAHANDRA SINGH,Independent,Uttar Pradesh,1,0.00 Cr,1294,1,0.11
Others,1,Chandigarh,MAHANT RAVI KANT MUNI,Independent,Chandigarh,1,0.00 Cr,295,1,0.07
Others,9,KRISHNAGIRI,MAHARAJAN G,Independent,Tamil Nadu,1,0.00 Cr,995,1,0.09
Others,16,Nanded,MAHARUDRA KESHAV POPLAITKAR,Independent,Maharashtra,1,0.00 Cr,913,1,0.08
Others,2,Dumka,MAHASHON MURMU,Independent,Jharkhand,1,0.00 Cr,21372,1,1.8
Others,42,Solapur,MAHASIDDHA TUKARAM GAYAKWAD,Independent,Maharashtra,1,0.00 Cr,409,1,0.03
Others,13,JABALPUR,MAHAVEER JAIN,Independent,Madhya Pradesh,1,0.00 Cr,6468,1,0.56
Others,21,CHITTORGARH,MAHAVIR PRASAD KUMAWAT,Right to Recall Party,Rajasthan,,0.00 Cr,1549,1,0.1
Others,2,KURUKSHETRA,MAHAVIR SINGH,Ekam Sanatan Bharat Dal,Haryana,,0.00 Cr,2783,1,0.23
Others,30,Patna Sahib,MAHBOOB ALAM ANSARI,Bharatiya Momin Front,Bihar,,0.00 Cr,1638,1,0.15
Others,11,Porbandar,MAHEMUDBHAI SAIYAD,Independent,Gujarat,1,0.00 Cr,1029,1,0.11
Others,11,Baghpat,MAHENDER SINGH,Sarvjan Samta Party,Uttar Pradesh,,0.00 Cr,5020,1,0.54
Others,34,Mohanlalganj,MAHENDRA,Independent,Uttar Pradesh,1,0.00 Cr,2661,1,0.19
Others,13,Palamau,MAHENDRA BAITHA,Socialist Unity Centre Of India (COMMUNIST),Jharkhand,,0.00 Cr,5115,1,0.37
Others,11,SIDHI,MAHENDRA BHAIYA,Independent,Madhya Pradesh,1,0.00 Cr,4658,1,0.41
Others,3,Jalgaon,MAHENDRA DEVRAM KOLI,Independent,Maharashtra,1,0.00 Cr,2476,1,0.21
Others,4,GUNA,MAHENDRA JAIN BHAIYAN,Independent,Madhya Pradesh,1,0.00 Cr,1999,1,0.15
Others,53,Barabanki,MAHENDRA KUMAR RAWAT,Awami Samta Party,Uttar Pradesh,,0.00 Cr,1190,1,0.09
Others,4,KORBA,MAHENDRA KUMAR SHRIWAS (MANJU),Independent,Chhattisgarh,1,0.00 Cr,1187,1,0.1
Others,69,Azamgarh,MAHENDRA NATH YADAV,Moolniwasi Samaj Party,Uttar Pradesh,,0.00 Cr,1905,1,0.18
Others,34,VIRUDHUNAGAR,MAHENDRA RAMAKRISHNAN P,Independent,Tamil Nadu,1,0.00 Cr,2405,1,0.23
Others,15,PALI,MAHENDRA REGAR,Bahujan Samaj Party,Rajasthan,,0.00 Cr,11101,1,0.82
Others,18,Agra,MAHENDRA SINGH,Independent,Uttar Pradesh,1,0.00 Cr,1785,1,0.16
Others,18,Siwan,MAHENDRA SINGH ALIAS MAHENDRA RAI,Independent,Bihar,1,0.00 Cr,3922,1,0.39
Others,30,Sitapur,MAHENDRA SINGH YADAV,Bahujan Samaj Party,Uttar Pradesh,,0.01 Cr,99364,1,9.02
Others,2,MANDI,MAHESH  SAINI,Himachal Janta Party,Himachal Pradesh,,0.00 Cr,654,1,0.06
Others,28,Kolar,MAHESH A V,Karnataka Rashtra Samithi,Karnataka,,0.00 Cr,1065,1,0.08
Others,1,Chikkodi,MAHESH ASHOK KASAR,Independent,Karnataka,1,0.00 Cr,1009,1,0.07
Others,4,Chatra,MAHESH BANDO,Bahujan Mukti Party,Jharkhand,,0.00 Cr,3201,1,0.29
Others,15,Aligarh,MAHESH CHANDRA SHARMA,Independent,Uttar Pradesh,1,0.00 Cr,736,1,0.06
Others,34,Pune,MAHESH DASHRATH MHASKE,Independent,Maharashtra,1,0.00 Cr,231,1,0.02
Others,7,Bidar,MAHESH GORNALKAR,Republican Party of India (A),Karnataka,,0.00 Cr,981,1,0.08
Others,15,Hingoli,MAHESH KAILAS NAPTE,Independent,Maharashtra,1,0.00 Cr,2299,1,0.2
Others,5,SIKAR,MAHESH KUMAR,Independent,Rajasthan,1,0.00 Cr,2056,1,0.16
Others,9,Jamshedpur,MAHESH KUMAR,Right to Recall Party,Jharkhand,,0.00 Cr,1960,1,0.15
Others,30,Patna Sahib,MAHESH KUMAR,Samata Party,Bihar,,0.00 Cr,2003,1,0.19
Others,4,New Delhi,MAHESH KUMAR DENWAL,Ambedkarite Party of India,NCT OF Delhi,,0.00 Cr,288,1,0.03
Others,39,Pratapgarh,MAHESH KUMAR PRAJAPATI,Samajhdar Party,Uttar Pradesh,,0.00 Cr,1964,1,0.21
Others,5,BILASPUR,MAHESH KUMAR SONWANI,Independent,Chhattisgarh,1,0.00 Cr,560,1,0.04
Others,14,MANDLA,MAHESH KUMAR WATTEE,Gondvana Gantantra Party,Madhya Pradesh,,0.00 Cr,37797,1,2.46
Others,1,Rajmahal,MAHESH PAHARIYA,Independent,Jharkhand,1,0.00 Cr,14978,1,1.23
Others,22,UJJAIN,MAHESH PARMAR,Independent,Madhya Pradesh,1,0.00 Cr,2476,1,0.19
Others,28,KHANDWA,MAHESH PAWAR,Peoples Party of India (Democratic),Madhya Pradesh,,0.00 Cr,3709,1,0.25
Others,10,FARIDABAD,MAHESH PRATAP SHARMA,Rashtriya Vikas Party,Haryana,,0.00 Cr,1240,1,0.08
Others,35,Baramati,MAHESH SITARAM BHAGWAT,Independent,Maharashtra,1,0.00 Cr,15663,1,1.11
Others,9,MAHASAMUND,MAHESH SWARN,Independent,Chhattisgarh,1,0.00 Cr,1486,1,0.11
Others,33,Maval,MAHESH THAKUR,Dharmarajya Paksha,Maharashtra,,0.00 Cr,1372,1,0.1
Others,44,Sangli,MAHESH YASHWANT KHARADE,Swabhimani Paksha,Maharashtra,,0.00 Cr,5521,1,0.47
Others,7,Ahmedabad East,MAHESHKUMAR SOMABHAI THAKOR,Independent,Gujarat,1,0.00 Cr,3033,1,0.27
Others,1,Inner Manipur,MAHESHWAR THOUNAOJAM,Republican Party of India (Athawale),Manipur,,0.01 Cr,135640,1,17.02
Others,3,Jalpaiguri,MAHESWAR BARMAN,Independent,West Bengal,1,0.00 Cr,4267,1,0.27
Others,16,Jagatsinghpur,MAHESWAR DAS,Socialist Unity Centre Of India (COMMUNIST),Odisha,,0.00 Cr,2384,1,0.19
Others,9,Dhenkanal,MAHESWAR SAHOO,Independent,Odisha,1,0.00 Cr,4629,1,0.39
Others,23,KARUR,MAHESWARAN. A,Independent,Tamil Nadu,1,0.00 Cr,590,1,0.05
Others,51,Phulpur,MAHIMA PATEL,Apna Dal (Kamerawadi),Uttar Pradesh,,0.00 Cr,4162,1,0.41
Others,3,Khadoor Sahib,MAHINDER SINGH HAMIRA,Independent,Punjab,1,0.00 Cr,1046,1,0.1
Others,13,Gautam Buddha Nagar,MAHKAR SINGH,Independent,Uttar Pradesh,1,0.00 Cr,1124,1,0.08
Others,6,Medak,MAISANGARI SUNIL,India Praja Bandhu Party,Telangana,,0.00 Cr,2011,1,0.15
Others,19,BHOPAL,MAITHILI SHARAN GUPTA,Independent,Madhya Pradesh,1,0.00 Cr,448,1,0.03
Others,1,Saharanpur,MAJID ALI,Bahujan Samaj Party,Uttar Pradesh,,0.02 Cr,180353,1,14.67
Others,21,Diamond harbour,MAJNU LASKAR,All India Secular Front,West Bengal,,0.00 Cr,21139,1,1.38
Others,1,GANGANAGAR,MAJOR SINGH,Jai Hind Congress Party,Rajasthan,,0.00 Cr,2101,1,0.15
Others,13,Junagadh,MAKADIA JAYANTILAL MALDEBHAI,Bahujan Samaj Party,Gujarat,,0.00 Cr,7282,1,0.68
Others,7,Amalapuram (SC),MAKEY DAVY PRASAD,Independent,Andhra Pradesh,1,0.00 Cr,2111,1,0.16
Others,31,Kanthi,MAKHAN LAL MAHAPATRA,Bahujan Samaj Party,West Bengal,,0.00 Cr,1804,1,0.12
Others,12,TONK-SAWAI MADHOPUR,MAKHAN LAL MEENA,Independent,Rajasthan,1,0.00 Cr,3324,1,0.27
Others,12,Sangrur,MAKHAN SINGH,Bahujan Samaj Party,Punjab,,0.00 Cr,37731,1,3.74
Others,13,Patiala,MAKHAN SINGH,Independent,Punjab,1,0.00 Cr,907,1,0.08
Others,17,HOSHANGABAD,MAKHAN SINGH LODHI,Bhartiya Shakti Chetna Party,Madhya Pradesh,,0.00 Cr,1657,1,0.13
Others,24,Aonla,MAKKHAN LAL,Independent,Uttar Pradesh,1,0.00 Cr,2953,1,0.27
Others,7,Ahmedabad East,MAKWANA JAYANTIBHAI KANJIBHAI,Bahujan Samaj Party,Gujarat,,0.00 Cr,10482,1,0.93
Others,19,Ananthapur,MALAGUNDLA SANKAR NARAYANA,Yuvajana Sramika Rythu Congress Party,Andhra Pradesh,,0.06 Cr,579690,1,40.24
Others,31,SIVAGANGA,MALAISAMY K,Independent,Tamil Nadu,1,0.00 Cr,1527,1,0.14
Others,17,Khammam,MALAMPATI SURYANARAYANA,Independent,Telangana,1,0.00 Cr,363,1,0.03
Others,19,NILGIRIS,MALARMANNAN M,Samaniya Makkal Nala Katchi,Tamil Nadu,,0.00 Cr,820,1,0.08
Others,18,TIRUPPUR,"MALARVIZHI, G.",Rashtriya Samaj Paksha,Tamil Nadu,,0.00 Cr,1325,1,0.12
Others,1,TIRUVALLUR,Malathi,Naadaalum Makkal Katchi,Tamil Nadu,,0.00 Cr,2853,1,0.2
Others,4,Nizamabad,MALAVAT VITHAL,Independent,Telangana,1,0.00 Cr,919,1,0.07
Others,21,Diamond harbour,MALAY GUHA ROY,Independent,West Bengal,1,0.00 Cr,2971,1,0.19
Others,2,Dhule,MALAY PRAKASH PATIL,Independent,Maharashtra,1,0.00 Cr,736,1,0.06
Others,6,Gandhinagar,MALEK MAKBUL SHAKIB,Independent,Gujarat,1,0.00 Cr,2058,1,0.16
Others,5,Zahirabad,MALEPU MOHAN REDDY,Pyramid Party of India,Telangana,,0.00 Cr,1102,1,0.09
Others,58,Shrawasti,MALIK RAM,Independent,Uttar Pradesh,1,0.00 Cr,2113,1,0.2
Others,21,Kadapa,MALIKIREDDY. HANUMANTHA REDDY,Jana Sahayaka Sakthi,Andhra Pradesh,,0.00 Cr,369,1,0.03
Others,25,Navsari,MALKHAN RAMKISHOR VARMA,Bahujan Samaj Party,Gujarat,,0.00 Cr,8133,1,0.61
Others,4,Visakhapatnam,MALLA SRAVANI,Independent,Andhra Pradesh,1,0.00 Cr,273,1,0.02
Others,14,Bhongir,MALLEBOINA PARAMESH YADAV,Independent,Telangana,1,0.00 Cr,1897,1,0.14
Others,22,Nellore,MALLEPALLY RAGHU,Navarang Congress Party,Andhra Pradesh,,0.00 Cr,1105,1,0.08
Others,18,Kurnoolu,MALLEPOGU NAGANNA,Socialist Unity Centre Of India (COMMUNIST),Andhra Pradesh,,0.00 Cr,1164,1,0.09
Others,3,Bagalkot,MALLIKARJUN H. T.,Socialist Unity Centre Of India (COMMUNIST),Karnataka,,0.00 Cr,1144,1,0.09
Others,8,Koppal,MALLIKARJUN HADAPAD,Independent,Karnataka,1,0.00 Cr,7314,1,0.55
Others,25,Thane,MALLIKARJUN SAYBANNA PUJARI,Independent,Maharashtra,1,0.00 Cr,599,1,0.05
Others,19,Tumkur,MALLIKARJUNAIAH,Independent,Karnataka,1,0.00 Cr,1880,1,0.14
Others,1,Adilabad,MALOTHU SYAMLAL NAYAK,Alliance of Democratic Reforms Party,Telangana,,0.00 Cr,7499,1,0.61
Others,2,Peddapalle,MAMIDIPALLY BAPAIAH,Independent,Telangana,1,0.00 Cr,1504,1,0.14
Others,4,Raver,MAMTA ALIAS MUMTAJ BHIKARI TADVI,Independent,Maharashtra,1,0.00 Cr,7884,1,0.67
Others,4,Sheohar,MAMTA KUMARI,Samata Party,Bihar,,0.00 Cr,5435,1,0.51
Others,8,RAIPUR,MAMTA RANI SAHU,Bahujan Samaj Party,Chhattisgarh,,0.00 Cr,9299,1,0.59
Others,14,Kottayam,MAN HOUSE MANMADHAN,Independent,Kerala,1,0.00 Cr,421,1,0.05
Others,3,Jalpaiguri,MANABENDRA ROY,Kamatapur People’s Party (United),West Bengal,,0.00 Cr,2950,1,0.19
Others,28,Hooghly,MANADIP GHOSH,Communist Party of India  (Marxist),West Bengal,,0.01 Cr,139919,1,9.22
Others,26,Valsad,MANAKBHAI JATRUBHAI SHANKAR,Bahujan Samaj Party,Gujarat,,0.00 Cr,7499,1,0.55
Others,31,Kanthi,MANAS PRADHAN,Socialist Unity Centre Of India (COMMUNIST),West Bengal,,0.00 Cr,2529,1,0.17
Others,3,Karimnagar,MANASA PERALA,Independent,Telangana,1,0.00 Cr,1125,1,0.09
Others,9,Dhenkanal,MANASI SWAIN,Socialist Unity Centre Of India (COMMUNIST),Odisha,,0.00 Cr,3384,1,0.28
Others,12,ARANI,"MANAVALAN, A.",Anna MGR Dravida Makkal Kalgam,Tamil Nadu,,0.00 Cr,480,1,0.04
Others,18,Kurnoolu,MANCHALA LAKSHMI NARAYANA,Bahujan Samaj Party,Andhra Pradesh,,0.00 Cr,8589,1,0.65
Others,15,Warangal,MANDA NARESH,Independent,Telangana,1,0.00 Cr,1051,1,0.08
Others,1,Araku (ST),MANDALA GIRIDHARA RAO,Independent,Andhra Pradesh,1,0.00 Cr,4967,1,0.43
Others,6,Anandpur Sahib,MANDAR SINGH,Independent,Punjab,1,0.00 Cr,555,1,0.05
Others,4,HISAR,MANDEEP,Independent,Haryana,1,0.00 Cr,405,1,0.03
Others,47,Kolhapur,MANE ARVIND BHIVA,Bhartiya Rashtriya Dal,Maharashtra,,0.00 Cr,570,1,0.04
Others,48,Hatkanangale,MANE ARVIND BHIVA,Independent,Maharashtra,1,0.00 Cr,424,1,0.03
Others,15,Warangal,MANGALAPELLI ASHAIAH,Independent,Telangana,1,0.00 Cr,847,1,0.07
Others,2,KURUKSHETRA,MANGAT RAM,Independent,Haryana,1,0.00 Cr,509,1,0.04
Others,47,Kolhapur,MANGESH JAYSINGH PATIL,Independent,Maharashtra,1,0.00 Cr,653,1,0.05
Others,18,Jalna,MANGESH SANJAY SABLE,Independent,Maharashtra,1,0.02 Cr,155930,1,11.44
Others,9,KRISHNAGIRI,MANI K,Chennai Youth Party,Tamil Nadu,,0.00 Cr,1972,1,0.17
Others,12,Lohardaga,MANI MUNDA,Bhagidari Party(P),Jharkhand,,0.00 Cr,2510,1,0.26
Others,25,PERAMBALUR,MANI S,Independent,Tamil Nadu,1,0.00 Cr,3951,1,0.35
Others,1,TIRUVALLUR,"Mani, E.",Independent,Tamil Nadu,1,0.00 Cr,2752,1,0.19
Others,10,DHARMAPURI,MANI. C.,Independent,Tamil Nadu,1,0.00 Cr,710,1,0.06
Others,10,DHARMAPURI,MANI. R.,Independent,Tamil Nadu,1,0.00 Cr,1033,1,0.08
Others,10,DHARMAPURI,MANI. S.,Independent,Tamil Nadu,1,0.00 Cr,452,1,0.04
Others,15,SALEM,MANICKAM R,Ulzaipali Makkal Katchy,Tamil Nadu,,0.00 Cr,537,1,0.04
Others,12,ARANI,"MANIGANDAN, V.",Independent,Tamil Nadu,1,0.00 Cr,4808,1,0.42
Others,10,Baharampur,MANIK KUMAR DAS,Jai Prakash Janata Dal,West Bengal,,0.00 Cr,729,1,0.05
Others,16,Dum dum,MANIKA MUKHERJEE,Bharatiya Nyay-Adhikar Raksha Party,West Bengal,,0.00 Cr,1237,1,0.1
Others,34,VIRUDHUNAGAR,MANIKANDAN M,Independent,Tamil Nadu,1,0.00 Cr,3346,1,0.32
Others,33,THENI,MANIKANDAN R,Independent,Tamil Nadu,1,0.00 Cr,1201,1,0.11
Others,23,KARUR,MANIKANDAN. K,Independent,Tamil Nadu,1,0.00 Cr,685,1,0.06
Others,24,TIRUCHIRAPPALLI,MANIKANDARAJ. S,Independent,Tamil Nadu,1,0.00 Cr,608,1,0.06
Others,16,NAMAKKAL,MANIKKAM S,Ulzaipali Makkal Katchy,Tamil Nadu,,0.00 Cr,442,1,0.04
Others,36,THOOTHUKKUDI,MANIKKARAJ A,Bahujan Samaj Party,Tamil Nadu,,0.00 Cr,2195,1,0.22
Others,28,MAYILADUTHURAI,MANIMARAN T,Independent,Tamil Nadu,1,0.00 Cr,1711,1,0.16
Others,1,TIRUVALLUR,"Manimaran, V.",Independent,Tamil Nadu,1,0.00 Cr,1922,1,0.14
Others,72,Ballia,MANINDR,Independent,Uttar Pradesh,1,0.00 Cr,1187,1,0.12
Others,5,KARNAL,MANISH,Independent,Haryana,1,0.00 Cr,1587,1,0.12
Others,79,Mirzapur,MANISH KUMAR,Bahujan Samaj Party,Uttar Pradesh,,0.01 Cr,144446,1,13.07
Others,7,Ahmedabad East,MANISH KUMAR DUBEY,Swaraj Kranti Party,Gujarat,,0.00 Cr,909,1,0.08
Others,13,Gautam Buddha Nagar,MANISH KUMAR DWIVEDI,Akhil Bhartiya Parivar Party,Uttar Pradesh,,0.00 Cr,1772,1,0.12
Others,4,GUNA,MANISH SHRIVASTAVA,Socialist Unity Centre Of India (COMMUNIST),Madhya Pradesh,,0.00 Cr,1348,1,0.1
Others,49,Fatehpur,MANISH SINGH SACHAN,Bahujan Samaj Party,Uttar Pradesh,,0.01 Cr,90970,1,8.22
Others,7,ROHTAK,MANISHA,Independent,Haryana,1,0.00 Cr,431,1,0.03
Others,19,Aurangabad,MANISHA KHARAT,Bahujan Maha Party,Maharashtra,,0.00 Cr,3105,1,0.24
Others,23,Bhiwandi,MANISHA SANTOSH GONDHALE,Independent,Maharashtra,1,0.00 Cr,5120,1,0.41
Others,35,RAMANATHAPURAM,MANIVASAGAM S,Bahujan Dravida Party,Tamil Nadu,,0.00 Cr,1403,1,0.13
Others,10,DHARMAPURI,MANIVASAGAM. C.,Independent,Tamil Nadu,1,0.00 Cr,651,1,0.05
Others,7,ROHTAK,MANJEET,Independent,Haryana,1,0.00 Cr,269,1,0.02
Others,16,JODHPUR,MANJU MEGHWAL,Bahujan Samaj Party,Rajasthan,,0.00 Cr,6395,1,0.46
Others,21,Mainpuri,MANJU PAL,Bhartiya Shakti Chetna Party,Uttar Pradesh,,0.00 Cr,1171,1,0.11
Others,13,Davanagere,MANJU. MARIKOPPA,Independent,Karnataka,1,0.00 Cr,378,1,0.03
Others,7,Bhadrak,MANJULATA MANDAL,Biju Janata Dal,Odisha,,0.05 Cr,481775,1,37.13
Others,9,Bellary,MANJUNATHA GOSAL,Prahar Janshakti Party,Karnataka,,0.00 Cr,1322,1,0.1
Others,18,Chitradurga,MANJUNATHA SWAMY T,Independent,Karnataka,1,0.00 Cr,2676,1,0.2
Others,4,CHENNAI CENTRAL,MANJUNATHA.R,Independent,Tamil Nadu,1,0.00 Cr,159,1,0.02
Others,7,Amravati,MANKAR DNYANESHWAR KASHIRAO,Independent,Maharashtra,1,0.00 Cr,539,1,0.05
Others,18,Bhubaneswar,MANMATH KUMAR ROUTRAY,Biju Janata Dal,Odisha,,0.05 Cr,477367,1,44.11
Others,4,GUNA,MANMOHAN,Independent,Madhya Pradesh,1,0.00 Cr,1149,1,0.08
Others,32,Arrah,MANMOHAN SINGH,Rashtrawadi Janlok Party (Satya),Bihar,,0.00 Cr,2097,1,0.19
Others,9,Narsapuram,MANNE LEELA RAMA NARENDRA,Pyramid Party of India,Andhra Pradesh,,0.00 Cr,930,1,0.08
Others,11,Mahbubnagar,MANNE SRINIVAS REDDY,Bharat Rashtra Samithi,Telangana,,0.02 Cr,154792,1,12.62
Others,40,Osmanabad,MANOHAR ANANDRAO PATIL,Independent,Maharashtra,1,0.00 Cr,1190,1,0.09
Others,7,Amravati,MANOHAR KRUSHNAJI KURHADE,Independent,Maharashtra,1,0.00 Cr,871,1,0.07
Others,36,Shirur,MANOHAR MAHADU WADEKAR,Independent,Maharashtra,1,0.00 Cr,28330,1,2.06
Others,48,Hatkanangale,MANOHAR PRADIP SATPUTE,Independent,Maharashtra,1,0.00 Cr,1066,1,0.08
Others,1,Kasaragod,MANOHARAN K,Independent,Kerala,1,0.00 Cr,804,1,0.07
Others,35,Baramati,MANOJ BALASAHEB RASAL,Independent,Maharashtra,1,0.00 Cr,2610,1,0.18
Others,5,KARNAL,MANOJ BANSAL,Independent,Haryana,1,0.00 Cr,4004,1,0.3
Others,33,Maval,MANOJ BHASKAR GARBADE,Independent,Maharashtra,1,0.00 Cr,1233,1,0.09
Others,23,Bhiwandi,MANOJ GOVAR TURE,Independent,Maharashtra,1,0.00 Cr,4897,1,0.39
Others,9,Jamshedpur,MANOJ GUPTA,Lokhit Adhikar Party,Jharkhand,,0.00 Cr,2362,1,0.18
Others,2,Dumka,MANOJ HEMBROM,Independent,Jharkhand,1,0.00 Cr,4816,1,0.41
Others,2,North-East Delhi,MANOJ KUMAR,Independent,NCT OF Delhi,1,0.00 Cr,561,1,0.04
Others,4,UDHAMPUR,MANOJ KUMAR,Ekam Sanatan Bharat Dal,Jammu and Kashmir,,0.00 Cr,6834,1,0.61
Others,5,Kodarma,MANOJ KUMAR,Independent,Jharkhand,1,0.00 Cr,28612,1,2.09
Others,8,Ranchi,MANOJ KUMAR,Bahujan Samaj Party,Jharkhand,,0.00 Cr,6427,1,0.44
Others,13,Patiala,MANOJ KUMAR,Independent,Punjab,1,0.00 Cr,674,1,0.06
Others,22,Ujiarpur,MANOJ KUMAR,Janta Raj Vikas Party,Bihar,,0.00 Cr,939,1,0.09
Others,43,Kanpur,MANOJ KUMAR,Independent,Uttar Pradesh,1,0.00 Cr,778,1,0.09
Others,15,Aligarh,MANOJ KUMAR ALIAS MANOJ LODHI,Saman Adhikar Party,Uttar Pradesh,,0.00 Cr,1440,1,0.13
Others,14,Hazaribagh,MANOJ KUMAR BEDIA,Independent,Jharkhand,1,0.00 Cr,2578,1,0.2
Others,3,East Delhi,MANOJ KUMAR GUPTA (SWARAJI),Independent,NCT OF Delhi,1,0.00 Cr,1192,1,0.09
Others,1,Chandni Chowk,MANOJ KUMAR NIGAM,Akhil Bhartiya Sudhar Party,NCT OF Delhi,,0.00 Cr,321,1,0.03
Others,4,New Delhi,MANOJ KUMAR SHARMA,Loktantrik Janshakti Party,NCT OF Delhi,,0.00 Cr,212,1,0.03
Others,15,Aligarh,MANOJ KUMAR SHARMA ADVOCATE,Loktantrik Janshakti Party,Uttar Pradesh,,0.00 Cr,378,1,0.03
Others,28,KHANDWA,MANOJ KUMAR VISHWAMBHARNATH AGRAWAL,Independent,Madhya Pradesh,1,0.00 Cr,4347,1,0.29
Others,34,Pune,MANOJ LAXMAN VETAL,Bhim Sena,Maharashtra,,0.00 Cr,352,1,0.03
Others,14,Yavatmal- Washim,MANOJ MAHADEORAO GEDAM,Independent,Maharashtra,1,0.00 Cr,2794,1,0.23
Others,18,Jalna,MANOJ NEMINATH KOLTE,Independent,Maharashtra,1,0.00 Cr,2737,1,0.2
Others,1,Andaman & Nicobar Islands,MANOJ PAUL,Andaman Nicobar Democratic Congress,Andaman & Nicobar Islands,,0.00 Cr,8254,1,4.08
Others,2,Kairana,MANOJ RANA,Independent,Uttar Pradesh,1,0.00 Cr,1936,1,0.18
Others,27,Mumbai North West,MANOJ SHRAVAN NAYAK,Right to Recall Party,Maharashtra,,0.00 Cr,1149,1,0.12
Others,8,RAIPUR,MANOJ VERMA,Independent,Chhattisgarh,1,0.00 Cr,724,1,0.05
Others,18,Panchmahal,MANOJSINH RANAJITSINH RATHOD,Independent,Gujarat,1,0.00 Cr,4013,1,0.35
Others,8,Ranchi,MANORANJAN BHATTACHARYA,Independent,Jharkhand,1,0.00 Cr,2539,1,0.18
Others,15,Muzaffarpur,MANORANJAN KUMAR,Independent,Bihar,1,0.00 Cr,1598,1,0.14
Others,3,Barpeta,MANORANJAN TALUKDAR,Communist Party of India  (Marxist),Assam,,0.01 Cr,96138,1,5.7
Others,9,Faridkot,MANPREET SHANT,Independent,Punjab,1,0.00 Cr,1377,1,0.14
Others,8,VELLORE,MANSOOR ALI KHAN,Independent,Tamil Nadu,1,0.00 Cr,2804,1,0.25
Others,2,Banaskantha,MANSUNGBHAI MASHRUBHAI PARMAR,Bahujan Samaj Party,Gujarat,,0.00 Cr,9929,1,0.72
Others,6,Gandhinagar,MANSURI SUHANA,Independent,Gujarat,1,0.00 Cr,1453,1,0.11
Others,16,Mavelikkara,MANTHARA VELAYUDHAN,Independent,Kerala,1,0.00 Cr,929,1,0.1
Others,41,Bolpur,MANTU DHIBAR,Hindustan Shakti Sena,West Bengal,,0.00 Cr,2052,1,0.13
Others,8,Jajpur,MANTU SETHI,Janta Darbar Party,Odisha,,0.00 Cr,956,1,0.08
Others,3,Muzaffarnagar,MANUJ VERMA,Independent,Uttar Pradesh,1,0.00 Cr,340,1,0.03
Others,11,Machilipatnam,MARADANI K R SWAMY,Jai Maha Bharath Party,Andhra Pradesh,,0.00 Cr,2214,1,0.17
Others,13,Nalgonda,MARAM VENKAT REDDY,Independent,Telangana,1,0.00 Cr,5967,1,0.46
Others,11,Katihar,MARANG HANSADA,Peoples Party of India (Democratic),Bihar,,0.00 Cr,5889,1,0.5
Others,3,Karimnagar,MAREPALLI MOGILAIAH,Bahujan Samaj Party,Telangana,,0.00 Cr,8109,1,0.62
Others,6,Medak,MAREPALLY LAXMINARAYANA,Independent,Telangana,1,0.00 Cr,1414,1,0.1
Others,39,KANNIYAKUMARI,MARIA JENNIFER CLARA MICHAEL,Naam Tamilar Katchi,Tamil Nadu,,0.01 Cr,52721,1,5.12
Others,12,Lohardaga,MARIANUS TIGGA,Independent,Jharkhand,1,0.00 Cr,9131,1,0.94
Others,34,VIRUDHUNAGAR,MARIEESWARI M,Independent,Tamil Nadu,1,0.00 Cr,1110,1,0.1
Others,34,VIRUDHUNAGAR,MARISELVAM S,All India People Development Party,Tamil Nadu,,0.00 Cr,711,1,0.07
Others,3,Vizianagaram,MARISERLA KRISHNAMURTHY NAIDU,Independent,Andhra Pradesh,1,0.00 Cr,1629,1,0.13
Others,1,Rajmahal,MARIYAM MARANDI,Bahujan Samaj Party,Jharkhand,,0.00 Cr,8259,1,0.68
Others,11,Mahbubnagar,MARLA ANJANEYULU,Jai Swaraj Party,Telangana,,0.00 Cr,1020,1,0.08
Others,8,Wardha,MAROTI GULABRAO UIKE,Gondvana Gantantra Party,Maharashtra,,0.00 Cr,4672,1,0.43
Others,13,Nalgonda,MARRI NEHEMIAH,Independent,Telangana,1,0.00 Cr,1662,1,0.13
Others,36,Bankura,MARSHAL TUDU,Independent,West Bengal,1,0.00 Cr,6717,1,0.46
Others,45,Satara,MARUTI DHONDIRAM JANKAR,Independent,Maharashtra,1,0.00 Cr,3951,1,0.33
Others,46,Ratnagiri- Sindhudurg,MARUTI RAMACHANDRA JOSHI,Vanchit Bahujan  Aaghadi,Maharashtra,,0.00 Cr,10039,1,1.1
Others,69,Azamgarh,MASHHOD SABEEHA ANSARI,Bahujan Samaj Party,Uttar Pradesh,,0.02 Cr,179839,1,17.05
Others,2,Amritsar,MASTER HARJINDER PAL,Independent,Punjab,1,0.00 Cr,1358,1,0.15
Others,9,SATNA,MASTER JI AJIT KUMAR JAYSWAL,Peoples Party of India (Democratic),Madhya Pradesh,,0.00 Cr,1891,1,0.18
Others,4,Jalandhar,MASTER PARSHOTAM LAL BILGA,Communist Party of India  (Marxist),Punjab,,0.00 Cr,5958,1,0.6
Others,7,ROHTAK,MASTER RANDHIR SINGH,Independent,Haryana,1,0.00 Cr,269,1,0.02
Others,4,HISAR,MASTER VIJENDER JITPURA,Socialist Unity Centre Of India (COMMUNIST),Haryana,,0.00 Cr,657,1,0.06
Others,31,Mumbai South,MATEEN AHMED RANGREJ,Independent,Maharashtra,1,0.00 Cr,267,1,0.03
Others,7,Amalapuram (SC),MATHA KRISHNA,Pyramid Party of India,Andhra Pradesh,,0.00 Cr,719,1,0.06
Others,2,CHENNAI NORTH,MATHANKUMAR. G,Independent,Tamil Nadu,1,0.00 Cr,390,1,0.04
Others,3,Barpeta,MATIAR RAHMAN,Independent,Assam,1,0.00 Cr,7935,1,0.47
Others,6,Gandhinagar,MAURYA SUMITRA DEVNARIAN,Prajatantra Aadhar Party,Gujarat,,0.00 Cr,1217,1,0.09
Others,17,Dakshina Kannada,MAXIM PINTO,Independent,Karnataka,1,0.00 Cr,1690,1,0.12
Others,34,VIRUDHUNAGAR,MAYAK KANNAN,Independent,Tamil Nadu,1,0.00 Cr,2751,1,0.26
Others,24,Rajampet,MAYANA MOHAMMED SALMAN KHAN,Liberation Congress Party,Andhra Pradesh,,0.00 Cr,1071,1,0.08
Others,48,Banda,MAYANK DWIVEDI,Bahujan Samaj Party,Uttar Pradesh,,0.02 Cr,245745,1,23.54
Others,14,KALLAKURICHI,MAYILAMPARAI MARI A,Independent,Tamil Nadu,1,0.00 Cr,2892,1,0.23
Others,5,Raiganj,MD ABRAHIM HOQUE,Independent,West Bengal,1,0.00 Cr,1763,1,0.13
Others,18,Basirhat,MD ABUL KALAM MOLLA,Bahujan Samaj Party,West Bengal,,0.00 Cr,4464,1,0.29
Others,4,Chatra,MD ABUZAR KHAN,Independent,Jharkhand,1,0.00 Cr,5823,1,0.54
Others,31,Kanthi,MD AHAMADULLAH KHAN,Independent,West Bengal,1,0.00 Cr,586,1,0.04
Others,6,Giridih,MD AINUL ANSARI,Bahujan Mukti Party,Jharkhand,,0.00 Cr,6939,1,0.55
Others,13,Madhepura,MD ARSHAD HUSSAIN,Bahujan Samaj Party,Bihar,,0.00 Cr,12991,1,1.07
Others,9,Jangipur,MD ASADUL BISWAS,Independent,West Bengal,1,0.00 Cr,1340,1,0.1
Others,31,Patliputra,MD FAROOQUE RAZA,All India Majlis-E-Ittehadul Muslimeen,Bihar,,0.00 Cr,4023,1,0.33
Others,7,Maldaha Uttar,MD FARUQUE HOSSAIN,Independent,West Bengal,1,0.00 Cr,3375,1,0.24
Others,9,Araria,MD GHOUSUL AZAM,Bahujan Samaj Party,Bihar,,0.00 Cr,12690,1,1.01
Others,10,Kishanganj,MD GUFRAN JAMALI,Independent,Bihar,1,0.00 Cr,9993,1,0.87
Others,15,Muzaffarpur,MD HAIDAR,Independent,Bihar,1,0.00 Cr,3897,1,0.35
Others,15,Barrackpur,MD JAMIR HOSSAIN,All India Secular Front,West Bengal,,0.00 Cr,18806,1,1.65
Others,8,Secunderabad,MD KHALEEL UZ ZAMA,Independent,Telangana,1,0.00 Cr,111,1,0.01
Others,8,Maldaha Dakshin,MD MONIRUL HASAN,Jamat-E-Seratul Mustakim,West Bengal,,0.00 Cr,741,1,0.05
Others,1,Chandni Chowk,MD NAZIR,Aman Samaj Party,NCT OF Delhi,,0.00 Cr,945,1,0.1
Others,5,Raiganj,MD NAZIR AKHTAR,Independent,West Bengal,1,0.00 Cr,6005,1,0.44
Others,8,Maldaha Dakshin,MD NUR ISLAM SEKH,Rashtriya Secular Majlis Party,West Bengal,,0.00 Cr,1136,1,0.08
Others,9,Jangipur,MD SAHABUDDIN,Social Democratic Party Of India,West Bengal,,0.00 Cr,3496,1,0.26
Others,11,Murshidabad,MD SALIM,Communist Party of India  (Marxist),West Bengal,,0.05 Cr,518227,1,33.62
Others,9,Jangipur,MD SARWARUL ISLAM SARKAR,Bahujan Samaj Party,West Bengal,,0.00 Cr,3515,1,0.26
Others,8,Maldaha Dakshin,MD SHAHNAWAJ RAHMATULLAH,Social Democratic Party Of India,West Bengal,,0.00 Cr,2323,1,0.17
Others,24,Begusarai,MD SHAHNAWAZ HASSAN,Independent,Bihar,1,0.00 Cr,6152,1,0.48
Others,7,Maldaha Uttar,MD SOHEL,All India Secular Front,West Bengal,,0.00 Cr,1092,1,0.08
Others,11,Murshidabad,MD TAIEDUL ISLAM,Social Democratic Party Of India,West Bengal,,0.00 Cr,3293,1,0.21
Others,6,Madhubani,MD WAQUAR SIDDIQUI,All India Majlis-E-Ittehadul Muslimeen,Bihar,,0.00 Cr,4498,1,0.44
Others,7,Dhanbad,MD. EKLAK ANSARI,Independent,Jharkhand,1,0.01 Cr,79653,1,5.58
Others,9,Araria,MD. ISMAIL,Bharatiya Momin Front,Bihar,,0.00 Cr,7354,1,0.59
Others,42,Birbhum,MD. JAKIR HOSSAIN,Bharatiya National Janata Dal,West Bengal,,0.00 Cr,2557,1,0.17
Others,8,Maldaha Dakshin,MD. JAMAL SAIKH,Independent,West Bengal,1,0.00 Cr,5386,1,0.39
Others,2,Paschim Champaran,MD. KALAM SAI,Independent,Bihar,1,0.00 Cr,4925,1,0.45
Others,9,Araria,MD. MOBINUL HAQUE,Independent,Bihar,1,0.00 Cr,12008,1,0.96
Others,14,Hazaribagh,MD. MOIN UDDIN AHMAD,Bahujan Samaj Party,Jharkhand,,0.00 Cr,7438,1,0.59
Others,12,Krishnanagar,MD. MUKTAR SHAIKH,Independent,West Bengal,1,0.00 Cr,3294,1,0.23
Others,60,Domariyaganj,MD. NADEEM,Bahujan Samaj Party,Uttar Pradesh,,0.00 Cr,35936,1,3.53
Others,7,Karimganj,MD. NAZRUL ISLAM LASKAR,Independent,Assam,1,0.00 Cr,1382,1,0.12
Others,5,Kodarma,MD. SAGIR,Independent,Jharkhand,1,0.00 Cr,5044,1,0.37
Others,6,Balurghat,MD. SARWARDI,Bhumiputra United Party,West Bengal,,0.00 Cr,1967,1,0.16
Others,14,Hazaribagh,MD. SERAJ,Independent,Jharkhand,1,0.00 Cr,5506,1,0.44
Others,23,Kolkata Dakshin,MD. SHAKIL WARSI,Independent,West Bengal,1,0.00 Cr,504,1,0.04
Others,7,Dhanbad,MD. ZAHIRUDDIN KHAN,Independent,Jharkhand,1,0.00 Cr,6500,1,0.46
Others,19,Dahod,MEDA DEVENDRAKUMAR LAXMANBHAI,Independent,Gujarat,1,0.00 Cr,11075,1,0.99
Others,8,Rajahmundry,MEDA SRINIVASA RAO,Rashtriya Praja Congress  (Secular),Andhra Pradesh,,0.00 Cr,2429,1,0.18
Others,9,Narsapuram,MEDAPATI VENKATA VARAHALA REDDY,Independent,Andhra Pradesh,1,0.00 Cr,5969,1,0.48
Others,6,Raichur,MEDHAR SHAMRAO,Bhartiya Jan Samrat Party,Karnataka,,0.00 Cr,2640,1,0.2
Others,6,Medak,MEDI SRINIVAS REDDI,Independent,Telangana,1,0.00 Cr,793,1,0.06
Others,27,Shahjahanpur,MEENA KASYAP,Independent,Uttar Pradesh,1,0.00 Cr,2061,1,0.17
Others,22,Palghar,MEENA KISHOR BHAD,Independent,Maharashtra,1,0.00 Cr,14235,1,1.03
Others,6,West Delhi,MEENA UJJAINWAL,Peoples Party of India (Democratic),NCT OF Delhi,,0.00 Cr,756,1,0.05
Others,19,Aurangabad,MEENASING AVDHESHSING SING,Independent,Maharashtra,1,0.00 Cr,784,1,0.06
Others,6,Anandpur Sahib,MEGH RAJ,Independent,Punjab,1,0.00 Cr,1430,1,0.13
Others,19,Joynagar,MEGHNATH HALDER,All India Secular Front,West Bengal,,0.01 Cr,65372,1,4.41
Others,21,Hajipur,MEGHNATH PASWAN,Independent,Bihar,1,0.00 Cr,1680,1,0.15
Others,21,CHITTORGARH,MEGHWAL RADHESHYAM,Bahujan Samaj Party,Rajasthan,,0.00 Cr,8613,1,0.57
Others,1,AMBALA,MEHAR SINGH CHALIA,Ekam Sanatan Bharat Dal,Haryana,,0.00 Cr,2397,1,0.18
Others,3,ANANTNAG-RAJOURI,MEHBOOBA MUFTI,Jammu & Kashmir Peoples Democratic Party,Jammu and Kashmir,,0.02 Cr,240042,1,23.39
Others,7,Rampur,MEHMOOD PRACHA,Independent,Uttar Pradesh,1,0.00 Cr,2759,1,0.28
Others,4,UDHAMPUR,MEHRAJ DIN,Independent,Jammu and Kashmir,1,0.00 Cr,9082,1,0.82
Others,1,BARAMULLA,MEHRAJ UDDIN NAJAR,Independent,Jammu and Kashmir,1,0.00 Cr,2570,1,0.25
Others,9,Faridkot,MEJOR SINGH BHATTI,Jan Sewa Driver Party,Punjab,,0.00 Cr,1612,1,0.16
Others,12,Vijayawada,MEKA VENKATESWARA RAO,Bahujan Samaj Party,Andhra Pradesh,,0.00 Cr,2233,1,0.16
Others,2,Peddapalle,MEKALA AKSHAY KUMAR,Independent,Telangana,1,0.00 Cr,1902,1,0.17
Others,9,Hyderabad,MEKALA RAGHUMA REDDY,Yuga Thulasi Party,Telangana,,0.00 Cr,2232,1,0.21
Others,15,Warangal,MEKALA SUMAN,Dharma Samaj Party,Telangana,,0.00 Cr,4038,1,0.32
Others,15,Bapatla (SC),MERUGUPALA SADASIVA RAO,India Praja Bandhu Party,Andhra Pradesh,,0.00 Cr,673,1,0.05
Others,1,Adilabad,MESRAM JANGUBAPU,Bahujan Samaj Party,Telangana,,0.00 Cr,6744,1,0.55
Others,4,Visakhapatnam,METTA RAMA RAO,Independent,Andhra Pradesh,1,0.00 Cr,326,1,0.02
Others,19,Joynagar,MILAN NASKAR,Independent,West Bengal,1,0.00 Cr,2136,1,0.14
Others,1,Tripura West,MILAN PADA MURASING,Independent,Tripura,1,0.00 Cr,6652,1,0.55
Others,1,North Goa,MILAN R VAINGANKAR,Bahujan Samaj Party,Goa,,0.00 Cr,1625,1,0.36
Others,23,Bhiwandi,MILIND KASHINATH KAMBLE,Independent,Maharashtra,1,0.00 Cr,1861,1,0.15
Others,13,Chandrapur,MILIND PRALHAD DAHIWALE,Independent,Maharashtra,1,0.00 Cr,1761,1,0.14
Others,35,Baramati,MILIND VITTHAL SHINDE,Independent,Maharashtra,1,0.00 Cr,1099,1,0.08
Others,3,JANJGIR-CHAMPA,MINA CHAUHAN,Independent,Chhattisgarh,1,0.00 Cr,2931,1,0.21
Others,14,Cuttack,MINATI PATNAIK,Samruddha Odisha,Odisha,,0.00 Cr,1251,1,0.11
Others,36,Jahanabad,MINTA DEVI,Independent,Bihar,1,0.00 Cr,16123,1,1.74
Others,8,Ranchi,MINTU PASWAN,Socialist Unity Centre Of India (COMMUNIST),Jharkhand,,0.00 Cr,2164,1,0.15
Others,1,BARAMULLA,MIR MOHAMMAD FAYAZ,Jammu & Kashmir Peoples Democratic Party,Jammu and Kashmir,,0.00 Cr,27488,1,2.66
Others,39,Bardhaman-Durgapur,MIR SAKIMUDDIN,The National Road Map Party of India,West Bengal,,0.00 Cr,2418,1,0.16
Others,18,Basirhat,MIRAZ MOLLA,Independent,West Bengal,1,0.00 Cr,5902,1,0.39
Others,22,Bharuch,MIRZA AABIDBEG YASINBEG,Independent,Gujarat,1,0.00 Cr,2050,1,0.17
Others,2,SRINAGAR,MIRZA SAJAD HUSSAIN BEIGH,Independent,Jammu and Kashmir,1,0.00 Cr,1064,1,0.16
Others,24,Kolkata Uttar,MISBAHUS SALAM,Independent,West Bengal,1,0.00 Cr,981,1,0.1
Others,3,SIRSA,MISTRI DAULAT RAM ROLAN,Peoples Party of India (Democratic),Haryana,,0.00 Cr,3061,1,0.23
Others,22,Bharuch,MITESHBHAI THAKORBHAI PADHIYAR,Independent,Gujarat,1,0.00 Cr,2459,1,0.21
Others,53,Barabanki,MITHALESH KUMARI,Independent,Uttar Pradesh,1,0.00 Cr,2321,1,0.18
Others,14,Darbhanga,MITHILESH MAHTO,Independent,Bihar,1,0.00 Cr,6992,1,0.68
Others,62,Sant Kabir Nagar,MITRASEN,Independent,Uttar Pradesh,1,0.00 Cr,2544,1,0.23
Others,35,Lucknow,MO AHMAD URF RINKU,Social Democratic Party Of India,Uttar Pradesh,,0.00 Cr,3255,1,0.29
Others,6,Moradabad,MO IRFAN,Bahujan Samaj Party,Uttar Pradesh,,0.01 Cr,92313,1,7.19
Others,63,Maharajganj,MO MAUSME ALAM,Bahujan Samaj Party,Uttar Pradesh,,0.00 Cr,32955,1,2.72
Others,36,Rae Bareli,MO MOBIN,Apna Dal (Kamerawadi),Uttar Pradesh,,0.00 Cr,2174,1,0.21
Others,8,RAIPUR,MO. AMIN,Bhrashtachar Mukti Morcha,Chhattisgarh,,0.00 Cr,766,1,0.05
Others,8,RAIPUR,MO. IMRAN KHAN,Independent,Chhattisgarh,1,0.00 Cr,467,1,0.03
Others,30,Sitapur,MO. KASHIF ANSARI,Apna Dal (Kamerawadi),Uttar Pradesh,,0.00 Cr,7586,1,0.69
Others,8,RAIPUR,MO. NASIR,Independent,Chhattisgarh,1,0.00 Cr,254,1,0.02
Others,24,Kalyan,MO. SAHABUDDIN SHAIKH SULEMANI THAKUR,Vanchit Bahujan  Aaghadi,Maharashtra,,0.00 Cr,18741,1,1.79
Others,25,Bangalore central,MODI SAIFULLA,Independent,Karnataka,1,0.00 Cr,695,1,0.05
Others,26,Uluberia,MOFIKUL ISLAM,All India Secular Front,West Bengal,,0.00 Cr,38991,1,2.8
Others,4,Nizamabad,MOGILI RAJKUMAR,India Praja Bandhu Party,Telangana,,0.00 Cr,830,1,0.07
Others,5,SAGAR,MOHAMAD AARIF MAKRANI,Independent,Madhya Pradesh,1,0.00 Cr,2888,1,0.25
Others,3,ANANTNAG-RAJOURI,MOHAMAD SALEEM PARAY,Democratic Progressive Azad Party,Jammu and Kashmir,,0.00 Cr,25561,1,2.49
Others,20,Saran,MOHAMAD SALIM,Independent,Bihar,1,0.00 Cr,3151,1,0.31
Others,13,Davanagere,MOHAMED HAYATH.M,Independent,Karnataka,1,0.00 Cr,722,1,0.05
Others,22,DINDIGUL,MOHAMED MUBARAK M A,All India Anna Dravida Munnetra Kazhagam,Tamil Nadu,,0.02 Cr,226328,1,19.69
Others,23,KARUR,MOHAMED NAZEEM. S,Independent,Tamil Nadu,1,0.00 Cr,938,1,0.08
Others,2,Dhule,MOHAMMAD AAMEEN MOHAMMAD FARUQUE,Independent,Maharashtra,1,0.00 Cr,835,1,0.07
Others,3,Purvi Champaran,MOHAMMAD AJMER ALAM,Independent,Bihar,1,0.00 Cr,13047,1,1.22
Others,24,Aonla,MOHAMMAD AMIR KHAN,Bharat Jodo Party,Uttar Pradesh,,0.00 Cr,2355,1,0.22
Others,15,Muzaffarpur,MOHAMMAD ANZARUL HASAN,All India Majlis-E-Ittehadul Muslimeen,Bihar,,0.00 Cr,4131,1,0.37
Others,28,Mumbai North East,MOHAMMAD ARMAN MOHAMMAD WASI KHAN,Rashtriya Janhit Sangharsh Party,Maharashtra,,0.00 Cr,1090,1,0.12
Others,19,BHOPAL,MOHAMMAD ASHRAF,Independent,Madhya Pradesh,1,0.00 Cr,778,1,0.05
Others,2,SRINAGAR,MOHAMMAD ASHRAF MIR,Jammu and Kashmir Apni Party,Jammu and Kashmir,,0.01 Cr,65954,1,9.77
Others,38,Sultanpur,MOHAMMAD ASIF,Independent,Uttar Pradesh,1,0.00 Cr,3387,1,0.33
Others,23,Bangalore Rural,MOHAMMAD DASTAGEER,Young Star Empowerment Party,Karnataka,,0.00 Cr,486,1,0.03
Others,7,Dhanbad,MOHAMMAD FAISHAL KHAN,Independent,Jharkhand,1,0.00 Cr,1996,1,0.14
Others,25,Navsari,MOHAMMAD HANIF SHAH,Garib Kalyan Party,Gujarat,,0.00 Cr,1097,1,0.08
Others,5,Buldhana,MOHAMMAD HASAN INAMDAR,Minorities Democratic Party,Maharashtra,,0.00 Cr,4978,1,0.45
Others,8,KHAJURAHO,MOHAMMAD IMRAN,Rashtriya Jansambhavna Party,Madhya Pradesh,,0.00 Cr,17873,1,1.57
Others,3,East Delhi,MOHAMMAD IRFAN,Independent,NCT OF Delhi,1,0.00 Cr,583,1,0.05
Others,22,Etah,MOHAMMAD IRFAN ADVOCATE,Bahujan Samaj Party,Uttar Pradesh,,0.01 Cr,71585,1,7.08
Others,2,Dhule,MOHAMMAD ISMAIL JUMMAN,Independent,Maharashtra,1,0.00 Cr,1085,1,0.09
Others,4,GUNA,MOHAMMAD JAVED ANSARI,Rashtriya Jansena Party,Madhya Pradesh,,0.00 Cr,983,1,0.07
Others,10,Kishanganj,MOHAMMAD KAUSAR PERWEZ,Independent,Bihar,1,0.00 Cr,3525,1,0.31
Others,13,Guntur,MOHAMMAD KHAJA MOINUDDIN CHISTI PASHA,Andhra Pradesh Rashtra Samithi,Andhra Pradesh,,0.00 Cr,358,1,0.03
Others,4,Sheohar,MOHAMMAD MAHTAB ALAM,Samaj Shakti Party,Bihar,,0.00 Cr,4871,1,0.46
Others,3,ANANTNAG-RAJOURI,MOHAMMAD MAQBOOL TELI,Garib Democratic Party,Jammu and Kashmir,,0.00 Cr,2748,1,0.27
Others,10,Chevella,MOHAMMAD PASHA,Independent,Telangana,1,0.00 Cr,628,1,0.04
Others,10,Chevella,MOHAMMAD RIAZUR REHMAN SHAIK,Independent,Telangana,1,0.00 Cr,285,1,0.02
Others,35,Lucknow,MOHAMMAD SARWAR MALIK,Bahujan Samaj Party,Uttar Pradesh,,0.00 Cr,30192,1,2.66
Others,2,Paschim Champaran,MOHAMMAD SOAIB,Independent,Bihar,1,0.00 Cr,8994,1,0.83
Others,1,BARAMULLA,MOHAMMAD SULTAN GANAIE,Independent,Jammu and Kashmir,1,0.00 Cr,4063,1,0.39
Others,7,Dhanbad,MOHAMMAD TAFAZUL HUSSAIN,Independent,Jharkhand,1,0.00 Cr,681,1,0.05
Others,21,CHITTORGARH,MOHAMMAD WAHID KHAN,Pehchan People’s Party,Rajasthan,,0.00 Cr,1228,1,0.08
Others,37,Aurangabad,MOHAMMAD WALIULLAH KHAN,Independent,Bihar,1,0.00 Cr,6604,1,0.7
Others,24,Kalyan,MOHAMMAD YUSUF KHAN,Independent,Maharashtra,1,0.00 Cr,653,1,0.06
Others,8,Secunderabad,MOHAMMED ABDUL AZEEM,Independent,Telangana,1,0.00 Cr,221,1,0.02
Others,10,Chevella,MOHAMMED ABDUL QAVI ABBASI,All India Majlis-E-Inquilab-E-Millat,Telangana,,0.00 Cr,635,1,0.04
Others,10,Chevella,MOHAMMED AFSAR QUDOOS,Independent,Telangana,1,0.00 Cr,179,1,0.01
Others,28,Mumbai North East,MOHAMMED AHMED SHAIKH,Independent,Maharashtra,1,0.00 Cr,1294,1,0.14
Others,8,Secunderabad,MOHAMMED AKRAM ALI KHAN,Independent,Telangana,1,0.00 Cr,597,1,0.06
Others,10,Chevella,MOHAMMED ALI,Independent,Telangana,1,0.00 Cr,248,1,0.01
Others,8,Secunderabad,MOHAMMED AYUB ALI,Anna YSR Congress Party,Telangana,,0.00 Cr,410,1,0.04
Others,2,Dhubri,MOHAMMED BADRUDDIN AJMAL,All India United Democratic Front,Assam,,0.05 Cr,459409,1,18.72
Others,8,Secunderabad,MOHAMMED FASI UDDIN,Independent,Telangana,1,0.00 Cr,342,1,0.03
Others,8,Secunderabad,MOHAMMED IBRAHIM AHMED,Independent,Telangana,1,0.00 Cr,242,1,0.02
Others,10,Chevella,MOHAMMED IQBAL,Independent,Telangana,1,0.00 Cr,494,1,0.03
Others,11,Dharwad,MOHAMMED ISMAIL MUKTI,Bharatiya Prajagala Kalyana Paksha,Karnataka,,0.00 Cr,317,1,0.02
Others,31,Mumbai South,MOHAMMED MAHTAB SHAIKH,Independent,Maharashtra,1,0.00 Cr,458,1,0.06
Others,10,Chevella,MOHAMMED MUSTAFA RIZWAN,Independent,Telangana,1,0.00 Cr,301,1,0.02
Others,8,Secunderabad,MOHAMMED RAFIUDDIN KALEEM,All India Majlis-E-Inquilab-E-Millat,Telangana,,0.00 Cr,484,1,0.05
Others,10,Chevella,MOHAMMED SALEEM,Rashtriya Praja Congress  (Secular),Telangana,,0.00 Cr,2373,1,0.14
Others,31,Mumbai South,MOHAMMED SHUAIB BASHIR KHATEEB,Bahujan Samaj Party,Maharashtra,,0.00 Cr,4478,1,0.58
Others,14,Shimoga,MOHAMMED YUSUF KHAN,Young Star Empowerment Party,Karnataka,,0.00 Cr,404,1,0.03
Others,6,Gandhinagar,MOHAMMEDANISH DESAI,Bahujan Samaj Party,Gujarat,,0.00 Cr,7394,1,0.56
Others,4,GUNA,MOHAN,Independent,Madhya Pradesh,1,0.00 Cr,1886,1,0.14
Others,16,Ongole,MOHAN GOUD J V,Independent,Andhra Pradesh,1,0.00 Cr,1447,1,0.1
Others,1,Chikkodi,MOHAN GURAPPA MOTANNAVAR,Independent,Karnataka,1,0.00 Cr,946,1,0.07
Others,22,Ujiarpur,MOHAN KUMAR MAURYA,Bahujan Samaj Party,Bihar,,0.00 Cr,7101,1,0.68
Others,17,Barasat,MOHAN LAL ADHIKARY,Independent,West Bengal,1,0.00 Cr,1864,1,0.12
Others,11,DAUSA,MOHAN LAL MEENA,Independent,Rajasthan,1,0.00 Cr,2178,1,0.2
Others,15,BALAGHAT,MOHAN RAUT,Rashtravadi Bharat Party,Madhya Pradesh,,0.00 Cr,3542,1,0.26
Others,6,Madhubani,MOHAN SHARMA,Rashtriya Jansambhavna Party,Bihar,,0.00 Cr,4464,1,0.43
Others,7,Dhanbad,MOHAN SINGH,Bahujan Samaj Party,Jharkhand,,0.00 Cr,5639,1,0.39
Others,10,Firozpur,MOHAN SINGH,Independent,Punjab,1,0.00 Cr,1078,1,0.1
Others,5,Haridwar,MOHAN SINGH ASWAL,Uttarakhand Kranti Dal,Uttarakhand,,0.00 Cr,2854,1,0.22
Others,8,Rajahmundry,MOHANARAO SINGULURI,Jai Bharat National Party,Andhra Pradesh,,0.00 Cr,2833,1,0.21
Others,11,TIRUVANNAMALAI,"MOHANRAJA,  V.M.",Bahujan Samaj Party,Tamil Nadu,,0.00 Cr,2637,1,0.23
Others,24,RATLAM,MOHANSINGH NINGWAL,Bhartiya Samajik Party,Madhya Pradesh,,0.00 Cr,4507,1,0.29
Others,1,AMBALA,MOHAR SINGH STATION MASTER (RETD.),Independent,Haryana,1,0.00 Cr,1263,1,0.09
Others,11,Mahbubnagar,MOHD ALAUDDIN,Bahujan Samaj Party,Telangana,,0.00 Cr,3077,1,0.25
Others,4,UDHAMPUR,MOHD ALI GUJJAR,Independent,Jammu and Kashmir,1,0.00 Cr,7158,1,0.64
Others,6,Medak,MOHD AZHER,Independent,Telangana,1,0.00 Cr,416,1,0.03
Others,1,Chandni Chowk,MOHD HAMID,Bharatheeya Jawan Kisan Party,NCT OF Delhi,,0.00 Cr,189,1,0.02
Others,37,Amethi,MOHD HASAN LAHRI,Rashtriya Narayanwadi Vikas Party,Uttar Pradesh,,0.00 Cr,1527,1,0.16
Others,1,Saharanpur,MOHD INAM,Akhil Bhartiya Parivar Party,Uttar Pradesh,,0.00 Cr,5400,1,0.44
Others,6,Moradabad,MOHD JAMSHED,Independent,Uttar Pradesh,1,0.00 Cr,1719,1,0.13
Others,2,Kairana,MOHD KADIR,Independent,Uttar Pradesh,1,0.00 Cr,442,1,0.04
Others,8,Supaul,MOHD KALIM KHAN,Rashtriya Jansambhavna Party,Bihar,,0.00 Cr,14078,1,1.14
Others,25,Bareilly,MOHD NAJIM ALI,Bharat Jodo Party,Uttar Pradesh,,0.00 Cr,633,1,0.06
Others,5,Zahirabad,MOHD SADDAM,Independent,Telangana,1,0.00 Cr,1568,1,0.13
Others,10,Chevella,MOHD SHAKEEL,Desh Janhit Party,Telangana,,0.00 Cr,1647,1,0.1
Others,8,Sambhal,MOHD WASEEM SO MOHD FAREED,Independent,Uttar Pradesh,1,0.00 Cr,2077,1,0.17
Others,2,SRINAGAR,MOHD YOUSUF BHAT,Gana Suraksha Party,Jammu and Kashmir,,0.00 Cr,1898,1,0.28
Others,23,Bhiwandi,MOHD. KALEEM ANSARI,Peoples Party of India (Democratic),Maharashtra,,0.00 Cr,937,1,0.07
Others,13,Gautam Buddha Nagar,MOHD. MUMTAJ AALAM,Independent,Uttar Pradesh,1,0.00 Cr,2821,1,0.2
Others,31,Mumbai South,MOHD. NAEEM SHAIKH,Aim Political Party,Maharashtra,,0.00 Cr,1715,1,0.22
Others,16,CHHINDWARA,MOHD. PARVEZ QURESHI,Independent,Madhya Pradesh,1,0.00 Cr,3828,1,0.29
Others,7,Bidar,MOHD. SHAFEEQ UR RAHAMAN,All India Ulama Congress,Karnataka,,0.00 Cr,1694,1,0.14
Others,4,Bijnor,MOHD. SHAHJAD,Independent,Uttar Pradesh,1,0.00 Cr,2347,1,0.23
Others,3,East Delhi,MOHD. WAQAR CHOUDHARY,Bahujan Samaj Party,NCT OF Delhi,,0.00 Cr,9197,1,0.73
Others,4,Jalandhar,MOHINDER SINGH KAYPEE,Shiromani Akali Dal,Punjab,,0.01 Cr,67911,1,6.87
Others,48,Hatkanangale,MOHITE DEVENDRA NANA,Independent,Maharashtra,1,0.00 Cr,560,1,0.04
Others,27,Chikkballapur,MOHITH NARASIMHAMURTHY,Independent,Karnataka,1,0.00 Cr,1229,1,0.08
Others,30,Tamluk,MOHIUDDIN AHMED MAHI,All India Secular Front,West Bengal,,0.00 Cr,12339,1,0.78
Others,1,Ladakh,MOHMAD HANEEFA,Independent,Ladakh,1,0.01 Cr,65259,1,48.15
Others,6,Akola,MOHMMAD AJAZ MOHMMAD TAHER,Azad Adhikar Sena,Maharashtra,,0.00 Cr,568,1,0.05
Others,26,Pilibhit,MOHMMAD SHAHID HUSAIN,Independent,Uttar Pradesh,1,0.00 Cr,1846,1,0.16
Others,12,ARANI,MOHMMAD SIDDIQ M H,Independent,Tamil Nadu,1,0.00 Cr,528,1,0.05
Others,39,Pratapgarh,MOHRAM ALI,Independent,Uttar Pradesh,1,0.00 Cr,503,1,0.05
Others,24,KOTA,MOINUDDIN,Independent,Rajasthan,1,0.00 Cr,1860,1,0.12
Others,1,Inner Manipur,MOIRANGTHEM TOTOMSHANA NONGSHABA,Independent,Manipur,1,0.00 Cr,4881,1,0.61
Others,16,Mahabubabad,MOKALLA MURALIKRISHNA,Independent,Telangana,1,0.00 Cr,4062,1,0.37
Others,2,Peddapalle,MOLUGU VENKATESH,New India Party,Telangana,,0.00 Cr,2269,1,0.21
Others,7,Maldaha Uttar,MONATAN HEMBRAM,Independent,West Bengal,1,0.00 Cr,7933,1,0.56
Others,17,Mathura,MONI FALHARI BAPU,Independent,Uttar Pradesh,1,0.00 Cr,1326,1,0.14
Others,7,Maldaha Uttar,MONJU HEMBROM,Independent,West Bengal,1,0.00 Cr,3538,1,0.25
Others,52,Allahabad,MOOLNIWASI HEMRAJ SINGH,Peoples Party of India (Democratic),Uttar Pradesh,,0.00 Cr,2355,1,0.25
Others,16,NAMAKKAL,MOORTHI J,Independent,Tamil Nadu,1,0.00 Cr,389,1,0.03
Others,16,NAMAKKAL,MOORTHY V,Independent,Tamil Nadu,1,0.00 Cr,222,1,0.02
Others,2,CHENNAI NORTH,MOORTHY. V,Independent,Tamil Nadu,1,0.00 Cr,3137,1,0.35
Others,43,Madha,MORE ROHIT RAMKRUSHNA,Independent,Maharashtra,1,0.00 Cr,671,1,0.05
Others,2,Peddapalle,MOTHE NARESH,Peoples Party of India (Democratic),Telangana,,0.00 Cr,5007,1,0.46
Others,15,Warangal,MOTHKUPELLY PRABHAKAR,Independent,Telangana,1,0.00 Cr,819,1,0.06
Others,18,JALORE,MOTI LAL,Aazad Samaj Party (Kanshi Ram),Rajasthan,,0.00 Cr,4586,1,0.32
Others,23,BHILWARA,MOTILAL SINGHANIA,Independent,Rajasthan,1,0.00 Cr,3887,1,0.3
Others,7,Malkajgiri,MOUTAM SAMPATH,Independent,Telangana,1,0.00 Cr,1137,1,0.06
Others,6,Balurghat,MOZAMMEL HAQUE,All India Secular Front,West Bengal,,0.00 Cr,2268,1,0.18
Others,8,VELLORE,MP SHANMUGAM,Independent,Tamil Nadu,1,0.00 Cr,868,1,0.08
Others,1,North Goa,MR SAKHARAM NAIK,Akhil Bhartiya Parivar Party,Goa,,0.00 Cr,1417,1,0.31
Others,23,Kolkata Dakshin,MRIDUL OJHA,Independent,West Bengal,1,0.00 Cr,862,1,0.07
Others,28,Hooghly,MRINAL KANTI DAS,Independent,West Bengal,1,0.00 Cr,1398,1,0.09
Others,31,Patliputra,MRITUNJAY KUMAR,Bhagidari Party(P),Bihar,,0.00 Cr,3483,1,0.28
Others,39,Beed,MUBEEN ZUBERI ZAHEER UL AFAQUE,Independent,Maharashtra,1,0.00 Cr,676,1,0.04
Others,1,BARAMULLA,MUDASIR AHMAD TANTARY,Independent,Jammu and Kashmir,1,0.00 Cr,3218,1,0.31
Others,11,Mahbubnagar,MUDAVATH BALARAJU NAIK,Independent,Telangana,1,0.00 Cr,183,1,0.01
Others,19,BHOPAL,MUDIT BHATNAGAR,Socialist Unity Centre Of India (COMMUNIST),Madhya Pradesh,,0.00 Cr,540,1,0.04
Others,19,BHOPAL,MUDIT CHAURASIA,Akhil Bhartiya Aarakshit Samaj Party,Madhya Pradesh,,0.00 Cr,544,1,0.04
Others,26,INDORE,MUDIT CHAURASIA,Independent,Madhya Pradesh,1,0.00 Cr,2609,1,0.17
Others,33,THENI,MUDIYARASU,All India Youth Development Party,Tamil Nadu,,0.00 Cr,1094,1,0.1
Others,16,Vaishali,MUHAMAD AVAS,Independent,Bihar,1,0.00 Cr,3758,1,0.32
Others,58,Shrawasti,MUINUDDIN AHAMAD KHAN URF HAZI DADDAN KHAN,Bahujan Samaj Party,Uttar Pradesh,,0.01 Cr,56251,1,5.38
Others,10,Kishanganj,MUJAHID ALAM,Janata Dal  (United),Bihar,,0.03 Cr,343158,1,29.81
Others,9,Amroha,MUJAHID HUSAIN,Bahujan Samaj Party,Uttar Pradesh,,0.02 Cr,164099,1,14.77
Others,23,Samastipur,MUKESH CHAUPAL,Independent,Bihar,1,0.00 Cr,5579,1,0.51
Others,13,AJMER,MUKESH GENA,Bharatiya Yuva Jan Ekta Party,Rajasthan,,0.00 Cr,3196,1,0.27
Others,41,Latur,MUKESH GOVINDRAO GHODAKE,Independent,Maharashtra,1,0.00 Cr,525,1,0.04
Others,25,Thane,MUKESH KAILASNATH TIWARI,Bhim Sena,Maharashtra,,0.00 Cr,2522,1,0.19
Others,15,Muzaffarpur,MUKESH KUMAR,Independent,Bihar,1,0.00 Cr,3225,1,0.29
Others,26,Bhagalpur,MUKESH KUMAR,Akhil Bhartiya Parivar Party,Bihar,,0.00 Cr,3681,1,0.35
Others,28,Kheri,MUKESH KUMAR  (BHARTI),Rashtriya Vikalp Party,Uttar Pradesh,,0.00 Cr,1269,1,0.1
Others,9,MAHASAMUND,MUKESH KUMAR AGRAWAL,Independent,Chhattisgarh,1,0.00 Cr,3691,1,0.28
Others,3,Godda,MUKESH KUMAR JHA,Independent,Jharkhand,1,0.00 Cr,7366,1,0.53
Others,11,Baghpat,MUKESH KUMAR SHARMA,Azad Adhikar Sena,Uttar Pradesh,,0.00 Cr,5523,1,0.59
Others,33,Maval,MUKESH MANOHAR AGARWAL,Independent,Maharashtra,1,0.00 Cr,547,1,0.04
Others,3,Jalgaon,MUKESH MULCHAND KOLI,Independent,Maharashtra,1,0.00 Cr,3370,1,0.29
Others,18,Jalna,MUKESH PRABHAT RATHOD,Akhil Bhartiya Parivar Party,Maharashtra,,0.00 Cr,2591,1,0.19
Others,2,Garhwal,MUKESH PRAKASH,Independent,Uttarakhand,1,0.00 Cr,3079,1,0.42
Others,15,PALI,MUKESH SAINI,Independent,Rajasthan,1,0.00 Cr,2523,1,0.19
Others,17,HOSHANGABAD,MUKESH YADAV,Independent,Madhya Pradesh,1,0.00 Cr,1588,1,0.13
Others,25,Bangalore central,MUKTHAR ALI KHAN,Karnataka Karmikara Paksha,Karnataka,,0.00 Cr,314,1,0.02
Others,23,Kolkata Dakshin,MUKTI,Right to Recall Party,West Bengal,,0.00 Cr,1544,1,0.12
Others,66,Deoria,MUKTINATH SINGH,Janta Samta Party,Uttar Pradesh,,0.00 Cr,3264,1,0.31
Others,9,Jangipur,MUKTIPADA KONAI,Independent,West Bengal,1,0.00 Cr,5671,1,0.41
Others,38,Bardhaman Purba,MUKUL BISWAS,Bahujan Samaj Party,West Bengal,,0.00 Cr,7631,1,0.51
Others,41,Etawah,MULAYAM SINGH,Independent,Uttar Pradesh,1,0.00 Cr,1708,1,0.17
Others,2,Peddapalle,MULKALLA RAJENDRAPRASAD,Independent,Telangana,1,0.00 Cr,2789,1,0.25
Others,23,Bhiwandi,MUMATAZ ABDULSATTAR ANSARI,Bahujan Samaj Party,Maharashtra,,0.00 Cr,6822,1,0.54
Others,23,Kolkata Dakshin,MUMTAZ ALI,Independent,West Bengal,1,0.00 Cr,1969,1,0.16
Others,3,GWALIOR,MUNESH NAGAR,Vikas India Party,Madhya Pradesh,,0.00 Cr,672,1,0.05
Others,3,Purvi Champaran,MUNESHWAR TIWARI,Independent,Bihar,1,0.00 Cr,4022,1,0.37
Others,2,Alipurduars,MUNIB NARJINARY,Bahujan Samaj Party,West Bengal,,0.00 Cr,6648,1,0.47
Others,36,Jahanabad,MUNILAL YADAV,Independent,Bihar,1,0.00 Cr,13029,1,1.41
Others,1,BARAMULLA,MUNIR AHMAD KHAN,Jammu and Kashmir Nationalist People's Front,Jammu and Kashmir,,0.00 Cr,2019,1,0.2
Others,27,Chikkballapur,MUNIVENKATAPPA M.P,Communist Party of India  (Marxist),Karnataka,,0.00 Cr,4557,1,0.3
Others,29,Nalanda,MUNNA KUMAR,Samajwadi Lok Parishad,Bihar,,0.00 Cr,1880,1,0.16
Others,29,Nalanda,MUNNA KUMAR,Sankhyanupati Bhagidari Party,Bihar,,0.00 Cr,1949,1,0.17
Others,31,Hardoi,MUNNA LAL,Naari Nar Rakshak Party,Uttar Pradesh,,0.00 Cr,1589,1,0.14
Others,26,Mumbai North,MUNNALAL GAJRAJ PRAJAPATI,Independent,Maharashtra,1,0.00 Cr,971,1,0.09
Others,16,Hathras,MUNNALAL JATAV,Independent,Uttar Pradesh,1,0.00 Cr,810,1,0.07
Others,28,KHANDWA,MUNNALAL S/O DHANNALAL TEJI,Bahujan Samaj Party,Madhya Pradesh,,0.00 Cr,11818,1,0.78
Others,2,Dumka,MUNNI HANSDA,Samata Party,Jharkhand,,0.00 Cr,1758,1,0.15
Others,1,Rajmahal,MUNSHI KISKU,Navyug Pragatisheel Morcha,Jharkhand,,0.00 Cr,2779,1,0.23
Others,2,Dhule,MUQEEM MEENA NAGRI,Bhim Sena,Maharashtra,,0.00 Cr,781,1,0.06
Others,15,Alappuzha,MURALEEDHARAN KONCHERILLAM,Bahujan Samaj Party,Kerala,,0.00 Cr,1626,1,0.15
Others,15,SALEM,MURALI S,Bahujan Samaj Party,Tamil Nadu,,0.00 Cr,3372,1,0.26
Others,13,VILUPPURAM,MURALI SANKAR. S,Pattali Makkal Katchi,Tamil Nadu,,0.02 Cr,181882,1,15.78
Others,23,KARUR,MURALI. M,Independent,Tamil Nadu,1,0.00 Cr,417,1,0.04
Others,23,MANDSOUR,MURALIDHAR,Independent,Madhya Pradesh,1,0.00 Cr,2696,1,0.19
Others,3,Vadakara,MURALIDHARAN,Independent,Kerala,1,0.00 Cr,269,1,0.02
Others,67,Bansgaon,MURLI DHAR,Independent,Uttar Pradesh,1,0.00 Cr,1745,1,0.18
Others,6,Akola,MURLIDHAR LALSING PAWAR,Independent,Maharashtra,1,0.00 Cr,2066,1,0.18
Others,19,NILGIRIS,MURUGAN Y,Independent,Tamil Nadu,1,0.00 Cr,1413,1,0.14
Others,3,CHENNAI SOUTH,MURUGAN. P,Independent,Tamil Nadu,1,0.00 Cr,182,1,0.02
Others,25,PERAMBALUR,MURUGANANTHAM T,Independent,Tamil Nadu,1,0.00 Cr,733,1,0.06
Others,19,NILGIRIS,MURUGESAN,Independent,Tamil Nadu,1,0.00 Cr,1059,1,0.1
Others,22,DINDIGUL,MURUGESAN (A) VISHNU MURUGESAN C,Independent,Tamil Nadu,1,0.00 Cr,2008,1,0.17
Others,14,KALLAKURICHI,MURUGESAN M,Independent,Tamil Nadu,1,0.00 Cr,2225,1,0.18
Others,12,ARANI,"MURUGESAN, D.",Independent,Tamil Nadu,1,0.00 Cr,403,1,0.04
Others,23,KARUR,MURUGESAN. K,Ganasangam Party of India,Tamil Nadu,,0.00 Cr,630,1,0.06
Others,23,KARUR,MURUGESAN. P,Independent,Tamil Nadu,1,0.00 Cr,327,1,0.03
Others,24,TIRUCHIRAPPALLI,MURUGESAN. P,Independent,Tamil Nadu,1,0.00 Cr,497,1,0.05
Others,25,Bangalore central,MURUGESH. R,Independent,Karnataka,1,0.00 Cr,1162,1,0.09
Others,5,Sitamarhi,MUSHAHID RAZA,Desh Janhit Party,Bihar,,0.00 Cr,2192,1,0.2
Others,6,Moradabad,MUSHARRAT HUSAIN,Independent,Uttar Pradesh,1,0.00 Cr,2583,1,0.2
Others,51,Phulpur,MUSHIR AHMAD SIDDIQUI,Peoples Party of India (Democratic),Uttar Pradesh,,0.00 Cr,1506,1,0.15
Others,47,Kolhapur,MUSHTAK AJIJ MULLA,Independent,Maharashtra,1,0.00 Cr,3824,1,0.27
Others,9,Araria,MUSHTAK ALAM,Independent,Bihar,1,0.00 Cr,4899,1,0.39
Others,1,BARAMULLA,MUSHTAQ AHMAD MIR,National Loktantrik Party,Jammu and Kashmir,,0.00 Cr,1397,1,0.14
Others,29,Mumbai North Central,MUSHTAQUE HAIDER SHAIKH,Independent,Maharashtra,1,0.00 Cr,405,1,0.04
Others,23,Badaun,MUSLIM KHAN,Bahujan Samaj Party,Uttar Pradesh,,0.01 Cr,97751,1,8.95
Others,17,Parbhani,MUSTAFA MAINODDIN SHAIKH,Independent,Maharashtra,1,0.00 Cr,1302,1,0.1
Others,39,Beed,MUSTAFA MAINODDIN SHAIKH,Independent,Maharashtra,1,0.00 Cr,531,1,0.03
Others,5,Sabarkantha,MUSTAKBHAI JAMALBHAI SANGHANI,Independent,Gujarat,1,0.00 Cr,3203,1,0.25
Others,31,SIVAGANGA,MUTHARASU PANDIYAN  V,Independent,Tamil Nadu,1,0.00 Cr,828,1,0.08
Others,34,VIRUDHUNAGAR,MUTHUKANNU C,Tamilaga Makkal Nala Katchi,Tamil Nadu,,0.00 Cr,761,1,0.07
Others,25,PERAMBALUR,MUTHUKUMAR,Independent,Tamil Nadu,1,0.00 Cr,469,1,0.04
Others,33,THENI,MUTHUKUMAR,Independent,Tamil Nadu,1,0.00 Cr,543,1,0.05
Others,32,MADURAI,MUTHUPANDI S,Independent,Tamil Nadu,1,0.00 Cr,1207,1,0.12
Others,24,TIRUCHIRAPPALLI,MUTHURAJA. T,Independent,Tamil Nadu,1,0.00 Cr,431,1,0.04
Others,38,TIRUNELVELI,MUTHURAMAN A,Aravor Munnetra Kazhagam,Tamil Nadu,,0.00 Cr,1048,1,0.1
Others,20,COIMBATORE,MUTHUSAMY P P,Independent,Tamil Nadu,1,0.00 Cr,369,1,0.03
Others,15,SALEM,MUTHUSAMY S,Independent,Tamil Nadu,1,0.00 Cr,1197,1,0.09
Others,23,Bhiwandi,MUTKIRI SHANKAR NAGESH,Independent,Maharashtra,1,0.00 Cr,1445,1,0.12
Others,3,Bagalkot,MUTTAPPA MUDAKAPPA HIREKUMBI,Raita Bharat Party,Karnataka,,0.00 Cr,518,1,0.04
Others,17,Khammam,MUTYAM ARJUNA RAJU,Independent,Telangana,1,0.00 Cr,351,1,0.03
Others,35,RAMANATHAPURAM,MUVITH KUMAR N,Independent,Tamil Nadu,1,0.00 Cr,7919,1,0.71
Others,29,Mumbai North Central,MUZAFAR ALI SHAIKH,Independent,Maharashtra,1,0.00 Cr,173,1,0.02
Others,1,BARAMULLA,MUZAFFAR HUSSAIN DAR,Independent,Jammu and Kashmir,1,0.00 Cr,1671,1,0.16
Others,7,Karimganj,MUZAKKIR HASAN LASKAR,Independent,Assam,1,0.00 Cr,2291,1,0.2
Others,17,ERODE,MYLVAKANAN D -,Independent,Tamil Nadu,1,0.00 Cr,279,1,0.03
Others,17,ERODE,N ASHOK KUMAR,Independent,Tamil Nadu,1,0.00 Cr,690,1,0.06
Others,12,Vijayawada,N DASARADHA RAMI REDDY,All India Jaihind Party,Andhra Pradesh,,0.00 Cr,269,1,0.02
Others,18,Kollam,N JAYARAJAN,Independent,Kerala,1,0.00 Cr,449,1,0.05
Others,13,Patiala,N K SHARMA,Shiromani Akali Dal,Punjab,,0.02 Cr,153978,1,13.37
Others,1,Kasaragod,N KESHAVA NAYAK,Independent,Kerala,1,0.00 Cr,507,1,0.05
Others,23,Bangalore Rural,N KRISHNAPPA,Pyramid Party of India,Karnataka,,0.00 Cr,1402,1,0.07
Others,5,SRIPERUMBUDUR,N MANIKKAM,Independent,Tamil Nadu,1,0.00 Cr,403,1,0.03
Others,8,Palakkad,N S K PURAM SASIKUMAR,Independent,Kerala,1,0.00 Cr,1177,1,0.11
Others,8,VELLORE,N SIVAKUMAR,Independent,Tamil Nadu,1,0.00 Cr,701,1,0.06
Others,7,ARAKKONAM,N SUGUMAR,Independent,Tamil Nadu,1,0.00 Cr,432,1,0.04
Others,11,Porbandar,N. P. RATHOD,Bahujan Samaj Party,Gujarat,,0.00 Cr,10922,1,1.18
Others,5,Kozhikode,N. RAGHAVAN S/O DAMU,Independent,Kerala,1,0.00 Cr,782,1,0.07
Others,1,Adilabad,N. TIRUPATI,Vidhyarthula Rajakiya Party,Telangana,,0.00 Cr,2292,1,0.19
Others,14,Shimoga,N. V. NAVEEN KUMAR,Independent,Karnataka,1,0.00 Cr,1993,1,0.14
Others,20,Mandya,N.BASAVARAJU,Independent,Karnataka,1,0.00 Cr,843,1,0.06
Others,25,Chittoor(SC),N.BHUPATHI,Independent,Andhra Pradesh,1,0.00 Cr,894,1,0.06
Others,25,Chittoor(SC),N.CHANDRABABU,Independent,Andhra Pradesh,1,0.00 Cr,1885,1,0.13
Others,25,Chittoor(SC),N.GANGAIAH .,Independent,Andhra Pradesh,1,0.00 Cr,552,1,0.04
Others,3,CHENNAI SOUTH,N.NARAYANASWAMY,Independent,Tamil Nadu,1,0.00 Cr,175,1,0.02
Others,6,TIKAMGARH,N.R. PRAJAPATI,Adarsh Nyay Rakshak Party,Madhya Pradesh,,0.00 Cr,5484,1,0.5
Others,4,CHENNAI CENTRAL,N.RAMAN,Tamilnadu Makkal Nalvazhvu Periyakkam,Tamil Nadu,,0.00 Cr,314,1,0.04
Others,3,CHENNAI SOUTH,N.V.DAMODARAN,National Maha Sabha Party,Tamil Nadu,,0.00 Cr,343,1,0.03
Others,1,Valmiki Nagar,NABA KUMAR SARANIA (HIRA BHAI),Gana Suraksha Party,Bihar,,0.00 Cr,11423,1,1.04
Others,3,Sambalpur,NABAKISHORE PRADHAN,Socialist Unity Centre Of India (COMMUNIST),Odisha,,0.00 Cr,3157,1,0.26
Others,1,Coochbehar,NABI BARMAN,Independent,West Bengal,1,0.00 Cr,2724,1,0.17
Others,62,Sant Kabir Nagar,NADEEM ASHRAF,Bahujan Samaj Party,Uttar Pradesh,,0.02 Cr,150812,1,13.82
Others,12,Jamnagar,NADEEM MAHAMMAD HALA,Independent,Gujarat,1,0.00 Cr,1070,1,0.1
Others,11,Mahbubnagar,NADIMINTI SRINIVASULU,Independent,Telangana,1,0.00 Cr,985,1,0.08
Others,9,Amroha,NAEEMUDDIN,Independent,Uttar Pradesh,1,0.00 Cr,1004,1,0.09
Others,64,Gorakhpur,NAFEES AKHTAR,Independent,Uttar Pradesh,1,0.00 Cr,1880,1,0.16
Others,51,Phulpur,NAFIS AHAMAD,Independent,Uttar Pradesh,1,0.00 Cr,2147,1,0.21
Others,24,Kalyan,NAFIS AHMED ANSARI,Independent,Maharashtra,1,0.00 Cr,2000,1,0.19
Others,2,Paschim Champaran,NAFISH AHMAD,Independent,Bihar,1,0.00 Cr,4163,1,0.38
Others,4,Bijapur,NAGAJYOTI.B.N.,Socialist Unity Centre Of India (COMMUNIST),Karnataka,,0.00 Cr,2392,1,0.18
Others,6,Medak,NAGAMANI ACHA,Independent,Telangana,1,0.00 Cr,1540,1,0.11
Others,8,Koppal,NAGARAJ KALAL,Independent,Karnataka,1,0.00 Cr,1994,1,0.15
Others,8,VELLORE,NAGARAJ P,Independent,Tamil Nadu,1,0.00 Cr,1959,1,0.17
Others,13,VILUPPURAM,NAGARAJ. A,Independent,Tamil Nadu,1,0.00 Cr,674,1,0.06
Others,12,Uttara Kannada,NAGARAJ. ANANT. SHIRALI.,Independent,Karnataka,1,0.00 Cr,2882,1,0.23
Others,11,Dharwad,NAGARAJ. KARENNAVAR.,Karnataka Rashtra Samithi,Karnataka,,0.00 Cr,555,1,0.04
Others,3,Bagalkot,NAGARAJ. S. KALKUTAGAR,Independent,Karnataka,1,0.00 Cr,5629,1,0.43
Others,31,SIVAGANGA,NAGARAJAN  KR,Independent,Tamil Nadu,1,0.00 Cr,3696,1,0.35
Others,28,MAYILADUTHURAI,NAGARAJAN K,Independent,Tamil Nadu,1,0.00 Cr,1347,1,0.12
Others,12,ARANI,NAGARAJAN P,Veerath Thiyagi Viswanathadoss Thozhilalarkal Katchi,Tamil Nadu,,0.00 Cr,927,1,0.08
Others,24,TIRUCHIRAPPALLI,NAGARAJAN. M,Independent,Tamil Nadu,1,0.00 Cr,1664,1,0.16
Others,18,Chitradurga,NAGARAJAPPA,Independent,Karnataka,1,0.00 Cr,1679,1,0.12
Others,13,Nalgonda,NAGARAJU BANDARU,Independent,Telangana,1,0.00 Cr,7128,1,0.55
Others,24,Rajampet,NAGARAJU JETTI,Independent,Andhra Pradesh,1,0.00 Cr,5999,1,0.45
Others,45,Jalaun,NAGENDRA KUMAR,Bhartiya Shakti Chetna Party,Uttar Pradesh,,0.00 Cr,3212,1,0.28
Others,5,Gulbarga,NAGENDRA RAO,Uttama Prajaakeeya Party,Karnataka,,0.00 Cr,1226,1,0.09
Others,16,Nanded,NAGESH SAMBHAJI GAIKWAD,Independent,Maharashtra,1,0.00 Cr,3318,1,0.29
Others,27,Chikkballapur,NAGESH. S,Digvijaya Bharatha Party,Karnataka,,0.00 Cr,850,1,0.06
Others,31,Patliputra,NAGESHWAR PRASAD,Peoples Party of India (Democratic),Bihar,,0.00 Cr,2051,1,0.17
Others,23,KARUR,NAGESVARAN. P,Independent,Tamil Nadu,1,0.00 Cr,185,1,0.02
Others,17,Nandyal,NAGESWARA RAO,Independent,Andhra Pradesh,1,0.00 Cr,680,1,0.05
Others,17,Khammam,NAGESWARA RAO LAKAVATH,Independent,Telangana,1,0.00 Cr,368,1,0.03
Others,5,Anakapalle,NAGESWARA RAO PETLA,Independent,Andhra Pradesh,1,0.00 Cr,2184,1,0.16
Others,4,Chatra,NAGMANI,Bahujan Samaj Party,Jharkhand,,0.00 Cr,11950,1,1.1
Others,47,Kolhapur,NAGNATH PUNDALIK BENAKE,Independent,Maharashtra,1,0.00 Cr,1227,1,0.09
Others,39,KANNIYAKUMARI,NAGOOR MEERAN PEER MOHAMED U,Independent,Tamil Nadu,1,0.00 Cr,4415,1,0.43
Others,11,Bathinda,NAIB SINGH,Bharatheeya Jawan Kisan Party,Punjab,,0.00 Cr,1601,1,0.14
Others,2,Srikakulam,NAIDUGARI RAJASEKHAR,Bahujan Samaj Party,Andhra Pradesh,,0.00 Cr,4742,1,0.38
Others,4,HISAR,NAINA SINGH CHAUTALA,Jannayak Janta Party,Haryana,,0.00 Cr,22032,1,1.88
Others,22,Nellore,NAKKA DINESH,Bharatha Chaitanya Yuvajana Party,Andhra Pradesh,,0.00 Cr,600,1,0.04
Others,11,TIRUVANNAMALAI,"NAKKEERAN ,  A.",Independent,Tamil Nadu,1,0.00 Cr,265,1,0.02
Others,15,Bapatla (SC),NALAMALA TIRUPATI RAO,Navataram Party,Andhra Pradesh,,0.00 Cr,2964,1,0.23
Others,10,FARIDABAD,NALIN HOODA,Jannayak Janta Party,Haryana,,0.00 Cr,5361,1,0.36
Others,11,TIRUVANNAMALAI,"NALLASIVAM, M.",Independent,Tamil Nadu,1,0.00 Cr,429,1,0.04
Others,16,NAMAKKAL,NALLATHAMBI P,Independent,Tamil Nadu,1,0.00 Cr,770,1,0.07
Others,1,TIRUVALLUR,"Nallathambi, K.",Desiya Murpokku Dravida Kazhagam,Tamil Nadu,,0.02 Cr,223904,1,15.79
Others,9,Narsapuram,NALLI RAJESH,Independent,Andhra Pradesh,1,0.00 Cr,4684,1,0.38
Others,17,Khammam,NAMA NAGESWARA RAO,Bharat Rashtra Samithi,Telangana,,0.03 Cr,299082,1,23.9
Others,12,Ghaziabad,NAMAHA,Samaj Vikas Kranti Party,Uttar Pradesh,,0.00 Cr,1080,1,0.07
Others,13,Chandrapur,NAMDEO MANIKRAO SHEDMAKE,Gondvana Gantantra Party,Maharashtra,,0.00 Cr,2256,1,0.18
Others,2,Dhule,NAMDEO ROHIDAS YELAVE,Bharatheeya Jawan Kisan Party,Maharashtra,,0.00 Cr,3683,1,0.3
Others,17,Gopalganj,NAMI RAM,Independent,Bihar,1,0.00 Cr,6716,1,0.63
Others,43,Madha,NANASAHEB RAMHARI YADAV,Independent,Maharashtra,1,0.00 Cr,2214,1,0.17
Others,2,Kairana,NAND KISHOOR,Aapki Apni Party (Peoples),Uttar Pradesh,,0.00 Cr,427,1,0.04
Others,29,Nalanda,NAND KISHOR PARASAD,Pragatisheel Magahi Samaj,Bihar,,0.00 Cr,2468,1,0.22
Others,12,Ghaziabad,NAND KISHOR PUNDIR,Bahujan Samaj Party,Uttar Pradesh,,0.01 Cr,79525,1,5.41
Others,5,BILASPUR,NAND KISHORE RAJ,Gondvana Gantantra Party,Chhattisgarh,,0.00 Cr,1061,1,0.08
Others,15,Muzaffarpur,NAND KISHORE SHARMA,Apna Kisan Party,Bihar,,0.00 Cr,1522,1,0.14
Others,3,HAMIRPUR,NAND LAL,Independent,Himachal Pradesh,1,0.00 Cr,1019,1,0.1
Others,5,North-West Delhi,NAND RAM BAGRI,Voters Party  International,NCT OF Delhi,,0.00 Cr,638,1,0.04
Others,21,Mainpuri,NAND RAM BAGRI,Voters Party  International,Uttar Pradesh,,0.00 Cr,1769,1,0.17
Others,6,Medak,NANDA KISHORE TALLADA,Alliance of Democratic Reforms Party,Telangana,,0.00 Cr,17216,1,1.24
Others,7,DAMOH,NANDAN KUMAR AHIRWAL,Independent,Madhya Pradesh,1,0.00 Cr,1853,1,0.17
Others,20,Thiruvananthapuram,NANDAVANAM SUSEELAN,Independent,Kerala,1,0.00 Cr,420,1,0.04
Others,28,Mumbai North East,NANDESH VITHAL UMAP,Bahujan Samaj Party,Maharashtra,,0.00 Cr,8318,1,0.9
Others,15,Bapatla (SC),NANDIGAM SURESH BABU,Yuvajana Sramika Rythu Congress Party,Andhra Pradesh,,0.05 Cr,509462,1,39.17
Others,8,KHAJURAHO,NANDKISHOR,Peoples Party of India (Democratic),Madhya Pradesh,,0.00 Cr,6027,1,0.53
Others,34,Sasaram,NANDLAL RAM,Rashtriya Samaj Paksha,Bihar,,0.00 Cr,1960,1,0.18
Others,15,BALAGHAT,NANDLAL UIKEY,Gondvana Gantantra Party,Madhya Pradesh,,0.00 Cr,12422,1,0.9
Others,8,RAIPUR,NANDNI NAYAK,Independent,Chhattisgarh,1,0.00 Cr,337,1,0.02
Others,5,Buldhana,NANDU JAGANNATH LAWANGE,Independent,Maharashtra,1,0.00 Cr,5713,1,0.51
Others,43,Madha,NANDU SAMBHAJI MORE,Independent,Maharashtra,1,0.00 Cr,2687,1,0.21
Others,37,Amethi,NANHE SINGH CHAUHAN,Bahujan Samaj Party,Uttar Pradesh,,0.00 Cr,34534,1,3.52
Others,12,Jamnagar,NANJI AMARSHI BATHWAR,Independent,Gujarat,1,0.00 Cr,1370,1,0.13
Others,9,SATNA,NANKU YADAV,Akhil Bharatiya Hind Kranti Party,Madhya Pradesh,,0.00 Cr,1259,1,0.12
Others,6,RAJNANDGAON,NARAD PRASAD NISHAD,Shakti Sena (Bharat Desh),Chhattisgarh,,0.00 Cr,8030,1,0.56
Others,9,MAHASAMUND,NARAD PRASAD NISHAD,Shakti Sena (Bharat Desh),Chhattisgarh,,0.00 Cr,899,1,0.07
Others,1,KANGRA,NARAIN SINGH DOGRA,Himachal Janta Party,Himachal Pradesh,,0.00 Cr,1171,1,0.11
Others,10,Chevella,NARASIMHA REDDY DYAPA,Telangana Republican Party,Telangana,,0.00 Cr,525,1,0.03
Others,23,Bangalore Rural,NARASIMHAMURTHY J P,Independent,Karnataka,1,0.00 Cr,813,1,0.04
Others,18,Chitradurga,NARASIMHARAJU. C.N.,Karnataka Rashtra Samithi,Karnataka,,0.00 Cr,4950,1,0.36
Others,13,Gautam Buddha Nagar,NARAVEDASHVAR,Subhashwadi Bhartiya Samajwadi Party (Subhas Party),Uttar Pradesh,,0.00 Cr,617,1,0.04
Others,30,Tamluk,NARAYAN CHANDRA NAYAK,Socialist Unity Centre Of India (COMMUNIST),West Bengal,,0.00 Cr,5682,1,0.36
Others,11,SIDHI,"NARAYAN DAS SHAH ""MULNIWASI""",Peoples Party of India (Democratic),Madhya Pradesh,,0.00 Cr,3792,1,0.33
Others,19,Aurangabad,NARAYAN JADHAV,Peoples Party of India (Democratic),Maharashtra,,0.00 Cr,1103,1,0.08
Others,23,BHILWARA,NARAYAN LAL JAT,Independent,Rajasthan,1,0.00 Cr,1684,1,0.13
Others,36,Shirur,NARAYAN PRABHAKAR ANKUSHE,Bharatheeya Jawan Kisan Party,Maharashtra,,0.00 Cr,1284,1,0.09
Others,3,Almora,NARAYAN RAM,Bahujan Samaj Party,Uttarakhand,,0.00 Cr,10075,1,1.51
Others,22,RAJSAMAND,NARAYAN SONI,Independent,Rajasthan,1,0.00 Cr,3374,1,0.28
Others,28,KHANDWA,NARAYAN SUKHADEV PAL,Bharatiya Yuva Jan Ekta Party,Madhya Pradesh,,0.00 Cr,1702,1,0.11
Others,43,Madha,NARAYAN TATOBA KALEL,Independent,Maharashtra,1,0.00 Cr,1560,1,0.12
Others,9,SATNA,NARAYAN TRIPATHI,Bahujan Samaj Party,Madhya Pradesh,,0.02 Cr,185618,1,17.53
Others,10,Nagpur,NARAYAN TUKARAM CHOUDHARI,Socialist Unity Centre Of India (COMMUNIST),Maharashtra,,0.00 Cr,251,1,0.02
Others,2,Kannur,NARAYANA KUMAR,Independent,Kerala,1,0.00 Cr,308,1,0.03
Others,33,THENI,NARAYANASAMY V T,All India Anna Dravida Munnetra Kazhagam,Tamil Nadu,,0.02 Cr,155587,1,13.63
Others,22,Bharuch,NARAYANBHAI LILADHARJI RAVAL,Independent,Gujarat,1,0.00 Cr,1583,1,0.13
Others,10,Firozpur,NARDEV SINGH BOBBY MANN,Shiromani Akali Dal,Punjab,,0.03 Cr,253645,1,22.54
Others,2,MANDI,NARENDER KUMAR,Rashtriya Devbhumi Party,Himachal Pradesh,,0.00 Cr,2447,1,0.24
Others,7,JAIPUR,NARENDER SHARMA,Rashtriya Sanatan Party,Rajasthan,,0.00 Cr,669,1,0.05
Others,7,Amravati,NARENDRA BABULAL KATHANE,Desh Janhit Party,Maharashtra,,0.00 Cr,422,1,0.04
Others,10,BASTAR,NARENDRA BURKA,Hamar Raj Party,Chhattisgarh,,0.00 Cr,4387,1,0.44
Others,34,Pune,NARENDRA DNYANESHWAR PAWTEKAR,Independent,Maharashtra,1,0.00 Cr,534,1,0.05
Others,22,Ujiarpur,NARENDRA GIRI,Independent,Bihar,1,0.00 Cr,3151,1,0.3
Others,50,Kaushambi,NARENDRA KUMAR,Apna Dal (Kamerawadi),Uttar Pradesh,,0.00 Cr,5131,1,0.51
Others,8,Jajpur,NARENDRA MALIKA,Independent,Odisha,1,0.00 Cr,1119,1,0.1
Others,29,Mumbai North Central,NARENDRA MISHRA,Independent,Maharashtra,1,0.00 Cr,708,1,0.08
Others,57,Kaiserganj,NARENDRA PANDEY,Bahujan Samaj Party,Uttar Pradesh,,0.00 Cr,44279,1,4.17
Others,9,Amroha,NARENDRA SINGH,Independent,Uttar Pradesh,1,0.00 Cr,1779,1,0.16
Others,14,Bhongir,NARENDRAA VEMULA,Jai Swaraj Party,Telangana,,0.00 Cr,4304,1,0.31
Others,23,KARUR,NARENDRAKUMAR. G,Independent,Tamil Nadu,1,0.00 Cr,197,1,0.02
Others,17,ERODE,NARENDRANATH,Independent,Tamil Nadu,1,0.00 Cr,272,1,0.02
Others,37,Bishnupur,NARENDRANATH RAY,Independent,West Bengal,1,0.00 Cr,4377,1,0.29
Others,6,KANCHEEPURAM,NARESH BHARATHI. S,Independent,Tamil Nadu,1,0.00 Cr,2511,1,0.2
Others,7,Ludhiana,NARESH DHINGAAN,Independent,Punjab,1,0.00 Cr,2530,1,0.24
Others,11,Kalahandi,NARESH HIANLA,Independent,Odisha,1,0.00 Cr,6641,1,0.5
Others,2,Peddapalle,NARESH JANAGAMA,Independent,Telangana,1,0.00 Cr,1123,1,0.1
Others,16,JODHPUR,NARESH KANDARA,Independent,Rajasthan,1,0.00 Cr,1027,1,0.07
Others,6,SONIPAT,NARESH KASHYAP,Aam Aadmi Parivartan Party,Haryana,,0.00 Cr,1658,1,0.15
Others,2,KURUKSHETRA,NARESH KUMAR,Samata Party,Haryana,,0.00 Cr,1032,1,0.09
Others,5,North-West Delhi,NARESH KUMAR,Independent,NCT OF Delhi,1,0.00 Cr,1275,1,0.09
Others,5,North-West Delhi,NARESH KUMAR,Rashtriya Samaj Paksha,NCT OF Delhi,1,0.00 Cr,500,1,0.03
Others,36,Jahanabad,NARESH KUMAR,Independent,Bihar,1,0.00 Cr,5712,1,0.62
Others,5,JAMMU,NARESH KUMAR CHIB,Jammu & Kashmir National Panthers Party (Bhim),Jammu and Kashmir,,0.00 Cr,4243,1,0.33
Others,27,Banka,NARESH KUMAR PRIYADARSHI,Independent,Bihar,1,0.00 Cr,8125,1,0.8
Others,5,JAMMU,NARESH KUMAR TALLA,Independent,Jammu and Kashmir,1,0.00 Cr,1459,1,0.11
Others,13,Gautam Buddha Nagar,NARESH NAUTIYAL,Bhartiya Rashtriya Jansatta,Uttar Pradesh,,0.00 Cr,941,1,0.07
Others,7,Maldaha Uttar,NARESH PAL,Jan Sangh Party,West Bengal,,0.00 Cr,596,1,0.04
Others,16,Vaishali,NARESH RAM,Socialist Unity Centre Of India (COMMUNIST),Bihar,,0.00 Cr,3009,1,0.26
Others,11,Mahbubnagar,NARESH REDDY,Telangana Jaghir Party,Telangana,,0.00 Cr,420,1,0.03
Others,28,Kheri,NARESH SINGH BHADAURIYA,Independent,Uttar Pradesh,1,0.00 Cr,2111,1,0.17
Others,27,Banka,NARESH YADAV,Independent,Bihar,1,0.00 Cr,14939,1,1.47
Others,15,Bhavnagar,NARESHBHAI NARANBHAI RATHOD,Independent,Gujarat,1,0.00 Cr,1765,1,0.17
Others,2,Amritsar,NARINDER KAUR,Aam Janta Party (India),Punjab,,0.00 Cr,1097,1,0.12
Others,15,Warangal,NARMADA PRAVEEN,Pyramid Party of India,Telangana,,0.00 Cr,1664,1,0.13
Others,6,Balurghat,NAROTTAM SAHA,Independent,West Bengal,1,0.00 Cr,2106,1,0.17
Others,7,Malkajgiri,NARRA SUKHENDER REDDY,Vidhyarthula Rajakiya Party,Telangana,,0.00 Cr,694,1,0.04
Others,14,Bhongir,NARRI. SWAMY KURUMA,Independent,Telangana,1,0.00 Cr,898,1,0.06
Others,27,KHARGONE,NARSINGH SOLANKI,Independent,Madhya Pradesh,1,0.00 Cr,9058,1,0.58
Others,41,Latur,NARSINGRAO UDGIRKAR,Vanchit Bahujan  Aaghadi,Maharashtra,,0.00 Cr,42225,1,3.41
Others,6,Malappuram,NASEEF ALI MULLAPPALLI,Independent,Kerala,1,0.00 Cr,1168,1,0.11
Others,27,Chikkballapur,NASURULLA,Independent,Karnataka,1,0.00 Cr,583,1,0.04
Others,18,Bhubaneswar,NATABAR MAHARANA,Bharatiya Bikash Parishad,Odisha,,0.00 Cr,1087,1,0.1
Others,16,NAMAKKAL,NATARAJAN M,Independent,Tamil Nadu,1,0.00 Cr,2588,1,0.23
Others,22,DINDIGUL,NATCHIMUTHU S,Bahujan Samaj Party,Tamil Nadu,,0.00 Cr,4284,1,0.37
Others,11,Porbandar,NATHABHAI BHURABHAI ODEDRA,Independent,Gujarat,1,0.00 Cr,7296,1,0.79
Others,23,KARUR,NATRAYAN. R,Independent,Tamil Nadu,1,0.00 Cr,503,1,0.04
Others,14,KALLAKURICHI,NATTANMAI GUNASEKARANA A.S,Anna Makkal Katchi,Tamil Nadu,,0.00 Cr,2505,1,0.2
Others,12,Ghaziabad,NATTHUSINGH CHAUDHARY,Independent,Uttar Pradesh,1,0.00 Cr,1162,1,0.08
Others,60,Domariyaganj,NAUSHAD AZAM,Peace Party,Uttar Pradesh,,0.00 Cr,5138,1,0.5
Others,43,Madha,NAVANATH BIRA MADANE,Independent,Maharashtra,1,0.00 Cr,2435,1,0.19
Others,16,NAMAKKAL,NAVEEN K,Independent,Tamil Nadu,1,0.00 Cr,635,1,0.06
Others,7,South Delhi,NAVEEN KUMAR,Hamara Sahi Vikalp Party,NCT OF Delhi,,0.00 Cr,476,1,0.04
Others,3,SIRSA,NAVEEN KUMAR COMMANDO,Independent,Haryana,1,0.00 Cr,1116,1,0.08
Others,3,Khadoor Sahib,NAVEEN KUMAR SHARMA,Sanjhi Virasat Party,Punjab,,0.00 Cr,824,1,0.08
Others,2,Peddapalle,NAVEEN NUKALA,Independent,Telangana,1,0.00 Cr,2067,1,0.19
Others,22,Bharuch,NAVINBHAI BHIKHABHAI PATEL,Independent,Gujarat,1,0.00 Cr,3453,1,0.29
Others,40,Osmanabad,NAVNATH DASHRATH UPALEKAR,Independent,Maharashtra,1,0.00 Cr,2108,1,0.16
Others,40,Osmanabad,NAVNATH VISHWANATH DUDHAL,Vishva Shakti Party,Maharashtra,,0.00 Cr,1135,1,0.09
Others,1,Tehri Garhwal,NAVNEET SINGH GOSAIN,Rashtriya Uttarakhand Party,Uttarakhand,,0.00 Cr,10026,1,1.16
Others,32,Arrah,NAVNIT KUMAR,Independent,Bihar,1,0.00 Cr,4773,1,0.44
Others,6,Gandhinagar,NAVSADALAM IBRAHIMBHAI MALEK,Independent,Gujarat,1,0.00 Cr,732,1,0.06
Others,37,Ahmednagar,NAVSHAD MUNSILAL SHAIKH,Independent,Maharashtra,1,0.00 Cr,2226,1,0.17
Others,3,Purvi Champaran,NAWAL KISHOR PRASAD,Viro Ke Vir Indian Party,Bihar,,0.00 Cr,3464,1,0.32
Others,35,RAMANATHAPURAM,NAWASKHAN,Independent,Tamil Nadu,1,0.00 Cr,2323,1,0.21
Others,1,Sikkim,NAWIN KIRAN PRADHAN,Independent,Sikkim,1,0.00 Cr,1166,1,0.3
Others,39,Beed,NAZEM KHAN JABBAR KHAN PATHAN,Independent,Maharashtra,1,0.00 Cr,2586,1,0.17
Others,1,BARAMULLA,NAZIR AHMAD SOFI,Independent,Jammu and Kashmir,1,0.00 Cr,2983,1,0.29
Others,29,Mumbai North Central,NAZMAKHATHUN MOHAMMED ZAFAR KHAN,Independent,Maharashtra,1,0.00 Cr,732,1,0.08
Others,3,Muzaffarnagar,NEEL KUMAR,Jai Samta Party,Uttar Pradesh,,0.00 Cr,861,1,0.08
Others,6,Kakinada,NEELAKANTAM DONAM,Independent,Andhra Pradesh,1,0.00 Cr,1412,1,0.11
Others,19,Tumkur,NEELAKANTESHA. H S,Independent,Karnataka,1,0.00 Cr,719,1,0.06
Others,2,Amritsar,NEELAM,Independent,Punjab,1,0.00 Cr,409,1,0.05
Others,32,Misrikh,Neelam Singh,Independent,Uttar Pradesh,1,0.00 Cr,2905,1,0.28
Others,55,Ambedkar Nagar,Neelam Singh,Moolniwasi Samaj Party,Uttar Pradesh,,0.00 Cr,4331,1,0.37
Others,27,CHIDAMBARAM,NEELAMEGAM K,Bahujan Samaj Party,Tamil Nadu,,0.00 Cr,3203,1,0.27
Others,7,DAMOH,NEELESH SONI,Independent,Madhya Pradesh,1,0.00 Cr,1278,1,0.12
Others,1,MORENA,NEERAJ CHANDSORIYA,Aazad Samaj Party (Kanshi Ram),Madhya Pradesh,,0.00 Cr,7544,1,0.64
Others,10,FARIDABAD,NEERAJ JATAV,Independent,Haryana,1,0.00 Cr,2108,1,0.14
Others,30,Patna Sahib,NEERAJ KUMAR,Bahujan Samaj Party,Bihar,,0.00 Cr,5928,1,0.55
Others,4,HISAR,NEERAJ KUMAR “CHHATTAR”,Bharatiya Asha Party,Haryana,,0.00 Cr,423,1,0.04
Others,13,Patiala,NEERAJ KUMAR NANNA,Independent,Punjab,1,0.00 Cr,2302,1,0.2
Others,49,Fatehpur,NEERAJ LODHI,Vikas Insaf Party,Uttar Pradesh,,0.00 Cr,2033,1,0.18
Others,8,RAIPUR,NEERAJ SAINI PUJARI,Dhoom Sena,Chhattisgarh,,0.00 Cr,434,1,0.03
Others,34,Pune,NEERAJ SUNIL KAMTHAN,Hindu Samaj Party,Maharashtra,,0.00 Cr,351,1,0.03
Others,22,RAJSAMAND,NEERU RAM KAPRI,Independent,Rajasthan,1,0.00 Cr,7831,1,0.65
Others,28,Munger,NEETISH KUMAR,Independent,Bihar,1,0.00 Cr,7507,1,0.66
Others,4,Jalandhar,NEETU SHATTRA WALA,Independent,Punjab,1,0.00 Cr,1879,1,0.19
Others,6,JAIPUR RURAL,NEHA SINGH GURJAR,Independent,Rajasthan,1,0.00 Cr,1407,1,0.11
Others,12,Krishnanagar,NEMAI BISWAS,Independent,West Bengal,1,0.00 Cr,5069,1,0.36
Others,1,Tehri Garhwal,NEMCHAND,Bahujan Samaj Party,Uttarakhand,,0.00 Cr,6908,1,0.8
Others,16,NAMAKKAL,NETAJIKAVIARASU V,Independent,Tamil Nadu,1,0.00 Cr,288,1,0.03
Others,3,Purvi Champaran,NIKESH KUMAR,Independent,Bihar,1,0.00 Cr,2553,1,0.24
Others,26,Uluberia,NIKHIL BERA,Socialist Unity Centre Of India (COMMUNIST),West Bengal,,0.00 Cr,2107,1,0.15
Others,9,Nagaon,NIKHIL DEKARAJA,Independent,Assam,1,0.00 Cr,3627,1,0.23
Others,16,Nanded,NIKHIL LAXMANRAO GARJE,Independent,Maharashtra,1,0.00 Cr,4325,1,0.38
Others,11,Bathinda,NIKKA SINGH,Bahujan Samaj Party,Punjab,,0.00 Cr,13039,1,1.13
Others,22,Ujiarpur,NIKKI JHA,Jagrook Janta Party,Bihar,,0.00 Cr,1020,1,0.1
Others,23,Badaun,NILAM RANI PAL,Rashtriya Shoshit Samaj Party,Uttar Pradesh,,0.00 Cr,2438,1,0.22
Others,36,Bankura,NILANJAN DASGUPTA,Communist Party of India  (Marxist),West Bengal,,0.01 Cr,105359,1,7.28
Others,23,Bhiwandi,NILESH BHAGWAN SAMBARE,Independent,Maharashtra,1,0.02 Cr,231417,1,18.46
Others,20,Vadodara,NILESH JAGANNATH VASAIKAR,Independent,Gujarat,1,0.00 Cr,858,1,0.07
Others,3,Godda,NILESH KUMAR GUPTA,Independent,Jharkhand,1,0.00 Cr,10488,1,0.75
Others,15,Muzaffarpur,NILIMA KUMARI,Independent,Bihar,1,0.00 Cr,7310,1,0.66
Others,20,Vadodara,NILKANTHKUMAR MANSUKHLAL MISTRI,Independent,Gujarat,1,0.00 Cr,1756,1,0.14
Others,1,Araku (ST),NIMMAKA JAYARAJU,Independent,Andhra Pradesh,1,0.00 Cr,9462,1,0.81
Others,22,Chamarajanagar,NINGARAJ.G,Independent,Karnataka,1,0.00 Cr,1247,1,0.09
Others,22,Chamarajanagar,NINGARAJU.S,Karnataka Jantha Paksha,Karnataka,,0.00 Cr,1411,1,0.1
Others,8,Ranchi,NIPU SINGH,Rashtriya Jansangharsh Swaraj Party,Jharkhand,,0.00 Cr,7803,1,0.54
Others,38,Bardhaman Purba,NIRAB KHAN,Communist Party of India  (Marxist),West Bengal,,0.02 Cr,176899,1,11.81
Others,23,Kolkata Dakshin,NIRAJ AGARWAL,Independent,West Bengal,1,0.00 Cr,4032,1,0.32
Others,31,Patliputra,NIRAJ KUMAR,Independent,Bihar,1,0.00 Cr,1771,1,0.14
Others,49,Fatehpur,NIRAJ KUMAR,Akhil Bhartiya Parivar Party,Uttar Pradesh,,0.00 Cr,2567,1,0.23
Others,19,Joynagar,NIRANJAN  NASKAR,Socialist Unity Centre Of India (COMMUNIST),West Bengal,,0.00 Cr,14622,1,0.99
Others,33,Buxar,NIRANJAN KUMAR RAY,Independent,Bihar,1,0.00 Cr,1669,1,0.16
Others,14,Cuttack,NIRANJAN PATI,Independent,Odisha,1,0.00 Cr,4396,1,0.39
Others,3,CHURU,NIRANJAN SINGH RATHORE,Independent,Rajasthan,1,0.00 Cr,668,1,0.05
Others,12,Uttara Kannada,NIRANJAN UDAYSINH SIRDESAI,Independent,Karnataka,1,0.00 Cr,4169,1,0.33
Others,18,Basirhat,NIRAPADA SARDAR,Communist Party of India  (Marxist),West Bengal,,0.01 Cr,77899,1,5.11
Others,4,KORBA,NIRDOSH  KUMAR YADAV,Independent,Chhattisgarh,1,0.00 Cr,11268,1,0.92
Others,47,HAMIRPUR,NIRDOSH KUMAR DIXIT,Bahujan Samaj Party,Uttar Pradesh,,0.01 Cr,94696,1,8.49
Others,38,Bardhaman Purba,NIRMAL MAJHI,Socialist Unity Centre Of India (COMMUNIST),West Bengal,,0.00 Cr,10976,1,0.73
Others,6,SONIPAT,NIRMAL SINGH,Independent,Haryana,1,0.00 Cr,318,1,0.03
Others,9,Faridkot,NIRMAL SINGH RAJEANA,Independent,Punjab,1,0.00 Cr,2289,1,0.23
Others,2,Dumka,NIRMAL SOREN,Independent,Jharkhand,1,0.00 Cr,1713,1,0.14
Others,1,PUDUCHERRY,NIRMALA G,Independent,Puducherry,1,0.00 Cr,475,1,0.06
Others,24,Bangalore North,NIRMALA H.L,Socialist Unity Centre Of India (COMMUNIST),Karnataka,,0.00 Cr,977,1,0.06
Others,1,Nandurbar,NIRMALA VASAVE,Peoples Party of India (Democratic),Maharashtra,,0.00 Cr,6947,1,0.5
Others,24,Aonla,NIRMOD KUMAR SINGH,Bhartiya Shakti Chetna Party,Uttar Pradesh,,0.00 Cr,1790,1,0.16
Others,3,Jalpaiguri,NIRODE CHANDRA ADHIKARY,Independent,West Bengal,1,0.00 Cr,2517,1,0.16
Others,8,Koppal,NIRUPADI K GOMARSI,Karnataka Rashtra Samithi,Karnataka,,0.00 Cr,900,1,0.07
Others,2,SRINAGAR,NISAR AHMAD AHANGAR,Independent,Jammu and Kashmir,1,0.00 Cr,1124,1,0.17
Others,73,Jaunpur,NISHA PATEL,Sardar Patel Siddhant Party,Uttar Pradesh,,0.00 Cr,1128,1,0.1
Others,29,Nalanda,NISHA RANJAN,Samata Party,Bihar,,0.00 Cr,2415,1,0.21
Others,14,Hazaribagh,NISHANT KUMAR SINHA,Peoples Party of India (Democratic),Jharkhand,,0.00 Cr,2956,1,0.23
Others,7,Dhanbad,NITAI DUTTA,Independent,Jharkhand,1,0.00 Cr,1743,1,0.12
Others,31,Patliputra,NITESH KUMAR PATEL,Adarsh Jankalyan Dal,Bihar,,0.00 Cr,1817,1,0.15
Others,9,MAHASAMUND,NITESH KUMAR RATRE,Sunder Samaj Party,Chhattisgarh,,0.00 Cr,2373,1,0.18
Others,40,Osmanabad,NITESH SHIVAJI PAWAR,Hindrashtra Sangh,Maharashtra,,0.00 Cr,1079,1,0.08
Others,28,MAYILADUTHURAI,NITHIYANANTHAM S,Naadaalum Makkal Katchi,Tamil Nadu,,0.00 Cr,739,1,0.07
Others,2,Belgaum,NITIN ASHOK MHADAGUT,Independent,Karnataka,1,0.00 Cr,1310,1,0.09
Others,5,KARNAL,NITIN GEHLOT,Peoples Party of India (Democratic),Haryana,,0.00 Cr,1253,1,0.09
Others,32,Raigad,NITIN JAGANNATH MAYEKAR,Independent,Maharashtra,1,0.00 Cr,2560,1,0.25
Others,25,Bareilly,NITIN MOHAN,Independent,Uttar Pradesh,1,0.00 Cr,620,1,0.06
Others,40,Osmanabad,NITIN NAGNATH GAIKWAD,Independent,Maharashtra,1,0.00 Cr,731,1,0.06
Others,21,DEWAS,NITIN VERMA,Independent,Madhya Pradesh,1,0.00 Cr,2761,1,0.19
Others,1,Coochbehar,NITISH CHANDRA ROY,All India Forward Bloc,West Bengal,,0.00 Cr,30267,1,1.86
Others,8,Supaul,NITISH KUMAR,Independent,Bihar,1,0.00 Cr,5915,1,0.48
Others,10,Eluru,NITTA AKHILA DHARANI PAL,Bahujan Samaj Party,Andhra Pradesh,,0.00 Cr,6732,1,0.49
Others,2,North-East Delhi,NIVEDITA SHARMA “PREM”,Rashtrawadi Janlok Party (Satya),NCT OF Delhi,,0.00 Cr,543,1,0.03
Others,45,Satara,NIVRUTTI KERU SHINDE,Independent,Maharashtra,1,0.00 Cr,2674,1,0.22
Others,18,Jalna,NIVRUTTI VISHWNATH BANSODE,Bahujan Samaj Party,Maharashtra,,0.00 Cr,6008,1,0.44
Others,12,Purnia,NOMAN ALAM,Independent,Bihar,1,0.00 Cr,7693,1,0.64
Others,21,POLLACHI,NOOR MUHAMAD A,Independent,Tamil Nadu,1,0.00 Cr,605,1,0.05
Others,20,COIMBATORE,NOORMUHAMAD A,Independent,Tamil Nadu,1,0.00 Cr,234,1,0.02
Others,1,Adilabad,NOTA,None of the Above,Telangana,,0.00 Cr,11762,1,0.95
Others,1,AMBALA,NOTA,None of the Above,Haryana,,0.00 Cr,6452,1,0.48
Others,1,Andaman & Nicobar Islands,NOTA,None of the Above,Andaman & Nicobar Islands,,0.00 Cr,1809,1,0.89
Others,1,Araku (ST),NOTA,None of the Above,Andhra Pradesh,,0.01 Cr,50470,1,4.33
Others,1,Arunachal West,NOTA,None of the Above,Arunachal Pradesh,,0.00 Cr,2296,1,0.57
Others,1,BARAMULLA,NOTA,None of the Above,Jammu and Kashmir,,0.00 Cr,4984,1,0.48
Others,1,Bargarh,NOTA,None of the Above,Odisha,,0.00 Cr,12541,1,0.96
Others,1,Chandigarh,NOTA,None of the Above,Chandigarh,,0.00 Cr,2912,1,0.65
Others,1,Chandni Chowk,NOTA,None of the Above,NCT OF Delhi,,0.00 Cr,5563,1,0.58
Others,1,Chikkodi,NOTA,None of the Above,Karnataka,,0.00 Cr,2608,1,0.19
Others,1,Coochbehar,NOTA,None of the Above,West Bengal,,0.00 Cr,15563,1,0.96
Others,1,Daman & Diu,NOTA,None of the Above,Dadra & Nagar Haveli and Daman & Diu,,0.00 Cr,978,1,1.06
Others,1,GANGANAGAR,NOTA,None of the Above,Rajasthan,,0.00 Cr,13095,1,0.93
Others,1,Gurdaspur,NOTA,None of the Above,Punjab,,0.00 Cr,3354,1,0.31
Others,1,Inner Manipur,NOTA,None of the Above,Manipur,,0.00 Cr,3797,1,0.48
Others,1,Kachchh,NOTA,None of the Above,Gujarat,,0.00 Cr,18742,1,1.71
Others,1,KANGRA,NOTA,None of the Above,Himachal Pradesh,,0.00 Cr,6372,1,0.61
Others,1,Kasaragod,NOTA,None of the Above,Kerala,,0.00 Cr,7112,1,0.64
Others,1,Kokrajhar,NOTA,None of the Above,Assam,,0.00 Cr,13912,1,1.12
Others,1,Ladakh,NOTA,None of the Above,Ladakh,,0.00 Cr,912,1,0.67
Others,1,Lakshadweep,NOTA,None of the Above,Lakshadweep,,0.00 Cr,133,1,0.27
Others,1,MIZORAM,NOTA,None of the Above,Mizoram,,0.00 Cr,1893,1,0.39
Others,1,MORENA,NOTA,None of the Above,Madhya Pradesh,,0.00 Cr,4914,1,0.41
Others,1,Nagaland,NOTA,None of the Above,Nagaland,,0.00 Cr,1646,1,0.22
Others,1,Nandurbar,NOTA,None of the Above,Maharashtra,,0.00 Cr,14123,1,1.01
Others,1,North Goa,NOTA,None of the Above,Goa,,0.00 Cr,6328,1,1.39
Others,1,PUDUCHERRY,NOTA,None of the Above,Puducherry,,0.00 Cr,9763,1,1.21
Others,1,Rajmahal,NOTA,None of the Above,Jharkhand,,0.00 Cr,18217,1,1.5
Others,1,Saharanpur,NOTA,None of the Above,Uttar Pradesh,,0.00 Cr,4566,1,0.37
Others,1,Shillong,NOTA,None of the Above,Meghalaya,,0.00 Cr,11008,1,1.06
Others,1,Sikkim,NOTA,None of the Above,Sikkim,,0.00 Cr,2527,1,0.66
Others,1,SURGUJA,NOTA,None of the Above,Chhattisgarh,,0.00 Cr,28121,1,1.93
Others,1,Tehri Garhwal,NOTA,None of the Above,Uttarakhand,,0.00 Cr,7458,1,0.87
Others,1,TIRUVALLUR,NOTA,None of the Above,Tamil Nadu,,0.00 Cr,18978,1,1.34
Others,1,Tripura West,NOTA,None of the Above,Tripura,,0.00 Cr,14612,1,1.21
Others,1,Valmiki Nagar,NOTA,None of the Above,Bihar,,0.00 Cr,30709,1,2.79
Others,2,Alipurduars,NOTA,None of the Above,West Bengal,,0.00 Cr,21298,1,1.5
Others,2,Amritsar,NOTA,None of the Above,Punjab,,0.00 Cr,3714,1,0.41
Others,2,Arunachal East,NOTA,None of the Above,Arunachal Pradesh,,0.00 Cr,4895,1,1.51
Others,2,Banaskantha,NOTA,None of the Above,Gujarat,,0.00 Cr,22167,1,1.61
Others,2,Belgaum,NOTA,None of the Above,Karnataka,,0.00 Cr,5726,1,0.41
Others,2,BHIND,NOTA,None of the Above,Madhya Pradesh,,0.00 Cr,6534,1,0.62
Others,2,BIKANER,NOTA,None of the Above,Rajasthan,,0.00 Cr,12558,1,1.12
Others,2,CHENNAI NORTH,NOTA,None of the Above,Tamil Nadu,,0.00 Cr,13208,1,1.46
Others,2,Dadar & Nagar Haveli,NOTA,None of the Above,Dadra & Nagar Haveli and Daman & Diu,,0.00 Cr,5151,1,2.51
Others,2,Dhubri,NOTA,None of the Above,Assam,,0.00 Cr,15015,1,0.61
Others,2,Dhule,NOTA,None of the Above,Maharashtra,,0.00 Cr,4693,1,0.38
Others,2,Dumka,NOTA,None of the Above,Jharkhand,,0.00 Cr,4526,1,0.38
Others,2,Garhwal,NOTA,None of the Above,Uttarakhand,,0.00 Cr,11375,1,1.54
Others,2,Kairana,NOTA,None of the Above,Uttar Pradesh,,0.00 Cr,3249,1,0.3
Others,2,Kannur,NOTA,None of the Above,Kerala,,0.00 Cr,8873,1,0.83
Others,2,KURUKSHETRA,NOTA,None of the Above,Haryana,,0.00 Cr,2439,1,0.2
Others,2,MANDI,NOTA,None of the Above,Himachal Pradesh,,0.00 Cr,5645,1,0.56
Others,2,North-East Delhi,NOTA,None of the Above,NCT OF Delhi,,0.00 Cr,5873,1,0.38
Others,2,Outer Manipur,NOTA,None of the Above,Manipur,,0.00 Cr,7225,1,0.91
Others,2,Paschim Champaran,NOTA,None of the Above,Bihar,,0.00 Cr,11288,1,1.04
Others,2,Peddapalle,NOTA,None of the Above,Telangana,,0.00 Cr,5711,1,0.52
Others,2,RAIGARH,NOTA,None of the Above,Chhattisgarh,,0.00 Cr,15022,1,1.03
Others,2,South Goa,NOTA,None of the Above,Goa,,0.00 Cr,4837,1,1.07
Others,2,Srikakulam,NOTA,None of the Above,Andhra Pradesh,,0.00 Cr,24605,1,1.99
Others,2,SRINAGAR,NOTA,None of the Above,Jammu and Kashmir,,0.00 Cr,5998,1,0.89
Others,2,Sundargarh,NOTA,None of the Above,Odisha,,0.00 Cr,17801,1,1.54
Others,2,Tripura East,NOTA,None of the Above,Tripura,,0.00 Cr,18303,1,1.61
Others,2,Tura,NOTA,None of the Above,Meghalaya,,0.00 Cr,5840,1,0.87
Others,3,Almora,NOTA,None of the Above,Uttarakhand,,0.00 Cr,17019,1,2.55
Others,3,ANANTNAG-RAJOURI,NOTA,None of the Above,Jammu and Kashmir,,0.00 Cr,6223,1,0.61
Others,3,Bagalkot,NOTA,None of the Above,Karnataka,,0.00 Cr,3420,1,0.26
Others,3,Barpeta,NOTA,None of the Above,Assam,,0.00 Cr,17117,1,1.02
Others,3,CHENNAI SOUTH,NOTA,None of the Above,Tamil Nadu,,0.00 Cr,15653,1,1.42
Others,3,CHURU,NOTA,None of the Above,Rajasthan,,0.00 Cr,6656,1,0.47
Others,3,East Delhi,NOTA,None of the Above,NCT OF Delhi,,0.00 Cr,5394,1,0.43
Others,3,Godda,NOTA,None of the Above,Jharkhand,,0.00 Cr,4361,1,0.31
Others,3,GWALIOR,NOTA,None of the Above,Madhya Pradesh,,0.00 Cr,3341,1,0.25
Others,3,HAMIRPUR,NOTA,None of the Above,Himachal Pradesh,,0.00 Cr,5178,1,0.49
Others,3,Jalgaon,NOTA,None of the Above,Maharashtra,,0.00 Cr,13919,1,1.19
Others,3,Jalpaiguri,NOTA,None of the Above,West Bengal,,0.00 Cr,16848,1,1.07
Others,3,JANJGIR-CHAMPA,NOTA,None of the Above,Chhattisgarh,,0.00 Cr,5137,1,0.37
Others,3,Karimnagar,NOTA,None of the Above,Telangana,,0.00 Cr,5438,1,0.41
Others,3,Khadoor Sahib,NOTA,None of the Above,Punjab,,0.00 Cr,3452,1,0.33
Others,3,Muzaffarnagar,NOTA,None of the Above,Uttar Pradesh,,0.00 Cr,3916,1,0.36
Others,3,Patan,NOTA,None of the Above,Gujarat,,0.00 Cr,16722,1,1.4
Others,3,Purvi Champaran,NOTA,None of the Above,Bihar,,0.00 Cr,19788,1,1.84
Others,3,Sambalpur,NOTA,None of the Above,Odisha,,0.00 Cr,12483,1,1.04
Others,3,SIRSA,NOTA,None of the Above,Haryana,,0.00 Cr,4123,1,0.3
Others,3,Vadakara,NOTA,None of the Above,Kerala,,0.00 Cr,2909,1,0.26
Others,3,Vizianagaram,NOTA,None of the Above,Andhra Pradesh,,0.00 Cr,23250,1,1.79
Others,4,Bijapur,NOTA,None of the Above,Karnataka,,0.00 Cr,7502,1,0.58
Others,4,Bijnor,NOTA,None of the Above,Uttar Pradesh,,0.00 Cr,4446,1,0.43
Others,4,Chatra,NOTA,None of the Above,Jharkhand,,0.00 Cr,8511,1,0.78
Others,4,CHENNAI CENTRAL,NOTA,None of the Above,Tamil Nadu,,0.00 Cr,11163,1,1.53
Others,4,Darjeeling,NOTA,None of the Above,West Bengal,,0.00 Cr,18021,1,1.36
Others,4,Darrang-Udalguri,NOTA,None of the Above,Assam,,0.00 Cr,23204,1,1.28
Others,4,GUNA,NOTA,None of the Above,Madhya Pradesh,,0.00 Cr,9089,1,0.66
Others,4,HISAR,NOTA,None of the Above,Haryana,,0.00 Cr,3366,1,0.29
Others,4,Jalandhar,NOTA,None of the Above,Punjab,,0.00 Cr,4743,1,0.48
Others,4,JHUNJHUNU,NOTA,None of the Above,Rajasthan,,0.00 Cr,6632,1,0.59
Others,4,Keonjhar,NOTA,None of the Above,Odisha,,0.00 Cr,24763,1,1.97
Others,4,KORBA,NOTA,None of the Above,Chhattisgarh,,0.00 Cr,6097,1,0.5
Others,4,Mahesana,NOTA,None of the Above,Gujarat,,0.00 Cr,11626,1,1.08
Others,4,Nainital-Udhamsingh Nagar,NOTA,None of the Above,Uttarakhand,,0.00 Cr,10425,1,0.82
Others,4,New Delhi,NOTA,None of the Above,NCT OF Delhi,,0.00 Cr,4813,1,0.57
Others,4,Nizamabad,NOTA,None of the Above,Telangana,,0.00 Cr,4483,1,0.36
Others,4,Raver,NOTA,None of the Above,Maharashtra,,0.00 Cr,4100,1,0.35
Others,4,Sheohar,NOTA,None of the Above,Bihar,,0.00 Cr,30168,1,2.86
Others,4,SHIMLA,NOTA,None of the Above,Himachal Pradesh,,0.00 Cr,5930,1,0.61
Others,4,UDHAMPUR,NOTA,None of the Above,Jammu and Kashmir,,0.00 Cr,12938,1,1.16
Others,4,Visakhapatnam,NOTA,None of the Above,Andhra Pradesh,,0.00 Cr,5313,1,0.38
Others,4,Wayanad,NOTA,None of the Above,Kerala,,0.00 Cr,6999,1,0.65
Others,5,Anakapalle,NOTA,None of the Above,Andhra Pradesh,,0.00 Cr,26235,1,1.98
Others,5,BILASPUR,NOTA,None of the Above,Chhattisgarh,,0.00 Cr,2849,1,0.21
Others,5,Buldhana,NOTA,None of the Above,Maharashtra,,0.00 Cr,3786,1,0.34
Others,5,Gulbarga,NOTA,None of the Above,Karnataka,,0.00 Cr,8429,1,0.64
Others,5,Guwahati,NOTA,None of the Above,Assam,,0.00 Cr,20249,1,1.27
Others,5,Haridwar,NOTA,None of the Above,Uttarakhand,,0.00 Cr,6826,1,0.52
Others,5,Hoshiarpur,NOTA,None of the Above,Punjab,,0.00 Cr,5552,1,0.59
Others,5,JAMMU,NOTA,None of the Above,Jammu and Kashmir,,0.00 Cr,4645,1,0.36
Others,5,KARNAL,NOTA,None of the Above,Haryana,,0.00 Cr,3955,1,0.29
Others,5,Kodarma,NOTA,None of the Above,Jharkhand,,0.00 Cr,42152,1,3.08
Others,5,Kozhikode,NOTA,None of the Above,Kerala,,0.00 Cr,6316,1,0.58
Others,5,Mayurbhanj,NOTA,None of the Above,Odisha,,0.00 Cr,19953,1,1.7
Others,5,Nagina,NOTA,None of the Above,Uttar Pradesh,,0.00 Cr,5307,1,0.53
Others,5,North-West Delhi,NOTA,None of the Above,NCT OF Delhi,,0.00 Cr,8984,1,0.6
Others,5,Raiganj,NOTA,None of the Above,West Bengal,,0.00 Cr,1940,1,0.14
Others,5,Sabarkantha,NOTA,None of the Above,Gujarat,,0.00 Cr,21076,1,1.66
Others,5,SAGAR,NOTA,None of the Above,Madhya Pradesh,,0.00 Cr,7657,1,0.67
Others,5,SIKAR,NOTA,None of the Above,Rajasthan,,0.00 Cr,7266,1,0.56
Others,5,Sitamarhi,NOTA,None of the Above,Bihar,,0.00 Cr,32133,1,2.94
Others,5,SRIPERUMBUDUR,NOTA,None of the Above,Tamil Nadu,,0.00 Cr,26450,1,1.84
Others,5,Zahirabad,NOTA,None of the Above,Telangana,,0.00 Cr,2977,1,0.24
Others,6,Akola,NOTA,None of the Above,Maharashtra,,0.00 Cr,5783,1,0.49
Others,6,Anandpur Sahib,NOTA,None of the Above,Punjab,,0.00 Cr,6402,1,0.59
Others,6,Balasore,NOTA,None of the Above,Odisha,,0.00 Cr,7350,1,0.59
Others,6,Balurghat,NOTA,None of the Above,West Bengal,,0.00 Cr,7437,1,0.6
Others,6,Diphu,NOTA,None of the Above,Assam,,0.00 Cr,16259,1,2.38
Others,6,Gandhinagar,NOTA,None of the Above,Gujarat,,0.00 Cr,22005,1,1.66
Others,6,Giridih,NOTA,None of the Above,Jharkhand,,0.00 Cr,6044,1,0.48
Others,6,JAIPUR RURAL,NOTA,None of the Above,Rajasthan,,0.00 Cr,7519,1,0.6
Others,6,Kakinada,NOTA,None of the Above,Andhra Pradesh,,0.00 Cr,17220,1,1.29
Others,6,KANCHEEPURAM,NOTA,None of the Above,Tamil Nadu,,0.00 Cr,16965,1,1.35
Others,6,Madhubani,NOTA,None of the Above,Bihar,,0.00 Cr,20719,1,2.02
Others,6,Malappuram,NOTA,None of the Above,Kerala,,0.00 Cr,6766,1,0.62
Others,6,Medak,NOTA,None of the Above,Telangana,,0.00 Cr,4617,1,0.33
Others,6,Moradabad,NOTA,None of the Above,Uttar Pradesh,,0.00 Cr,5824,1,0.45
Others,6,Raichur,NOTA,None of the Above,Karnataka,,0.00 Cr,9850,1,0.76
Others,6,RAJNANDGAON,NOTA,None of the Above,Chhattisgarh,,0.00 Cr,9553,1,0.66
Others,6,SONIPAT,NOTA,None of the Above,Haryana,,0.00 Cr,2320,1,0.21
Others,6,TIKAMGARH,NOTA,None of the Above,Madhya Pradesh,,0.00 Cr,12831,1,1.17
Others,6,West Delhi,NOTA,None of the Above,NCT OF Delhi,,0.00 Cr,8699,1,0.57
Others,7,Ahmedabad East,NOTA,None of the Above,Gujarat,,0.00 Cr,10503,1,0.93
Others,7,Amalapuram (SC),NOTA,None of the Above,Andhra Pradesh,,0.00 Cr,13518,1,1.04
Others,7,Amravati,NOTA,None of the Above,Maharashtra,,0.00 Cr,2544,1,0.22
Others,7,ARAKKONAM,NOTA,None of the Above,Tamil Nadu,,0.00 Cr,12613,1,1.08
Others,7,Bhadrak,NOTA,None of the Above,Odisha,,0.00 Cr,5478,1,0.42
Others,7,Bidar,NOTA,None of the Above,Karnataka,,0.00 Cr,4686,1,0.38
Others,7,DAMOH,NOTA,None of the Above,Madhya Pradesh,,0.00 Cr,7833,1,0.72
Others,7,Dhanbad,NOTA,None of the Above,Jharkhand,,0.00 Cr,7354,1,0.51
Others,7,DURG,NOTA,None of the Above,Chhattisgarh,,0.00 Cr,5617,1,0.36
Others,7,JAIPUR,NOTA,None of the Above,Rajasthan,,0.00 Cr,10428,1,0.71
Others,7,Jhanjharpur,NOTA,None of the Above,Bihar,,0.00 Cr,35928,1,3.28
Others,7,Karimganj,NOTA,None of the Above,Assam,,0.00 Cr,2940,1,0.26
Others,7,Ludhiana,NOTA,None of the Above,Punjab,,0.00 Cr,5076,1,0.48
Others,7,Maldaha Uttar,NOTA,None of the Above,West Bengal,,0.00 Cr,7288,1,0.51
Others,7,Malkajgiri,NOTA,None of the Above,Telangana,,0.00 Cr,13366,1,0.69
Others,7,Ponnani,NOTA,None of the Above,Kerala,,0.00 Cr,6561,1,0.64
Others,7,Rampur,NOTA,None of the Above,Uttar Pradesh,,0.00 Cr,5653,1,0.58
Others,7,ROHTAK,NOTA,None of the Above,Haryana,,0.00 Cr,2362,1,0.19
Others,7,South Delhi,NOTA,None of the Above,NCT OF Delhi,,0.00 Cr,5961,1,0.46
Others,8,Ahmedabad West,NOTA,None of the Above,Gujarat,,0.00 Cr,14007,1,1.45
Others,8,ALWAR,NOTA,None of the Above,Rajasthan,,0.00 Cr,5822,1,0.46
Others,8,BHIWANI-MAHENDRAGARH,NOTA,None of the Above,Haryana,,0.00 Cr,5287,1,0.45
Others,8,Fatehgarh Sahib,NOTA,None of the Above,Punjab,,0.00 Cr,9188,1,0.94
Others,8,Jajpur,NOTA,None of the Above,Odisha,,0.00 Cr,6788,1,0.58
Others,8,KHAJURAHO,NOTA,None of the Above,Madhya Pradesh,,0.00 Cr,16157,1,1.42
Others,8,Koppal,NOTA,None of the Above,Karnataka,,0.00 Cr,3519,1,0.26
Others,8,Maldaha Dakshin,NOTA,None of the Above,West Bengal,,0.00 Cr,2797,1,0.2
Others,8,Palakkad,NOTA,None of the Above,Kerala,,0.00 Cr,8793,1,0.85
Others,8,RAIPUR,NOTA,None of the Above,Chhattisgarh,,0.00 Cr,4448,1,0.28
Others,8,Rajahmundry,NOTA,None of the Above,Andhra Pradesh,,0.00 Cr,24435,1,1.84
Others,8,Ranchi,NOTA,None of the Above,Jharkhand,,0.00 Cr,8153,1,0.56
Others,8,Sambhal,NOTA,None of the Above,Uttar Pradesh,,0.00 Cr,7217,1,0.6
Others,8,Secunderabad,NOTA,None of the Above,Telangana,,0.00 Cr,5166,1,0.49
Others,8,Silchar,NOTA,None of the Above,Assam,,0.00 Cr,12700,1,1.17
Others,8,Supaul,NOTA,None of the Above,Bihar,,0.00 Cr,18612,1,1.51
Others,8,VELLORE,NOTA,None of the Above,Tamil Nadu,,0.00 Cr,8736,1,0.77
Others,8,Wardha,NOTA,None of the Above,Maharashtra,,0.00 Cr,4634,1,0.42
Others,9,Alathur,NOTA,None of the Above,Kerala,,0.00 Cr,12033,1,1.21
Others,9,Amroha,NOTA,None of the Above,Uttar Pradesh,,0.00 Cr,5900,1,0.53
Others,9,Araria,NOTA,None of the Above,Bihar,,0.00 Cr,13504,1,1.08
Others,9,Bellary,NOTA,None of the Above,Karnataka,,0.00 Cr,7889,1,0.57
Others,9,BHARATPUR,NOTA,None of the Above,Rajasthan,,0.00 Cr,5443,1,0.48
Others,9,Dhenkanal,NOTA,None of the Above,Odisha,,0.00 Cr,13777,1,1.16
Others,9,Faridkot,NOTA,None of the Above,Punjab,,0.00 Cr,4143,1,0.41
Others,9,GURGAON,NOTA,None of the Above,Haryana,,0.00 Cr,6417,1,0.4
Others,9,Hyderabad,NOTA,None of the Above,Telangana,,0.00 Cr,2906,1,0.27
Others,9,Jamshedpur,NOTA,None of the Above,Jharkhand,,0.00 Cr,7326,1,0.57
Others,9,Jangipur,NOTA,None of the Above,West Bengal,,0.00 Cr,17158,1,1.25
Others,9,KRISHNAGIRI,NOTA,None of the Above,Tamil Nadu,,0.00 Cr,10982,1,0.94
Others,9,MAHASAMUND,NOTA,None of the Above,Chhattisgarh,,0.00 Cr,3840,1,0.29
Others,9,Nagaon,NOTA,None of the Above,Assam,,0.00 Cr,11995,1,0.77
Others,9,Narsapuram,NOTA,None of the Above,Andhra Pradesh,,0.00 Cr,7677,1,0.62
Others,9,Ramtek,NOTA,None of the Above,Maharashtra,,0.00 Cr,7827,1,0.62
Others,9,SATNA,NOTA,None of the Above,Madhya Pradesh,,0.00 Cr,2553,1,0.24
Others,9,Surendranagar,NOTA,None of the Above,Gujarat,,0.00 Cr,13299,1,1.18
Others,10,Baharampur,NOTA,None of the Above,West Bengal,,0.00 Cr,7485,1,0.54
Others,10,BASTAR,NOTA,None of the Above,Chhattisgarh,,0.00 Cr,36758,1,3.65
Others,10,Bolangir,NOTA,None of the Above,Odisha,,0.00 Cr,16064,1,1.15
Others,10,Chevella,NOTA,None of the Above,Telangana,,0.00 Cr,6423,1,0.38
Others,10,DHARMAPURI,NOTA,None of the Above,Tamil Nadu,,0.00 Cr,9198,1,0.74
Others,10,Eluru,NOTA,None of the Above,Andhra Pradesh,,0.00 Cr,22515,1,1.63
Others,10,FARIDABAD,NOTA,None of the Above,Haryana,,0.00 Cr,6821,1,0.46
Others,10,Firozpur,NOTA,None of the Above,Punjab,,0.00 Cr,6100,1,0.54
Others,10,Haveri,NOTA,None of the Above,Karnataka,,0.00 Cr,10865,1,0.78
Others,10,KARAULI-DHOLPUR,NOTA,None of the Above,Rajasthan,,0.00 Cr,7460,1,0.75
Others,10,Kaziranga,NOTA,None of the Above,Assam,,0.00 Cr,24431,1,1.5
Others,10,Kishanganj,NOTA,None of the Above,Bihar,,0.00 Cr,24966,1,2.17
Others,10,Meerut,NOTA,None of the Above,Uttar Pradesh,,0.00 Cr,4776,1,0.4
Others,10,Nagpur,NOTA,None of the Above,Maharashtra,,0.00 Cr,5474,1,0.45
Others,10,Rajkot,NOTA,None of the Above,Gujarat,,0.00 Cr,15922,1,1.25
Others,10,REWA,NOTA,None of the Above,Madhya Pradesh,,0.00 Cr,6936,1,0.76
Others,10,Singhbhum,NOTA,None of the Above,Jharkhand,,0.00 Cr,23982,1,2.38
Others,10,Thrissur,NOTA,None of the Above,Kerala,,0.00 Cr,6072,1,0.56
Others,11,Baghpat,NOTA,None of the Above,Uttar Pradesh,,0.00 Cr,5110,1,0.55
Others,11,Bathinda,NOTA,None of the Above,Punjab,,0.00 Cr,4933,1,0.43
Others,11,Bhandara Gondiya,NOTA,None of the Above,Maharashtra,,0.00 Cr,10268,1,0.83
Others,11,Chalakudy,NOTA,None of the Above,Kerala,,0.00 Cr,8063,1,0.85
Others,11,DAUSA,NOTA,None of the Above,Rajasthan,,0.00 Cr,5846,1,0.54
Others,11,Dharwad,NOTA,None of the Above,Karnataka,,0.00 Cr,6147,1,0.45
Others,11,Kalahandi,NOTA,None of the Above,Odisha,,0.00 Cr,19715,1,1.48
Others,11,KANKER,NOTA,None of the Above,Chhattisgarh,,0.00 Cr,18669,1,1.48
Others,11,Katihar,NOTA,None of the Above,Bihar,,0.00 Cr,22939,1,1.96
Others,11,Khunti,NOTA,None of the Above,Jharkhand,,0.00 Cr,21919,1,2.34
Others,11,Machilipatnam,NOTA,None of the Above,Andhra Pradesh,,0.00 Cr,12126,1,0.92
Others,11,Mahbubnagar,NOTA,None of the Above,Telangana,,0.00 Cr,4330,1,0.35
Others,11,Murshidabad,NOTA,None of the Above,West Bengal,,0.00 Cr,13270,1,0.86
Others,11,Porbandar,NOTA,None of the Above,Gujarat,,0.00 Cr,13563,1,1.46
Others,11,SIDHI,NOTA,None of the Above,Madhya Pradesh,,0.00 Cr,4216,1,0.37
Others,11,Sonitpur,NOTA,None of the Above,Assam,,0.00 Cr,18748,1,1.46
Others,11,TIRUVANNAMALAI,NOTA,None of the Above,Tamil Nadu,,0.00 Cr,11957,1,1.04
Others,12,ARANI,NOTA,None of the Above,Tamil Nadu,,0.00 Cr,9188,1,0.81
Others,12,Ernakulam,NOTA,None of the Above,Kerala,,0.00 Cr,7758,1,0.85
Others,12,Gadchiroli - Chimur,NOTA,None of the Above,Maharashtra,,0.00 Cr,16577,1,1.42
Others,12,Ghaziabad,NOTA,None of the Above,Uttar Pradesh,,0.00 Cr,8211,1,0.56
Others,12,Jamnagar,NOTA,None of the Above,Gujarat,,0.00 Cr,11084,1,1.05
Others,12,Krishnanagar,NOTA,None of the Above,West Bengal,,0.00 Cr,6811,1,0.48
Others,12,Lakhimpur,NOTA,None of the Above,Assam,,0.00 Cr,16921,1,1.4
Others,12,Lohardaga,NOTA,None of the Above,Jharkhand,,0.00 Cr,11384,1,1.18
Others,12,Nabarangpur,NOTA,None of the Above,Odisha,,0.00 Cr,43268,1,3.48
Others,12,Nagarkurnool,NOTA,None of the Above,Telangana,,0.00 Cr,4580,1,0.38
Others,12,Purnia,NOTA,None of the Above,Bihar,,0.00 Cr,23834,1,1.99
Others,12,Sangrur,NOTA,None of the Above,Punjab,,0.00 Cr,3820,1,0.38
Others,12,SHAHDOL,NOTA,None of the Above,Madhya Pradesh,,0.00 Cr,19361,1,1.68
Others,12,TONK-SAWAI MADHOPUR,NOTA,None of the Above,Rajasthan,,0.00 Cr,8177,1,0.67
Others,12,Uttara Kannada,NOTA,None of the Above,Karnataka,,0.00 Cr,10176,1,0.81
Others,12,Vijayawada,NOTA,None of the Above,Andhra Pradesh,,0.00 Cr,9193,1,0.67
Others,13,AJMER,NOTA,None of the Above,Rajasthan,,0.00 Cr,11402,1,0.95
Others,13,Chandrapur,NOTA,None of the Above,Maharashtra,,0.00 Cr,10843,1,0.87
Others,13,Davanagere,NOTA,None of the Above,Karnataka,,0.00 Cr,3176,1,0.24
Others,13,Dibrugarh,NOTA,None of the Above,Assam,,0.00 Cr,32255,1,2.52
Others,13,Gautam Buddha Nagar,NOTA,None of the Above,Uttar Pradesh,,0.00 Cr,10324,1,0.72
Others,13,Guntur,NOTA,None of the Above,Andhra Pradesh,,0.00 Cr,7387,1,0.52
Others,13,Idukki,NOTA,None of the Above,Kerala,,0.00 Cr,9519,1,1.13
Others,13,JABALPUR,NOTA,None of the Above,Madhya Pradesh,,0.00 Cr,4986,1,0.43
Others,13,Junagadh,NOTA,None of the Above,Gujarat,,0.00 Cr,14013,1,1.31
Others,13,Kandhamal,NOTA,None of the Above,Odisha,,0.00 Cr,15720,1,1.58
Others,13,Madhepura,NOTA,None of the Above,Bihar,,0.00 Cr,32625,1,2.7
Others,13,Nalgonda,NOTA,None of the Above,Telangana,,0.00 Cr,6086,1,0.47
Others,13,Palamau,NOTA,None of the Above,Jharkhand,,0.00 Cr,24343,1,1.75
Others,13,Patiala,NOTA,None of the Above,Punjab,,0.00 Cr,6681,1,0.58
Others,13,Ranaghat,NOTA,None of the Above,West Bengal,,0.00 Cr,9893,1,0.64
Others,13,VILUPPURAM,NOTA,None of the Above,Tamil Nadu,,0.00 Cr,8966,1,0.78
Others,14,Amreli,NOTA,None of the Above,Gujarat,,0.00 Cr,11349,1,1.29
Others,14,Bangaon,NOTA,None of the Above,West Bengal,,0.00 Cr,6685,1,0.45
Others,14,Bhongir,NOTA,None of the Above,Telangana,,0.00 Cr,4646,1,0.33
Others,14,Bulandshahr,NOTA,None of the Above,Uttar Pradesh,,0.00 Cr,6925,1,0.66
Others,14,Cuttack,NOTA,None of the Above,Odisha,,0.00 Cr,8159,1,0.73
Others,14,Darbhanga,NOTA,None of the Above,Bihar,,0.00 Cr,23904,1,2.33
Others,14,Hazaribagh,NOTA,None of the Above,Jharkhand,,0.00 Cr,7200,1,0.57
Others,14,Jorhat,NOTA,None of the Above,Assam,,0.00 Cr,14555,1,1.05
Others,14,KALLAKURICHI,NOTA,None of the Above,Tamil Nadu,,0.00 Cr,8532,1,0.68
Others,14,Kottayam,NOTA,None of the Above,Kerala,,0.00 Cr,11933,1,1.43
Others,14,MANDLA,NOTA,None of the Above,Madhya Pradesh,,0.00 Cr,18921,1,1.23
Others,14,NAGAUR,NOTA,None of the Above,Rajasthan,,0.00 Cr,8771,1,0.71
Others,14,Narsaraopet,NOTA,None of the Above,Andhra Pradesh,,0.00 Cr,11199,1,0.75
Others,14,Shimoga,NOTA,None of the Above,Karnataka,,0.00 Cr,4332,1,0.31
Others,14,Yavatmal- Washim,NOTA,None of the Above,Maharashtra,,0.00 Cr,9391,1,0.77
Others,15,Alappuzha,NOTA,None of the Above,Kerala,,0.00 Cr,7365,1,0.7
Others,15,Aligarh,NOTA,None of the Above,Uttar Pradesh,,0.00 Cr,4934,1,0.44
Others,15,BALAGHAT,NOTA,None of the Above,Madhya Pradesh,,0.00 Cr,11510,1,0.83
Others,15,Bapatla (SC),NOTA,None of the Above,Andhra Pradesh,,0.00 Cr,13723,1,1.06
Others,15,Barrackpur,NOTA,None of the Above,West Bengal,,0.00 Cr,11082,1,0.97
Others,15,Bhavnagar,NOTA,None of the Above,Gujarat,,0.00 Cr,18765,1,1.79
Others,15,Hingoli,NOTA,None of the Above,Maharashtra,,0.00 Cr,3123,1,0.27
Others,15,Kendrapara,NOTA,None of the Above,Odisha,,0.00 Cr,5815,1,0.46
Others,15,Muzaffarpur,NOTA,None of the Above,Bihar,,0.00 Cr,7588,1,0.68
Others,15,PALI,NOTA,None of the Above,Rajasthan,,0.00 Cr,13853,1,1.02
Others,15,SALEM,NOTA,None of the Above,Tamil Nadu,,0.00 Cr,14894,1,1.14
Others,15,Udupi Chikmagalur,NOTA,None of the Above,Karnataka,,0.00 Cr,11269,1,0.92
Others,15,Warangal,NOTA,None of the Above,Telangana,,0.00 Cr,8380,1,0.66
Others,16,Anand,NOTA,None of the Above,Gujarat,,0.00 Cr,15930,1,1.36
Others,16,CHHINDWARA,NOTA,None of the Above,Madhya Pradesh,,0.00 Cr,9903,1,0.76
Others,16,Dum dum,NOTA,None of the Above,West Bengal,,0.00 Cr,11334,1,0.9
Others,16,Hassan,NOTA,None of the Above,Karnataka,,0.00 Cr,8541,1,0.63
Others,16,Hathras,NOTA,None of the Above,Uttar Pradesh,,0.00 Cr,6299,1,0.58
Others,16,Jagatsinghpur,NOTA,None of the Above,Odisha,,0.00 Cr,4882,1,0.38
Others,16,JODHPUR,NOTA,None of the Above,Rajasthan,,0.00 Cr,10591,1,0.77
Others,16,Mahabubabad,NOTA,None of the Above,Telangana,,0.00 Cr,6591,1,0.59
Others,16,Mavelikkara,NOTA,None of the Above,Kerala,,0.00 Cr,9883,1,1.1
Others,16,NAMAKKAL,NOTA,None of the Above,Tamil Nadu,,0.00 Cr,12984,1,1.13
Others,16,Nanded,NOTA,None of the Above,Maharashtra,,0.00 Cr,3628,1,0.32
Others,16,Ongole,NOTA,None of the Above,Andhra Pradesh,,0.00 Cr,13205,1,0.93
Others,16,Vaishali,NOTA,None of the Above,Bihar,,0.00 Cr,27460,1,2.34
Others,17,Barasat,NOTA,None of the Above,West Bengal,,0.00 Cr,17892,1,1.17
Others,17,BARMER,NOTA,None of the Above,Rajasthan,,0.00 Cr,17903,1,1.06
Others,17,Dakshina Kannada,NOTA,None of the Above,Karnataka,,0.00 Cr,23576,1,1.67
Others,17,ERODE,NOTA,None of the Above,Tamil Nadu,,0.00 Cr,13983,1,1.28
Others,17,Gopalganj,NOTA,None of the Above,Bihar,,0.00 Cr,42863,1,4.03
Others,17,HOSHANGABAD,NOTA,None of the Above,Madhya Pradesh,,0.00 Cr,14941,1,1.2
Others,17,Khammam,NOTA,None of the Above,Telangana,,0.00 Cr,6782,1,0.54
Others,17,Kheda,NOTA,None of the Above,Gujarat,,0.00 Cr,18824,1,1.6
Others,17,Mathura,NOTA,None of the Above,Uttar Pradesh,,0.00 Cr,4563,1,0.48
Others,17,Nandyal,NOTA,None of the Above,Andhra Pradesh,,0.00 Cr,10697,1,0.76
Others,17,Parbhani,NOTA,None of the Above,Maharashtra,,0.00 Cr,3385,1,0.25
Others,17,Pathanamthitta,NOTA,None of the Above,Kerala,,0.00 Cr,8411,1,0.91
Others,17,Puri,NOTA,None of the Above,Odisha,,0.00 Cr,7610,1,0.64
Others,18,Agra,NOTA,None of the Above,Uttar Pradesh,,0.00 Cr,7014,1,0.62
Others,18,Basirhat,NOTA,None of the Above,West Bengal,,0.00 Cr,5248,1,0.34
Others,18,Bhubaneswar,NOTA,None of the Above,Odisha,,0.00 Cr,8302,1,0.77
Others,18,Chitradurga,NOTA,None of the Above,Karnataka,,0.00 Cr,3190,1,0.23
Others,18,Jalna,NOTA,None of the Above,Maharashtra,,0.00 Cr,3537,1,0.26
Others,18,JALORE,NOTA,None of the Above,Rajasthan,,0.00 Cr,18459,1,1.27
Others,18,Kollam,NOTA,None of the Above,Kerala,,0.00 Cr,6546,1,0.71
Others,18,Kurnoolu,NOTA,None of the Above,Andhra Pradesh,,0.00 Cr,10511,1,0.79
Others,18,Panchmahal,NOTA,None of the Above,Gujarat,,0.00 Cr,20103,1,1.78
Others,18,Siwan,NOTA,None of the Above,Bihar,,0.00 Cr,26964,1,2.7
Others,18,TIRUPPUR,NOTA,None of the Above,Tamil Nadu,,0.00 Cr,17737,1,1.55
Others,18,VIDISHA,NOTA,None of the Above,Madhya Pradesh,,0.00 Cr,9280,1,0.64
Others,19,Ananthapur,NOTA,None of the Above,Andhra Pradesh,,0.00 Cr,9199,1,0.64
Others,19,Aska,NOTA,None of the Above,Odisha,,0.00 Cr,21941,1,2.16
Others,19,Attingal,NOTA,None of the Above,Kerala,,0.00 Cr,9791,1,0.99
Others,19,Aurangabad,NOTA,None of the Above,Maharashtra,,0.00 Cr,5773,1,0.44
Others,19,BHOPAL,NOTA,None of the Above,Madhya Pradesh,,0.00 Cr,6621,1,0.44
Others,19,Dahod,NOTA,None of the Above,Gujarat,,0.00 Cr,34938,1,3.12
Others,19,Fatehpur Sikri,NOTA,None of the Above,Uttar Pradesh,,0.00 Cr,7793,1,0.75
Others,19,Joynagar,NOTA,None of the Above,West Bengal,,0.00 Cr,9788,1,0.66
Others,19,Maharajganj,NOTA,None of the Above,Bihar,,0.00 Cr,21687,1,2.14
Others,19,NILGIRIS,NOTA,None of the Above,Tamil Nadu,,0.00 Cr,13000,1,1.28
Others,19,Tumkur,NOTA,None of the Above,Karnataka,,0.00 Cr,6460,1,0.5
Others,19,UDAIPUR,NOTA,None of the Above,Rajasthan,,0.00 Cr,22948,1,1.53
Others,20,BANSWARA,NOTA,None of the Above,Rajasthan,,0.00 Cr,20970,1,1.28
Others,20,Berhampur,NOTA,None of the Above,Odisha,,0.00 Cr,15942,1,1.53
Others,20,COIMBATORE,NOTA,None of the Above,Tamil Nadu,,0.00 Cr,11788,1,0.86
Others,20,Dindori,NOTA,None of the Above,Maharashtra,,0.00 Cr,8246,1,0.66
Others,20,Firozabad,NOTA,None of the Above,Uttar Pradesh,,0.00 Cr,5279,1,0.48
Others,20,Hindupur,NOTA,None of the Above,Andhra Pradesh,,0.00 Cr,17971,1,1.27
Others,20,Mandya,NOTA,None of the Above,Karnataka,,0.00 Cr,7736,1,0.53
Others,20,Mathurapur,NOTA,None of the Above,West Bengal,,0.00 Cr,8631,1,0.58
Others,20,RAJGARH,NOTA,None of the Above,Madhya Pradesh,,0.00 Cr,7260,1,0.51
Others,20,Saran,NOTA,None of the Above,Bihar,,0.00 Cr,11417,1,1.12
Others,20,Thiruvananthapuram,NOTA,None of the Above,Kerala,,0.00 Cr,6753,1,0.7
Others,20,Vadodara,NOTA,None of the Above,Gujarat,,0.00 Cr,18388,1,1.52
Others,21,Chhota Udaipur,NOTA,None of the Above,Gujarat,,0.00 Cr,29655,1,2.34
Others,21,CHITTORGARH,NOTA,None of the Above,Rajasthan,,0.00 Cr,5590,1,0.37
Others,21,DEWAS,NOTA,None of the Above,Madhya Pradesh,,0.00 Cr,10389,1,0.71
Others,21,Diamond harbour,NOTA,None of the Above,West Bengal,,0.00 Cr,10188,1,0.67
Others,21,Hajipur,NOTA,None of the Above,Bihar,,0.00 Cr,36927,1,3.2
Others,21,Kadapa,NOTA,None of the Above,Andhra Pradesh,,0.00 Cr,16846,1,1.27
Others,21,Koraput,NOTA,None of the Above,Odisha,,0.00 Cr,37131,1,3.23
Others,21,Mainpuri,NOTA,None of the Above,Uttar Pradesh,,0.00 Cr,4582,1,0.43
Others,21,Mysore,NOTA,None of the Above,Karnataka,,0.00 Cr,4490,1,0.3
Others,21,Nashik,NOTA,None of the Above,Maharashtra,,0.00 Cr,6185,1,0.5
Others,21,POLLACHI,NOTA,None of the Above,Tamil Nadu,,0.00 Cr,14503,1,1.29
Others,22,Bharuch,NOTA,None of the Above,Gujarat,,0.00 Cr,23283,1,1.94
Others,22,Chamarajanagar,NOTA,None of the Above,Karnataka,,0.00 Cr,8143,1,0.59
Others,22,DINDIGUL,NOTA,None of the Above,Tamil Nadu,,0.00 Cr,22120,1,1.92
Others,22,Etah,NOTA,None of the Above,Uttar Pradesh,,0.00 Cr,5156,1,0.51
Others,22,Jadavpur,NOTA,None of the Above,West Bengal,,0.00 Cr,7415,1,0.47
Others,22,Nellore,NOTA,None of the Above,Andhra Pradesh,,0.00 Cr,15577,1,1.13
Others,22,Palghar,NOTA,None of the Above,Maharashtra,,0.00 Cr,23385,1,1.7
Others,22,RAJSAMAND,NOTA,None of the Above,Rajasthan,,0.00 Cr,12411,1,1.02
Others,22,Ujiarpur,NOTA,None of the Above,Bihar,,0.00 Cr,23269,1,2.23
Others,22,UJJAIN,NOTA,None of the Above,Madhya Pradesh,,0.00 Cr,9332,1,0.7
Others,23,Badaun,NOTA,None of the Above,Uttar Pradesh,,0.00 Cr,8562,1,0.78
Others,23,Bangalore Rural,NOTA,None of the Above,Karnataka,,0.00 Cr,10649,1,0.55
Others,23,Bardoli,NOTA,None of the Above,Gujarat,,0.00 Cr,25542,1,1.91
Others,23,BHILWARA,NOTA,None of the Above,Rajasthan,,0.00 Cr,13376,1,1.03
Others,23,Bhiwandi,NOTA,None of the Above,Maharashtra,,0.00 Cr,9347,1,0.75
Others,23,KARUR,NOTA,None of the Above,Tamil Nadu,,0.00 Cr,8275,1,0.73
Others,23,Kolkata Dakshin,NOTA,None of the Above,West Bengal,,0.00 Cr,6423,1,0.52
Others,23,MANDSOUR,NOTA,None of the Above,Madhya Pradesh,,0.00 Cr,11662,1,0.81
Others,23,Samastipur,NOTA,None of the Above,Bihar,,0.00 Cr,32668,1,2.98
Others,23,Thirupathi(SC),NOTA,None of the Above,Andhra Pradesh,,0.00 Cr,16118,1,1.17
Others,24,Aonla,NOTA,None of the Above,Uttar Pradesh,,0.00 Cr,6858,1,0.63
Others,24,Bangalore North,NOTA,None of the Above,Karnataka,,0.00 Cr,13554,1,0.77
Others,24,Begusarai,NOTA,None of the Above,Bihar,,0.00 Cr,22382,1,1.73
Others,24,Kalyan,NOTA,None of the Above,Maharashtra,,0.00 Cr,11686,1,1.12
Others,24,Kolkata Uttar,NOTA,None of the Above,West Bengal,,0.00 Cr,10044,1,1.05
Others,24,KOTA,NOTA,None of the Above,Rajasthan,,0.00 Cr,10261,1,0.68
Others,24,Rajampet,NOTA,None of the Above,Andhra Pradesh,,0.00 Cr,11400,1,0.86
Others,24,RATLAM,NOTA,None of the Above,Madhya Pradesh,,0.00 Cr,31735,1,2.07
Others,24,TIRUCHIRAPPALLI,NOTA,None of the Above,Tamil Nadu,,0.00 Cr,13849,1,1.31
Others,25,Bangalore central,NOTA,None of the Above,Karnataka,,0.00 Cr,12126,1,0.92
Others,25,Bareilly,NOTA,None of the Above,Uttar Pradesh,,0.00 Cr,6260,1,0.56
Others,25,Chittoor(SC),NOTA,None of the Above,Andhra Pradesh,,0.00 Cr,11976,1,0.84
Others,25,DHAR,NOTA,None of the Above,Madhya Pradesh,,0.00 Cr,15651,1,1.1
Others,25,Howrah,NOTA,None of the Above,West Bengal,,0.00 Cr,10084,1,0.79
Others,25,JHALAWAR-BARAN,NOTA,None of the Above,Rajasthan,,0.00 Cr,16027,1,1.13
Others,25,Khagaria,NOTA,None of the Above,Bihar,,0.00 Cr,31111,1,2.93
Others,25,Navsari,NOTA,None of the Above,Gujarat,,0.00 Cr,20462,1,1.53
Others,25,PERAMBALUR,NOTA,None of the Above,Tamil Nadu,,0.00 Cr,10322,1,0.91
Others,25,Thane,NOTA,None of the Above,Maharashtra,,0.00 Cr,17901,1,1.37
Others,26,Bangalore South,NOTA,None of the Above,Karnataka,,0.00 Cr,7857,1,0.63
Others,26,Bhagalpur,NOTA,None of the Above,Bihar,,0.00 Cr,31803,1,2.99
Others,26,CUDDALORE,NOTA,None of the Above,Tamil Nadu,,0.00 Cr,7292,1,0.71
Others,26,INDORE,NOTA,None of the Above,Madhya Pradesh,,0.02 Cr,218674,1,14
Others,26,Mumbai North,NOTA,None of the Above,Maharashtra,,0.00 Cr,13346,1,1.29
Others,26,Pilibhit,NOTA,None of the Above,Uttar Pradesh,,0.00 Cr,6741,1,0.58
Others,26,Uluberia,NOTA,None of the Above,West Bengal,,0.00 Cr,11318,1,0.81
Others,26,Valsad,NOTA,None of the Above,Gujarat,,0.00 Cr,18373,1,1.35
Others,27,Banka,NOTA,None of the Above,Bihar,,0.00 Cr,34889,1,3.44
Others,27,CHIDAMBARAM,NOTA,None of the Above,Tamil Nadu,,0.00 Cr,8761,1,0.75
Others,27,Chikkballapur,NOTA,None of the Above,Karnataka,,0.00 Cr,6596,1,0.43
Others,27,KHARGONE,NOTA,None of the Above,Madhya Pradesh,,0.00 Cr,18257,1,1.17
Others,27,Mumbai North West,NOTA,None of the Above,Maharashtra,,0.00 Cr,15161,1,1.59
Others,27,Shahjahanpur,NOTA,None of the Above,Uttar Pradesh,,0.00 Cr,8490,1,0.68
Others,27,Srerampur,NOTA,None of the Above,West Bengal,,0.00 Cr,15034,1,1.02
Others,28,Hooghly,NOTA,None of the Above,West Bengal,,0.00 Cr,13352,1,0.88
Others,28,KHANDWA,NOTA,None of the Above,Madhya Pradesh,,0.00 Cr,12839,1,0.85
Others,28,Kheri,NOTA,None of the Above,Uttar Pradesh,,0.00 Cr,7931,1,0.65
Others,28,Kolar,NOTA,None of the Above,Karnataka,,0.00 Cr,5831,1,0.43
Others,28,MAYILADUTHURAI,NOTA,None of the Above,Tamil Nadu,,0.00 Cr,8695,1,0.8
Others,28,Mumbai North East,NOTA,None of the Above,Maharashtra,,0.00 Cr,10173,1,1.1
Others,28,Munger,NOTA,None of the Above,Bihar,,0.00 Cr,21951,1,1.93
Others,29,Arambagh,NOTA,None of the Above,West Bengal,,0.00 Cr,18031,1,1.16
Others,29,BETUL,NOTA,None of the Above,Madhya Pradesh,,0.00 Cr,20322,1,1.46
Others,29,Dhaurahra,NOTA,None of the Above,Uttar Pradesh,,0.00 Cr,7144,1,0.64
Others,29,Mumbai North Central,NOTA,None of the Above,Maharashtra,,0.00 Cr,9749,1,1.07
Others,29,NAGAPATTINAM,NOTA,None of the Above,Tamil Nadu,,0.00 Cr,8918,1,0.92
Others,29,Nalanda,NOTA,None of the Above,Bihar,,0.00 Cr,19217,1,1.68
Others,30,Mumbai South Central,NOTA,None of the Above,Maharashtra,,0.00 Cr,13423,1,1.69
Others,30,Patna Sahib,NOTA,None of the Above,Bihar,,0.00 Cr,5559,1,0.52
Others,30,Sitapur,NOTA,None of the Above,Uttar Pradesh,,0.00 Cr,6958,1,0.63
Others,30,Tamluk,NOTA,None of the Above,West Bengal,,0.00 Cr,8265,1,0.52
Others,30,THANJAVUR,NOTA,None of the Above,Tamil Nadu,,0.00 Cr,12833,1,1.25
Others,31,Hardoi,NOTA,None of the Above,Uttar Pradesh,,0.00 Cr,8814,1,0.8
Others,31,Kanthi,NOTA,None of the Above,West Bengal,,0.00 Cr,8134,1,0.53
Others,31,Mumbai South,NOTA,None of the Above,Maharashtra,,0.00 Cr,13411,1,1.73
Others,31,Patliputra,NOTA,None of the Above,Bihar,,0.00 Cr,5606,1,0.46
Others,31,SIVAGANGA,NOTA,None of the Above,Tamil Nadu,,0.00 Cr,8189,1,0.78
Others,32,Arrah,NOTA,None of the Above,Bihar,,0.00 Cr,16963,1,1.55
Others,32,Ghatal,NOTA,None of the Above,West Bengal,,0.00 Cr,12966,1,0.81
Others,32,MADURAI,NOTA,None of the Above,Tamil Nadu,,0.00 Cr,11174,1,1.13
Others,32,Misrikh,NOTA,None of the Above,Uttar Pradesh,,0.00 Cr,8029,1,0.76
Others,32,Raigad,NOTA,None of the Above,Maharashtra,,0.00 Cr,27270,1,2.69
Others,33,Buxar,NOTA,None of the Above,Bihar,,0.00 Cr,9617,1,0.9
Others,33,Jhargram,NOTA,None of the Above,West Bengal,,0.00 Cr,15920,1,1.07
Others,33,Maval,NOTA,None of the Above,Maharashtra,,0.00 Cr,16760,1,1.18
Others,33,THENI,NOTA,None of the Above,Tamil Nadu,,0.00 Cr,11336,1,0.99
Others,33,Unnao,NOTA,None of the Above,Uttar Pradesh,,0.00 Cr,9453,1,0.73
Others,34,Medinipur,NOTA,None of the Above,West Bengal,,0.00 Cr,12424,1,0.84
Others,34,Mohanlalganj,NOTA,None of the Above,Uttar Pradesh,,0.00 Cr,8866,1,0.64
Others,34,Pune,NOTA,None of the Above,Maharashtra,,0.00 Cr,7460,1,0.68
Others,34,Sasaram,NOTA,None of the Above,Bihar,,0.00 Cr,17219,1,1.57
Others,34,VIRUDHUNAGAR,NOTA,None of the Above,Tamil Nadu,,0.00 Cr,9408,1,0.89
Others,35,Baramati,NOTA,None of the Above,Maharashtra,,0.00 Cr,9151,1,0.65
Others,35,Karakat,NOTA,None of the Above,Bihar,,0.00 Cr,21595,1,2.09
Others,35,Lucknow,NOTA,None of the Above,Uttar Pradesh,,0.00 Cr,7350,1,0.65
Others,35,Purulia,NOTA,None of the Above,West Bengal,,0.00 Cr,17929,1,1.25
Others,35,RAMANATHAPURAM,NOTA,None of the Above,Tamil Nadu,,0.00 Cr,6295,1,0.57
Others,36,Bankura,NOTA,None of the Above,West Bengal,,0.00 Cr,26209,1,1.81
Others,36,Jahanabad,NOTA,None of the Above,Bihar,,0.00 Cr,11055,1,1.19
Others,36,Rae Bareli,NOTA,None of the Above,Uttar Pradesh,,0.00 Cr,7872,1,0.76
Others,36,Shirur,NOTA,None of the Above,Maharashtra,,0.00 Cr,9661,1,0.7
Others,36,THOOTHUKKUDI,NOTA,None of the Above,Tamil Nadu,,0.00 Cr,9806,1,1
Others,37,Ahmednagar,NOTA,None of the Above,Maharashtra,,0.00 Cr,3282,1,0.25
Others,37,Amethi,NOTA,None of the Above,Uttar Pradesh,,0.00 Cr,9383,1,0.96
Others,37,Aurangabad,NOTA,None of the Above,Bihar,,0.00 Cr,22627,1,2.39
Others,37,Bishnupur,NOTA,None of the Above,West Bengal,,0.00 Cr,19132,1,1.26
Others,37,TENKASI,NOTA,None of the Above,Tamil Nadu,,0.00 Cr,17165,1,1.65
Others,38,Bardhaman Purba,NOTA,None of the Above,West Bengal,,0.00 Cr,12697,1,0.85
Others,38,Gaya,NOTA,None of the Above,Bihar,,0.00 Cr,17288,1,1.79
Others,38,Shirdi,NOTA,None of the Above,Maharashtra,,0.00 Cr,5380,1,0.51
Others,38,Sultanpur,NOTA,None of the Above,Uttar Pradesh,,0.00 Cr,8513,1,0.82
Others,38,TIRUNELVELI,NOTA,None of the Above,Tamil Nadu,,0.00 Cr,7396,1,0.69
Others,39,Bardhaman-Durgapur,NOTA,None of the Above,West Bengal,,0.00 Cr,21595,1,1.44
Others,39,Beed,NOTA,None of the Above,Maharashtra,,0.00 Cr,2087,1,0.14
Others,39,KANNIYAKUMARI,NOTA,None of the Above,Tamil Nadu,,0.00 Cr,3756,1,0.36
Others,39,Nawada,NOTA,None of the Above,Bihar,,0.00 Cr,12592,1,1.45
Others,39,Pratapgarh,NOTA,None of the Above,Uttar Pradesh,,0.00 Cr,2891,1,0.31
Others,40,Asansol,NOTA,None of the Above,West Bengal,,0.00 Cr,15510,1,1.19
Others,40,Farrukhabad,NOTA,None of the Above,Uttar Pradesh,,0.00 Cr,4365,1,0.42
Others,40,Jamui,NOTA,None of the Above,Bihar,,0.00 Cr,26182,1,2.67
Others,40,Osmanabad,NOTA,None of the Above,Maharashtra,,0.00 Cr,4298,1,0.34
Others,41,Bolpur,NOTA,None of the Above,West Bengal,,0.00 Cr,21722,1,1.42
Others,41,Etawah,NOTA,None of the Above,Uttar Pradesh,,0.00 Cr,6266,1,0.61
Others,41,Latur,NOTA,None of the Above,Maharashtra,,0.00 Cr,3567,1,0.29
Others,42,Birbhum,NOTA,None of the Above,West Bengal,,0.00 Cr,14093,1,0.92
Others,42,Kannauj,NOTA,None of the Above,Uttar Pradesh,,0.00 Cr,4818,1,0.4
Others,42,Solapur,NOTA,None of the Above,Maharashtra,,0.00 Cr,2725,1,0.23
Others,43,Kanpur,NOTA,None of the Above,Uttar Pradesh,,0.00 Cr,4117,1,0.46
Others,43,Madha,NOTA,None of the Above,Maharashtra,,0.00 Cr,3702,1,0.29
Others,44,Akbarpur,NOTA,None of the Above,Uttar Pradesh,,0.00 Cr,7649,1,0.7
Others,44,Sangli,NOTA,None of the Above,Maharashtra,,0.00 Cr,6565,1,0.56
Others,45,Jalaun,NOTA,None of the Above,Uttar Pradesh,,0.00 Cr,11154,1,0.99
Others,45,Satara,NOTA,None of the Above,Maharashtra,,0.00 Cr,5522,1,0.46
Others,46,Jhansi,NOTA,None of the Above,Uttar Pradesh,,0.00 Cr,15302,1,1.11
Others,46,Ratnagiri- Sindhudurg,NOTA,None of the Above,Maharashtra,,0.00 Cr,11643,1,1.27
Others,47,HAMIRPUR,NOTA,None of the Above,Uttar Pradesh,,0.00 Cr,13453,1,1.21
Others,47,Kolhapur,NOTA,None of the Above,Maharashtra,,0.00 Cr,5983,1,0.43
Others,48,Banda,NOTA,None of the Above,Uttar Pradesh,,0.00 Cr,13235,1,1.27
Others,48,Hatkanangale,NOTA,None of the Above,Maharashtra,,0.00 Cr,5103,1,0.39
Others,49,Fatehpur,NOTA,None of the Above,Uttar Pradesh,,0.00 Cr,8120,1,0.73
Others,50,Kaushambi,NOTA,None of the Above,Uttar Pradesh,,0.00 Cr,12967,1,1.28
Others,51,Phulpur,NOTA,None of the Above,Uttar Pradesh,,0.00 Cr,5460,1,0.54
Others,52,Allahabad,NOTA,None of the Above,Uttar Pradesh,,0.00 Cr,9952,1,1.05
Others,53,Barabanki,NOTA,None of the Above,Uttar Pradesh,,0.00 Cr,8221,1,0.64
Others,54,Faizabad,NOTA,None of the Above,Uttar Pradesh,,0.00 Cr,7536,1,0.66
Others,55,Ambedkar Nagar,NOTA,None of the Above,Uttar Pradesh,,0.00 Cr,7448,1,0.63
Others,56,Baharaich,NOTA,None of the Above,Uttar Pradesh,,0.00 Cr,12864,1,1.22
Others,57,Kaiserganj,NOTA,None of the Above,Uttar Pradesh,,0.00 Cr,14887,1,1.4
Others,58,Shrawasti,NOTA,None of the Above,Uttar Pradesh,,0.00 Cr,9872,1,0.94
Others,59,Gonda,NOTA,None of the Above,Uttar Pradesh,,0.00 Cr,9055,1,0.95
Others,60,Domariyaganj,NOTA,None of the Above,Uttar Pradesh,,0.00 Cr,9447,1,0.93
Others,61,Basti,NOTA,None of the Above,Uttar Pradesh,,0.00 Cr,7761,1,0.72
Others,62,Sant Kabir Nagar,NOTA,None of the Above,Uttar Pradesh,,0.00 Cr,9227,1,0.85
Others,63,Maharajganj,NOTA,None of the Above,Uttar Pradesh,,0.00 Cr,9745,1,0.81
Others,64,Gorakhpur,NOTA,None of the Above,Uttar Pradesh,,0.00 Cr,7681,1,0.67
Others,65,Kushi Nagar,NOTA,None of the Above,Uttar Pradesh,,0.00 Cr,9782,1,0.91
Others,66,Deoria,NOTA,None of the Above,Uttar Pradesh,,0.00 Cr,10212,1,0.98
Others,67,Bansgaon,NOTA,None of the Above,Uttar Pradesh,,0.00 Cr,9021,1,0.95
Others,68,Lalganj,NOTA,None of the Above,Uttar Pradesh,,0.00 Cr,7094,1,0.71
Others,69,Azamgarh,NOTA,None of the Above,Uttar Pradesh,,0.00 Cr,6234,1,0.59
Others,70,Ghosi,NOTA,None of the Above,Uttar Pradesh,,0.00 Cr,3518,1,0.31
Others,71,Salempur,NOTA,None of the Above,Uttar Pradesh,,0.00 Cr,7549,1,0.82
Others,72,Ballia,NOTA,None of the Above,Uttar Pradesh,,0.00 Cr,8187,1,0.81
Others,73,Jaunpur,NOTA,None of the Above,Uttar Pradesh,,0.00 Cr,6329,1,0.57
Others,74,Machhlishahr,NOTA,None of the Above,Uttar Pradesh,,0.00 Cr,9303,1,0.88
Others,75,Ghazipur,NOTA,None of the Above,Uttar Pradesh,,0.00 Cr,9065,1,0.79
Others,76,Chandauli,NOTA,None of the Above,Uttar Pradesh,,0.00 Cr,9005,1,0.81
Others,77,Varanasi,NOTA,None of the Above,Uttar Pradesh,,0.00 Cr,8478,1,0.75
Others,78,Bhadohi,NOTA,None of the Above,Uttar Pradesh,,0.00 Cr,11229,1,1.03
Others,79,Mirzapur,NOTA,None of the Above,Uttar Pradesh,,0.00 Cr,15049,1,1.36
Others,80,Robertsganj,NOTA,None of the Above,Uttar Pradesh,,0.00 Cr,19032,1,1.89
Others,2,Alipurduars,NRIPENDRA NARAYAN DEBKARJEE,Kamatapur People’s Party (United),West Bengal,,0.00 Cr,2055,1,0.14
Others,14,Bhongir,NUNE VENKAT SWAMY,Independent,Telangana,1,0.00 Cr,923,1,0.07
Others,22,Jadavpur,NUR ALAM KHAN,All India Secular Front,West Bengal,,0.01 Cr,83362,1,5.32
Others,14,Yavatmal- Washim,NUR ALI MAHEBUB ALI SHAH,Independent,Maharashtra,1,0.00 Cr,1958,1,0.16
Others,8,RAIPUR,NURI KHAN,Independent,Chhattisgarh,1,0.00 Cr,252,1,0.02
Others,75,Ghazipur,NUSRAT ANSARI,Independent,Uttar Pradesh,1,0.00 Cr,4616,1,0.4
Others,9,Narsapuram,OLETY NAGENDRA KRISHNA,Jaibhim Rao Bharat Party,Andhra Pradesh,,0.00 Cr,3116,1,0.25
Others,28,Kheri,OM NATH SINGH,Rashtriya Shoshit Samaj Party,Uttar Pradesh,,0.00 Cr,2300,1,0.19
Others,9,Faridkot,OM PARKASH BANKA,Independent,Punjab,1,0.00 Cr,1950,1,0.19
Others,2,KURUKSHETRA,OM PARKASH INDAL,Global Republican Party,Haryana,,0.00 Cr,678,1,0.06
Others,5,SIKAR,OM PRAKASH,Independent,Rajasthan,1,0.00 Cr,1224,1,0.09
Others,31,Hardoi,OM PRAKASH,Independent,Uttar Pradesh,1,0.00 Cr,1561,1,0.14
Others,6,West Delhi,OM PRAKASH NARAYAN,Aapki Apni Party (Peoples),NCT OF Delhi,,0.00 Cr,1773,1,0.12
Others,26,Bhagalpur,OM PRAKASH PODDAR,Independent,Bihar,1,0.00 Cr,3104,1,0.29
Others,24,KOTA,OM PRAKASH SHAKYAWAL,Independent,Rajasthan,1,0.00 Cr,760,1,0.05
Others,3,East Delhi,OM SHANKAR,Independent,NCT OF Delhi,1,0.00 Cr,556,1,0.04
Others,2,Arunachal East,OMAK NITIK,Independent,Arunachal Pradesh,1,0.00 Cr,9369,1,2.9
Others,7,South Delhi,OMAPRAKASH,Samaj Vikas Kranti Party,NCT OF Delhi,,0.00 Cr,1365,1,0.11
Others,2,Kairana,OMBEER,Azad Adhikar Sena,Uttar Pradesh,,0.00 Cr,1096,1,0.1
Others,53,Barabanki,OMKAR,Independent,Uttar Pradesh,1,0.00 Cr,1138,1,0.09
Others,24,Kolkata Uttar,OMPRAKASH PRAJAPATI,Bahujan Samaj Party,West Bengal,,0.00 Cr,3180,1,0.33
Others,6,Moradabad,ONKAR SINGH,Bharatiya Bahujan Samta Party,Uttar Pradesh,,0.00 Cr,1459,1,0.11
Others,14,Narsaraopet,ORSU PREMARAJU,Bahujan Samaj Party,Andhra Pradesh,,0.00 Cr,5309,1,0.35
Others,16,Ongole,ORSU VEENA,Jai Bharat National Party,Andhra Pradesh,,0.00 Cr,2267,1,0.16
Others,5,SRIPERUMBUDUR,P BASKARAN,Independent,Tamil Nadu,1,0.00 Cr,494,1,0.03
Others,8,Secunderabad,P C LINGANNA,Independent,Telangana,1,0.00 Cr,243,1,0.02
Others,17,ERODE,P ESWARAN,Bahujan Samaj Party,Tamil Nadu,,0.00 Cr,5223,1,0.48
Others,10,Chevella,P GOVIND,Bahujan Mukti Party,Telangana,,0.00 Cr,611,1,0.04
Others,17,Nandyal,P GURUVAIAH,Independent,Andhra Pradesh,1,0.00 Cr,8191,1,0.58
Others,5,SRIPERUMBUDUR,P HARIDAS,Independent,Tamil Nadu,1,0.00 Cr,460,1,0.03
Others,25,PERAMBALUR,P K AMMAN G SIVAKUMAR,Independent,Tamil Nadu,1,0.00 Cr,755,1,0.07
Others,18,Kollam,P KRISHNAMMAL,Marxist Communist Party of India (United),Kerala,,0.00 Cr,549,1,0.06
Others,37,TENKASI,P KRISHNASAMY,Independent,Tamil Nadu,1,0.00 Cr,1350,1,0.13
Others,17,ERODE,P KUPPUSAMY,Ulzaipali Makkal Katchy,Tamil Nadu,,0.00 Cr,950,1,0.09
Others,14,Kottayam,P O PETER,Samajwadi Jan Parishad,Kerala,,0.00 Cr,1637,1,0.2
Others,4,Wayanad,P RADHAKRISHNAN,Independent,Kerala,1,0.00 Cr,562,1,0.05
Others,1,PUDUCHERRY,P RAJAN,Independent,Puducherry,1,0.00 Cr,547,1,0.07
Others,17,ERODE,P RAJENDRAN,Independent,Tamil Nadu,1,0.00 Cr,976,1,0.09
Others,1,PUDUCHERRY,P SANKARAN,Socialist Unity Centre Of India (COMMUNIST),Puducherry,,0.00 Cr,2066,1,0.26
Others,8,VELLORE,P SHANMUGAM,Independent,Tamil Nadu,1,0.00 Cr,2039,1,0.18
Others,3,Vizianagaram,P V A ANANDA SAGAR,Independent,Andhra Pradesh,1,0.00 Cr,791,1,0.06
Others,24,Rajampet,P V MIDHUN REDDY,Yuvajana Sramika Rythu Congress Party,Andhra Pradesh,,0.06 Cr,644844,1,48.38
Others,14,Narsaraopet,P VENKATESH,Jaathia Chethi Vruthula Ikya Vedika Party,Andhra Pradesh,,0.00 Cr,388,1,0.03
Others,17,ERODE,P VIJAYAKUMAR,Tamil Maanila Congress  (Moopanar),Tamil Nadu,,0.01 Cr,77911,1,7.13
Others,2,CHENNAI NORTH,P. JAYASELAN,Independent,Tamil Nadu,1,0.00 Cr,386,1,0.04
Others,2,CHENNAI NORTH,P. MARIMUTHU,Independent,Tamil Nadu,1,0.00 Cr,172,1,0.02
Others,21,Mysore,P. S. YADURAPPA,Independent,Karnataka,1,0.00 Cr,878,1,0.06
Others,3,CHENNAI SOUTH,P. SATHEESH KUMAR,Independent,Tamil Nadu,1,0.00 Cr,521,1,0.05
Others,4,Visakhapatnam,P. SATYA VANI,Pyramid Party of India,Andhra Pradesh,,0.00 Cr,882,1,0.06
Others,26,CUDDALORE,P. SIVAKOZHUNDU,Desiya Murpokku Dravida Kazhagam,Tamil Nadu,,0.03 Cr,269157,1,26.09
Others,14,Shimoga,P. SRIPATHI. BHAT,Independent,Karnataka,1,0.00 Cr,344,1,0.02
Others,2,CHENNAI NORTH,P. UMADEVI,Independent,Tamil Nadu,1,0.00 Cr,346,1,0.04
Others,6,Medak,P. VENKATRAMA REDDY,Bharat Rashtra Samithi,Telangana,,0.04 Cr,396790,1,28.62
Others,4,CHENNAI CENTRAL,P.ARJUNAN,Independent,Tamil Nadu,1,0.00 Cr,509,1,0.07
Others,6,Malappuram,P.C. NARAYANAN,Bahujan Dravida Party,Kerala,,0.00 Cr,1309,1,0.12
Others,19,Ananthapur,P.CHOWDESWARI,Independent,Andhra Pradesh,1,0.00 Cr,1518,1,0.11
Others,25,Chittoor(SC),P.JANAKI RAMA RAO ( BABU),National Maha Sabha Party,Andhra Pradesh,,0.00 Cr,2833,1,0.2
Others,13,Idukki,P.K. SAJEEVAN,Independent,Kerala,1,0.00 Cr,1034,1,0.12
Others,25,Chittoor(SC),P.MADHU,Independent,Andhra Pradesh,1,0.00 Cr,906,1,0.06
Others,4,Wayanad,P.R KRISHNANKUTTY,Bahujan Samaj Party,Kerala,,0.00 Cr,1973,1,0.18
Others,3,CHENNAI SOUTH,P.SEKAR,Thakkam Katchi,Tamil Nadu,,0.00 Cr,435,1,0.04
Others,8,Koppal,PA.YA. GANESH,Independent,Karnataka,1,0.00 Cr,1895,1,0.14
Others,28,Hooghly,PABAN MAZUMDER,Socialist Unity Centre Of India (COMMUNIST),West Bengal,,0.00 Cr,2380,1,0.16
Others,16,Mahabubabad,PADIGA YARRAIAH,Independent,Telangana,1,0.00 Cr,2887,1,0.26
Others,8,Secunderabad,PADMA RAO . T,Bharat Rashtra Samithi,Telangana,,0.01 Cr,129586,1,12.37
Others,10,DHARMAPURI,PADMARAJAN. K. DR.,Independent,Tamil Nadu,1,0.00 Cr,657,1,0.05
Others,18,Kurnoolu,PAGADALA KODANDA,Independent,Andhra Pradesh,1,0.00 Cr,3076,1,0.23
Others,15,Warangal,PAITHARA ACHYUTH,Independent,Telangana,1,0.00 Cr,906,1,0.07
Others,12,Nagarkurnool,PAKIRA RAMULU,Independent,Telangana,1,0.00 Cr,2839,1,0.23
Others,11,Bathinda,PALA RAM,Independent,Punjab,1,0.00 Cr,3435,1,0.3
Others,2,KURUKSHETRA,PALA RAM SAINI,Jannayak Janta Party,Haryana,,0.00 Cr,6182,1,0.51
Others,12,Nagarkurnool,PALADHI NAGARAJU,Independent,Telangana,1,0.00 Cr,4058,1,0.33
Others,15,Bapatla (SC),PALADUG VIJENDRA RAO (BAHUJAN),Liberation Congress Party,Andhra Pradesh,,0.00 Cr,306,1,0.02
Others,5,Anakapalle,PALAKA SREERAMA MURTHY,Bahujan Samaj Party,Andhra Pradesh,,0.00 Cr,19157,1,1.45
Others,10,Chevella,PALAMAKULA MADHU,India Praja Bandhu Party,Telangana,,0.00 Cr,430,1,0.03
Others,4,Nizamabad,PALAMURI SAI NIKHIL,Independent,Telangana,1,0.00 Cr,307,1,0.02
Others,4,KORBA,PALAN SINGH,Independent,Chhattisgarh,1,0.00 Cr,5709,1,0.47
Others,11,TIRUVANNAMALAI,"PALANI , T.N.",Independent,Tamil Nadu,1,0.00 Cr,414,1,0.04
Others,18,TIRUPPUR,"PALANI, V.",Bahujan Samaj Party,Tamil Nadu,,0.00 Cr,6054,1,0.53
Others,10,DHARMAPURI,PALANI. K.,Independent,Tamil Nadu,1,0.00 Cr,1450,1,0.12
Others,34,VIRUDHUNAGAR,PALANICHAMY P,Bahujan Dravida Party,Tamil Nadu,,0.00 Cr,1263,1,0.12
Others,22,DINDIGUL,PALANISAMY K,Independent,Tamil Nadu,1,0.00 Cr,949,1,0.08
Others,34,VIRUDHUNAGAR,PALANISAMY K,Independent,Tamil Nadu,1,0.00 Cr,1257,1,0.12
Others,23,KARUR,PALANISAMY. N.A,Independent,Tamil Nadu,1,0.00 Cr,934,1,0.08
Others,20,COIMBATORE,PALANISAMYRAAJ M,Independent,Tamil Nadu,1,0.00 Cr,316,1,0.02
Others,15,SALEM,PALANIVEL K,Independent,Tamil Nadu,1,0.00 Cr,2856,1,0.22
Others,23,KARUR,PALANIVEL. P,Independent,Tamil Nadu,1,0.00 Cr,350,1,0.03
Others,14,KALLAKURICHI,PALANIYAMMAL S,Desiya Makkal Sakthi Katchi,Tamil Nadu,,0.00 Cr,548,1,0.04
Others,31,SIVAGANGA,PALANIYAPPAN  R,Independent,Tamil Nadu,1,0.00 Cr,3427,1,0.33
Others,25,Howrah,PALASH BACHAR,Bahujan Samaj Party,West Bengal,,0.00 Cr,6354,1,0.5
Others,5,Raiganj,PALASH CHANDRA MAHATO,Independent,West Bengal,1,0.00 Cr,3114,1,0.23
Others,12,Lakhimpur,PALLAB PEGU,Socialist Unity Centre Of India (COMMUNIST),Assam,,0.00 Cr,6137,1,0.51
Others,21,Kadapa,PALLE RAMESH,Jaibhim Rao Bharat Party,Andhra Pradesh,,0.00 Cr,624,1,0.05
Others,8,Secunderabad,PAMPARI NARENDER,Independent,Telangana,1,0.00 Cr,143,1,0.01
Others,11,Machilipatnam,PAMULA BALA SOWRYAMMA,Independent,Andhra Pradesh,1,0.00 Cr,1582,1,0.12
Others,48,Banda,PANCHA URF PANCHAMLAL,Bhagidari Party(P),Uttar Pradesh,,0.00 Cr,7717,1,0.74
Others,19,Aurangabad,PANCHASHILA BABULAL JADHAV,Republican Bahujan Sena,Maharashtra,,0.00 Cr,1274,1,0.1
Others,35,RAMANATHAPURAM,PANCHAVARNAM V,Independent,Tamil Nadu,1,0.00 Cr,2572,1,0.23
Others,41,Latur,PANCHSHIL VIKRAM KAMBLE,Independent,Maharashtra,1,0.00 Cr,1241,1,0.1
Others,26,Mumbai North,PANDEY DHARMENDRA RAMMURAT,Independent,Maharashtra,1,0.00 Cr,1481,1,0.14
Others,33,THENI,PANDIKUMAR S,Independent,Tamil Nadu,1,0.00 Cr,3967,1,0.35
Others,2,KURUKSHETRA,PANDIT ANIL UPADHYAY,Independent,Haryana,1,0.00 Cr,2056,1,0.17
Others,17,HOSHANGABAD,PANDIT BRAJESH KHEMARIYA,Independent,Madhya Pradesh,1,0.00 Cr,1260,1,0.1
Others,17,HOSHANGABAD,PANDIT DIVYENDRA BRIJMOHAN DUBEY ADVOCATE,Bharatiya Yuva Jan Ekta Party,Madhya Pradesh,,0.00 Cr,6168,1,0.49
Others,10,FARIDABAD,PANDIT SUMIT KUMAR SHARMA,AARAKSHAN VIRODHI PARTY,Haryana,,0.00 Cr,1444,1,0.1
Others,21,Kadapa,PANDITI. GURAPPA.,Bahujan Samaj Party,Andhra Pradesh,,0.00 Cr,3810,1,0.29
Others,34,VIRUDHUNAGAR,PANDIYAMMAL R,Independent,Tamil Nadu,1,0.00 Cr,2133,1,0.2
Others,32,MADURAI,PANDIYAN P,Socialist Unity Centre Of India (COMMUNIST),Tamil Nadu,,0.00 Cr,578,1,0.06
Others,32,MADURAI,PANDIYAN S,Bahujan Dravida Party,Tamil Nadu,,0.00 Cr,1562,1,0.16
Others,28,MAYILADUTHURAI,PANDIYARAJAN S,Independent,Tamil Nadu,1,0.00 Cr,1174,1,0.11
Others,5,Sabarkantha,PANDOR KAUSHIKKUMAR SHANKARBHAI,Independent,Gujarat,1,0.00 Cr,1827,1,0.14
Others,18,Panchmahal,PANDOR KAUSHIKKUMAR SHANKARBHAI,Independent,Gujarat,1,0.00 Cr,2507,1,0.22
Others,36,Shirur,PANDURANG BHAGWAN WAGHOLE,Independent,Maharashtra,1,0.00 Cr,819,1,0.06
Others,16,Nanded,PANDURANG RAMA ADGULWAR,Bahujan Samaj Party,Maharashtra,,0.00 Cr,6901,1,0.61
Others,44,Sangli,PANDURANG RAOSAHEB BHOSALE,Bharatheeya Jawan Kisan Party,Maharashtra,,0.00 Cr,5565,1,0.48
Others,17,Parbhani,PANJAB UTTAMRAO DAKH,Vanchit Bahujan  Aaghadi,Maharashtra,,0.01 Cr,95967,1,7.21
Others,49,Fatehpur,PANKAJ AWASTHI,Independent,Uttar Pradesh,1,0.00 Cr,4457,1,0.4
Others,61,Basti,PANKAJ DUBEY,Log Party,Uttar Pradesh,,0.00 Cr,4627,1,0.43
Others,41,Latur,PANKAJ GOPALRAO WAKHARADAKAR,Independent,Maharashtra,1,0.00 Cr,513,1,0.04
Others,1,Kokrajhar,PANKAJ ISLARY,Independent,Assam,1,0.00 Cr,4508,1,0.36
Others,28,Munger,PANKAJ KUMAR,Independent,Bihar,1,0.00 Cr,3428,1,0.3
Others,20,Mathurapur,PANKAJ KUMAR HALDER,Bahujan Samaj Party,West Bengal,,0.00 Cr,4257,1,0.28
Others,8,Ranchi,PANKAJ KUMAR RAVI,Peoples Party of India (Democratic),Jharkhand,,0.00 Cr,2763,1,0.19
Others,69,Azamgarh,PANKAJ KUMAR YADAV,Independent,Uttar Pradesh,1,0.00 Cr,1599,1,0.15
Others,8,KHAJURAHO,PANKAJ MAURYA (KUSHWAHA),Gondvana Gantantra Party,Madhya Pradesh,,0.00 Cr,4740,1,0.42
Others,25,JHALAWAR-BARAN,PANKAJ PAJANTORIVALA,Independent,Rajasthan,1,0.00 Cr,5945,1,0.42
Others,33,Maval,PANKAJ PRABHAKAR OZARKAR,Akhil Bhartiya Parivar Party,Maharashtra,,0.00 Cr,1261,1,0.09
Others,10,Singhbhum,PANMANI SINGH,Socialist Unity Centre Of India (COMMUNIST),Jharkhand,,0.00 Cr,1801,1,0.18
Others,8,KHAJURAHO,PANNA LAL TRIPATHI AD.,Indian Peoples Adhikar Party,Madhya Pradesh,,0.00 Cr,2797,1,0.25
Others,35,RAMANATHAPURAM,PANNEERSELVAM O  S/O  OYYADEVAR,Independent,Tamil Nadu,1,0.00 Cr,1929,1,0.17
Others,35,RAMANATHAPURAM,PANNEERSELVAM O S/O  OYYARAM,Independent,Tamil Nadu,1,0.00 Cr,1376,1,0.12
Others,35,RAMANATHAPURAM,PANNEERSELVAM O S/O OCHAPPAN,Independent,Tamil Nadu,1,0.00 Cr,2981,1,0.27
Others,35,RAMANATHAPURAM,PANNEERSELVAM O S/O OTTAKARATHEVAR,Independent,Tamil Nadu,1,0.03 Cr,342882,1,30.89
Others,24,TIRUCHIRAPPALLI,PANNEERSELVAM. P,Independent,Tamil Nadu,1,0.00 Cr,1263,1,0.12
Others,35,RAMANATHAPURAM,PANNERSELVAM O  S/O  OCHATTHEVAR,Independent,Tamil Nadu,1,0.00 Cr,572,1,0.05
Others,35,RAMANATHAPURAM,PANNIR SELVAM M  S/O MALAIYANDI,Independent,Tamil Nadu,1,0.00 Cr,2402,1,0.22
Others,13,Nalgonda,PANUGOTU LALASINGH,Independent,Telangana,1,0.00 Cr,5286,1,0.41
Others,17,Khammam,PAPETLA RAMAMURTHY,Sakala Janula Party,Telangana,,0.00 Cr,661,1,0.05
Others,41,Latur,PAPITA RAOSAHEB RANDIVE,Independent,Maharashtra,1,0.00 Cr,581,1,0.05
Others,16,JODHPUR,PAPPU DAN,Right to Recall Party,Rajasthan,,0.00 Cr,654,1,0.05
Others,12,Sangrur,PAPPU KUMAR,Independent,Punjab,1,0.00 Cr,1827,1,0.18
Others,6,Giridih,PAPPU KUMAR NISHAD,Bhartiya Lokmat Rashtrwadi Party,Jharkhand,,0.00 Cr,3216,1,0.25
Others,14,Narsaraopet,PAPPULA SAMBASIVA RAO,Navarang Congress Party,Andhra Pradesh,,0.00 Cr,332,1,0.02
Others,19,Aska,PAPUNU SAHU,Socialist Unity Centre Of India (COMMUNIST),Odisha,,0.00 Cr,8673,1,0.85
Others,13,Gautam Buddha Nagar,PARAG KAUSHIK,Independent,Uttar Pradesh,1,0.00 Cr,946,1,0.07
Others,33,THENI,PARAMASIVAN S,Independent,Tamil Nadu,1,0.00 Cr,2866,1,0.25
Others,16,Vaishali,PARAMHANS SINGH,Independent,Bihar,1,0.00 Cr,5317,1,0.45
Others,4,Jalandhar,PARAMJIT KAUR TEJI,Independent,Punjab,1,0.00 Cr,500,1,0.05
Others,3,Khadoor Sahib,PARAMJIT SINGH,Independent,Punjab,1,0.00 Cr,12525,1,1.2
Others,7,Ludhiana,PARAMJIT SINGH,Independent,Punjab,1,0.00 Cr,927,1,0.09
Others,8,Fatehgarh Sahib,PARAMJIT SINGH,Independent,Punjab,1,0.00 Cr,2167,1,0.22
Others,13,Patiala,PARAMJIT SINGH S/O BHAGWAN SINGH,Independent,Punjab,1,0.00 Cr,1569,1,0.14
Others,13,Patiala,PARAMJIT SINGH S/O TARLOCHAN SINGH,Independent,Punjab,1,0.00 Cr,2267,1,0.2
Others,5,BILASPUR,PARAS RAM YADAV,Independent,Chhattisgarh,1,0.00 Cr,415,1,0.03
Others,69,Azamgarh,PARAS YADAV,Jan Raajya Party,Uttar Pradesh,,0.00 Cr,2491,1,0.24
Others,24,Bangalore North,PARASAPPA BHEEMAPPA GAJJERI,Rani Chennamma Party,Karnataka,,0.00 Cr,313,1,0.02
Others,3,Bagalkot,PARASHURAM. LAXMAN. NEELANAIK,Independent,Karnataka,1,0.00 Cr,5090,1,0.39
Others,13,Davanagere,PARAVEEJ.H,Independent,Karnataka,1,0.00 Cr,1869,1,0.14
Others,4,HISAR,PARDEEP DAHIYA,Independent,Haryana,1,0.00 Cr,3608,1,0.31
Others,8,ALWAR,PARDEEP KUMAR,Sarv Samaj Party,Rajasthan,,0.00 Cr,4362,1,0.35
Others,12,Sangrur,PARDEEP KUMAR,Apni Ekta Party,Punjab,,0.00 Cr,5139,1,0.51
Others,10,Singhbhum,PARDESHI LAL MUNDA,Bahujan Samaj Party,Jharkhand,,0.00 Cr,8742,1,0.87
Others,7,Malkajgiri,PAREE (PESARIKAYALA PAREEKSHITH REDDY),Independent,Telangana,1,0.00 Cr,1835,1,0.09
Others,13,Ranaghat,PARESH HALDAR,Socialist Unity Centre Of India (COMMUNIST),West Bengal,,0.00 Cr,8239,1,0.53
Others,2,Dumka,PARESH MARANDI,Bahujan Samaj Party,Jharkhand,,0.00 Cr,7733,1,0.65
Others,12,Jamnagar,PARESHBHAI PARSOTTAMBHAI MUNGARA,Rashtriya Mahaswaraj Bhumi Party,Gujarat,,0.00 Cr,1270,1,0.12
Others,9,Faridkot,PARGAT SINGH RAJEANA,Apna Samaj Party,Punjab,,0.00 Cr,1131,1,0.11
Others,6,Gandhinagar,PARIKH RAJIVBHAI KALABHAI,Independent,Gujarat,1,0.00 Cr,1751,1,0.13
Others,9,Jangipur,PARIMAL GHOSH,Independent,West Bengal,1,0.00 Cr,1931,1,0.14
Others,2,Alipurduars,PARIMAL ORAON,Independent,West Bengal,1,0.00 Cr,12584,1,0.89
Others,1,Bargarh,PARINITA MISHRA,Biju Janata Dal,Odisha,,0.05 Cr,464692,1,35.48
Others,35,RAMANATHAPURAM,PARIRAJAN C,Veerath Thiyagi Viswanathadoss Thozhilalarkal Katchi,Tamil Nadu,,0.00 Cr,2497,1,0.22
Others,4,HISAR,PARJAPATI RAKESH DHUWARIA,Independent,Haryana,1,0.00 Cr,374,1,0.03
Others,8,Fatehgarh Sahib,PARKASH PETER,Independent,Punjab,1,0.00 Cr,1465,1,0.15
Others,26,INDORE,PARMANAND TOLANI,Independent,Madhya Pradesh,1,0.00 Cr,2403,1,0.15
Others,2,Banaskantha,PARMAR CHHAGANCHANDRARAJ,Independent,Gujarat,1,0.00 Cr,1374,1,0.1
Others,20,Vadodara,PARMAR HEMANTKUMAR ARVINDBHAI,Independent,Gujarat,1,0.00 Cr,1411,1,0.12
Others,17,Kheda,PARMAR HITESHKUMAR PARSOTTAMBHAI,Independent,Gujarat,1,0.00 Cr,2741,1,0.23
Others,20,Vadodara,PARMAR MAYURSINH ARVINDSINH,Independent,Gujarat,1,0.00 Cr,2208,1,0.18
Others,15,Bhavnagar,PARMAR RAJESHKUMAR PREMJIBHAI,New India United Party,Gujarat,,0.00 Cr,6493,1,0.62
Others,5,Sabarkantha,PARMAR RAMESHCHANDRA NANJIBHAI,Bahujan Samaj Party,Gujarat,,0.00 Cr,9967,1,0.79
Others,5,North-West Delhi,PARMENDRA MANJHI,Independent,NCT OF Delhi,1,0.00 Cr,1102,1,0.07
Others,27,Mumbai North West,PARMESHWAR ASHOK RANSHUR,Vanchit Bahujan  Aaghadi,Maharashtra,,0.00 Cr,10052,1,1.05
Others,42,Solapur,PARMESHWAR PANDURANG GEJAGE,Independent,Maharashtra,1,0.00 Cr,886,1,0.07
Others,3,Khadoor Sahib,PARMINDER SINGH,Independent,Punjab,1,0.00 Cr,1803,1,0.17
Others,6,Anandpur Sahib,PARMINDER SINGH,Independent,Punjab,1,0.00 Cr,930,1,0.09
Others,15,Bapatla (SC),PARRE. KOTAIAH,Jaibhim Rao Bharat Party,Andhra Pradesh,,0.00 Cr,412,1,0.03
Others,1,Valmiki Nagar,PARSHURAM SAH,Independent,Bihar,1,0.00 Cr,12150,1,1.1
Others,13,Kandhamal,PARSURAM PRADHAN,Kalinga Sena,Odisha,,0.00 Cr,2781,1,0.28
Others,1,Chandigarh,PARTAP SINGH RANA,Independent,Chandigarh,1,0.00 Cr,307,1,0.07
Others,10,DHARMAPURI,PARTHASARATHI,Tamilar Makkal Katchi,Tamil Nadu,,0.00 Cr,709,1,0.06
Others,33,THENI,PARTHIBAN G,Independent,Tamil Nadu,1,0.00 Cr,2277,1,0.2
Others,3,CHENNAI SOUTH,PARTHIBAN. S,Independent,Tamil Nadu,1,0.00 Cr,166,1,0.02
Others,20,Vadodara,PARTHIV VIJAYKUMAR DAVE,Right to Recall Party,Gujarat,,0.00 Cr,1057,1,0.09
Others,2,Sundargarh,PARUA EKKA,Jharkhand Party,Odisha,,0.00 Cr,3033,1,0.26
Others,7,ROHTAK,PARVEEN KUMAR,Independent,Haryana,1,0.00 Cr,1928,1,0.15
Others,9,Jamshedpur,PARWATI KISKU,Independent,Jharkhand,1,0.00 Cr,988,1,0.08
Others,11,Bathinda,PARWINDER SINGH,Independent,Punjab,1,0.00 Cr,4497,1,0.39
Others,25,PERAMBALUR,PARY T,Independent,Tamil Nadu,1,0.00 Cr,1081,1,0.1
Others,19,Dahod,PASAYA NAVALSINH MULABHAI,Saath Sahakar Vikas Party,Gujarat,,0.00 Cr,2673,1,0.24
Others,39,KANNIYAKUMARI,PASILIAN NAZERATH,All India Anna Dravida Munnetra Kazhagam,Tamil Nadu,,0.00 Cr,41393,1,4.02
Others,11,Khunti,PASTAR SANJAY KUMAR TIRKEY,Independent,Jharkhand,1,0.00 Cr,4963,1,0.53
Others,15,Warangal,PASULA RAVI,Republican Party of India (Athawale),Telangana,,0.00 Cr,2239,1,0.18
Others,8,VELLORE,PASUPATHI,Independent,Tamil Nadu,1,0.00 Cr,415,1,0.04
Others,20,COIMBATORE,PASUPATHI S,Independent,Tamil Nadu,1,0.00 Cr,173,1,0.01
Others,14,Narsaraopet,PASUPULETI PICHAIAH,National Nava Kranthi Party,Andhra Pradesh,,0.00 Cr,356,1,0.02
Others,6,Kakinada,PASUPULETI S.V.S.BHUSHANAM,Independent,Andhra Pradesh,1,0.00 Cr,1227,1,0.09
Others,7,Ahmedabad East,PATANI VISHNUBHAI NATAVARBHAI,Independent,Gujarat,1,0.00 Cr,2420,1,0.21
Others,22,Chamarajanagar,PATAS PRADEEP KUMAR.M,Independent,Karnataka,1,0.00 Cr,1986,1,0.14
Others,2,KURUKSHETRA,PATASHO DEVI EX-SARPANCH,Independent,Haryana,1,0.00 Cr,1379,1,0.11
Others,17,Kheda,PATEL ANILKUMAR BHAILALBHAI,Rashtriya Mahaswaraj Bhumi Party,Gujarat,,0.00 Cr,2523,1,0.21
Others,9,Surendranagar,PATEL MADHUSUDAN BALDEVBHAI,Mission All India Independent Justice Party,Gujarat,,0.00 Cr,960,1,0.08
Others,4,Mahesana,PATEL MANUBHAI SHANKARLAL,Independent,Gujarat,1,0.00 Cr,3672,1,0.34
Others,2,Banaskantha,PATEL PIYUSHBHAI KARSHANBHAI,Bharatiya Yuva Jan Ekta Party,Gujarat,,0.00 Cr,3513,1,0.26
Others,1,Daman & Diu,PATEL UMESHBHAI BABU,Independent,Dadra & Nagar Haveli and Daman & Diu,1,0.00 Cr,238,1,0.26
Others,1,Daman & Diu,PATEL UMESHBHAI BABUBHAI,Independent,Dadra & Nagar Haveli and Daman & Diu,1,0.00 Cr,42523,1,46.02
Others,6,Gandhinagar,PATHAN IMTIYAJKHAN,Independent,Gujarat,1,0.00 Cr,842,1,0.06
Others,13,Guntur,PATHAN KHAJA (BASHA),Telugu Rajadhikara Samiti Party,Andhra Pradesh,,0.00 Cr,332,1,0.02
Others,7,Amalapuram (SC),PATHURI RAMESH,Peoples Party of India (Democratic),Andhra Pradesh,,0.00 Cr,505,1,0.04
Others,3,Jalgaon,PATIL SANDIP YUVRAJ,Independent,Maharashtra,1,0.00 Cr,1110,1,0.09
Others,2,Dhule,PATIL SHIVAJI NATHU,All India Forward Bloc,Maharashtra,,0.00 Cr,1001,1,0.08
Others,14,Bangaon,PATIT PABAN MANDAL,Socialist Unity Centre Of India (COMMUNIST),West Bengal,,0.00 Cr,2169,1,0.15
Others,17,HOSHANGABAD,PATRAKAR TILAK JATAV,Independent,Madhya Pradesh,1,0.00 Cr,2260,1,0.18
Others,1,Rajmahal,PAUL SOREN,All India Majlis-E-Ittehadul Muslimeen,Jharkhand,,0.00 Cr,7902,1,0.65
Others,8,Sambhal,PAVAN KUMAR,Log Party,Uttar Pradesh,,0.00 Cr,637,1,0.05
Others,1,Chikkodi,PAVANKUMAR BABURAV MALAGE,Bahujan Bharat Party,Karnataka,,0.00 Cr,666,1,0.05
Others,5,Haridwar,PAWAN KASHYAP,Independent,Uttarakhand,1,0.00 Cr,2178,1,0.17
Others,3,Purvi Champaran,PAWAN KUMAR,Bhartiya Sarthak Party,Bihar,,0.00 Cr,4914,1,0.46
Others,26,INDORE,PAWAN KUMAR,Akhil Bhartiya Parivar Party,Madhya Pradesh,,0.00 Cr,15210,1,0.97
Others,29,Nalanda,PAWAN KUMAR,Independent,Bihar,1,0.00 Cr,1597,1,0.14
Others,70,Ghosi,PAWAN KUMAR CHAUHAN,Independent,Uttar Pradesh,1,0.00 Cr,7077,1,0.62
Others,23,BHILWARA,PAWAN KUMAR SHARMA,Right to Recall Party,Rajasthan,,0.00 Cr,1617,1,0.12
Others,1,AMBALA,PAWAN RANDHAWA,Bahujan Samaj Party,Haryana,,0.00 Cr,23583,1,1.75
Others,35,Karakat,PAWAN SINGH,Independent,Bihar,1,0.03 Cr,274723,1,26.63
Others,12,Lohardaga,PAWAN TIGGA,Independent,Jharkhand,1,0.00 Cr,3713,1,0.38
Others,16,CHHINDWARA,PAWANSHAH SARYAM,Independent,Madhya Pradesh,1,0.00 Cr,6621,1,0.51
Others,16,Mahabubabad,PAYAM.SINGARAJU,Independent,Telangana,1,0.00 Cr,3196,1,0.29
Others,4,Visakhapatnam,PEDAPENKI SIVA PRASADA RAO,Bahujan Samaj Party,Andhra Pradesh,,0.00 Cr,6091,1,0.44
Others,7,Malkajgiri,PEDDAPALLI SANDEEP,Bharathiya YuvaKula Dalam,Telangana,,0.00 Cr,933,1,0.05
Others,13,Davanagere,PEDDAPPA S,Independent,Karnataka,1,0.00 Cr,508,1,0.04
Others,3,Vizianagaram,PEERUBANDI PRAKASH RAO,Bahujan Samaj Party,Andhra Pradesh,,0.00 Cr,8038,1,0.62
Others,1,BARAMULLA,PEERZADA MUDASIR RASHID SHAH,Jammu & Kashmir National Panthers Party (Bhim),Jammu and Kashmir,,0.00 Cr,5566,1,0.54
Others,16,Jagatsinghpur,PEEYUUSH DAS,Ambedkarite Party of India,Odisha,,0.00 Cr,3230,1,0.25
Others,14,Bhongir,PENTA RAMESH,Independent,Telangana,1,0.00 Cr,1647,1,0.12
Others,8,KHAJURAHO,PENTER SUNMAN SINGH LODHI,Independent,Madhya Pradesh,1,0.00 Cr,10011,1,0.88
Others,23,Thirupathi(SC),PENUMURU. GURAPPA,Bahujan Samaj Party,Andhra Pradesh,,0.00 Cr,10506,1,0.76
Others,12,Vijayawada,PERAM SIVA NAGESWARA RAO,Republican Party of India (Athawale),Andhra Pradesh,,0.00 Cr,368,1,0.03
Others,13,VILUPPURAM,PERIYAN. A,Independent,Tamil Nadu,1,0.00 Cr,1049,1,0.09
Others,32,MADURAI,PERIYASAMY K,Independent,Tamil Nadu,1,0.00 Cr,1968,1,0.2
Others,24,TIRUCHIRAPPALLI,PERIYASAMY. V,Independent,Tamil Nadu,1,0.00 Cr,774,1,0.07
Others,5,JAMMU,PERSEEN SINGH,Independent,Jammu and Kashmir,1,0.00 Cr,1589,1,0.12
Others,27,CHIDAMBARAM,PERUMAL S,Independent,Tamil Nadu,1,0.00 Cr,2239,1,0.19
Others,36,THOOTHUKKUDI,PERUMALKUMAR P,Puthiya Makkal Tamil Desam Katchi,Tamil Nadu,,0.00 Cr,739,1,0.08
Others,7,Dhanbad,PERWEZ NEYYAR,Aazad Samaj Party (Kanshi Ram),Jharkhand,,0.00 Cr,1161,1,0.08
Others,25,Chittoor(SC),PETA.MOHAN .,Independent,Andhra Pradesh,1,0.00 Cr,2366,1,0.17
Others,1,Shillong,PETER SHALLAM,Independent,Meghalaya,1,0.00 Cr,7024,1,0.68
Others,10,Chevella,PHANI PRASAD KATAKAM,Social Justice Party of India,Telangana,,0.00 Cr,1426,1,0.09
Others,2,KURUKSHETRA,PHOOL SINGH,Independent,Haryana,1,0.00 Cr,626,1,0.05
Others,1,Chandigarh,PIAR CHAND ALIAS KOUNDAL,Independent,Chandigarh,1,0.00 Cr,255,1,0.06
Others,4,Visakhapatnam,PIDIDHI APPARAO,Independent,Andhra Pradesh,1,0.00 Cr,580,1,0.04
Others,35,Purulia,PIJUSH KANTI RAJAK,Independent,West Bengal,1,0.00 Cr,3418,1,0.24
Others,8,RAIPUR,PILARAM ANANT,Sunder Samaj Party,Chhattisgarh,,0.00 Cr,1036,1,0.07
Others,12,Nagarkurnool,PILLELA SRIKANTH,Independent,Telangana,1,0.00 Cr,6404,1,0.53
Others,13,Guntur,PILLI BABU RAO,Independent,Andhra Pradesh,1,0.00 Cr,692,1,0.05
Others,25,Khagaria,PINKESH KUMAR,Rashtriya Jan Kalyan Party Secular,Bihar,,0.00 Cr,19495,1,1.84
Others,23,Samastipur,PINKU PASWAN,Rashtriya Jansambhavna Party,Bihar,,0.00 Cr,12437,1,1.14
Others,64,Gorakhpur,PINTU SAHANI,Independent,Uttar Pradesh,1,0.00 Cr,4032,1,0.35
Others,19,Aska,PITABAS SAHU,Sanatan Sanskriti Raksha Dal,Odisha,,0.00 Cr,6888,1,0.68
Others,8,RAIPUR,PITAMBAR JANGDE,Aazad Samaj Party (Kanshi Ram),Chhattisgarh,,0.00 Cr,705,1,0.04
Others,5,Mayurbhanj,PITAMBAR NAIK,Socialist Unity Centre Of India (COMMUNIST),Odisha,,0.00 Cr,8114,1,0.69
Others,18,Basirhat,PIYARUL ISLAM,Independent,West Bengal,1,0.00 Cr,2391,1,0.16
Others,1,MORENA,PIYUSH BRAJESH RAJORIYA,Independent,Madhya Pradesh,1,0.00 Cr,575,1,0.05
Others,36,Jahanabad,PIYUSH SINGH,Shoshit Samaj Dal,Bihar,,0.00 Cr,4618,1,0.5
Others,7,Ahmedabad East,PIYUSHBHAI BHAVSAR,Youth India Peace Party,Gujarat,,0.00 Cr,649,1,0.06
Others,17,Nandyal,POCHA BRAHMANANDA REDDY,Yuvajana Sramika Rythu Congress Party,Andhra Pradesh,,0.06 Cr,589156,1,41.95
Others,16,Ongole,PODILI RAMBABU,Independent,Andhra Pradesh,1,0.00 Cr,3073,1,0.22
Others,3,Karimnagar,PODISHETTI SAMMAIAH,Bahujan Mukti Party,Telangana,,0.00 Cr,994,1,0.08
Others,15,Warangal,POGULA ASHOK,Independent,Telangana,1,0.00 Cr,1337,1,0.11
Others,13,Nalgonda,POLISHETTY VENKATESHWARLU,Independent,Telangana,1,0.00 Cr,3212,1,0.25
Others,36,THOOTHUKKUDI,PONKUMARAN T P S,Independent,Tamil Nadu,1,0.00 Cr,897,1,0.09
Others,36,THOOTHUKKUDI,PONRAJ K,Independent,Tamil Nadu,1,0.00 Cr,429,1,0.04
Others,18,Agra,POOJA,Independent,Uttar Pradesh,1,0.00 Cr,1370,1,0.12
Others,5,North-West Delhi,POOJA (BHAGTANI),Bharatiya Jan Jagriti Party,NCT OF Delhi,,0.00 Cr,509,1,0.03
Others,18,Agra,POOJA AMROHI,Bahujan Samaj Party,Uttar Pradesh,,0.02 Cr,176474,1,15.7
Others,14,Shimoga,POOJA N. ANNAIAH,Independent,Karnataka,1,0.00 Cr,3457,1,0.25
Others,8,Wardha,POOJA PANKAJ TADAS,Independent,Maharashtra,1,0.00 Cr,2135,1,0.19
Others,12,Ghaziabad,POOJA SAXENA,Right to Recall Party,Uttar Pradesh,,0.00 Cr,878,1,0.06
Others,2,RAIGARH,POOJA SIDAR,Independent,Chhattisgarh,1,0.00 Cr,4167,1,0.29
Others,24,Rajampet,POOLA REDDY SEKHAR,Independent,Andhra Pradesh,1,0.00 Cr,6100,1,0.46
Others,24,Kalyan,POONAM JAGANNATH BAISANE,Bahujan Republican  Socialist Party,Maharashtra,,0.00 Cr,1381,1,0.13
Others,4,HISAR,POONAM MOR,Independent,Haryana,1,0.00 Cr,1241,1,0.11
Others,11,Bathinda,POONAM RANI,Nationalist Justice Party,Punjab,,0.00 Cr,1064,1,0.09
Others,26,Bhagalpur,POONAM SINGH,Bahujan Samaj Party,Bihar,,0.00 Cr,12646,1,1.19
Others,7,South Delhi,POONAM SRIVASTAVA,Independent,NCT OF Delhi,1,0.00 Cr,958,1,0.07
Others,11,TIRUVANNAMALAI,"POONGODY,  A.",Independent,Tamil Nadu,1,0.00 Cr,417,1,0.04
Others,13,JABALPUR,POORNESH KUMAR JAIN,Independent,Madhya Pradesh,1,0.00 Cr,2823,1,0.24
Others,14,Bhongir,POOSA SRINIVAS,Telangana Rashtra Punahnirmana Samithi,Telangana,,0.00 Cr,4433,1,0.32
Others,17,BARMER,POPAT LAL,Independent,Rajasthan,1,0.00 Cr,3159,1,0.19
Others,12,Jamnagar,POPATPUTRA RAFIK ABUBAKAR,Independent,Gujarat,1,0.00 Cr,1138,1,0.11
Others,15,Warangal,POTHARAJU NARASIMHARAJU,Independent,Telangana,1,0.00 Cr,1955,1,0.15
Others,38,TIRUNELVELI,POTTAL SUNDARA MUNISWARAN,Independent,Tamil Nadu,1,0.00 Cr,19852,1,1.86
Others,8,VELLORE,PP JAYAPRAKASH,Independent,Tamil Nadu,1,0.00 Cr,461,1,0.04
Others,8,Ranchi,PRABEEN CHANDRA MAHATO,Independent,Jharkhand,1,0.00 Cr,2859,1,0.2
Others,7,Amravati,PRABHAKAR PANDURANG BHATKAR,Independent,Maharashtra,1,0.00 Cr,365,1,0.03
Others,15,Muzaffarpur,PRABHAKAR RANJAN,Ekam Sanatan Bharat Dal,Bihar,,0.00 Cr,1116,1,0.1
Others,20,Saran,PRABHAT KUMAR,Independent,Bihar,1,0.00 Cr,2306,1,0.23
Others,1,Bargarh,PRABHAT KUMAR DHARUA,Independent,Odisha,1,0.00 Cr,4298,1,0.33
Others,1,MORENA,PRABHU JATAV,Independent,Madhya Pradesh,1,0.00 Cr,555,1,0.05
Others,39,Bardhaman-Durgapur,PRABHU NATH SAH,Bahujan Samaj Party,West Bengal,,0.00 Cr,6856,1,0.46
Others,17,BARMER,PRABHU RAM,Aazad Samaj Party (Kanshi Ram),Rajasthan,,0.00 Cr,6396,1,0.38
Others,23,KARUR,PRABHU. G,Independent,Tamil Nadu,1,0.00 Cr,354,1,0.03
Others,80,Robertsganj,PRABHUDAYAL,Rashtriya Samaj Dal (R),Uttar Pradesh,,0.00 Cr,3471,1,0.34
Others,19,UDAIPUR,PRABHULAL MEENA,Independent,Rajasthan,1,0.00 Cr,7996,1,0.53
Others,14,KALLAKURICHI,PRABU C,Independent,Tamil Nadu,1,0.00 Cr,4275,1,0.34
Others,6,Medak,PRADEEP,Independent,Telangana,1,0.00 Cr,2010,1,0.14
Others,11,Bhandara Gondiya,PRADEEP  DHOBALE,Independent,Maharashtra,1,0.00 Cr,1196,1,0.1
Others,18,Kollam,PRADEEP KOTTARAKKARA,Bharatheeya Jawan Kisan Party,Kerala,,0.00 Cr,835,1,0.09
Others,5,North-West Delhi,PRADEEP KUMAR,Independent,NCT OF Delhi,1,0.00 Cr,371,1,0.02
Others,14,Bulandshahr,PRADEEP KUMAR,Independent,Uttar Pradesh,1,0.00 Cr,2563,1,0.24
Others,27,Shahjahanpur,PRADEEP KUMAR,Independent,Uttar Pradesh,1,0.00 Cr,2005,1,0.16
Others,31,Hardoi,PRADEEP KUMAR,Bhartiya Krishak Dal,Uttar Pradesh,,0.00 Cr,1354,1,0.12
Others,50,Kaushambi,PRADEEP KUMAR,Independent,Uttar Pradesh,1,0.00 Cr,2541,1,0.25
Others,19,Tumkur,PRADEEP KUMAR DODDAMUDDEGOWDA,Karnataka Rashtra Samithi,Karnataka,,0.00 Cr,1618,1,0.12
Others,35,Karakat,PRADEEP KUMAR JOSHI,Rashtra Sewa Dal,Bihar,,0.00 Cr,5919,1,0.57
Others,12,Nabarangpur,PRADEEP KUMAR MAJHI,Biju Janata Dal,Odisha,,0.04 Cr,393860,1,31.7
Others,18,Bhubaneswar,PRADEEP KUMAR SAHOO,Kalinga Sena,Odisha,,0.00 Cr,1503,1,0.14
Others,24,Rajampet,PRADEEP PENAMADU,All India Forward Bloc,Andhra Pradesh,,0.00 Cr,5672,1,0.43
Others,35,Baramati,PRADEEP RAMCHANDRA MANE,Independent,Maharashtra,1,0.00 Cr,2235,1,0.16
Others,7,JAIPUR,PRADEEP VERMA,Indian Peoples Green Party,Rajasthan,,0.00 Cr,448,1,0.03
Others,4,Darjeeling,PRADHAN MARDI,Ambedkarite Party of India,West Bengal,,0.00 Cr,2747,1,0.21
Others,11,Sonitpur,PRADIP BHANDARI,Independent,Assam,1,0.00 Cr,8205,1,0.64
Others,1,Coochbehar,PRADIP KUMAR ROY,Kamatapur People’s Party (United),West Bengal,,0.00 Cr,1518,1,0.09
Others,28,Hooghly,PRADIP PAL,Bharatiya Nyay-Adhikar Raksha Party,West Bengal,,0.00 Cr,2220,1,0.15
Others,27,Srerampur,PRADYUT CHOWDHURI,Socialist Unity Centre Of India (COMMUNIST),West Bengal,,0.00 Cr,1680,1,0.11
Others,10,Nagpur,PRAFUL MANIKCHAND BHANGE,Independent,Maharashtra,1,0.00 Cr,201,1,0.02
Others,33,Maval,PRAFUL PANDIT BHOSALE,Independent,Maharashtra,1,0.00 Cr,1603,1,0.11
Others,9,Dhenkanal,PRAFULLA KUMAR NAIK,Bahujan Samaj Party,Odisha,,0.00 Cr,4895,1,0.41
Others,70,Ghosi,PRAGYESH KUMAR,Independent,Uttar Pradesh,1,0.00 Cr,818,1,0.07
Others,12,TONK-SAWAI MADHOPUR,PRAHALAD MALI,Bahujan Samaj Party,Rajasthan,,0.00 Cr,13144,1,1.07
Others,2,Belgaum,PRAJAAKEEYA MALLAPPA CHOGALA (PREM),Uttama Prajaakeeya Party,Karnataka,,0.00 Cr,1433,1,0.1
Others,17,Dakshina Kannada,PRAJAAKEEYA MANOHARA,Uttama Prajaakeeya Party,Karnataka,,0.00 Cr,971,1,0.07
Others,12,Uttara Kannada,PRAJAAKEEYA SUNIL,Uttama Prajaakeeya Party,Karnataka,,0.00 Cr,1566,1,0.12
Others,21,Mysore,PRAJAKEEYA LEELA SHIVAKUMAR,Uttama Prajaakeeya Party,Karnataka,,0.00 Cr,1754,1,0.12
Others,10,Haveri,PRAJAKEEYA SACHINKUMAR KARJEKANNAVAR,Uttama Prajaakeeya Party,Karnataka,,0.00 Cr,1072,1,0.08
Others,24,Kalyan,PRAJAKTA NILESH YELVE,Independent,Maharashtra,1,0.00 Cr,783,1,0.07
Others,7,Karimganj,PRAJJWAL SUDIP DEB,Socialist Unity Centre Of India (COMMUNIST),Assam,,0.00 Cr,1001,1,0.09
Others,16,Hassan,PRAJWAL REVANNA,Janata Dal  (Secular),Karnataka,,0.06 Cr,630339,1,46.52
Others,39,Beed,PRAKASH BHAGWANRAO SOLANKE,Independent,Maharashtra,1,0.00 Cr,886,1,0.06
Others,14,Cuttack,PRAKASH CHANDRA SAHOO,Krupaa Party,Odisha,,0.00 Cr,3794,1,0.34
Others,2,North-East Delhi,PRAKASH DEVI,Socialist Unity Centre Of India (COMMUNIST),NCT OF Delhi,,0.00 Cr,676,1,0.04
Others,21,CHITTORGARH,PRAKASH DHAKAR,Ekam Sanatan Bharat Dal,Rajasthan,,0.00 Cr,3925,1,0.26
Others,10,Rajkot,PRAKASH GOVINDBHAI SINDHAV,Independent,Gujarat,1,0.00 Cr,2389,1,0.19
Others,21,Koraput,PRAKASH HIKAKA,Communist Party of India  (Marxist-Leninist)  (Liberation),Odisha,,0.00 Cr,14852,1,1.29
Others,72,Ballia,PRAKASH KUMAR,Independent,Uttar Pradesh,1,0.00 Cr,960,1,0.1
Others,10,BASTAR,PRAKASH KUMAR GOTA,Independent,Chhattisgarh,1,0.00 Cr,11245,1,1.12
Others,6,JAIPUR RURAL,PRAKASH KUMAR SHARMA,Independent,Rajasthan,1,0.00 Cr,1040,1,0.08
Others,2,RAIGARH,PRAKASH KUMAR URANW,Independent,Chhattisgarh,1,0.00 Cr,7722,1,0.53
Others,18,Siwan,PRAKASH MANI TIWARI,Independent,Bihar,1,0.00 Cr,4509,1,0.45
Others,15,Hingoli,PRAKASH MASARAM RANVIR,Republican Party of India (A),Maharashtra,,0.00 Cr,2102,1,0.18
Others,21,POLLACHI,PRAKASH P,Independent,Tamil Nadu,1,0.00 Cr,2851,1,0.25
Others,33,THENI,PRAKASH P,Independent,Tamil Nadu,1,0.00 Cr,6298,1,0.55
Others,19,Attingal,PRAKASH P L,Independent,Kerala,1,0.00 Cr,1814,1,0.18
Others,28,KHANDWA,PRAKASH RATHOR BANJARA,Aam Janta Party (India),Madhya Pradesh,,0.00 Cr,2370,1,0.16
Others,18,Kurnoolu,PRAKASH REDDY RALAMPADU,Independent,Andhra Pradesh,1,0.00 Cr,2225,1,0.17
Others,19,Attingal,PRAKASH S,Independent,Kerala,1,0.00 Cr,811,1,0.08
Others,44,Sangli,PRAKASH SHIVAJIRAO SHENDGE,Independent,Maharashtra,1,0.00 Cr,8251,1,0.71
Others,14,Hazaribagh,PRAKASH SONI,Bhartiya Azad Sena,Jharkhand,,0.00 Cr,1217,1,0.1
Others,36,Shirur,PRAKASH SUKHADEO JAMDHADE,Independent,Maharashtra,1,0.00 Cr,603,1,0.04
Others,25,Bangalore central,PRAKASH. K,Karnataka Rashtra Samithi,Karnataka,,0.00 Cr,779,1,0.06
Others,19,Tumkur,PRAKASH. R.A. JAIN,Independent,Karnataka,1,0.00 Cr,863,1,0.07
Others,15,Warangal,PRAMEELA JANNU,Independent,Telangana,1,0.00 Cr,3022,1,0.24
Others,21,Koraput,PRAMILA PUJARI,Socialist Unity Centre Of India (COMMUNIST),Odisha,,0.00 Cr,4878,1,0.42
Others,25,Thane,PRAMOD ANANDRAO DHUMAL,Independent,Maharashtra,1,0.00 Cr,1786,1,0.14
Others,48,Banda,PRAMOD AZAD,Apna Dal (Kamerawadi),Uttar Pradesh,,0.00 Cr,2142,1,0.21
Others,26,Pilibhit,PRAMOD BHAI PATEL ALIAS P.K.,Independent,Uttar Pradesh,1,0.00 Cr,1539,1,0.13
Others,51,Phulpur,PRAMOD BHAI PATEL URF P K,Sardar Patel Siddhant Party,Uttar Pradesh,,0.00 Cr,948,1,0.09
Others,18,Siwan,PRAMOD KUMAR,Independent,Bihar,1,0.00 Cr,5668,1,0.57
Others,21,Mainpuri,PRAMOD KUMAR,Independent,Uttar Pradesh,1,0.00 Cr,1006,1,0.1
Others,39,Pratapgarh,PRAMOD KUMAR,Independent,Uttar Pradesh,1,0.00 Cr,674,1,0.07
Others,61,Basti,PRAMOD KUMAR,Independent,Uttar Pradesh,1,0.00 Cr,2557,1,0.24
Others,14,Cuttack,PRAMOD KUMAR MALLICK,Bahujan Samaj Party,Odisha,,0.00 Cr,4484,1,0.4
Others,29,Nalanda,PRAMOD KUMAR NIRALA,Bahujan Samaj Party,Bihar,,0.00 Cr,15332,1,1.34
Others,6,Balasore,PRAMOD KUMAR PATTAYAT,Independent,Odisha,1,0.00 Cr,1639,1,0.13
Others,22,RAJSAMAND,PRAMOD KUMAR VERMA,Bheem Tribal Congress,Rajasthan,,0.00 Cr,1144,1,0.09
Others,42,Kannauj,PRAMOD KUMAR YADAV,Bhartiya Krishak Dal,Uttar Pradesh,,0.00 Cr,560,1,0.05
Others,6,West Delhi,PRAMOD KUREEL,Bahujan National Party (Ambedkar),NCT OF Delhi,,0.00 Cr,586,1,0.04
Others,6,Giridih,PRAMOD RAM,Peoples Party of India (Democratic),Jharkhand,,0.00 Cr,3825,1,0.3
Others,7,Amravati,PRAMOD RAMKRUSHNA CHOURPAGAR,Independent,Maharashtra,1,0.00 Cr,1307,1,0.11
Others,7,Ahmedabad East,PRAMOD SAHDEVBHAI GUDADE,Swatantrata Abhivyakti Party,Gujarat,,0.00 Cr,1279,1,0.11
Others,9,Ramtek,PRAMOD SHRIPAT KHOBRAGADE,Ambedkarite Party of India,Maharashtra,,0.00 Cr,1340,1,0.11
Others,3,Sambalpur,PRANAB PRAKASH DAS,Biju Janata Dal,Odisha,,0.05 Cr,472326,1,39.47
Others,24,Kolkata Uttar,PRANATI PAUL,Independent,West Bengal,1,0.00 Cr,2272,1,0.24
Others,9,Jamshedpur,PRANAV KUMAR MAHTO,Bahujan Samaj Party,Jharkhand,,0.00 Cr,6151,1,0.48
Others,15,Kendrapara,PRANGYAN PRAKASH MOHAPATRA,Odisha Janata Party,Odisha,,0.00 Cr,912,1,0.07
Others,14,Bangaon,PRANITA MANDAL,Independent,West Bengal,1,0.00 Cr,2411,1,0.16
Others,23,Thirupathi(SC),PRASAD PATIBANDLA,Independent,Andhra Pradesh,1,0.00 Cr,608,1,0.04
Others,12,Nagarkurnool,PRASANGI,Pyramid Party of India,Telangana,,0.00 Cr,892,1,0.07
Others,36,THOOTHUKKUDI,PRASANNA KUMAR M,Independent,Tamil Nadu,1,0.00 Cr,396,1,0.04
Others,9,Narsapuram,PRASANNA KUMAR UNDURTHI,Independent,Andhra Pradesh,1,0.00 Cr,6364,1,0.52
Others,22,Chamarajanagar,PRASANNA KUMAR.B,Karnataka Praja Party (RaithaParva),Karnataka,,0.00 Cr,978,1,0.07
Others,23,KARUR,PRASANTH. S,Independent,Tamil Nadu,1,0.00 Cr,194,1,0.02
Others,17,ERODE,PRASATH CHITRARASU,Independent,Tamil Nadu,1,0.00 Cr,1640,1,0.15
Others,4,Wayanad,PRASEETHA AZHIKODE,Independent,Kerala,1,0.00 Cr,840,1,0.08
Others,4,KORBA,PRASHANT DANIEL,Sarv Adi Dal,Chhattisgarh,,0.00 Cr,1392,1,0.11
Others,31,Mumbai South,PRASHANT PRAKASH GHADGE,Independent,Maharashtra,1,0.00 Cr,490,1,0.06
Others,19,Aurangabad,PRASHANT PUNDALIKRAO AVHALE,Independent,Maharashtra,1,0.00 Cr,1948,1,0.15
Others,24,Kalyan,PRASHANT RAMESH INGLE,Bahujan Samaj Party,Maharashtra,,0.00 Cr,11341,1,1.08
Others,33,Maval,PRASHANT RAMKRISHNA BHAGAT,Bharatheeya Jawan Kisan Party,Maharashtra,,0.00 Cr,1291,1,0.09
Others,3,Bagalkot,PRASHANT RAO,Independent,Karnataka,1,0.00 Cr,1914,1,0.15
Others,38,Shirdi,PRASHANT VASANT NIKAM,Independent,Maharashtra,1,0.00 Cr,2545,1,0.24
Others,4,Nizamabad,PRASHANTH KATRAJI,Independent,Telangana,1,0.00 Cr,284,1,0.02
Others,43,Kanpur,PRASHAST DHEER,All India Forward Bloc,Uttar Pradesh,,0.00 Cr,465,1,0.05
Others,10,REWA,PRASSAN JEET SINGH,Independent,Madhya Pradesh,1,0.00 Cr,3313,1,0.36
Others,25,Howrah,PRASUN LAHIRI,Independent,West Bengal,1,0.00 Cr,1326,1,0.1
Others,4,KORBA,PRATAP BHANU,Independent,Chhattisgarh,1,0.00 Cr,2504,1,0.2
Others,15,Kendrapara,PRATAP CHANDRA MOHANTY,Independent,Odisha,1,0.00 Cr,1095,1,0.09
Others,5,Buldhana,PRATAP PANDHARINATH PATIL,Independent,Maharashtra,1,0.00 Cr,2561,1,0.23
Others,21,CHITTORGARH,PRATAP SINGH,Independent,Rajasthan,1,0.00 Cr,3347,1,0.22
Others,17,BARMER,PRATAPA RAM,Independent,Rajasthan,1,0.00 Cr,8318,1,0.49
Others,20,Hindupur,PRATHAP REDDY GORLA,Independent,Andhra Pradesh,1,0.00 Cr,5444,1,0.38
Others,16,Hassan,PRATHAPA K.A,Uttama Prajaakeeya Party,Karnataka,,0.00 Cr,3250,1,0.24
Others,10,Thrissur,PRATHAPAN,Independent,Kerala,1,0.00 Cr,709,1,0.06
Others,12,Ernakulam,PRATHAPAN,Bahujan Dravida Party,Kerala,,0.00 Cr,419,1,0.05
Others,39,Pratapgarh,PRATHMESH MISHRA 'SENANI',Bahujan Samaj Party,Uttar Pradesh,,0.01 Cr,80144,1,8.46
Others,37,Aurangabad,PRATIBHA RANI,Peoples Party of India (Democratic),Bihar,,0.00 Cr,12308,1,1.3
Others,45,Satara,PRATIBHA SHELAR,Independent,Maharashtra,1,0.00 Cr,1123,1,0.09
Others,21,Diamond harbour,PRATIK UR RAHAMAN,Communist Party of India  (Marxist),West Bengal,,0.01 Cr,86953,1,5.68
Others,19,Aurangabad,PRATIKSHA PRASHANT CHAVAN,Ambedkarist Republican Party,Maharashtra,,0.00 Cr,1194,1,0.09
Others,19,Joynagar,PRATIMA MONDAL,Independent,West Bengal,1,0.00 Cr,2079,1,0.14
Others,28,Munger,PRAVAL KUMAR,Independent,Bihar,1,0.00 Cr,5375,1,0.47
Others,11,Baghpat,PRAVEEN BANSAL,Bahujan Samaj Party,Uttar Pradesh,,0.01 Cr,92266,1,9.88
Others,5,North-West Delhi,PRAVEEN GAUTAM,Navarang Congress Party,NCT OF Delhi,,0.00 Cr,1456,1,0.1
Others,11,Dharwad,PRAVEEN H. H.,Independent,Karnataka,1,0.00 Cr,548,1,0.04
Others,1,Valmiki Nagar,PRAVESH KUMAR MISHRA @ ANUP,Independent,Bihar,1,0.00 Cr,23225,1,2.11
Others,17,Mathura,PRAVESHANAND PURI,Independent,Uttar Pradesh,1,0.00 Cr,1085,1,0.11
Others,8,RAIPUR,PRAVIN JAIN,Independent,Chhattisgarh,1,0.00 Cr,369,1,0.02
Others,4,Raver,PRAVIN LAXMAN PATIL,Independent,Maharashtra,1,0.00 Cr,6092,1,0.52
Others,41,Latur,PRAVIN MADHAV JOHARE,Swarajya Sena (Maharashtra),Maharashtra,,0.00 Cr,1273,1,0.1
Others,37,Ahmednagar,PRAVIN SUBHASH DALVI,Independent,Maharashtra,1,0.00 Cr,1898,1,0.14
Others,2,Banaskantha,PRAVINBHAI ISHVARBHAI CHAUHAN,Swatantrata Abhivyakti Party,Gujarat,,0.00 Cr,1823,1,0.13
Others,8,RAIPUR,PRAVISHANT SALOMAN,Independent,Chhattisgarh,1,0.00 Cr,310,1,0.02
Others,8,Ranchi,PRAWEEN KACHHAP,Sampoorna Bharat Kranti Party,Jharkhand,,0.00 Cr,2944,1,0.2
Others,35,Karakat,PRAYAG PASWAN,Socialist Unity Centre Of India (COMMUNIST),Bihar,,0.00 Cr,4646,1,0.45
Others,5,North-West Delhi,PREETI,Saman Adhikar Party,NCT OF Delhi,,0.00 Cr,503,1,0.03
Others,70,Ghosi,PREM CHAND,Pragatisheel Manav Samaj Party,Uttar Pradesh,,0.00 Cr,1561,1,0.14
Others,10,Firozpur,PREM CHAND BOONGI,Punjab National Party,Punjab,,0.00 Cr,1947,1,0.17
Others,1,Sikkim,PREM DAS RAI,Sikkim Democratic Front,Sikkim,,0.01 Cr,77171,1,20.05
Others,20,Firozabad,PREM DUTT,Rashtra Uday Party,Uttar Pradesh,,0.00 Cr,2878,1,0.26
Others,1,Tehri Garhwal,PREM DUTT SEMWAL,Independent,Uttarakhand,1,0.00 Cr,2164,1,0.25
Others,61,Basti,PREM KUMAR,Moulik Adhikar Party,Uttar Pradesh,,0.00 Cr,3611,1,0.33
Others,9,Faridkot,PREM LAL,Democratic Bharatiya Samaj Party,Punjab,,0.00 Cr,1165,1,0.11
Others,13,AJMER,PREM LATA,Independent,Rajasthan,1,0.00 Cr,1155,1,0.1
Others,17,Gopalganj,PREM NATH CHANCHAL ALIAS CHANCHAL PASWAN,Vikassheel Insaan Party,Bihar,,0.04 Cr,384686,1,36.19
Others,24,Aonla,PREM PAL SAGAR,Vanchitsamaj Insaaf Party,Uttar Pradesh,,0.00 Cr,3330,1,0.31
Others,7,Dhanbad,PREM PRAKASH PASWAN,Independent,Jharkhand,1,0.00 Cr,533,1,0.04
Others,28,Mumbai North East,PREM RAMAPATI GUPTA,Independent,Maharashtra,1,0.00 Cr,1601,1,0.17
Others,29,NAGAPATTINAM,PREM S,Independent,Tamil Nadu,1,0.00 Cr,1070,1,0.11
Others,4,New Delhi,PREM SINGH,Navarang Congress Party,NCT OF Delhi,,0.00 Cr,806,1,0.1
Others,6,Anandpur Sahib,PREM SINGH CHANDUMAJRA,Shiromani Akali Dal,Punjab,,0.01 Cr,117936,1,10.95
Others,8,Fatehgarh Sahib,PREM SINGH MOHANPUR,Independent,Punjab,1,0.00 Cr,3792,1,0.39
Others,33,THENI,PREMA S,Independent,Tamil Nadu,1,0.00 Cr,1232,1,0.11
Others,18,Kollam,PREMACHANDRAN NAIR,Independent,Kerala,1,0.00 Cr,1734,1,0.19
Others,78,Bhadohi,PREMCHAND BIND,Pragatisheel Manav Samaj Party,Uttar Pradesh,,0.00 Cr,13689,1,1.26
Others,70,Ghosi,PREMCHAND NAYAK,Independent,Uttar Pradesh,1,0.00 Cr,1117,1,0.1
Others,27,Shahjahanpur,PREMCHANDRA HARIJAN,Sardar Patel Siddhant Party,Uttar Pradesh,,0.00 Cr,1687,1,0.14
Others,53,Barabanki,PREMCHANDRA HARIJAN,Sardar Patel Siddhant Party,Uttar Pradesh,,0.00 Cr,1076,1,0.08
Others,9,Ramtek,PREMKUMAR DASHRATH GAJBHARE,Independent,Maharashtra,1,0.00 Cr,925,1,0.07
Others,20,COIMBATORE,PREMKUMAR P,Independent,Tamil Nadu,1,0.00 Cr,283,1,0.02
Others,45,Jalaun,PREMLATA VERMA,Independent,Uttar Pradesh,1,0.00 Cr,3200,1,0.28
Others,14,NAGAUR,PREMRAJ KHARDIYA,Independent,Rajasthan,1,0.00 Cr,4512,1,0.36
Others,1,SURGUJA,PRINCE ABHISHEK KUJUR,Independent,Chhattisgarh,1,0.00 Cr,6815,1,0.47
Others,5,JAMMU,PRINCIPAL C D SHARMA,Independent,Jammu and Kashmir,1,0.00 Cr,3257,1,0.25
Others,9,Faridkot,PRITAM SINGH,Bahujan Mukti Party,Punjab,,0.00 Cr,939,1,0.09
Others,10,Firozpur,PRITAM SINGH,Independent,Punjab,1,0.00 Cr,3031,1,0.27
Others,14,Amreli,PRITESH CHAUHAN (LALU),Independent,Gujarat,1,0.00 Cr,1780,1,0.2
Others,4,New Delhi,PRITHVI NATH SINGH,Bharatiya Sampuran Krantikari Party,NCT OF Delhi,,0.00 Cr,335,1,0.04
Others,2,Amritsar,PRITHVI PAL,Independent,Punjab,1,0.00 Cr,434,1,0.05
Others,1,Kokrajhar,PRITHVIRAJ NARAYAN DEV MECH,Independent,Assam,1,0.00 Cr,33737,1,2.72
Others,2,Kairana,PRITI KASHYAP,Rashtriya Mazdoor Ekta Party,Uttar Pradesh,,0.00 Cr,791,1,0.07
Others,6,Akola,PRITI PRAMOD SADANSHIV,Republican Party of India (Social),Maharashtra,,0.00 Cr,536,1,0.05
Others,7,Ludhiana,PRITPAL SINGH,Bahujan Dravida Party,Punjab,,0.00 Cr,1824,1,0.17
Others,9,Dhenkanal,PRIYABRATA GARNAIK,Independent,Odisha,1,0.00 Cr,2909,1,0.24
Others,35,Baramati,PRIYADARSHANI NANDKUMAR KOKARE,Bahujan Samaj Party,Maharashtra,,0.00 Cr,10030,1,0.71
Others,25,Khagaria,PRIYADARSHEE DINKAR,Independent,Bihar,1,0.00 Cr,7904,1,0.74
Others,28,Munger,PRIYADARSHI PIYUSH,Independent,Bihar,1,0.00 Cr,15731,1,1.38
Others,18,Basirhat,PRIYAMA DAS,Independent,West Bengal,1,0.00 Cr,6620,1,0.43
Others,4,KORBA,PRIYANKA PATEL,Republican Party of India (A),Chhattisgarh,,0.00 Cr,1204,1,0.1
Others,35,Karakat,PRIYANKA PRASAD CHOUDHARY,All India Majlis-E-Ittehadul Muslimeen,Bihar,,0.00 Cr,11006,1,1.07
Others,15,BALAGHAT,PRIYANKA SANJAY BHANDARKAR,Bhartiya Shakti Chetna Party,Madhya Pradesh,,0.00 Cr,2926,1,0.21
Others,6,Madhubani,PRIYE RANJAN,Independent,Bihar,1,0.00 Cr,7050,1,0.69
Others,13,Madhepura,PRO KAMESHWAR YADAV,Bharatiya Jan Kranti Dal (Democratic),Bihar,,0.00 Cr,10674,1,0.88
Others,14,Yavatmal- Washim,PRO KISAN RAMRAO AMBURE,Independent,Maharashtra,1,0.00 Cr,1720,1,0.14
Others,8,Silchar,PROBASH CHANDRA SARKAR,Socialist Unity Centre Of India (COMMUNIST),Assam,,0.00 Cr,4534,1,0.42
Others,11,Chalakudy,PROF C RAVEENDRANATH,Communist Party of India  (Marxist),Kerala,,0.03 Cr,330417,1,34.73
Others,42,Solapur,PROF DR ARJUN GENA OHOL,Bahujan Mukti Party,Maharashtra,,0.00 Cr,2654,1,0.22
Others,13,Patiala,PROF MOHINDER PAL SINGH,Shiromani Akali Dal (Amritsar)(Simranjit Singh Mann),Punjab,,0.00 Cr,47274,1,4.1
Others,5,Buldhana,PROF SUMANTAI TIRPUDE,Peoples Party of India (Democratic),Maharashtra,,0.00 Cr,1511,1,0.14
Others,53,Barabanki,PROF. (DR.) RAM GHULAM RAZDAN,Public Adhikar Socialist Indian Party,Uttar Pradesh,,0.00 Cr,1493,1,0.12
Others,23,Bhiwandi,PROF. AMEERUL HASAN SAYYED,Independent,Maharashtra,1,0.00 Cr,481,1,0.04
Others,4,Raver,PROF. DR. ASHISH SUBHASH JADHAV,Independent,Maharashtra,1,0.00 Cr,1927,1,0.16
Others,28,Mumbai North East,PROF. DR. PRASHANT GANGAWANE,Desh Janhit Party,Maharashtra,,0.00 Cr,2373,1,0.26
Others,42,Solapur,PROF. DR. SUBHASH KHANDERAO GAIKWAD,Independent,Maharashtra,1,0.00 Cr,380,1,0.03
Others,17,Parbhani,PROF. DR. VILAS BANSIDHAR TANGADE,Independent,Maharashtra,1,0.00 Cr,8820,1,0.66
Others,1,Shillong,PROF. LAKHON KMA,Independent,Meghalaya,1,0.00 Cr,18582,1,1.79
Others,35,Baramati,PROF. NAMDEORAO JADHAV,Independent,Maharashtra,1,0.00 Cr,2134,1,0.15
Others,48,Hatkanangale,PROF. PARASHURAM MANE,Independent,Maharashtra,1,0.00 Cr,4477,1,0.35
Others,8,Wardha,PROF. RAJENDRA GULABRAO  SALUNKHE,Vanchit Bahujan  Aaghadi,Maharashtra,,0.00 Cr,15492,1,1.41
Others,9,MAHASAMUND,PROFESSOR SURESH SAHU,Independent,Chhattisgarh,1,0.00 Cr,11888,1,0.9
Others,19,Fatehpur Sikri,PT.  RAMNIWAS SHARMA,Bahujan Samaj Party,Uttar Pradesh,,0.01 Cr,120539,1,11.66
Others,29,Nalanda,PUJA DEVI,Independent,Bihar,1,0.00 Cr,1505,1,0.13
Others,11,SIDHI,PUJAN RAM SAKET (BABBU),Bahujan Samaj Party,Madhya Pradesh,,0.00 Cr,33656,1,2.93
Others,2,BIKANER,PUKHRAJ NAYAK,Independent,Rajasthan,1,0.00 Cr,2675,1,0.24
Others,21,Diamond harbour,PULAKESH MONDAL,Independent,West Bengal,1,0.00 Cr,1948,1,0.13
Others,24,Rajampet,PULI SREENIVASULU,Independent,Andhra Pradesh,1,0.00 Cr,4616,1,0.35
Others,14,Bhongir,PULIGILLA BIXAPATHI YADAV,National Nava Kranthi Party,Telangana,,0.00 Cr,4718,1,0.34
Others,8,Secunderabad,PULIMAMIDI VENKATESH GUPTA,Independent,Telangana,1,0.00 Cr,340,1,0.03
Others,12,Nagarkurnool,PULJALA BALAIAH,Independent,Telangana,1,0.00 Cr,3584,1,0.29
Others,11,Mahbubnagar,PULLANGARI SANDEEP KUMAR REDDY,Independent,Telangana,1,0.00 Cr,262,1,0.02
Others,34,Sasaram,PUNAM DEVI,Jantantra Awaj Party,Bihar,,0.00 Cr,2654,1,0.24
Others,4,New Delhi,PUNAM PANDEY,Rashtravadi Loktantrik Party (India),NCT OF Delhi,,0.00 Cr,641,1,0.08
Others,2,Belgaum,PUNDALIK ITNAL,Independent,Karnataka,1,0.00 Cr,1099,1,0.08
Others,22,Nellore,PUNGANURU PRASANNA GANAPATHI,Radical Party of India (Ambedkarist),Andhra Pradesh,,0.00 Cr,454,1,0.03
Others,14,Amreli,PUNJABHAI BAVBHAI DAFDA,Independent,Gujarat,1,0.00 Cr,2621,1,0.3
Others,4,Nizamabad,PUPPALA LIMBADRI,Bahujan Samaj Party,Telangana,,0.00 Cr,4263,1,0.35
Others,1,Coochbehar,PURNA MOHAN ROY,Bahujan Samaj Party,West Bengal,,0.00 Cr,2097,1,0.13
Others,22,Jadavpur,PURNIMA DEBNATH,Independent,West Bengal,1,0.00 Cr,1325,1,0.08
Others,13,Chandrapur,PURNIMA DILIP GHONMODE,Bahujan Republican  Socialist Party,Maharashtra,,0.00 Cr,973,1,0.08
Others,8,Maldaha Dakshin,PURNOCHANDRA MANDAL,Independent,West Bengal,1,0.00 Cr,8383,1,0.61
Others,9,BHARATPUR,PURUSHOTTAM LAL,Independent,Rajasthan,1,0.00 Cr,2747,1,0.24
Others,4,KORBA,PURUSHOTTAM MANIKPURI,Independent,Chhattisgarh,1,0.00 Cr,1212,1,0.1
Others,3,Sambalpur,PURUSHOTTAM PATRA,Kosal Janata Dal,Odisha,,0.00 Cr,1735,1,0.14
Others,42,Kannauj,PURUSHOTTAM TIWARI,Independent,Uttar Pradesh,1,0.00 Cr,543,1,0.04
Others,7,DURG,PUSHPA MAIRISHA,Ambedkarite Party of India,Chhattisgarh,,0.00 Cr,1561,1,0.1
Others,5,North-West Delhi,PUSHPA NAGRA,Independent,NCT OF Delhi,1,0.00 Cr,353,1,0.02
Others,20,COIMBATORE,PUSHPANANTHAM V,Tamizhaga Murpokku Makkal Katchi,Tamil Nadu,,0.00 Cr,305,1,0.02
Others,23,KARUR,PUSHPARAJ. N,Independent,Tamil Nadu,1,0.00 Cr,199,1,0.02
Others,9,BHARATPUR,PUSHPENDAR KUMAR,Independent,Rajasthan,1,0.00 Cr,2386,1,0.21
Others,50,Kaushambi,PUSHPENDRA KUMAR SAROJ,Independent,Uttar Pradesh,1,0.00 Cr,5184,1,0.51
Others,1,Chandigarh,PUSHPINDER SINGH ALIAS LOVELY ATTAWA,Independent,Chandigarh,1,0.00 Cr,154,1,0.03
Others,7,Bidar,PUTARAJ,Bahujan Samaj Party,Karnataka,,0.00 Cr,4554,1,0.37
Others,15,Warangal,PUTTA VINOD KUMAR,Independent,Telangana,1,0.00 Cr,909,1,0.07
Others,1,Chandni Chowk,PYUSH NARULA,Independent,NCT OF Delhi,1,0.00 Cr,172,1,0.02
Others,55,Ambedkar Nagar,QAMAR HAYAT,Bahujan Samaj Party,Uttar Pradesh,,0.02 Cr,199499,1,16.95
Others,4,Darjeeling,QAMRUL HAQUE,North Bengal People’s Party,West Bengal,,0.00 Cr,1853,1,0.14
Others,5,JAMMU,QARI ZAHEER ABBAS BHATTI,All India Forward Bloc,Jammu and Kashmir,,0.00 Cr,984,1,0.08
Others,17,ERODE,R DHANDAPANI,Veerath Thiyagi Viswanathadoss Thozhilalarkal Katchi,Tamil Nadu,,0.00 Cr,504,1,0.05
Others,17,ERODE,R KUMAR,Anna Puratchi Thalaivar Amma Dravida Munnetra Kazhagam,Tamil Nadu,,0.00 Cr,432,1,0.04
Others,17,ERODE,R KUMARESAN,Independent,Tamil Nadu,1,0.00 Cr,751,1,0.07
Others,1,PUDUCHERRY,R MENAGA,Naam Tamilar Katchi,Puducherry,,0.00 Cr,39603,1,4.9
Others,1,PUDUCHERRY,R RAJA,Independent,Puducherry,1,0.00 Cr,331,1,0.04
Others,28,Kolar,R RAJENDRA,Independent,Karnataka,1,0.00 Cr,751,1,0.06
Others,28,Kolar,R RANJITHKUMAR,Independent,Karnataka,1,0.00 Cr,2118,1,0.16
Others,7,ARAKKONAM,R VINOTH,Veerath Thiyagi Viswanathadoss Thozhilalarkal Katchi,Tamil Nadu,,0.00 Cr,821,1,0.07
Others,26,CUDDALORE,R. ANANDHI,Independent,Tamil Nadu,1,0.00 Cr,1696,1,0.16
Others,8,KHAJURAHO,R. B. PRAJAPATI (RAJA BHAIYA) EX.I.A.S.,All India Forward Bloc,Madhya Pradesh,,0.01 Cr,50215,1,4.4
Others,2,CHENNAI NORTH,R. MANOHAR,All India Anna Dravida Munnetra Kazhagam,Tamil Nadu,,0.02 Cr,158111,1,17.52
Others,19,Tumkur,R. NARAYANAPPA,Independent,Karnataka,1,0.00 Cr,507,1,0.04
Others,26,CUDDALORE,R. PRAKASH,Independent,Tamil Nadu,1,0.00 Cr,700,1,0.07
Others,19,Tumkur,R. PUSHPA,Independent,Karnataka,1,0.00 Cr,629,1,0.05
Others,26,CUDDALORE,R. RAJASEKAR,Independent,Tamil Nadu,1,0.00 Cr,712,1,0.07
Others,2,CHENNAI NORTH,R. SENTHIL KUMAR,Independent,Tamil Nadu,1,0.00 Cr,457,1,0.05
Others,26,CUDDALORE,R. SRINIVASAN,Independent,Tamil Nadu,1,0.00 Cr,1363,1,0.13
Others,7,Malkajgiri,R. SUBENDER SINGH,Independent,Telangana,1,0.00 Cr,447,1,0.02
Others,3,CHENNAI SOUTH,R.BALAJI,Independent,Tamil Nadu,1,0.00 Cr,264,1,0.02
Others,3,CHENNAI SOUTH,R.DEVENDRAN,Independent,Tamil Nadu,1,0.00 Cr,168,1,0.02
Others,16,Hassan,R.G. SATHISHA RAMEDEVARAPURA,Independent,Karnataka,1,0.00 Cr,869,1,0.06
Others,19,BHOPAL,R.K. MAHAJAN,Independent,Madhya Pradesh,1,0.00 Cr,529,1,0.04
Others,3,CHENNAI SOUTH,R.KANCHANA,Tamizhaga Murpokku Makkal Katchi,Tamil Nadu,,0.00 Cr,566,1,0.05
Others,4,CHENNAI CENTRAL,R.MINNAL RAJ,Independent,Tamil Nadu,1,0.00 Cr,310,1,0.04
Others,17,ERODE,R.MINNALMURUGESH,Independent,Tamil Nadu,1,0.00 Cr,415,1,0.04
Others,3,CHENNAI SOUTH,R.RAVICHANDRAN,Independent,Tamil Nadu,1,0.00 Cr,835,1,0.08
Others,8,Secunderabad,R.S.J. THOMAS,Jai Swaraj Party,Telangana,,0.00 Cr,974,1,0.09
Others,4,CHENNAI CENTRAL,R.VIJAY,Independent,Tamil Nadu,1,0.00 Cr,268,1,0.04
Others,2,CHENNAI NORTH,R.VINAYAGAMOORTHY,Independent,Tamil Nadu,1,0.00 Cr,206,1,0.02
Others,3,CHENNAI SOUTH,R.YOGESHWARAN,Independent,Tamil Nadu,1,0.00 Cr,426,1,0.04
Others,4,New Delhi,RAAJ KUMAR ANAND,Bahujan Samaj Party,NCT OF Delhi,,0.00 Cr,5629,1,0.66
Others,8,Secunderabad,RAASALA VINOD KUMAR,Dharma Samaj Party,Telangana,,0.00 Cr,826,1,0.08
Others,9,Nagaon,RABBUL HAQUE,Rashtriya Ulama Council,Assam,,0.00 Cr,2559,1,0.17
Others,5,Mayurbhanj,RABINDRA NATH SINGH,Independent,Odisha,1,0.00 Cr,9324,1,0.79
Others,13,Nalgonda,RACHA SUBHADRA REDDY,Socialist Party (India),Telangana,,0.00 Cr,846,1,0.07
Others,14,Bhongir,RACHA SUBHADRA REDDY,Socialist Party (India),Telangana,,0.00 Cr,1465,1,0.1
Others,36,THOOTHUKKUDI,RADHAKRISHNAN V G,Independent,Tamil Nadu,1,0.00 Cr,461,1,0.05
Others,2,Dhubri,RADHARANI BISWAS,Hindu Samaj Party,Assam,,0.00 Cr,6287,1,0.26
Others,8,RAIPUR,RADHESHWARI GAIKWAD,Independent,Chhattisgarh,1,0.00 Cr,4630,1,0.29
Others,20,RAJGARH,RADHESHYAM MALVIYA,Independent,Madhya Pradesh,1,0.00 Cr,2799,1,0.2
Others,6,SONIPAT,RADHEY SHYAM,Peoples Party of India (Democratic),Haryana,,0.00 Cr,441,1,0.04
Others,66,Deoria,RAFIK ANSARI,Independent,Uttar Pradesh,1,0.00 Cr,2688,1,0.26
Others,11,Murshidabad,RAFIKUL ISLAM,Independent,West Bengal,1,0.00 Cr,4065,1,0.26
Others,33,Maval,RAFIQUE RASHID QURESHI,Desh Janhit Party,Maharashtra,,0.00 Cr,829,1,0.06
Others,38,TIRUNELVELI,RAGHAVAN C M,Independent,Tamil Nadu,1,0.00 Cr,366,1,0.03
Others,5,Kozhikode,RAGHAVAN S/O NARAYANAN NAIR,Independent,Kerala,1,0.00 Cr,1096,1,0.1
Others,59,Gonda,RAGHAVENDRA,Bhartiya Shakti Chetna Party,Uttar Pradesh,,0.00 Cr,2028,1,0.21
Others,18,Chitradurga,RAGHU KUMAR .S,Independent,Karnataka,1,0.00 Cr,2337,1,0.17
Others,29,Arambagh,RAGHU MALLIK,Independent,West Bengal,1,0.00 Cr,16130,1,1.03
Others,16,Mahabubabad,RAGHU VARMA JATOTHU,Alliance of Democratic Reforms Party,Telangana,,0.00 Cr,11893,1,1.07
Others,20,COIMBATORE,RAGHUL GANDHI K,Hindustan Janta Party,Tamil Nadu,,0.00 Cr,1176,1,0.09
Others,21,Koraput,RAGHUMANI GOMANGO,Independent,Odisha,1,0.00 Cr,10540,1,0.92
Others,4,Keonjhar,RAGHUMANI NAIK,Independent,Odisha,1,0.00 Cr,4556,1,0.36
Others,48,Hatkanangale,RAGHUNATHDADA PATIL,Bharatheeya Jawan Kisan Party,Maharashtra,,0.00 Cr,2174,1,0.17
Others,26,Bangalore South,RAGHUPATHI BHAT,Karnataka Rashtra Samithi,Karnataka,,0.00 Cr,738,1,0.06
Others,20,Saran,RAGHWENDRA PRATAP SINGH,Independent,Bihar,1,0.00 Cr,5167,1,0.51
Others,4,Nizamabad,RAGI ANIL,Independent,Telangana,1,0.00 Cr,375,1,0.03
Others,7,Malkajgiri,RAGIDI LAXMA REDDY,Bharat Rashtra Samithi,Telangana,,0.03 Cr,300486,1,15.54
Others,39,Beed,RAHEMAN BAHODDIN SAYYED,Independent,Maharashtra,1,0.00 Cr,384,1,0.03
Others,33,Maval,RAHIM MAINUDDIN SAYYAD,Aazad Samaj Party (Kanshi Ram),Maharashtra,,0.00 Cr,2149,1,0.15
Others,36,Shirur,RAHUL ARJUN HORE,Independent,Maharashtra,1,0.00 Cr,526,1,0.04
Others,23,Bhiwandi,RAHUL ASHOK KATHOLE,Independent,Maharashtra,1,0.00 Cr,3135,1,0.25
Others,7,DAMOH,RAHUL BHAIYA S/O JEEVAN LAL,Independent,Madhya Pradesh,1,0.00 Cr,5561,1,0.51
Others,7,DAMOH,RAHUL BHAIYA S/O RAM PRATAP,Independent,Madhya Pradesh,1,0.00 Cr,6285,1,0.58
Others,6,Gandhinagar,RAHUL CHIMANBHAI MEHTA,Right to Recall Party,Gujarat,,0.00 Cr,1001,1,0.08
Others,3,SIRSA,RAHUL CHOUHAN,Independent,Haryana,1,0.00 Cr,6160,1,0.45
Others,9,SATNA,RAHUL DAHIYA,Independent,Madhya Pradesh,1,0.00 Cr,4277,1,0.4
Others,25,Thane,RAHUL JAGBIRSINGH MEHAROLIYA,Bahujan Republican  Socialist Party,Maharashtra,,0.00 Cr,818,1,0.06
Others,2,Alipurduars,RAHUL MARAK,Kisan Mazdoor Sangharsh Party,West Bengal,,0.00 Cr,5695,1,0.4
Others,33,Maval,RAHUL NIVRUTTI MADANE,Independent,Maharashtra,1,0.00 Cr,2282,1,0.16
Others,31,Mumbai South,RAHUL PHANASWADIKAR,Lokshahi Ekta Party,Maharashtra,,0.00 Cr,787,1,0.1
Others,36,Shirur,RAHUL RAGHUNATH OWHAL,Bahujan Samaj Party,Maharashtra,,0.00 Cr,10295,1,0.75
Others,1,Chandni Chowk,RAHUL SHARMA,Rashtriya Mangalam Party,NCT OF Delhi,,0.00 Cr,257,1,0.03
Others,16,Nanded,RAHUL SURYAKANT YANGADE,Bahujan Mukti Party,Maharashtra,,0.00 Cr,737,1,0.07
Others,8,Wardha,RAHUL T. BHOYAR,Independent,Maharashtra,1,0.00 Cr,689,1,0.06
Others,9,GURGAON,RAHUL YADAV FAZILPURIA,Jannayak Janta Party,Haryana,,0.00 Cr,13278,1,0.83
Others,26,Mumbai North,RAIS DOCTOR,Bahujan Samaj Party,Maharashtra,,0.00 Cr,2923,1,0.28
Others,10,Firozpur,RAJ,Independent,Punjab,1,0.00 Cr,2432,1,0.22
Others,49,Fatehpur,RAJ BAHADUR,Peoples Party of India (Democratic),Uttar Pradesh,,0.00 Cr,2654,1,0.24
Others,37,Aurangabad,RAJ BALLABH SINGH,Independent,Bihar,1,0.00 Cr,11159,1,1.18
Others,2,Dhule,RAJ CHAVAN,Independent,Maharashtra,1,0.00 Cr,3452,1,0.28
Others,8,Fatehgarh Sahib,RAJ JATINDER SINGH,Shiromani Akali Dal (Amritsar)(Simranjit Singh Mann),Punjab,,0.00 Cr,43644,1,4.48
Others,42,Kannauj,RAJ KATHERIA,Independent,Uttar Pradesh,1,0.00 Cr,1464,1,0.12
Others,36,Jahanabad,RAJ KISHOR SHARMA,Bhartiya Sarthak Party,Bihar,,0.00 Cr,3243,1,0.35
Others,1,Gurdaspur,RAJ KUMAR,Bahujan Samaj Party,Punjab,,0.00 Cr,4930,1,0.46
Others,5,JAMMU,RAJ KUMAR,Independent,Jammu and Kashmir,1,0.00 Cr,2618,1,0.2
Others,14,Hazaribagh,RAJ KUMAR,Jharkhand Party,Jharkhand,,0.00 Cr,1935,1,0.15
Others,15,Aligarh,RAJ KUMAR,Rashtriya Shoshit Samaj Party,Uttar Pradesh,,0.00 Cr,412,1,0.04
Others,9,Faridkot,RAJ KUMAR CHAUHAN,Independent,Punjab,1,0.00 Cr,1961,1,0.19
Others,14,Jorhat,RAJ KUMAR DUWARA,Independent,Assam,1,0.00 Cr,8370,1,0.6
Others,11,Katihar,RAJ KUMAR MANDAL,Rashtriya Jansambhavna Party,Bihar,,0.00 Cr,8487,1,0.72
Others,21,Hajipur,RAJ KUMAR PASWAN,Yuva Bihar Sena,Bihar,,0.00 Cr,1990,1,0.17
Others,24,Aonla,RAJ KUMAR PATEL,Sardar Patel Siddhant Party,Uttar Pradesh,,0.00 Cr,2706,1,0.25
Others,24,Begusarai,RAJ KUMAR SAH,Akhil Bhartiya Parivar Party,Bihar,,0.00 Cr,3350,1,0.26
Others,4,Jalandhar,RAJ KUMAR SAQI,Peoples Party of India (Democratic),Punjab,,0.00 Cr,1088,1,0.11
Others,8,Supaul,RAJ KUMAR YADAV,Viro Ke Vir Indian Party,Bihar,,0.00 Cr,10806,1,0.88
Others,78,Bhadohi,RAJ NARAYAN PATEL,Sardar Patel Siddhant Party,Uttar Pradesh,,0.00 Cr,6206,1,0.57
Others,16,Vaishali,RAJ NARAYAN YADAV,Independent,Bihar,1,0.00 Cr,9616,1,0.82
Others,1,Chandigarh,RAJ PRINCE SINGH,Super Power India Party,Chandigarh,,0.00 Cr,205,1,0.05
Others,15,SALEM,RAJA A,Independent,Tamil Nadu,1,0.00 Cr,332,1,0.03
Others,35,Karakat,RAJA RAM SINGH,Communist Party of India  (Marxist-Leninist)  (Liberation),Bihar,1,0.04 Cr,380581,1,36.89
Others,35,Karakat,RAJA RAM SINGH,Independent,Bihar,1,0.00 Cr,21383,1,2.07
Others,27,Chikkballapur,RAJA REDDY,Independent,Karnataka,1,0.00 Cr,3381,1,0.22
Others,15,SALEM,RAJA S,Independent,Tamil Nadu,1,0.00 Cr,1456,1,0.11
Others,37,TENKASI,RAJA SEKAR,Independent,Tamil Nadu,1,0.00 Cr,993,1,0.1
Others,12,Sangrur,RAJA SINGH,Independent,Punjab,1,0.00 Cr,1040,1,0.1
Others,17,Parbhani,RAJABHAU SHESHRAO KAKDE,Independent,Maharashtra,1,0.00 Cr,3302,1,0.25
Others,34,VIRUDHUNAGAR,RAJAGOPAL S,Independent,Tamil Nadu,1,0.00 Cr,527,1,0.05
Others,14,Cuttack,RAJAKISHORE MALLIK,Socialist Unity Centre Of India (COMMUNIST),Odisha,,0.00 Cr,3075,1,0.27
Others,4,Bijapur,RAJAKUMAR APPANNA HONNAKATTI,Rashtriya Samaj Paksha,Karnataka,,0.00 Cr,1794,1,0.14
Others,14,KALLAKURICHI,RAJAMANICKAM C,Independent,Tamil Nadu,1,0.00 Cr,399,1,0.03
Others,27,CHIDAMBARAM,RAJAMANICKAM C,Independent,Tamil Nadu,1,0.00 Cr,1087,1,0.09
Others,20,COIMBATORE,RAJAMANICKAM N,Independent,Tamil Nadu,1,0.00 Cr,629,1,0.05
Others,7,South Delhi,RAJAN SINGH,Independent,NCT OF Delhi,1,0.00 Cr,325,1,0.03
Others,39,KANNIYAKUMARI,RAJAN SINGH,Bahujan Dravida Party,Tamil Nadu,,0.00 Cr,598,1,0.06
Others,47,Kolhapur,RAJANDARA BALASO KOLI,Independent,Maharashtra,1,0.00 Cr,1044,1,0.07
Others,27,Chikkballapur,RAJANNA,Independent,Karnataka,1,0.00 Cr,3764,1,0.25
Others,4,Bijnor,RAJAPAL,Peoples Party of India (Democratic),Uttar Pradesh,,0.00 Cr,2373,1,0.23
Others,23,KARUR,RAJAPANDIAN. K,Independent,Tamil Nadu,1,0.00 Cr,209,1,0.02
Others,44,Akbarpur,RAJARAM,Independent,Uttar Pradesh,1,0.00 Cr,4642,1,0.43
Others,33,Maval,RAJARAM NARAYAN PATIL,Bahujan Samaj Party,Maharashtra,,0.00 Cr,14003,1,0.99
Others,11,Kalahandi,RAJARAM SAHU,Independent,Odisha,1,0.00 Cr,6730,1,0.5
Others,14,KALLAKURICHI,RAJASEKAR K,Independent,Tamil Nadu,1,0.00 Cr,511,1,0.04
Others,6,KANCHEEPURAM,RAJASEKAR. E,All India Anna Dravida Munnetra Kazhagam,Tamil Nadu,,0.04 Cr,364571,1,28.94
Others,19,Tumkur,RAJASIMHA J. N.,Bahujan Samaj Party,Karnataka,,0.00 Cr,5554,1,0.43
Others,6,Balasore,RAJAT KUMAR BEHERA,Bahujan Samaj Party,Odisha,,0.00 Cr,2920,1,0.24
Others,52,Allahabad,RAJDHAR SINGH PATEL,Rashtriya Samaj Dal (R),Uttar Pradesh,,0.00 Cr,1025,1,0.11
Others,26,Pilibhit,RAJEEV KUMAR SAXENA,Bhartiya Krishak Dal,Uttar Pradesh,,0.00 Cr,3809,1,0.33
Others,13,Gautam Buddha Nagar,RAJEEV MISHRA,Jai Hind National Party,Uttar Pradesh,,0.00 Cr,657,1,0.05
Others,7,JAIPUR,RAJEEV ROLIWAL,Independent,Rajasthan,1,0.00 Cr,970,1,0.07
Others,1,GANGANAGAR,RAJENDER KUMAR,Bhartiya Jan Samman Party,Rajasthan,,0.00 Cr,2443,1,0.17
Others,4,HISAR,RAJENDER KUMAR,Independent,Haryana,1,0.00 Cr,486,1,0.04
Others,3,Karimnagar,RAJENDER POTHURI,Independent,Telangana,1,0.00 Cr,3257,1,0.25
Others,5,North-West Delhi,RAJENDER SOOD,Aam Janshakti Party,NCT OF Delhi,,0.00 Cr,1478,1,0.1
Others,39,Beed,RAJENDRA ACHYUTRAO HOKE,Independent,Maharashtra,1,0.00 Cr,427,1,0.03
Others,70,Ghosi,RAJENDRA AGRAWAL,Independent,Uttar Pradesh,1,0.00 Cr,730,1,0.06
Others,48,Hatkanangale,RAJENDRA BHIMRAO MANE,Independent,Maharashtra,1,0.00 Cr,940,1,0.07
Others,67,Bansgaon,RAJENDRA CHAUDHARI,Independent,Uttar Pradesh,1,0.00 Cr,1634,1,0.17
Others,20,Berhampur,RAJENDRA DALABEHERA,Bharatiya Bikash Parishad,Odisha,,0.00 Cr,2343,1,0.22
Others,16,CHHINDWARA,RAJENDRA DONGRE,Independent,Madhya Pradesh,1,0.00 Cr,4632,1,0.35
Others,13,Chandrapur,RAJENDRA HARISHCHANDRA RAMTEKE,Bahujan Samaj Party,Maharashtra,,0.00 Cr,9188,1,0.74
Others,19,UDAIPUR,RAJENDRA KUMAR MEENA,Indian Peoples Green Party,Rajasthan,,0.00 Cr,6777,1,0.45
Others,5,BILASPUR,RAJENDRA KUMAR TANDAN,Independent,Chhattisgarh,1,0.00 Cr,656,1,0.05
Others,35,Baramati,RAJENDRA MAHADEV BARAKADE,Independent,Maharashtra,1,0.00 Cr,907,1,0.06
Others,5,Sitamarhi,RAJENDRA MAHTO,Karpoori Janta Dal,Bihar,,0.00 Cr,1981,1,0.18
Others,33,Maval,RAJENDRA MARUTI KATE,Independent,Maharashtra,1,0.00 Cr,1419,1,0.1
Others,18,Jalna,RAJENDRA NAMDEO MAGRE,Independent,Maharashtra,1,0.00 Cr,2875,1,0.21
Others,35,Baramati,RAJENDRA PANDURANG BHOSALE,People’s Union Party,Maharashtra,,0.00 Cr,2009,1,0.14
Others,74,Machhlishahr,RAJENDRA PRASAD,Rashtra Uday Party,Uttar Pradesh,,0.00 Cr,2067,1,0.19
Others,1,MORENA,RAJENDRA PRASAD KUSHWAH,Independent,Madhya Pradesh,1,0.00 Cr,2402,1,0.2
Others,52,Allahabad,RAJENDRA PRASAD PRAJAPATI,Bhagidari Party(P),Uttar Pradesh,,0.00 Cr,1847,1,0.2
Others,70,Ghosi,RAJENDRA RAM,Independent,Uttar Pradesh,1,0.00 Cr,1649,1,0.14
Others,25,Thane,RAJENDRA RAMCHANDRA SANKHE,Bharatheeya Jawan Kisan Party,Maharashtra,,0.00 Cr,767,1,0.06
Others,17,Parbhani,RAJENDRA RAMDAS ATKAL,Independent,Maharashtra,1,0.00 Cr,2812,1,0.21
Others,38,Shirdi,RAJENDRA RATNAKAR WAGHMARE,Rashtriya Jankranti Party,Maharashtra,,0.00 Cr,2505,1,0.24
Others,2,Tripura East,RAJENDRA REANG,Communist Party of India  (Marxist),Tripura,,0.03 Cr,290628,1,25.62
Others,1,MORENA,RAJENDRA SINGH GURJER,Independent,Madhya Pradesh,1,0.00 Cr,1210,1,0.1
Others,13,Gautam Buddha Nagar,RAJENDRA SINGH SOLANKI,Bahujan Samaj Party,Uttar Pradesh,,0.03 Cr,251615,1,17.51
Others,50,Kaushambi,RAJENDRA SONKAR URF PANNA BHAIYA,Independent,Uttar Pradesh,1,0.00 Cr,3421,1,0.34
Others,62,Sant Kabir Nagar,RAJENDRA YADAV URF COLONEL SAHAB,Sarvjan Awaz Party,Uttar Pradesh,,0.00 Cr,2239,1,0.21
Others,16,NAMAKKAL,RAJENDRAN C,Viduthalai Kalam Katchi,Tamil Nadu,,0.00 Cr,2599,1,0.23
Others,24,TIRUCHIRAPPALLI,RAJENDRAN. P,Independent,Tamil Nadu,1,0.00 Cr,675,1,0.06
Others,24,TIRUCHIRAPPALLI,RAJENDRAN. S,Independent,Tamil Nadu,1,0.00 Cr,3499,1,0.33
Others,21,DEWAS,RAJENDRASINGH CHOKHUTIYA,Bahujan Samaj Party,Madhya Pradesh,,0.00 Cr,11203,1,0.76
Others,3,Bagalkot,RAJESAB BURANSAB. MASALI,Independent,Karnataka,1,0.00 Cr,992,1,0.08
Others,5,Hoshiarpur,RAJESH,Democratic Bharatiya Samaj Party,Punjab,,0.00 Cr,2336,1,0.25
Others,5,Kodarma,RAJESH,Independent,Jharkhand,1,0.00 Cr,4233,1,0.31
Others,34,VIRUDHUNAGAR,RAJESH,Independent,Tamil Nadu,1,0.00 Cr,6173,1,0.58
Others,79,Mirzapur,RAJESH,Independent,Uttar Pradesh,1,0.00 Cr,10936,1,0.99
Others,8,RAIPUR,RAJESH DHRUV,Independent,Chhattisgarh,1,0.00 Cr,1193,1,0.08
Others,10,FARIDABAD,RAJESH GAUTAM,Independent,Haryana,1,0.00 Cr,663,1,0.05
Others,1,Chandni Chowk,RAJESH GUPTA,Bharat Lok Sewak Party,NCT OF Delhi,,0.00 Cr,262,1,0.03
Others,7,Ahmedabad East,RAJESH HARIRAM MAURYA,Prajatantra Aadhar Party,Gujarat,,0.00 Cr,1212,1,0.11
Others,8,Palakkad,RAJESH K SON OF VELANKUTTY,Independent,Kerala,1,0.00 Cr,1056,1,0.1
Others,19,BHOPAL,RAJESH KEER,Independent,Madhya Pradesh,1,0.00 Cr,427,1,0.03
Others,15,Aligarh,RAJESH KUMAR,Independent,Uttar Pradesh,1,0.00 Cr,1056,1,0.09
Others,29,Dhaurahra,RAJESH KUMAR,Political Justice Party,Uttar Pradesh,,0.00 Cr,5023,1,0.45
Others,34,Mohanlalganj,RAJESH KUMAR,Bahujan Samaj Party,Uttar Pradesh,,0.01 Cr,88461,1,6.42
Others,44,Akbarpur,RAJESH KUMAR DWIVEDI,Bahujan Samaj Party,Uttar Pradesh,,0.01 Cr,73140,1,6.73
Others,10,Bolangir,RAJESH KUMAR PANDA,Ekam Sanatan Bharat Dal,Odisha,,0.00 Cr,3170,1,0.23
Others,49,Fatehpur,RAJESH KUMAR PATEL,Sardar Patel Siddhant Party,Uttar Pradesh,,0.00 Cr,1458,1,0.13
Others,25,Howrah,RAJESH KUMAR PRASAD,All India Arya Mahasabha,West Bengal,,0.00 Cr,1272,1,0.1
Others,21,Hajipur,RAJESH KUMAR RAUSHAN,Socialist Unity Centre Of India (COMMUNIST),Bihar,,0.00 Cr,1701,1,0.15
Others,3,Purvi Champaran,RAJESH KUMAR S/O GAGANLAL SAHNI,Independent,Bihar,1,0.00 Cr,3934,1,0.37
Others,3,Purvi Champaran,RAJESH KUMAR S/O VISHUN SAH,Independent,Bihar,1,0.00 Cr,3492,1,0.33
Others,20,Saran,RAJESH KUSHWAHA,Bhartiya Lok Chetna Party,Bihar,,0.00 Cr,1489,1,0.15
Others,8,Palakkad,RAJESH M SON OF MANI C,Independent,Kerala,1,0.00 Cr,953,1,0.09
Others,4,UDHAMPUR,RAJESH MANCHANDA,Independent,Jammu and Kashmir,1,0.00 Cr,1605,1,0.14
Others,7,Malkajgiri,RAJESH MISHRA,Independent,Telangana,1,0.00 Cr,1110,1,0.06
Others,29,Mumbai North Central,RAJESH MOHAN LOKHANDE,Independent,Maharashtra,1,0.00 Cr,289,1,0.03
Others,4,KORBA,RAJESH PANDEY,Independent,Chhattisgarh,1,0.00 Cr,1814,1,0.15
Others,23,BHILWARA,RAJESH PATNI,Independent,Rajasthan,1,0.00 Cr,8018,1,0.61
Others,22,Palghar,RAJESH RAGHUNATH PATIL,Bahujan Vikas Aaghadi,Maharashtra,,0.03 Cr,254517,1,18.5
Others,27,Mumbai North West,RAJESH RAMKISAN MALLAH,Bahujan Samaj Party,Maharashtra,,0.00 Cr,4812,1,0.5
Others,12,Purnia,RAJESH RANJAN ALIAS PAPPU YADAV,Independent,Bihar,1,0.06 Cr,567556,1,47.46
Others,20,Vadodara,RAJESH RATHOD,Independent,Gujarat,1,0.00 Cr,5469,1,0.45
Others,3,Purvi Champaran,RAJESH SINGH,Independent,Bihar,1,0.00 Cr,7182,1,0.67
Others,47,HAMIRPUR,RAJESH SINGH,Independent,Uttar Pradesh,1,0.00 Cr,3607,1,0.32
Others,7,DAMOH,RAJESH SINGH SOYAM,Gondvana Gantantra Party,Madhya Pradesh,,0.00 Cr,3190,1,0.29
Others,7,JAIPUR,RAJESH TANWAR,Bahujan Samaj Party,Rajasthan,,0.00 Cr,3461,1,0.24
Others,7,Amravati,RAJESH TULSHIRAM KHADE,Independent,Maharashtra,1,0.00 Cr,239,1,0.02
Others,14,Bulandshahr,RAJESH TUREHA,Rishivadi Karm Sheel Young Parmarthi Party,Uttar Pradesh,,0.00 Cr,4401,1,0.42
Others,76,Chandauli,RAJESH VISHWAKARMA,Moulik Adhikar Party,Uttar Pradesh,,0.00 Cr,2762,1,0.25
Others,2,Peddapalle,RAJESHAM RACHARLA,Independent,Telangana,1,0.00 Cr,423,1,0.04
Others,35,Karakat,RAJESHWAR PASWAN,Akhil Hind Forward Bloc (Krantikari),Bihar,,0.00 Cr,5006,1,0.49
Others,9,KRISHNAGIRI,RAJESHWARI B.H.,Independent,Tamil Nadu,1,0.00 Cr,799,1,0.07
Others,24,TIRUCHIRAPPALLI,RAJESSH. T,Naam Tamilar Katchi,Tamil Nadu,,0.01 Cr,107458,1,10.18
Others,10,Eluru,RAJESWARA RAO KONDRU,Bharatheeya Jawan Kisan Party,Andhra Pradesh,,0.00 Cr,732,1,0.05
Others,1,Kasaragod,RAJESWARI K.R,Independent,Kerala,1,0.00 Cr,897,1,0.08
Others,4,KORBA,RAJGURU KEWAL GOSWAMI,Independent,Chhattisgarh,1,0.00 Cr,2202,1,0.18
Others,36,THOOTHUKKUDI,RAJHA N P,Naam Indiar Party,Tamil Nadu,,0.00 Cr,6640,1,0.68
Others,9,Jangipur,RAJIB CHATTERJEE,Bhartiya Lokmat Rashtrwadi Party,West Bengal,,0.00 Cr,1532,1,0.11
Others,8,Silchar,RAJIB DAS,Bahujan Maha Party,Assam,,0.00 Cr,1867,1,0.17
Others,7,Dhanbad,RAJIB TIWARI,Socialist Unity Centre Of India (COMMUNIST),Jharkhand,,0.00 Cr,1890,1,0.13
Others,7,Ludhiana,RAJINDER GHAI,Independent,Punjab,1,0.00 Cr,284,1,0.03
Others,1,Chandigarh,RAJINDER KAUR,Sainik Samaj Party,Chandigarh,,0.00 Cr,217,1,0.05
Others,3,SIRSA,RAJINDER KUMAR,Bharatiya Asha Party,Haryana,,0.00 Cr,1242,1,0.09
Others,2,Amritsar,RAJINDER KUMAR SHARMA,Independent,Punjab,1,0.00 Cr,900,1,0.1
Others,6,West Delhi,RAJIV KANT MISHRA,Independent,NCT OF Delhi,1,0.00 Cr,995,1,0.07
Others,25,Thane,RAJIV KONDIBA BHOSALE,Independent,Maharashtra,1,0.00 Cr,886,1,0.07
Others,7,Jhanjharpur,RAJIV KUMAR JHA,Independent,Bihar,1,0.00 Cr,12513,1,1.14
Others,7,Ludhiana,RAJIV KUMAR MEHRA,Jan Sewa Driver Party,Punjab,,0.00 Cr,1518,1,0.14
Others,70,Ghosi,RAJIV KUMAR SINGH,Independent,Uttar Pradesh,1,0.00 Cr,857,1,0.07
Others,28,Munger,RAJIV RANJAN SINGH ALIAS LALAN SINGH,Janata Dal  (United),Bihar,,0.06 Cr,550146,1,48.3
Others,1,GANGANAGAR,RAJKUMAR,Independent,Rajasthan,1,0.00 Cr,4375,1,0.31
Others,1,Saharanpur,RAJKUMAR,Independent,Uttar Pradesh,1,0.00 Cr,813,1,0.07
Others,5,Gulbarga,RAJKUMAR,BhartiyaBahujanKranti Dal,Karnataka,,0.00 Cr,709,1,0.05
Others,20,COIMBATORE,RAJKUMAR,Independent,Tamil Nadu,1,0.00 Cr,1013,1,0.07
Others,59,Gonda,RAJKUMAR,Independent,Uttar Pradesh,1,0.00 Cr,1989,1,0.21
Others,2,Peddapalle,RAJKUMAR DURGAM,Independent,Telangana,1,0.00 Cr,479,1,0.04
Others,20,COIMBATORE,RAJKUMAR G,Independent,Tamil Nadu,1,0.00 Cr,892,1,0.06
Others,20,COIMBATORE,RAJKUMAR G B,Independent,Tamil Nadu,1,0.00 Cr,611,1,0.04
Others,14,NAGAUR,RAJKUMAR JAT,Independent,Rajasthan,1,0.00 Cr,8232,1,0.66
Others,20,COIMBATORE,RAJKUMAR M,Independent,Tamil Nadu,1,0.00 Cr,1068,1,0.08
Others,15,BALAGHAT,RAJKUMAR NAGESHWER,Independent,Madhya Pradesh,1,0.00 Cr,6728,1,0.49
Others,24,Kolkata Uttar,RAJKUMAR PALIT,Mission Naya Digant Party,West Bengal,,0.00 Cr,772,1,0.08
Others,22,DINDIGUL,RAJKUMAR R,Independent,Tamil Nadu,1,0.00 Cr,4416,1,0.38
Others,20,BANSWARA,RAJKUMAR S/O HIRALAL,Independent,Rajasthan,1,0.01 Cr,74598,1,4.56
Others,20,BANSWARA,RAJKUMAR S/O PREMJI,Independent,Rajasthan,1,0.00 Cr,41790,1,2.55
Others,40,Osmanabad,RAJKUMAR SAHEBRAO PATIL,Independent,Maharashtra,1,0.00 Cr,593,1,0.05
Others,5,BILASPUR,RAJKUMAR SAHU,Independent,Chhattisgarh,1,0.00 Cr,829,1,0.06
Others,1,Inner Manipur,RAJKUMAR SOMENDRO SINGH,Independent,Manipur,1,0.00 Cr,13050,1,1.64
Others,1,MORENA,RAJKUMARI,Independent,Madhya Pradesh,1,0.00 Cr,1441,1,0.12
Others,42,Birbhum,RAJNATH SARKAR,Bahujan Samaj Party,West Bengal,,0.00 Cr,5882,1,0.39
Others,14,Darbhanga,RAJNISH KUMAR,Jantantra Awaj Party,Bihar,,0.00 Cr,3638,1,0.36
Others,24,Begusarai,RAJNISH KUMAR MUKHIYA,Rashtriya Jansambhavna Party,Bihar,,0.00 Cr,10872,1,0.84
Others,5,Hoshiarpur,RAJPAL NADALI,Bahujan Mukti Party,Punjab,,0.00 Cr,1140,1,0.12
Others,16,Hathras,RAJPAL SINGH,Independent,Uttar Pradesh,1,0.00 Cr,2372,1,0.22
Others,12,Uttara Kannada,RAJSHEKHAR. SHANKAR. HINDALAGI.,Independent,Karnataka,1,0.00 Cr,5397,1,0.43
Others,21,Mysore,RAJU,Independent,Karnataka,1,0.00 Cr,1949,1,0.13
Others,11,Dharwad,RAJU ANANTSA NAIKWADI,Independent,Karnataka,1,0.00 Cr,3601,1,0.26
Others,8,Silchar,RAJU DAS,Independent,Assam,1,0.00 Cr,4597,1,0.42
Others,11,Sonitpur,RAJU DEURI,Bodoland Peoples Front,Assam,,0.00 Cr,19892,1,1.54
Others,2,Dumka,RAJU EMANUEL MURMU,Ambedkarite Party of India,Jharkhand,,0.00 Cr,3060,1,0.26
Others,7,Amravati,RAJU MAHADEVRAO SONONE,Independent,Maharashtra,1,0.00 Cr,232,1,0.02
Others,48,Hatkanangale,RAJU SHETTI,Swabhimani Paksha,Maharashtra,,0.02 Cr,179850,1,13.88
Others,15,Muzaffarpur,RAJU SINGH,Independent,Bihar,1,0.00 Cr,984,1,0.09
Others,33,Buxar,RAJU SINGH,Bahujan Mukti Party,Bihar,,0.00 Cr,4339,1,0.4
Others,25,Navsari,RAJU VARDE,Independent,Gujarat,1,0.00 Cr,3184,1,0.24
Others,20,Firozabad,RAJVEER,Independent,Uttar Pradesh,1,0.00 Cr,1380,1,0.12
Others,4,Jalandhar,RAJWANT KAUR KHALSA,Apna Samaj Party,Punjab,,0.00 Cr,952,1,0.1
Others,9,Faridkot,RAJWINDER SINGH DHARAMKOT,Shiromani Akali Dal,Punjab,,0.01 Cr,138251,1,13.63
Others,2,BHIND,RAKESH,Independent,Madhya Pradesh,1,0.00 Cr,2369,1,0.23
Others,4,GUNA,RAKESH,Independent,Madhya Pradesh,1,0.00 Cr,3052,1,0.22
Others,6,SONIPAT,RAKESH,Samata Party,Haryana,,0.00 Cr,410,1,0.04
Others,3,Sambalpur,RAKESH BAG,Bharatiya Nyay-Adhikar Raksha Party,Odisha,,0.00 Cr,1708,1,0.14
Others,13,JABALPUR,RAKESH CHOUDHARY,Bahujan Samaj Party,Madhya Pradesh,,0.00 Cr,21416,1,1.85
Others,3,GWALIOR,RAKESH DHAKAD,Independent,Madhya Pradesh,1,0.00 Cr,3220,1,0.24
Others,6,SONIPAT,RAKESH DHARIWAL,Rashtriya Jatigat Aarakshan Virodhi Party,Haryana,,0.00 Cr,215,1,0.02
Others,1,AMBALA,RAKESH KUMAR,Haryana Jansena Party,Haryana,,0.00 Cr,3111,1,0.23
Others,17,Mathura,RAKESH KUMAR,Independent,Uttar Pradesh,1,0.00 Cr,4494,1,0.47
Others,22,Ujiarpur,RAKESH KUMAR,Independent,Bihar,1,0.00 Cr,5957,1,0.57
Others,7,Ludhiana,RAKESH KUMAR (RICKY),Sunahara Bharat Party,Punjab,,0.00 Cr,2091,1,0.2
Others,7,DAMOH,RAKESH KUMAR AHIRWAR,Independent,Madhya Pradesh,1,0.00 Cr,2051,1,0.19
Others,24,Kalyan,RAKESH KUMAR DHISULAL JAIN,Independent,Maharashtra,1,0.00 Cr,602,1,0.06
Others,17,HOSHANGABAD,RAKESH RAMPRASAD RICKY,Independent,Madhya Pradesh,1,0.00 Cr,5079,1,0.41
Others,7,DURG,RAKESH SAHU,Nyaydharmsabha,Chhattisgarh,,0.00 Cr,1262,1,0.08
Others,30,Patna Sahib,RAKESH SHARMA,Independent,Bihar,1,0.00 Cr,9943,1,0.92
Others,7,ROHTAK,RAKESH SINGH,Rashtrawadi Janlok Party (Satya),Haryana,,0.00 Cr,2714,1,0.22
Others,14,MANDLA,RAKESH SINGH THAKUR,Independent,Madhya Pradesh,1,0.00 Cr,10346,1,0.67
Others,5,Sabarkantha,RAKESHSINH MAHOBATSINH ZALA,Bhartiya Jan Parishad,Gujarat,,0.00 Cr,1951,1,0.15
Others,2,MANDI,RAKHEE GUPTA,Independent,Himachal Pradesh,1,0.00 Cr,1051,1,0.1
Others,30,Sitapur,RAM ADHAR VERMA,Sardar Patel Siddhant Party,Uttar Pradesh,,0.00 Cr,2115,1,0.19
Others,50,Kaushambi,RAM ASREY,Manavtawadi Samaj Party,Uttar Pradesh,,0.00 Cr,1950,1,0.19
Others,24,Begusarai,RAM BADAN RAI,Karpoori Janta Dal,Bihar,,0.00 Cr,6644,1,0.51
Others,5,SAGAR,RAM BHJAN BANSAL,Samata Party,Madhya Pradesh,,0.00 Cr,3153,1,0.27
Others,49,Fatehpur,RAM BIHARI,Bhartiya Shakti Chetna Party,Uttar Pradesh,,0.00 Cr,2344,1,0.21
Others,16,JODHPUR,RAM DAYAL BISHNOI,Rashtriya Janshakti Party (Secular),Rajasthan,,0.00 Cr,503,1,0.04
Others,7,South Delhi,RAM GOPAL,Haryana Jansena Party,NCT OF Delhi,,0.00 Cr,3958,1,0.31
Others,10,REWA,RAM GOPAL SINGH,Peoples Party of India (Democratic),Madhya Pradesh,,0.00 Cr,3509,1,0.38
Others,76,Chandauli,RAM GOVIND,Samajhdar Party,Uttar Pradesh,,0.00 Cr,1977,1,0.18
Others,40,Osmanabad,RAM HANUMANT SHENDAGE,Independent,Maharashtra,1,0.00 Cr,3263,1,0.25
Others,61,Basti,RAM KARAN GAUTAM,Independent,Uttar Pradesh,1,0.00 Cr,2645,1,0.24
Others,62,Sant Kabir Nagar,RAM KRISHNA DWIVEDI,Independent,Uttar Pradesh,1,0.00 Cr,4509,1,0.41
Others,17,Gopalganj,RAM KUMAR MANJHI,Gana Suraksha Party,Bihar,,0.00 Cr,8540,1,0.8
Others,39,Pratapgarh,RAM KUMAR YADAV,Socialist Unity Centre Of India (COMMUNIST),Uttar Pradesh,,0.00 Cr,1071,1,0.11
Others,23,Samastipur,RAM LAKHAN  MAHTO,Bahujan Samaj Party,Bihar,,0.00 Cr,12732,1,1.16
Others,56,Baharaich,RAM MILAN,Sardar Patel Siddhant Party,Uttar Pradesh,,0.00 Cr,1699,1,0.16
Others,74,Machhlishahr,RAM MILAN,Sardar Patel Siddhant Party,Uttar Pradesh,,0.00 Cr,1716,1,0.16
Others,6,West Delhi,RAM NARAYAN MOHANTY,Independent,NCT OF Delhi,1,0.00 Cr,434,1,0.03
Others,29,Dhaurahra,RAM NARESH,Independent,Uttar Pradesh,1,0.00 Cr,1290,1,0.12
Others,55,Ambedkar Nagar,RAM NARESH PRAJAPATI,Bhagidari Party(P),Uttar Pradesh,,0.00 Cr,3413,1,0.29
Others,31,Patliputra,RAM NIRANJAN ROY,Rashtrawadi Chetna Party,Bihar,,0.00 Cr,3915,1,0.32
Others,78,Bhadohi,RAM PRAKASH MISHRA,Rashtriya Samaj Paksha,Uttar Pradesh,,0.00 Cr,5270,1,0.49
Others,3,GWALIOR,RAM PRAKASH SINGH PAL,Rashtra Uday Party,Madhya Pradesh,,0.00 Cr,1071,1,0.08
Others,4,Keonjhar,RAM PRASAD HEMBRAM,Bahujan Samaj Party,Odisha,,0.00 Cr,3895,1,0.31
Others,3,Jalpaiguri,RAM PRASAD MANDAL,Socialist Unity Centre Of India (COMMUNIST),West Bengal,,0.00 Cr,3835,1,0.24
Others,7,Jhanjharpur,RAM PRASAD RAUT,Independent,Bihar,1,0.00 Cr,26010,1,2.38
Others,23,Badaun,RAM PRATAP MAURYA,Independent,Uttar Pradesh,1,0.00 Cr,1543,1,0.14
Others,73,Jaunpur,RAM PYARE,Socialist Unity Centre Of India (COMMUNIST),Uttar Pradesh,,0.00 Cr,1161,1,0.11
Others,68,Lalganj,RAM PYARE SHARAN VIJAITA,Independent,Uttar Pradesh,1,0.00 Cr,2341,1,0.23
Others,20,Berhampur,RAM SANKAR SATAPATHY,Independent,Odisha,1,0.00 Cr,3871,1,0.37
Others,32,Arrah,RAM SARE SINGH,Peoples Party of India (Democratic),Bihar,,0.00 Cr,2541,1,0.23
Others,80,Robertsganj,RAM SHIROMANI,Sardar Patel Siddhant Party,Uttar Pradesh,,0.00 Cr,3123,1,0.31
Others,1,MORENA,RAM SUNDER SHARMA,Independent,Madhya Pradesh,1,0.00 Cr,1767,1,0.15
Others,33,Buxar,RAM SWAROOP CHAUHAN,Independent,Bihar,1,0.00 Cr,5516,1,0.51
Others,59,Gonda,RAM UJAGAR,Independent,Uttar Pradesh,1,0.00 Cr,3535,1,0.37
Others,13,Palamau,RAM VACHAN RAM,Bahujan Mukti Party,Jharkhand,,0.00 Cr,4953,1,0.36
Others,29,Mumbai North Central,RAMA ARUN SABLE,Independent,Maharashtra,1,0.00 Cr,636,1,0.07
Others,9,Narsapuram,RAMA DURGA PRASAD THOLETI,Independent,Andhra Pradesh,1,0.00 Cr,920,1,0.07
Others,17,BARMER,RAMA RAM,Independent,Rajasthan,1,0.00 Cr,6041,1,0.36
Others,2,Kannur,RAMACHANDRAN BAVILEERI,Bharatheeya Jawan Kisan Party,Kerala,,0.00 Cr,2649,1,0.25
Others,15,SALEM,RAMACHANDRAN C,Dhesiya Makkal Kazhagam,Tamil Nadu,,0.00 Cr,758,1,0.06
Others,20,COIMBATORE,RAMACHANDRAN M,Independent,Tamil Nadu,1,0.00 Cr,663,1,0.05
Others,20,COIMBATORE,RAMACHANDRAN R,Independent,Tamil Nadu,1,0.00 Cr,369,1,0.03
Others,1,SURGUJA,RAMADHAR SINGH,Independent,Chhattisgarh,1,0.00 Cr,10861,1,0.75
Others,20,Mandya,RAMAIAH. D,Independent,Karnataka,1,0.00 Cr,3810,1,0.26
Others,22,RAJSAMAND,RAMAKISHAN BHADU,Bahujan Samaj Party,Rajasthan,,0.00 Cr,9135,1,0.75
Others,38,TIRUNELVELI,RAMAKRISHNAN N,Nam India Naam Indiyar Katchi,Tamil Nadu,,0.00 Cr,790,1,0.07
Others,6,Raichur,RAMALINGAPPA,Socialist Unity Centre Of India (COMMUNIST),Karnataka,,0.00 Cr,2409,1,0.19
Others,21,Mysore,RAMAMURTHY. M,Independent,Karnataka,1,0.00 Cr,3605,1,0.24
Others,16,NAMAKKAL,RAMAN V,Bahujan Samaj Party,Tamil Nadu,,0.00 Cr,2157,1,0.19
Others,33,Jhargram,RAMANATH ORANG,Independent,West Bengal,1,0.00 Cr,7188,1,0.48
Others,32,MADURAI,RAMANATHAN S,Independent,Tamil Nadu,1,0.00 Cr,1194,1,0.12
Others,26,Valsad,RAMANBHAI KARSHANBHAI PATEL,Independent,Gujarat,1,0.00 Cr,6745,1,0.5
Others,32,MADURAI,RAMAR PANDI T,Bahujan Samaj Party,Tamil Nadu,,0.00 Cr,2506,1,0.25
Others,21,POLLACHI,RAMASAMY K,Independent,Tamil Nadu,1,0.00 Cr,1825,1,0.16
Others,16,NAMAKKAL,RAMASAMY N,Independent,Tamil Nadu,1,0.00 Cr,1250,1,0.11
Others,16,NAMAKKAL,RAMASAMY P,Independent,Tamil Nadu,1,0.00 Cr,1350,1,0.12
Others,37,TENKASI,RAMASAMY P,Viro Ke Vir Indian Party,Tamil Nadu,,0.00 Cr,3412,1,0.33
Others,15,SALEM,RAMASUNDARAM D,Independent,Tamil Nadu,1,0.00 Cr,422,1,0.03
Others,19,Ananthapur,RAMAVTH CHINNA RAMAPPA NAIK,Jaibhim Rao Bharat Party,Andhra Pradesh,,0.00 Cr,745,1,0.05
Others,1,Araku (ST),RAMBABU JALLI,Telugu Rajadhikara Samiti Party,Andhra Pradesh,,0.00 Cr,4959,1,0.43
Others,8,ALWAR,RAMBABU SHARMA,Independent,Rajasthan,1,0.00 Cr,2232,1,0.18
Others,2,Peddapalle,RAMCHANDAR NICHHAKOLA,Dalita Bahujana Party,Telangana,,0.00 Cr,2629,1,0.24
Others,12,Lohardaga,RAMCHANDRA BHAGAT,Lokhit Adhikar Party,Jharkhand,,0.00 Cr,4310,1,0.45
Others,48,Hatkanangale,RAMCHANDRA GOVINDRAO SALUNKHE,Independent,Maharashtra,1,0.00 Cr,618,1,0.05
Others,38,Shirdi,RAMCHANDRA NAMDEV JADHAV,Bahujan Samaj Party,Maharashtra,,0.00 Cr,7040,1,0.66
Others,7,Bidar,RAMCHANDRA NARAYAN KACHAVE,Kranti Kari Jai Hind Sena,Karnataka,,0.00 Cr,472,1,0.04
Others,65,Kushi Nagar,RAMCHANDRA SINGH,Independent,Uttar Pradesh,1,0.00 Cr,3621,1,0.34
Others,24,RATLAM,RAMCHANDRA SOLANKI,Bahujan Samaj Party,Madhya Pradesh,,0.00 Cr,15172,1,0.99
Others,20,RAJGARH,RAMCHARAN PIRJAPATI,Lok Samaj Party,Madhya Pradesh,,0.00 Cr,1294,1,0.09
Others,48,Banda,RAMCHRAN,Independent,Uttar Pradesh,1,0.00 Cr,5423,1,0.52
Others,14,Yavatmal- Washim,RAMDAS BAJIRAO GHODAM,Independent,Maharashtra,1,0.00 Cr,6781,1,0.55
Others,13,AJMER,RAMDEV,Bahujan Samaj Party,Rajasthan,,0.00 Cr,4944,1,0.41
Others,4,Bijnor,RAMDHAN SINGH,Majdoor Kisan Union Party,Uttar Pradesh,,0.00 Cr,2105,1,0.21
Others,79,Mirzapur,RAMDHANI,Rashtriya Samaj Paksha,Uttar Pradesh,,0.00 Cr,4915,1,0.44
Others,2,KURUKSHETRA,RAMDIYA,Independent,Haryana,1,0.00 Cr,556,1,0.05
Others,1,Tripura West,RAMENDRA REANG,Independent,Tripura,1,0.00 Cr,8932,1,0.74
Others,6,SONIPAT,RAMESH,Independent,Haryana,1,0.00 Cr,1651,1,0.15
Others,46,Jhansi,RAMESH,Independent,Uttar Pradesh,1,0.00 Cr,6338,1,0.46
Others,11,TIRUVANNAMALAI,"RAMESH , T.P.",Independent,Tamil Nadu,1,0.00 Cr,281,1,0.02
Others,9,KRISHNAGIRI,RAMESH A,Independent,Tamil Nadu,1,0.00 Cr,819,1,0.07
Others,15,Warangal,RAMESH BABU SHANIGARAPU,Independent,Telangana,1,0.00 Cr,662,1,0.05
Others,56,Baharaich,RAMESH BALMIKI,Independent,Uttar Pradesh,1,0.00 Cr,3227,1,0.31
Others,42,Solapur,RAMESH BHIMRAO SHIKHARE,Independent,Maharashtra,1,0.00 Cr,3146,1,0.26
Others,5,Gulbarga,RAMESH BHIMSING CHAVAN,Independent,Karnataka,1,0.00 Cr,1334,1,0.1
Others,3,HAMIRPUR,RAMESH CHAND SARTHI,Independent,Himachal Pradesh,1,0.00 Cr,560,1,0.05
Others,5,Raiganj,RAMESH CHANDRA SINHA,Bhumiputra United Party,West Bengal,,0.00 Cr,1051,1,0.08
Others,27,Shahjahanpur,RAMESH CHANDRA VERMA,Manav Kranti Party,Uttar Pradesh,,0.00 Cr,1076,1,0.09
Others,4,KORBA,RAMESH DAS MAHANT,Independent,Chhattisgarh,1,0.00 Cr,823,1,0.07
Others,1,MORENA,RAMESH GARG,Bahujan Samaj Party,Madhya Pradesh,,0.02 Cr,179669,1,15.13
Others,14,Bhongir,RAMESH GOUD THALLAPELLY,Alliance of Democratic Reforms Party,Telangana,,0.00 Cr,8146,1,0.58
Others,7,Bidar,RAMESH J CHAVAN,Karnataka Rashtra Samithi,Karnataka,,0.00 Cr,472,1,0.04
Others,7,Amalapuram (SC),RAMESH JILLELLA,Jatiya Jana Sena Party,Andhra Pradesh,,0.00 Cr,872,1,0.07
Others,26,Uluberia,RAMESH KHANRA,Independent,West Bengal,1,0.00 Cr,5104,1,0.37
Others,3,SIRSA,RAMESH KHATAK,Jannayak Janta Party,Haryana,,0.00 Cr,20080,1,1.48
Others,3,CHURU,RAMESH KUMAR,Independent,Rajasthan,1,0.00 Cr,5724,1,0.4
Others,29,Nalanda,RAMESH KUMAR,Naki Bharatiya Ekta Party,Bihar,,0.00 Cr,3845,1,0.34
Others,34,Mohanlalganj,RAMESH KUMAR,Independent,Uttar Pradesh,1,0.00 Cr,1841,1,0.13
Others,8,Supaul,RAMESH KUMAR ANAND,"Proutist Bloc, India",Bihar,,0.00 Cr,9451,1,0.77
Others,18,JALORE,RAMESH KUMAR BHANDARI,Independent,Rajasthan,1,0.00 Cr,3910,1,0.27
Others,6,West Delhi,RAMESH KUMAR JAIN @ NIRBHIK,Gareeb Aadmi Party,NCT OF Delhi,,0.00 Cr,971,1,0.06
Others,9,Hyderabad,RAMESH KUMAR MATANGI,Sakala Janula Party,Telangana,,0.00 Cr,663,1,0.06
Others,4,Nainital-Udhamsingh Nagar,RAMESH KUMAR MAX,Independent,Uttarakhand,1,0.00 Cr,3300,1,0.26
Others,52,Allahabad,RAMESH KUMAR PATEL,Bahujan Samaj Party,Uttar Pradesh,,0.00 Cr,49144,1,5.19
Others,1,Gurdaspur,RAMESH KUMAR TOLLA,Bharatheeya Jawan Kisan Party,Punjab,,0.00 Cr,1098,1,0.1
Others,1,Gurdaspur,RAMESH LAL,National Republic Party Of India,Punjab,,0.00 Cr,657,1,0.06
Others,4,Jalandhar,RAMESH LAL KALA,Independent,Punjab,1,0.00 Cr,876,1,0.09
Others,2,Peddapalle,RAMESH MANDA,Dharma Samaj Party,Telangana,,0.00 Cr,4334,1,0.4
Others,18,Chitradurga,RAMESH NAIK .T.,Uttama Prajaakeeya Party,Karnataka,,0.00 Cr,2206,1,0.16
Others,6,RAJNANDGAON,RAMESH RAJPUT,Bhartiya Shakti Chetna Party,Chhattisgarh,,0.00 Cr,1737,1,0.12
Others,5,SIKAR,RAMESH SHARMA,Bhartiya Party,Rajasthan,,0.00 Cr,1549,1,0.12
Others,8,Wardha,RAMESH SINHA,Independent,Maharashtra,1,0.00 Cr,799,1,0.07
Others,13,Nalgonda,RAMESH SUNKARA,Independent,Telangana,1,0.00 Cr,3569,1,0.28
Others,16,NAMAKKAL,RAMESH T,Ahimsa Socialist Party,Tamil Nadu,,0.00 Cr,2421,1,0.21
Others,16,NAMAKKAL,RAMESH T R,Independent,Tamil Nadu,1,0.00 Cr,1325,1,0.12
Others,26,Bhagalpur,RAMESH TUDU,Independent,Bihar,1,0.00 Cr,6634,1,0.62
Others,6,KANCHEEPURAM,RAMESH. S,Independent,Tamil Nadu,1,0.00 Cr,1318,1,0.1
Others,5,Zahirabad,RAMESH. SAJJAPUR.,Independent,Telangana,1,0.00 Cr,2479,1,0.2
Others,11,TIRUVANNAMALAI,"RAMESHBABU,  R.",Naam Tamilar Katchi,Tamil Nadu,,0.01 Cr,83869,1,7.32
Others,39,KANNIYAKUMARI,RAMESHKUMAR J L,Independent,Tamil Nadu,1,0.00 Cr,465,1,0.05
Others,6,Giridih,RAMESHWAR DUSADH,Independent,Jharkhand,1,0.00 Cr,11020,1,0.87
Others,23,BHILWARA,RAMESHWAR LAL BAIRWA,Bahujan Samaj Party,Rajasthan,,0.00 Cr,8283,1,0.64
Others,21,CHITTORGARH,RAMESHWAR LAL BAIRWA (INDORA),Independent,Rajasthan,1,0.00 Cr,9539,1,0.64
Others,16,Vaishali,RAMESHWAR MAHTO,Bhartiya Sarthak Party,Bihar,,0.00 Cr,4150,1,0.35
Others,3,Godda,RAMESHWAR MANDAL,Peoples Party of India (Democratic),Jharkhand,,0.00 Cr,3316,1,0.24
Others,50,Kaushambi,RAMESHWAR PRASAD,Bhartiya Shakti Chetna Party,Uttar Pradesh,,0.00 Cr,2013,1,0.2
Others,5,Kodarma,RAMESHWAR PRASAD YADAV,Independent,Jharkhand,1,0.00 Cr,4229,1,0.31
Others,5,BILASPUR,RAMESHWAR SAHU,Independent,Chhattisgarh,1,0.00 Cr,1761,1,0.13
Others,24,RATLAM,RAMESHWAR SINGAR,Independent,Madhya Pradesh,1,0.00 Cr,4607,1,0.3
Others,6,RAJNANDGAON,RAMFAL PATIL,Nyaydharmsabha,Chhattisgarh,,0.00 Cr,1537,1,0.11
Others,44,Akbarpur,RAMGOPAL,Rashtriya Janutthan Party,Uttar Pradesh,,0.00 Cr,1157,1,0.11
Others,17,HOSHANGABAD,RAMGOVIND BARUAA,Bahujan Samaj Party,Madhya Pradesh,,0.00 Cr,15387,1,1.23
Others,8,Ranchi,RAMHARI GOPE,Ambedkarite Party of India,Jharkhand,,0.00 Cr,6309,1,0.44
Others,6,Anandpur Sahib,RAMJAAN KHAN,Independent,Punjab,1,0.00 Cr,672,1,0.06
Others,32,Arrah,RAMJEE SINGH,Voters Party  International,Bihar,,0.00 Cr,2440,1,0.22
Others,4,Bijapur,RAMJI YAMANAPPA BUDDHAPRIYA,Naki Bharatiya Ekta Party,Karnataka,,0.00 Cr,2426,1,0.19
Others,1,Kachchh,RAMJIBHAI JAKHUBHAI DAFDA,Right to Recall Party,Gujarat,,0.00 Cr,1370,1,0.13
Others,37,Aurangabad,RAMJIT SINGH,Rashtriya Jansambhavna Party,Bihar,,0.00 Cr,9243,1,0.98
Others,10,KARAULI-DHOLPUR,RAMKHILADI DHOVI,Independent,Rajasthan,1,0.00 Cr,5473,1,0.55
Others,49,Fatehpur,RAMKISHOR,Rashtra Uday Party,Uttar Pradesh,,0.00 Cr,4079,1,0.37
Others,8,RAIPUR,RAMKRISHNA VERMA,Independent,Chhattisgarh,1,0.00 Cr,2185,1,0.14
Others,14,MANDLA,RAMKUMAR INWATI [ADVOCATE],Smart Indians Party,Madhya Pradesh,,0.00 Cr,2510,1,0.16
Others,21,Diamond harbour,RAMKUMAR MONDAL,Socialist Unity Centre Of India (COMMUNIST),West Bengal,,0.00 Cr,1418,1,0.09
Others,13,JABALPUR,RAMKUMAR PASI,Bahujan Awam Party,Madhya Pradesh,,0.00 Cr,690,1,0.06
Others,53,Barabanki,RAMLAKHAN PASI,Independent,Uttar Pradesh,1,0.00 Cr,2928,1,0.23
Others,13,AJMER,RAMLAL,Akhil Bhartiya Aamjan Party,Rajasthan,,0.00 Cr,818,1,0.07
Others,70,Ghosi,RAMNARESH YADAV,Jan Raajya Party,Uttar Pradesh,,0.00 Cr,885,1,0.08
Others,24,KOTA,RAMNATH MEHRA,Independent,Rajasthan,1,0.00 Cr,2422,1,0.16
Others,72,Ballia,RAMNIVAS GOND,Gondvana Gantantra Party,Uttar Pradesh,,0.00 Cr,2672,1,0.27
Others,1,MORENA,RAMNIWASH,Independent,Madhya Pradesh,1,0.00 Cr,1973,1,0.17
Others,32,Misrikh,RAMPAL,Independent,Uttar Pradesh,1,0.00 Cr,3978,1,0.38
Others,1,Tehri Garhwal,RAMPAL SINGH,Peoples Party of India (Democratic),Uttarakhand,,0.00 Cr,2362,1,0.27
Others,21,DEWAS,RAMPRASAD,Aazad Samaj Party (Kanshi Ram),Madhya Pradesh,,0.00 Cr,7220,1,0.49
Others,26,Uluberia,RAMPRASAD GHORAI,Indian Unity Centre,West Bengal,,0.00 Cr,1572,1,0.11
Others,15,Hingoli,RAMPRASAD NARAYAN BANGAR,Independent,Maharashtra,1,0.00 Cr,4525,1,0.39
Others,19,BHOPAL,RAMPRASAD PATEL,Kranti Janshakti Party,Madhya Pradesh,,0.00 Cr,575,1,0.04
Others,8,RAIPUR,RAMPRASAD PRAJAPATI,Independent,Chhattisgarh,1,0.00 Cr,391,1,0.02
Others,75,Ghazipur,RAMPRAVESH,Moulik Adhikar Party,Uttar Pradesh,,0.00 Cr,2833,1,0.25
Others,63,Maharajganj,RAMPRIT,Independent,Uttar Pradesh,1,0.00 Cr,3029,1,0.25
Others,7,Jhanjharpur,RAMPRIT MANDAL,Janata Dal  (United),Bihar,,0.05 Cr,533032,1,48.73
Others,22,Ujiarpur,RAMPUKAR RAY,Socialist Unity Centre Of India (COMMUNIST),Bihar,,0.00 Cr,1306,1,0.13
Others,5,BILASPUR,RAMPYARE RAI,Independent,Chhattisgarh,1,0.00 Cr,1112,1,0.08
Others,8,Wardha,RAMRAO BAJIRAO GHODASKAR,All India Forward Bloc,Maharashtra,,0.00 Cr,1438,1,0.13
Others,11,SIDHI,RAMSAHAY SAHU,Aapka Gantantra Party,Madhya Pradesh,,0.00 Cr,2432,1,0.21
Others,67,Bansgaon,RAMSAMUJH,Bahujan Samaj Party,Uttar Pradesh,,0.01 Cr,64750,1,6.85
Others,1,MORENA,RAMSEVAK SAKHWAR,Independent,Madhya Pradesh,1,0.00 Cr,1632,1,0.14
Others,39,Pratapgarh,RAMSIDDH YADAV URF R.S.YADAV,Manavtawadi Samaj Party,Uttar Pradesh,,0.00 Cr,1327,1,0.14
Others,6,JAIPUR RURAL,RAMSINGH KASANA,Independent,Rajasthan,1,0.00 Cr,3707,1,0.29
Others,24,Begusarai,RAMUDGAR,Socialist Unity Centre Of India (COMMUNIST),Bihar,,0.00 Cr,2640,1,0.2
Others,2,Peddapalle,RAMULA KARTHIK,Independent,Telangana,1,0.00 Cr,2288,1,0.21
Others,10,Chevella,RAMULU BINGI,Yuga Thulasi Party,Telangana,,0.00 Cr,4284,1,0.26
Others,70,Ghosi,RAMVACHAN,Sardar Patel Siddhant Party,Uttar Pradesh,,0.00 Cr,773,1,0.07
Others,7,Bidar,RAMVILAS RAMULALJI NAVANDAR,Independent,Karnataka,1,0.00 Cr,2694,1,0.22
Others,11,SIDHI,RAMVISHAL KOL,Rashtriya Samaj Paksha,Madhya Pradesh,,0.00 Cr,2087,1,0.18
Others,29,Mumbai North Central,RAMZAN ALI CHAUDHARY,All India Majlis-E-Ittehadul Muslimeen,Maharashtra,,0.00 Cr,1531,1,0.17
Others,25,Navsari,RAMZAN MANSURI (SENIOR JOURNALIST),Log Party,Gujarat,,0.00 Cr,2653,1,0.2
Others,8,Koppal,RAMZANBEE,All India Ulama Congress,Karnataka,,0.00 Cr,806,1,0.06
Others,13,Gautam Buddha Nagar,RAN SINGH DUDEE,Super Power India Party,Uttar Pradesh,,0.00 Cr,908,1,0.06
Others,3,SIRSA,RAN SINGH PANWAR,Independent,Haryana,1,0.00 Cr,1550,1,0.11
Others,4,Sheohar,RANA RANJIT,All India Majlis-E-Ittehadul Muslimeen,Bihar,,0.00 Cr,11979,1,1.13
Others,3,Karimnagar,RANAPRATAP GATTU,Socialist Party (India),Telangana,,0.00 Cr,1613,1,0.12
Others,10,FARIDABAD,RANDHEER SINGH ALIAS DHEERU KHATANA,Akhil Bhartiya Kisan Majdoor Party,Haryana,,0.00 Cr,924,1,0.06
Others,32,Arrah,RANDHIR LAL,Independent,Bihar,1,0.00 Cr,5766,1,0.53
Others,21,Hajipur,RANDHIR PASWAN,Independent,Bihar,1,0.00 Cr,2675,1,0.23
Others,4,HISAR,RANDHIR SINGH,Independent,Haryana,1,0.00 Cr,353,1,0.03
Others,6,Balurghat,RANENDRA NATH MALI,Independent,West Bengal,1,0.00 Cr,5593,1,0.45
Others,74,Machhlishahr,RANG BAHADUR,Independent,Uttar Pradesh,1,0.00 Cr,2718,1,0.26
Others,19,Tumkur,RANGANATHA. R.S,Independent,Karnataka,1,0.00 Cr,3132,1,0.24
Others,21,Mysore,RANGASWAMY. M,Independent,Karnataka,1,0.00 Cr,4306,1,0.29
Others,12,Sangrur,RANGI KHAN,Aam Janta Party (India),Punjab,,0.00 Cr,1581,1,0.16
Others,24,RATLAM,RANGLA KALESH,Independent,Madhya Pradesh,1,0.00 Cr,7335,1,0.48
Others,10,REWA,RANJAN GUPTA,Rashtravadi Bharat Party,Madhya Pradesh,,0.00 Cr,2160,1,0.24
Others,31,Patliputra,RANJAN KUMAR,Independent,Bihar,1,0.00 Cr,1809,1,0.15
Others,38,Gaya,RANJAN KUMAR,Independent,Bihar,1,0.00 Cr,4234,1,0.44
Others,72,Ballia,RANJANA,Independent,Uttar Pradesh,1,0.00 Cr,1878,1,0.19
Others,8,Ranchi,RANJANA GIRI,Republican Party of India (A),Jharkhand,,0.00 Cr,3208,1,0.22
Others,9,SATNA,RANJANA MISHRA,Nyaydharmsabha,Madhya Pradesh,,0.00 Cr,915,1,0.09
Others,23,Bhiwandi,RANJANA RAVI TRIBHUWAN,Independent,Maharashtra,1,0.00 Cr,1085,1,0.09
Others,1,Kokrajhar,RANJAY KR BRAHMA,Independent,Assam,1,0.00 Cr,8830,1,0.71
Others,12,Lohardaga,RANJEET BHAGAT,Independent,Jharkhand,1,0.00 Cr,5527,1,0.57
Others,14,Darbhanga,RANJEET KUMAR RAM,Wazib Adhikar Party,Bihar,,0.00 Cr,2532,1,0.25
Others,17,Dakshina Kannada,RANJINI. M,Karnataka Rashtra Samithi,Karnataka,,0.00 Cr,776,1,0.05
Others,3,Jalpaiguri,RANJIT BARMAN,Mulnibasi Party of India,West Bengal,,0.00 Cr,1189,1,0.08
Others,5,Hoshiarpur,RANJIT KUMAR,Bahujan Samaj Party,Punjab,,0.00 Cr,48214,1,5.08
Others,39,Nawada,RANJIT KUMAR,Bahujan Samaj Party,Bihar,,0.00 Cr,16316,1,1.88
Others,22,Jadavpur,RANJIT KUMAR MANDAL,Independent,West Bengal,1,0.00 Cr,13030,1,0.83
Others,13,Patiala,RANJIT SINGH,Akhil Bhartiya Parivar Party,Punjab,,0.00 Cr,1967,1,0.17
Others,7,Ludhiana,RANJIT SINGH DHILLON,Shiromani Akali Dal,Punjab,,0.01 Cr,90220,1,8.52
Others,19,Aska,RANJITA SAHU,Biju Janata Dal,Odisha,,0.04 Cr,394252,1,38.73
Others,26,Bangalore South,RANJITH GOWDA,Independent,Karnataka,1,0.00 Cr,860,1,0.07
Others,1,Araku (ST),RANJITH KUMAR PALAKA,Independent,Andhra Pradesh,1,0.00 Cr,6047,1,0.52
Others,25,Bangalore central,RANJITH VISHWA,Samajwadi Janata Party(Karnataka),Karnataka,,0.00 Cr,274,1,0.02
Others,20,Mandya,RANJITHA. N,Independent,Karnataka,1,0.00 Cr,2909,1,0.2
Others,31,SIVAGANGA,RANJITHKUMAR BALUSWAMY,Bahujan Samaj Party,Tamil Nadu,,0.00 Cr,3171,1,0.3
Others,4,CHENNAI CENTRAL,RANJITHKUMAR.S,Independent,Tamil Nadu,1,0.00 Cr,215,1,0.03
Others,1,Gurdaspur,RANJODH SINGH,Jan Sewa Driver Party,Punjab,,0.00 Cr,789,1,0.07
Others,34,Pune,RANPISE PRASHANT DADARAM,Bahujan Samaj Party,Maharashtra,,0.00 Cr,3974,1,0.36
Others,38,Gaya,RANU KUMAR CHAUDHARY,Independent,Bihar,1,0.00 Cr,4505,1,0.47
Others,3,CHURU,RANVEER SINGH,Independent,Rajasthan,1,0.00 Cr,1812,1,0.13
Others,37,Ahmednagar,RAOSAHEB SHANKAR KALE,Independent,Maharashtra,1,0.00 Cr,372,1,0.03
Others,7,Amalapuram (SC),RAPAKA VARAPRASADA RAO,Yuvajana Sramika Rythu Congress Party,Andhra Pradesh,,0.05 Cr,454785,1,34.95
Others,4,Nizamabad,RAPALLY SATYANARAYANA,Independent,Telangana,1,0.00 Cr,426,1,0.03
Others,4,Nizamabad,RAPELLY SRINIVAS,Independent,Telangana,1,0.00 Cr,793,1,0.06
Others,3,Karimnagar,RAPOLE RAMKUMAR BHARADWAJ,Independent,Telangana,1,0.00 Cr,575,1,0.04
Others,13,Davanagere,RASHEED KHAN,Independent,Karnataka,1,0.00 Cr,600,1,0.05
Others,10,Haveri,RASHEEDA BEGUM,Indian Movement Party,Karnataka,,0.00 Cr,397,1,0.03
Others,7,Karimganj,RASHID AHMED CHOUDHURY,Independent,Assam,1,0.00 Cr,721,1,0.06
Others,43,Madha,RASHID ISMAIL SHAIKH,Independent,Maharashtra,1,0.00 Cr,843,1,0.07
Others,1,Saharanpur,RASHID KHAN,Independent,Uttar Pradesh,1,0.00 Cr,1230,1,0.1
Others,20,Firozabad,RASHMI KANT,Parivartan Samaj Party,Uttar Pradesh,,0.00 Cr,2930,1,0.26
Others,18,Jalna,RATAN ASARAM LANDGE,Independent,Maharashtra,1,0.00 Cr,647,1,0.05
Others,23,Samastipur,RATAN BIHARI,Desh Janhit Party,Bihar,,0.00 Cr,3419,1,0.31
Others,2,BIKANER,RATANI DEVI,Independent,Rajasthan,1,0.00 Cr,3926,1,0.35
Others,27,CHIDAMBARAM,RATHA G,Independent,Tamil Nadu,1,0.00 Cr,1280,1,0.11
Others,25,Howrah,RATHIN GANGULY,Independent,West Bengal,1,0.00 Cr,1887,1,0.15
Others,11,Porbandar,RATHOD CHANDUBHAI MOHANBHAI,Independent,Gujarat,1,0.00 Cr,1729,1,0.19
Others,15,Bhavnagar,RATHOD DINESHBHAI LAKHABHAI,Bahujan Samaj Party,Gujarat,,0.00 Cr,10130,1,0.97
Others,2,Banaskantha,RATHOD MAVJI BHEMAJI,Independent,Gujarat,1,0.00 Cr,7696,1,0.56
Others,12,Jamnagar,RATHOD PUNJABHAI PALABHAI,Independent,Gujarat,1,0.00 Cr,3732,1,0.36
Others,1,Adilabad,RATHOD SUBASH,Independent,Telangana,1,0.00 Cr,6528,1,0.53
Others,16,Nanded,RATHOD SURESH GOPINATH,Independent,Maharashtra,1,0.00 Cr,808,1,0.07
Others,21,Chhota Udaipur,RATHVA FURAKANBHAI BALJIBHAI,Malwa Congress,Gujarat,,0.00 Cr,11161,1,0.88
Others,21,Chhota Udaipur,RATHVA MUKESHBHAI NURABHAI,Independent,Gujarat,1,0.00 Cr,8065,1,0.64
Others,5,JAMMU,RATTAN LAL,Jammu & Kashmir People Conference,Jammu and Kashmir,,0.00 Cr,1651,1,0.13
Others,2,Paschim Champaran,RAUSHAN KUMAR SRIVASTAVA,Independent,Bihar,1,0.00 Cr,8505,1,0.78
Others,6,West Delhi,RAVI,Independent,NCT OF Delhi,1,0.00 Cr,282,1,0.02
Others,26,Mumbai North,RAVI BABU GAVLI,Samata Party,Maharashtra,,0.00 Cr,450,1,0.04
Others,4,CHENNAI CENTRAL,RAVI BALARAMAN,Independent,Tamil Nadu,1,0.00 Cr,183,1,0.03
Others,1,Sikkim,RAVI CHANDRA RAI,Independent,Sikkim,1,0.00 Cr,1123,1,0.29
Others,7,Amravati,RAVI GUNWANTRAO WANKHADE,Independent,Maharashtra,1,0.00 Cr,288,1,0.02
Others,72,Ballia,RAVI KANT SINGH ALIAS RAVI PATEL,Sardar Patel Siddhant Party,Uttar Pradesh,,0.00 Cr,3181,1,0.32
Others,2,North-East Delhi,RAVI KIRAN THILAK THATIKONDA,Independent,NCT OF Delhi,1,0.00 Cr,324,1,0.02
Others,16,Hathras,RAVI KUMAR,Independent,Uttar Pradesh,1,0.00 Cr,1645,1,0.15
Others,25,Bareilly,RAVI KUMAR,Sardar Patel Siddhant Party,Uttar Pradesh,,0.00 Cr,627,1,0.06
Others,12,Ghaziabad,RAVI KUMAR PANCHAL,Independent,Uttar Pradesh,1,0.00 Cr,1966,1,0.13
Others,10,Kishanganj,RAVI KUMAR ROY,Independent,Bihar,1,0.00 Cr,7302,1,0.63
Others,13,Nalgonda,RAVI PALAKURI,Independent,Telangana,1,0.00 Cr,1547,1,0.12
Others,46,Jhansi,RAVI PRAKASH,Bahujan Samaj Party,Uttar Pradesh,,0.01 Cr,63192,1,4.58
Others,25,JHALAWAR-BARAN,RAVI RAJ SINGH,Independent,Rajasthan,1,0.00 Cr,10274,1,0.72
Others,15,Hingoli,RAVI RAMDAS JADHAV (SAWANEKAR),Abhinav Bharat Janseva Paksh,Maharashtra,,0.00 Cr,1602,1,0.14
Others,23,Samastipur,RAVI RAUSHAN KUMAR,Independent,Bihar,1,0.00 Cr,16155,1,1.48
Others,2,Belgaum,RAVI SHIVAPPA PADASALAGI,Independent,Karnataka,1,0.00 Cr,3926,1,0.28
Others,3,Bagalkot,RAVI SHIVAPPA PADASALAGI,Independent,Karnataka,1,0.00 Cr,656,1,0.05
Others,26,INDORE,RAVI SIRWAIYA,Independent,Madhya Pradesh,1,0.00 Cr,2621,1,0.17
Others,17,Mathura,RAVI VERMA,Independent,Uttar Pradesh,1,0.00 Cr,2724,1,0.28
Others,20,COIMBATORE,RAVICHANDRAN,Independent,Tamil Nadu,1,0.00 Cr,272,1,0.02
Others,17,ERODE,RAVICHANDRAN L,Independent,Tamil Nadu,1,0.00 Cr,1380,1,0.13
Others,5,Buldhana,RAVIKANT CHANDRADAS TUPKAR,Independent,Maharashtra,1,0.02 Cr,249963,1,22.53
Others,12,SHAHDOL,RAVIKARAN SINGH DHURVE,Bhartiya Shakti Chetna Party,Madhya Pradesh,,0.00 Cr,4975,1,0.43
Others,16,NAMAKKAL,RAVIKUMAR P,Ganasangam Party of India,Tamil Nadu,,0.00 Cr,637,1,0.06
Others,14,Shimoga,RAVIKUMARA N.,Independent,Karnataka,1,0.00 Cr,4552,1,0.33
Others,13,Davanagere,RAVINAIK. B,Independent,Karnataka,1,0.00 Cr,320,1,0.02
Others,7,ROHTAK,RAVINDER,Jannayak Janta Party,Haryana,,0.00 Cr,6250,1,0.5
Others,7,Ludhiana,RAVINDER PAL SINGH BABA JI BARGAR WALE,Independent,Punjab,1,0.00 Cr,548,1,0.05
Others,3,ANANTNAG-RAJOURI,RAVINDER SINGH,Independent,Jammu and Kashmir,1,0.00 Cr,2962,1,0.29
Others,4,New Delhi,RAVINDER SINGH,Independent,NCT OF Delhi,1,0.00 Cr,416,1,0.05
Others,19,Aurangabad,RAVINDRA BHASKARRAO BODKHE,Bharatiya Yuva Jan Ekta Party,Maharashtra,,0.00 Cr,6254,1,0.48
Others,44,Sangli,RAVINDRA CHANDAR SOLANKAR,Independent,Maharashtra,1,0.00 Cr,3658,1,0.31
Others,38,Shirdi,RAVINDRA KALLAYYA SWAMY,Independent,Maharashtra,1,0.00 Cr,5537,1,0.52
Others,28,Munger,RAVINDRA MANDAL,Socialist Unity Centre Of India (COMMUNIST),Bihar,,0.00 Cr,4913,1,0.43
Others,36,Shirur,RAVINDRA MOTIRAM SIRSAM,Independent,Maharashtra,1,0.00 Cr,870,1,0.06
Others,69,Azamgarh,RAVINDRA NATH SHARMA,Moulik Adhikar Party,Uttar Pradesh,,0.00 Cr,3042,1,0.29
Others,17,BARMER,RAVINDRA SINGH BHATI,Independent,Rajasthan,1,0.06 Cr,586500,1,34.74
Others,5,SIKAR,RAVINDRA SINGH SHEKHAWAT,Independent,Rajasthan,1,0.00 Cr,6025,1,0.46
Others,28,KHANDWA,RAVINDRA SONVANE,Independent,Madhya Pradesh,1,0.00 Cr,2685,1,0.18
Others,16,Mahabubabad,RAVVA. BHADRAMMA,Dharma Samaj Party,Telangana,,0.00 Cr,2244,1,0.2
Others,25,Chittoor(SC),REDDEPPA.N .,Yuvajana Sramika Rythu Congress Party,Andhra Pradesh,,0.06 Cr,557592,1,39.3
Others,8,Secunderabad,REDDYMALLA PARVATHI,Independent,Telangana,1,0.00 Cr,127,1,0.01
Others,39,Bardhaman-Durgapur,REENA LEONG,Independent,West Bengal,1,0.00 Cr,3111,1,0.21
Others,23,KARUR,REGIS THIYAGARAJAN. V.G.A,Independent,Tamil Nadu,1,0.00 Cr,572,1,0.05
Others,2,Dhubri,REJAUL KARIM,Republican Party of India (Athawale),Assam,,0.00 Cr,3486,1,0.14
Others,9,Jangipur,REJAUL MONDAL,Independent,West Bengal,1,0.00 Cr,7500,1,0.55
Others,1,KANGRA,REKHA CHAUDHARY,Bahujan Samaj Party,Himachal Pradesh,,0.00 Cr,7753,1,0.75
Others,5,Buldhana,REKHA KAILAS POPHALKAR,Independent,Maharashtra,1,0.00 Cr,1540,1,0.14
Others,2,BHIND,REKHA SHAKYA,Independent,Madhya Pradesh,1,0.00 Cr,2667,1,0.25
Others,4,KORBA,REKHA TIWARI,Chhattisgarh Vikas Ganga Rashtriya Party,Chhattisgarh,,0.00 Cr,1294,1,0.11
Others,23,Bardoli,REKHABEN HARSINGBHAI CHAUDHARI,Bahujan Samaj Party,Gujarat,,0.00 Cr,16144,1,1.21
Others,9,MAHASAMUND,REKHRAM BAGH,Independent,Chhattisgarh,1,0.00 Cr,7878,1,0.59
Others,25,PERAMBALUR,RENGARAJ S,Independent,Tamil Nadu,1,0.00 Cr,3273,1,0.29
Others,30,THANJAVUR,RENGASAMY C,Independent,Tamil Nadu,1,0.00 Cr,18191,1,1.77
Others,2,Amritsar,RESHAM SINGH,Independent,Punjab,1,0.00 Cr,1133,1,0.13
Others,2,Garhwal,RESHMA PANWAR,Socialist Unity Centre Of India (COMMUNIST),Uttarakhand,,0.00 Cr,1293,1,0.18
Others,3,Muzaffarnagar,RESHU SHARMA,Independent,Uttar Pradesh,1,0.00 Cr,684,1,0.06
Others,33,THENI,REVATHI K,Independent,Tamil Nadu,1,0.00 Cr,1128,1,0.1
Others,7,Dhanbad,REZAUL HAQUE,Lokhit Adhikar Party,Jharkhand,,0.00 Cr,2649,1,0.19
Others,1,MIZORAM,RICHARD VANLALHMANGAIHA,Zoram People’s Movement,Mizoram,,0.02 Cr,208552,1,42.45
Others,20,COIMBATORE,RICHARD VINCENT,Viro Ke Vir Indian Party,Tamil Nadu,,0.00 Cr,492,1,0.04
Others,9,Ramtek,RIDDHESHWAR ANANDRAO BELEY,Republican Party of India (A),Maharashtra,,0.00 Cr,913,1,0.07
Others,7,South Delhi,RINKI SANYAL,Bharatiya Sampuran Krantikari Party,NCT OF Delhi,,0.00 Cr,763,1,0.06
Others,1,Andaman & Nicobar Islands,RINKU MALA MONDAL,Independent,Andaman & Nicobar Islands,1,0.00 Cr,542,1,0.27
Others,11,Sonitpur,RINKU ROY,Gana Suraksha Party,Assam,,0.00 Cr,6823,1,0.53
Others,56,Baharaich,RINKU SAHANI,Rashtra Dharak Dal,Uttar Pradesh,,0.00 Cr,1683,1,0.16
Others,9,SATNA,RISHABH SINGH,Independent,Madhya Pradesh,1,0.00 Cr,1073,1,0.1
Others,39,Pratapgarh,RISHI PATEL,Apna Dal (Kamerawadi),Uttar Pradesh,,0.00 Cr,2429,1,0.26
Others,1,MIZORAM,RITA MALSAWMI,Mizoram People's Conference,Mizoram,,0.00 Cr,3793,1,0.77
Others,1,Chandni Chowk,RITU KAUSHIK,Socialist Unity Centre Of India (COMMUNIST),NCT OF Delhi,,0.00 Cr,643,1,0.07
Others,1,Chandigarh,RITU SINGH,Bahujan Samaj Party,Chandigarh,,0.00 Cr,6708,1,1.49
Others,2,SRINAGAR,RIYAZ AHMAD BHAT,Independent,Jammu and Kashmir,1,0.00 Cr,2792,1,0.41
Others,7,Bidar,RIYAZ AHMED,Independent,Karnataka,1,0.00 Cr,1711,1,0.14
Others,15,Warangal,RK GANAPURAM,Independent,Telangana,1,0.00 Cr,474,1,0.04
Others,1,Shillong,ROBERTJUNE KHARJAHRIN,United Democratic Party,Meghalaya,,0.00 Cr,44563,1,4.29
Others,1,Gurdaspur,ROBI MASIH,Independent,Punjab,1,0.00 Cr,1511,1,0.14
Others,14,Kottayam,ROBY MATTAPPALLY,Independent,Kerala,1,0.00 Cr,739,1,0.09
Others,3,East Delhi,RODASH GUPTA,Independent,NCT OF Delhi,1,0.00 Cr,1099,1,0.09
Others,20,RAJGARH,RODMAL,Independent,Madhya Pradesh,1,0.00 Cr,3744,1,0.26
Others,27,Mumbai North West,ROHAN SATONE,Independent,Maharashtra,1,0.00 Cr,1479,1,0.15
Others,35,Baramati,ROHIDAS BALASO KONDAKE,Bahujan Republican  Socialist Party,Maharashtra,,0.00 Cr,1130,1,0.08
Others,1,Nandurbar,ROHIDAS GEMAJI VALVI,Independent,Maharashtra,1,0.00 Cr,4947,1,0.35
Others,12,Ernakulam,ROHIT KRISHNAN,Independent,Kerala,1,0.00 Cr,416,1,0.05
Others,15,Barrackpur,ROHIT KUMAR PATHAK,Independent,West Bengal,1,0.00 Cr,7132,1,0.62
Others,8,RAIPUR,ROHIT KUMAR PATIL,Independent,Chhattisgarh,1,0.00 Cr,960,1,0.06
Others,5,Hoshiarpur,ROHIT KUMAR TINKU,Independent,Punjab,1,0.00 Cr,2419,1,0.26
Others,6,Anandpur Sahib,ROHTASH,Independent,Punjab,1,0.00 Cr,619,1,0.06
Others,6,SONIPAT,ROHTASH,Independent,Haryana,1,0.00 Cr,777,1,0.07
Others,8,BHIWANI-MAHENDRAGARH,ROHTASH,Socialist Unity Centre Of India (COMMUNIST),Haryana,,0.00 Cr,640,1,0.05
Others,25,Bareilly,ROHTASH KASHYAP,Jan Shakti Ekta Party,Uttar Pradesh,,0.00 Cr,847,1,0.08
Others,24,TIRUCHIRAPPALLI,ROJA RAMANI. S,Anna MGR Dravida Makkal Kalgam,Tamil Nadu,,0.00 Cr,777,1,0.07
Others,7,Karimganj,ROKIBUL HUSSAIN CHOUDHURY,Independent,Assam,1,0.00 Cr,545,1,0.05
Others,70,Ghosi,ROLI GUPTA,Akhil Bhartiya Hamara Samaj Party,Uttar Pradesh,,0.00 Cr,4225,1,0.37
Others,5,Zahirabad,ROMALA BABU DURGAIAH,India Praja Bandhu Party,Telangana,,0.00 Cr,603,1,0.05
Others,5,KARNAL,ROOP SINGH,Rashtriya Garib Dal,Haryana,,0.00 Cr,769,1,0.06
Others,15,Warangal,ROOPA POLEPAKA,Independent,Telangana,1,0.00 Cr,1659,1,0.13
Others,5,BILASPUR,ROSHAN KUMAR,Independent,Chhattisgarh,1,0.00 Cr,1920,1,0.14
Others,10,REWA,ROSHAN LAL KOL,Independent,Madhya Pradesh,1,0.00 Cr,4122,1,0.45
Others,9,Ramtek,ROSHANI ATUL GAJBHIYE,Gondvana Gantantra Party,Maharashtra,,0.00 Cr,5137,1,0.41
Others,7,Karimganj,ROSID AHMED LASKAR,Independent,Assam,1,0.00 Cr,2601,1,0.23
Others,11,Chalakudy,ROSILIN CHACKO,Bahujan Samaj Party,Kerala,,0.00 Cr,2410,1,0.25
Others,36,THOOTHUKKUDI,ROWENA RUTH JANE J,Naam Tamilar Katchi,Tamil Nadu,,0.01 Cr,120300,1,12.29
Others,6,Balurghat,RUBEL SARKAR,Kamatapur People’s Party (United),West Bengal,,0.00 Cr,902,1,0.07
Others,2,South Goa,RUBERT PEREIRA,Revolutionary Goans Party,Goa,,0.00 Cr,18885,1,4.19
Others,2,SRINAGAR,RUBINA AKHTER,National Loktantrik Party,Jammu and Kashmir,,0.00 Cr,2876,1,0.43
Others,11,Baghpat,RUBY KASHYAP,Sarvjan Lok Shakti Party,Uttar Pradesh,,0.00 Cr,3280,1,0.35
Others,1,Sikkim,RUDRA MANI PRADHAN,Independent,Sikkim,1,0.00 Cr,519,1,0.13
Others,20,Mathurapur,RUDRA PRASAD MANDAL,Mulnibasi Party of India,West Bengal,,0.00 Cr,720,1,0.05
Others,10,Eluru,RUDRAPAKA RATNA RAO (R.R.R),Andhra Rastra Praja Samithi,Andhra Pradesh,,0.00 Cr,1526,1,0.11
Others,10,Haveri,RUDRAPPA BASAPPA KUMBAR,Independent,Karnataka,1,0.00 Cr,1356,1,0.1
Others,13,Davanagere,RUDRESHA.K.H,Samaj Vikas Kranti Party,Karnataka,,0.00 Cr,348,1,0.03
Others,1,Arunachal West,RUHI TAGUNG,Independent,Arunachal Pradesh,1,0.00 Cr,7821,1,1.96
Others,9,Narsapuram,RUKHMINI,Independent,Andhra Pradesh,1,0.00 Cr,686,1,0.06
Others,16,Nanded,RUKMINBAI SHANKARRAO GITE,Bharatiya Praja Surajya Paksha,Maharashtra,,0.00 Cr,903,1,0.08
Others,8,Koppal,RUKMINI,Independent,Karnataka,1,0.00 Cr,5282,1,0.4
Others,8,Fatehgarh Sahib,RULDA SINGH,Independent,Punjab,1,0.00 Cr,1977,1,0.2
Others,25,Bangalore central,RUMAN SHARIFFE,Independent,Karnataka,1,0.00 Cr,171,1,0.01
Others,10,Baharampur,RUNA LAILA,Social Democratic Party Of India,West Bengal,,0.00 Cr,1571,1,0.11
Others,5,Raiganj,RUPAK ROY,Independent,West Bengal,1,0.00 Cr,3358,1,0.25
Others,25,Khagaria,RUPAM DEVI,Independent,Bihar,1,0.00 Cr,27395,1,2.58
Others,7,Ludhiana,RUPINDER KUMAR,Independent,Punjab,1,0.00 Cr,467,1,0.04
Others,9,Faridkot,RUPINDER SINGH KOHARWALA,Nationalist Justice Party,Punjab,,0.00 Cr,2677,1,0.26
Others,2,RAIGARH,RUPNARAYAN EKKA,Independent,Chhattisgarh,1,0.00 Cr,7420,1,0.51
Others,5,BILASPUR,RUPRAM SAHU,Independent,Chhattisgarh,1,0.00 Cr,2261,1,0.17
Others,7,ARAKKONAM,S AFSHIA NASRIN,Naam Tamilar Katchi,Tamil Nadu,,0.01 Cr,98944,1,8.5
Others,5,SRIPERUMBUDUR,S AMBETHKUMAR,Mahathma Makkal Munnetra Kazhakam,Tamil Nadu,,0.00 Cr,2220,1,0.15
Others,17,ERODE,S ANANTHI,Independent,Tamil Nadu,1,0.00 Cr,1686,1,0.15
Others,28,Kolar,S B SURESHA,Bahujan Samaj Party,Karnataka,,0.00 Cr,4732,1,0.35
Others,1,PUDUCHERRY,S BAKTHAVATCHALAM,Independent,Puducherry,1,0.00 Cr,924,1,0.11
Others,5,SRIPERUMBUDUR,S CHITTIBABU,Naadaalum Makkal Katchi,Tamil Nadu,,0.00 Cr,1241,1,0.09
Others,1,PUDUCHERRY,S KALA,Independent,Puducherry,1,0.00 Cr,626,1,0.08
Others,2,Outer Manipur,S KHO JOHN,Independent,Manipur,1,0.01 Cr,89910,1,11.28
Others,1,PUDUCHERRY,S MASCO,Independent,Puducherry,1,0.00 Cr,254,1,0.03
Others,20,Thiruvananthapuram,S MINI,Socialist Unity Centre Of India (COMMUNIST),Kerala,,0.00 Cr,1109,1,0.12
Others,17,Barasat,S MUKHTAR AHMED,Independent,West Bengal,1,0.00 Cr,2647,1,0.17
Others,5,SRIPERUMBUDUR,S MUNIKUMAR,Samaniya Makkal Nala Katchi,Tamil Nadu,,0.00 Cr,394,1,0.03
Others,28,Kolar,S N NARAYANASWAMY V,Independent,Karnataka,1,0.00 Cr,1985,1,0.15
Others,20,Hindupur,S N SURESH,Independent,Andhra Pradesh,1,0.00 Cr,1631,1,0.12
Others,15,Warangal,S P K  SAGAR,Jai Maha Bharath Party,Telangana,,0.00 Cr,2773,1,0.22
Others,5,SRIPERUMBUDUR,S PRABHU,Independent,Tamil Nadu,1,0.00 Cr,514,1,0.04
Others,20,Hindupur,S RAGHUNATHA REDDY,Independent,Andhra Pradesh,1,0.00 Cr,710,1,0.05
Others,6,Medak,S RAJESH SAGAR,Independent,Telangana,1,0.00 Cr,348,1,0.03
Others,1,PUDUCHERRY,S SATHISH KUMAR,Independent,Puducherry,1,0.00 Cr,846,1,0.1
Others,5,SRIPERUMBUDUR,S SIVAKUMAR,Veerath Thiyagi Viswanathadoss Thozhilalarkal Katchi,Tamil Nadu,,0.00 Cr,1352,1,0.09
Others,5,SRIPERUMBUDUR,S SIVARAMAN,Independent,Tamil Nadu,1,0.00 Cr,343,1,0.02
Others,7,ARAKKONAM,S SURESH KUMAR,Independent,Tamil Nadu,1,0.00 Cr,835,1,0.07
Others,8,VELLORE,S WILLIAM SATHYARAJ,Tamil Manila Murpokku Dravida Kazhagam,Tamil Nadu,,0.00 Cr,377,1,0.03
Others,26,CUDDALORE,S. ARIVUDAINAMBI,Anti Corruption Dynamic Party,Tamil Nadu,,0.00 Cr,6500,1,0.63
Others,26,CUDDALORE,S. CHAKKARAVARTHY,Independent,Tamil Nadu,1,0.00 Cr,1488,1,0.14
Others,34,Mohanlalganj,S. L.SINGH,Peoples Party of India (Democratic),Uttar Pradesh,,0.00 Cr,1717,1,0.12
Others,2,Dhubri,S. M. JIAUL HAQUE,Bharatiya Gana Parishad,Assam,,0.00 Cr,12106,1,0.49
Others,25,Bangalore central,S. M. KRISHNA,Independent,Karnataka,1,0.00 Cr,1474,1,0.11
Others,3,Bagalkot,S. M. MARIGOUDAR,Desh Prem Party,Karnataka,,0.00 Cr,454,1,0.03
Others,6,Raichur,S. NARASANNA GOUDA NAYAKA,Bahujan Samaj Party,Karnataka,,0.00 Cr,9289,1,0.71
Others,26,CUDDALORE,S. RAJAMOHAN,Independent,Tamil Nadu,1,0.00 Cr,660,1,0.06
Others,5,Zahirabad,S. RAJU,Independent,Telangana,1,0.00 Cr,3514,1,0.28
Others,26,CUDDALORE,S. RAMALINGAM,Independent,Tamil Nadu,1,0.00 Cr,3216,1,0.31
Others,2,CHENNAI NORTH,S. RAVIKUMAR,Republican Party of India  (Sivaraj),Tamil Nadu,,0.00 Cr,259,1,0.03
Others,11,Dharwad,S. S. PATIL,Independent,Karnataka,1,0.00 Cr,5161,1,0.38
Others,20,Mandya,S.ARVIND,Independent,Karnataka,1,0.00 Cr,442,1,0.03
Others,14,Shimoga,S.K PRABHU,Karnataka Rashtra Samithi,Karnataka,,0.00 Cr,617,1,0.04
Others,16,Hassan,S.K. NINGARAJA,Bahujan Bharat Party,Karnataka,,0.00 Cr,1730,1,0.13
Others,4,CHENNAI CENTRAL,S.KANDASAMY,Independent,Tamil Nadu,1,0.00 Cr,596,1,0.08
Others,12,Krishnanagar,S.M. SADI,Communist Party of India  (Marxist),West Bengal,,0.02 Cr,180201,1,12.64
Others,5,Gulbarga,S.M.SHARMA,Socialist Unity Centre Of India (COMMUNIST),Karnataka,,0.00 Cr,1144,1,0.09
Others,3,CHENNAI SOUTH,S.MANIMARAN,Independent,Tamil Nadu,1,0.00 Cr,803,1,0.07
Others,19,Tumkur,S.N. SWAMY,Socialist Unity Centre Of India (COMMUNIST),Karnataka,,0.00 Cr,4591,1,0.35
Others,3,CHENNAI SOUTH,S.RAJASEKARAN,Independent,Tamil Nadu,1,0.00 Cr,178,1,0.02
Others,4,CHENNAI CENTRAL,S.SATHISH KUMAR,Independent,Tamil Nadu,2,0.00 Cr,1028,1,0.14
Others,3,CHENNAI SOUTH,S.TAMILCHELVI,Naam Tamilar Katchi,Tamil Nadu,,0.01 Cr,83972,1,7.64
Others,22,DINDIGUL,SABARINATH S,Independent,Tamil Nadu,1,0.00 Cr,1011,1,0.09
Others,31,Mumbai South,SABEEHA KHAN,Independent,Maharashtra,1,0.00 Cr,1694,1,0.22
Others,15,Muzaffarpur,SABINA KHATOON,Indian National League,Bihar,,0.00 Cr,2453,1,0.22
Others,6,West Delhi,SABIR KHAN,Independent,NCT OF Delhi,1,0.00 Cr,3097,1,0.2
Others,30,Tamluk,SABITRI BISHAI,Bahujan Samaj Party,West Bengal,,0.00 Cr,3754,1,0.24
Others,25,Howrah,SABYASACHI CHATTERJEE,Communist Party of India  (Marxist),West Bengal,,0.02 Cr,152005,1,11.95
Others,54,Faizabad,SACHIDANAND PANDEY,Bahujan Samaj Party,Uttar Pradesh,,0.00 Cr,46407,1,4.07
Others,15,Udupi Chikmagalur,SACHIN B.K,Uttama Prajaakeeya Party,Karnataka,,0.00 Cr,1333,1,0.11
Others,34,Pune,SACHIN DATTATRAY DHANKUDE,Independent,Maharashtra,1,0.00 Cr,789,1,0.07
Others,4,UDHAMPUR,SACHIN GUPTA,Independent,Jammu and Kashmir,1,0.00 Cr,1463,1,0.13
Others,10,Nagpur,SACHIN RAMKRUSHNARAO WAGHADE,Independent,Maharashtra,1,0.00 Cr,202,1,0.02
Others,42,Solapur,SACHIN SHAHU MASKE,Independent,Maharashtra,1,0.00 Cr,389,1,0.03
Others,35,Baramati,SACHIN SHANKAR AGAWANE,Independent,Maharashtra,1,0.00 Cr,6633,1,0.47
Others,45,Satara,SACHIN SUBHASH MAHAJAN,Independent,Maharashtra,1,0.00 Cr,2015,1,0.17
Others,21,Nashik,SACHINRAJE DATTATREYA DEORE,Independent,Maharashtra,1,0.00 Cr,551,1,0.04
Others,22,DINDIGUL,SACHITHANANTHAM R,Communist Party of India  (Marxist),Tamil Nadu,,0.07 Cr,670149,1,58.29
Others,3,Sambalpur,SADANAND RANBIDA,Bahujan Samaj Party,Odisha,,0.00 Cr,4795,1,0.4
Others,37,Bishnupur,SADANANDA MANDAL,Socialist Unity Centre Of India (COMMUNIST),West Bengal,,0.00 Cr,16074,1,1.06
Others,71,Salempur,SADDAM HUSSAIN,Independent,Uttar Pradesh,1,0.00 Cr,3215,1,0.35
Others,39,Beed,SADEK IBRAHIM SHAIKH,Independent,Maharashtra,1,0.00 Cr,206,1,0.01
Others,17,Barasat,SADHAN GHOSH,Socialist Unity Centre Of India (COMMUNIST),West Bengal,,0.00 Cr,2047,1,0.13
Others,6,Moradabad,SADHNA SINGH,Independent,Uttar Pradesh,1,0.00 Cr,2296,1,0.18
Others,9,Jamshedpur,SADHU CHARAN PAUL,Independent,Jharkhand,1,0.00 Cr,2317,1,0.18
Others,23,MANDSOUR,SAEED AHAMAD,Independent,Madhya Pradesh,1,0.00 Cr,3167,1,0.22
Others,30,Mumbai South Central,SAEED CHOUDHARY,Social Democratic Party Of India,Maharashtra,,0.00 Cr,1191,1,0.15
Others,9,SATNA,"SAFI ULLA ""DBBU BHAI""",Independent,Madhya Pradesh,1,0.00 Cr,2614,1,0.25
Others,7,Karimganj,SAFIKUR RAHMAN HAZARI,Independent,Assam,1,0.00 Cr,1031,1,0.09
Others,4,Raver,SAGAR PRABHAKAR PATIL,Independent,Maharashtra,1,0.00 Cr,2935,1,0.25
Others,34,Pune,SAGAR SAMBHAJI PORE,Independent,Maharashtra,1,0.00 Cr,515,1,0.05
Others,3,Bagalkot,SAGAR. BASAPPA. KUMBAR,Karnataka Rashtra Samithi,Karnataka,,0.00 Cr,499,1,0.04
Others,11,Murshidabad,SAHABUDDIN MALLIK,Independent,West Bengal,1,0.00 Cr,4156,1,0.27
Others,7,Karimganj,SAHABUL ISLAM CHOUDHURY,All India United Democratic Front,Assam,,0.00 Cr,29205,1,2.55
Others,5,Kodarma,SAHADAT ANSARI,Independent,Jharkhand,1,0.00 Cr,8232,1,0.6
Others,27,Srerampur,SAHARIAR MULLICK (BAPI),All India Secular Front,West Bengal,,0.00 Cr,25677,1,1.74
Others,32,Ghatal,SAHEB CHOWDHURY,Independent,West Bengal,1,0.00 Cr,3237,1,0.2
Others,4,Keonjhar,SAHEBA JUANGA,Manas Lokshakti Dal,Odisha,,0.00 Cr,11043,1,0.88
Others,16,Nanded,SAHEBRAO BHIVA GAJBHARE,Independent,Maharashtra,1,0.00 Cr,1193,1,0.11
Others,7,Karimganj,SAHEL AHMED,Independent,Assam,1,0.00 Cr,1111,1,0.1
Others,2,Amritsar,SAHIB SINGH,Independent,Punjab,1,0.00 Cr,1988,1,0.22
Others,10,Nagpur,SAHIL BALCHAND TURKAR,Independent,Maharashtra,1,0.00 Cr,129,1,0.01
Others,10,Firozpur,SAHIL MONGA,Independent,Punjab,1,0.00 Cr,3724,1,0.33
Others,10,Chevella,SAHITHI DASARI,Independent,Telangana,1,0.00 Cr,1938,1,0.12
Others,33,Unnao,SAIF KHAN,Parcham Party of India,Uttar Pradesh,,0.00 Cr,8404,1,0.65
Others,23,Bhiwandi,SAIFAN CHAND PATHAN,Bhartiya Manavta Party,Maharashtra,,0.00 Cr,1189,1,0.09
Others,17,Barasat,SAIFUDDIN MONDAL,Independent,West Bengal,1,0.00 Cr,3827,1,0.25
Others,9,Nagaon,SAIFUL ISLAM CHOUDHURY,Asom Jana Morcha,Assam,,0.00 Cr,1837,1,0.12
Others,10,Kaziranga,SAILEN CH MALAKAR,Bharatiya Gana Parishad,Assam,,0.00 Cr,3720,1,0.23
Others,5,Sitamarhi,SAIQUA NAWAZ AZMAT,Independent,Bihar,1,0.00 Cr,28912,1,2.64
Others,23,Kolkata Dakshin,SAIRA SHAH HALIM,Communist Party of India  (Marxist),West Bengal,,0.02 Cr,168531,1,13.55
Others,17,Kheda,SAIYAD KADARI MOHAMMAD SABIR ANVAR HUSAIN,Bhartiya Jan Nayak Party,Gujarat,,0.00 Cr,1838,1,0.16
Others,3,Bagalkot,SAIYYAD IMAMSAB JAKALI,Tipu Sultan Party,Karnataka,,0.00 Cr,550,1,0.04
Others,33,Unnao,SAIYYAD SARFARAZ GANDHI,Independent,Uttar Pradesh,1,0.00 Cr,3023,1,0.23
Others,2,SRINAGAR,SAJAD AHMAD DAR,Independent,Jammu and Kashmir,1,0.00 Cr,3764,1,0.56
Others,3,ANANTNAG-RAJOURI,SAJAD AHMAD DAR,Independent,Jammu and Kashmir,1,0.00 Cr,8004,1,0.78
Others,1,BARAMULLA,SAJAD GANI LONE,Jammu & Kashmir People Conference,Jammu and Kashmir,,0.02 Cr,173239,1,16.76
Others,9,Jangipur,SAJAHAN BISWAS,All India Secular Front,West Bengal,,0.00 Cr,6858,1,0.5
Others,38,Bardhaman Purba,SAJAL KUMAR DE,Communist Party of India  (Marxist-Leninist)  (Liberation),West Bengal,,0.00 Cr,4182,1,0.28
Others,22,Bharuch,SAJID YAKUB MUNSHI,Independent,Gujarat,1,0.00 Cr,9937,1,0.83
Others,40,Jamui,SAKALDEO DAS,Bahujan Samaj Party,Bihar,,0.00 Cr,12366,1,1.26
Others,29,Dhaurahra,SAKASEN,Sardar Patel Siddhant Party,Uttar Pradesh,,0.00 Cr,1296,1,0.12
Others,3,Vizianagaram,SAKHINETI ANANTHA RAJU,Pyramid Party of India,Andhra Pradesh,,0.00 Cr,725,1,0.06
Others,1,Daman & Diu,SAKIL LATIF KHAN,Independent,Dadra & Nagar Haveli and Daman & Diu,1,0.00 Cr,323,1,0.35
Others,24,TIRUCHIRAPPALLI,SAKTHIVEL,Anna Puratchi Thalaivar Amma Dravida Munnetra Kazhagam,Tamil Nadu,,0.00 Cr,2646,1,0.25
Others,12,ARANI,SAKTHIVEL A,Thakkam Katchi,Tamil Nadu,,0.00 Cr,1186,1,0.1
Others,16,NAMAKKAL,SAKTHIVEL S,Independent,Tamil Nadu,1,0.00 Cr,299,1,0.03
Others,23,KARUR,SAKTHIVEL. N,Independent,Tamil Nadu,1,0.00 Cr,415,1,0.04
Others,23,KARUR,SAKTHIVEL. R,Independent,Tamil Nadu,1,0.00 Cr,2413,1,0.21
Others,1,Andaman & Nicobar Islands,SALAMAT MONDAL,Socialist Unity Centre Of India (COMMUNIST),Andaman & Nicobar Islands,,0.00 Cr,351,1,0.17
Others,39,Beed,SALAUDDIN KHAN PATHAN,Independent,Maharashtra,1,0.00 Cr,724,1,0.05
Others,35,RAMANATHAPURAM,SALEEM,Independent,Tamil Nadu,1,0.00 Cr,974,1,0.09
Others,13,Davanagere,SALEEM S,Independent,Karnataka,1,0.00 Cr,799,1,0.06
Others,10,Kaziranga,SALEH AHMED MAZUMDAR,Republican Party of India (Athawale),Assam,,0.00 Cr,3179,1,0.2
Others,5,BILASPUR,SALIK RAM JOGI,Independent,Chhattisgarh,1,0.00 Cr,576,1,0.04
Others,10,Kaziranga,SALIM AHMED,Asom Jana Morcha,Assam,,0.00 Cr,3266,1,0.2
Others,39,Beed,SALIM ALLABAKSHA SAYYAD,Independent,Maharashtra,1,0.00 Cr,238,1,0.02
Others,36,Shirur,SALIM BABA SAYYAD,Independent,Maharashtra,1,0.00 Cr,671,1,0.05
Others,47,Kolhapur,SALIM NURMUHAMAD BAGWAN,Independent,Maharashtra,1,0.00 Cr,335,1,0.02
Others,25,Thane,SALIMA MUKTAR VASANI,Bahujan Maha Party,Maharashtra,,0.00 Cr,912,1,0.07
Others,24,Kalyan,SALIMUDDIN KHALILUDDIN SHAIKH,Independent,Maharashtra,1,0.00 Cr,371,1,0.04
Others,8,Rajahmundry,SALOPANTULA RAGHAVENDRA RAO,Independent,Andhra Pradesh,1,0.00 Cr,3278,1,0.25
Others,9,Hyderabad,SALVERU RAMESH,Indian Praja Congress,Telangana,,0.00 Cr,141,1,0.01
Others,5,Guwahati,SAMAD CHOUDHURY,Bharatiya Gana Parishad,Assam,,0.00 Cr,5095,1,0.32
Others,36,Bankura,SAMAR KUMAR BISWAS,Kisan Mazdoor Sangharsh Party,West Bengal,,0.00 Cr,3541,1,0.24
Others,4,CHENNAI CENTRAL,SAMARAN,Bahujan Samaj Party,Tamil Nadu,,0.00 Cr,2147,1,0.29
Others,1,Araku (ST),SAMAREDDY BALAKRISHNA,Independent,Andhra Pradesh,1,0.00 Cr,9535,1,0.82
Others,14,Bangaon,SAMARESH BISWAS,Party for Democratic Socialism,West Bengal,,0.00 Cr,1565,1,0.1
Others,9,GURGAON,SAMAY SINGH,Independent,Haryana,1,0.00 Cr,1887,1,0.12
Others,25,PERAMBALUR,SAMBATH D,Independent,Tamil Nadu,1,0.00 Cr,532,1,0.05
Others,24,Kalyan,SAMBHAJI JAGANNATH JADHAV,Sanyukt Bharat Paksh,Maharashtra,,0.00 Cr,1609,1,0.15
Others,1,Sikkim,SAMBHU CHETTRI,Independent,Sikkim,1,0.00 Cr,4690,1,1.22
Others,1,Chandni Chowk,SAMEER MIRZA,Rashtriya Republican Party,NCT OF Delhi,,0.00 Cr,513,1,0.05
Others,27,Mumbai North West,SAMEER MORE,Independent,Maharashtra,1,0.00 Cr,3173,1,0.33
Others,79,Mirzapur,SAMEER SINGH,All India Forward Bloc,Uttar Pradesh,,0.00 Cr,3487,1,0.32
Others,40,Osmanabad,SAMEERSINGH RAMESHCHANDRA SALVI,Independent,Maharashtra,1,0.00 Cr,594,1,0.05
Others,3,Barpeta,SAMEJ UDDIN,Bodoland Peoples Front,Assam,,0.00 Cr,9692,1,0.57
Others,28,Hooghly,SAMIM ALI MOLLICK,Independent,West Bengal,1,0.00 Cr,6567,1,0.43
Others,17,Parbhani,SAMIR GANESHRAO DUDHGAONKAR,Independent,Maharashtra,1,0.00 Cr,11056,1,0.83
Others,10,Baharampur,SAMIRAN DAS,Independent,West Bengal,1,0.00 Cr,18527,1,1.34
Others,9,Jangipur,SAMIRUDDIN,Socialist Unity Centre Of India (COMMUNIST),West Bengal,,0.00 Cr,1950,1,0.14
Others,1,Chikkodi,SAMMED SARADAR VARDHAMANE,Independent,Karnataka,1,0.00 Cr,5353,1,0.38
Others,24,Kolkata Uttar,SAMPA GUHA,Bharatiya Nyay-Adhikar Raksha Party,West Bengal,,0.00 Cr,916,1,0.1
Others,9,GURGAON,SAMPOORN ANAND,Rashtriya Lokswaraj Party,Haryana,,0.00 Cr,915,1,0.06
Others,29,Dhaurahra,SAMRENDRA KUMAR,Independent,Uttar Pradesh,1,0.00 Cr,2484,1,0.22
Others,9,Nagaon,SAMSUL ALAM,Independent,Assam,1,0.00 Cr,5069,1,0.33
Others,13,Guntur,SAMUDRALA CHINNA KOTAIAH,Jaibhim Rao Bharat Party,Andhra Pradesh,,0.00 Cr,1753,1,0.12
Others,38,TIRUNELVELI,SAMUEL LAWRENCE PONNIAH,Independent,Tamil Nadu,1,0.00 Cr,1497,1,0.14
Others,1,Gurdaspur,SAMUEL SONI,Independent,Punjab,1,0.00 Cr,4440,1,0.41
Others,36,THOOTHUKKUDI,SAMUEL T,Independent,Tamil Nadu,1,0.00 Cr,2245,1,0.23
Others,9,Jamshedpur,SANAKA MAHATO,Socialist Unity Centre Of India (COMMUNIST),Jharkhand,,0.00 Cr,3175,1,0.25
Others,13,Palamau,SANAN RAM,Lokhit Adhikar Party,Jharkhand,,0.00 Cr,17875,1,1.29
Others,2,Srikakulam,SANAPALA SRAVAN KUMAR,Independent,Andhra Pradesh,1,0.00 Cr,5958,1,0.48
Others,5,Raiganj,SANATAN DUTTA,Socialist Unity Centre Of India (COMMUNIST),West Bengal,,0.00 Cr,1271,1,0.09
Others,7,Maldaha Uttar,SANATAN RISHI,Bahujan Samaj Party,West Bengal,,0.00 Cr,5632,1,0.4
Others,28,Hooghly,SANCHITA BERA,Independent,West Bengal,1,0.00 Cr,2649,1,0.17
Others,7,Amravati,SANDEEP BABULAL MESHRAM,Independent,Maharashtra,1,0.00 Cr,257,1,0.02
Others,29,Mumbai North Central,SANDEEP BHAU RAMCHANDRA JADHAV,Independent,Maharashtra,1,0.00 Cr,623,1,0.07
Others,47,Kolhapur,SANDEEP GUNDOPANT SANKPAL,Independent,Maharashtra,1,0.00 Cr,544,1,0.04
Others,23,Badaun,SANDEEP KUMAR,Independent,Uttar Pradesh,1,0.00 Cr,3836,1,0.35
Others,3,SIRSA,SANDEEP LOT VALMIKI,Indian National Lok Dal,Haryana,,0.01 Cr,92453,1,6.82
Others,12,Ernakulam,SANDEEP RAJENDRAPRASAD,Independent,Kerala,1,0.00 Cr,752,1,0.08
Others,5,Buldhana,SANDEEP RAMRAO SHELKE,Independent,Maharashtra,1,0.00 Cr,13050,1,1.18
Others,39,Pratapgarh,SANDEEP SINGH,National Jan Dal,Uttar Pradesh,,0.00 Cr,5286,1,0.56
Others,66,Deoria,SANDESH,Bahujan Samaj Party,Uttar Pradesh,,0.00 Cr,45564,1,4.37
Others,14,Shimoga,SANDESH SHETTY. A,Independent,Karnataka,1,0.00 Cr,293,1,0.02
Others,27,Chikkballapur,SANDESH.G,Independent,Karnataka,1,0.00 Cr,594,1,0.04
Others,28,Kheri,SANDHYA JAISWAL,Parivartan Samaj Party,Uttar Pradesh,,0.00 Cr,3096,1,0.26
Others,4,New Delhi,SANDHYA THAKKAR,Rashtriya Republican Party,NCT OF Delhi,,0.00 Cr,486,1,0.06
Others,35,Baramati,SANDIP ABAJI DEOKATE,Independent,Maharashtra,1,0.00 Cr,1624,1,0.11
Others,19,Aurangabad,SANDIP DADARAO MANKAR,Independent,Maharashtra,1,0.00 Cr,1375,1,0.11
Others,19,Aurangabad,SANDIP DEVIDAS JADHAV,Independent,Maharashtra,1,0.00 Cr,609,1,0.05
Others,15,Muzaffarpur,SANDIP KUMAR,Jantantra Awaj Party,Bihar,,0.00 Cr,1971,1,0.18
Others,36,Bankura,SANDIP KUMAR DEY,Independent,West Bengal,1,0.00 Cr,4622,1,0.32
Others,22,Jadavpur,SANDIP NATH,Bahujan Samaj Party,West Bengal,,0.00 Cr,4462,1,0.28
Others,9,Ramtek,SANDIP SAHADEO MESHRAM,Bahujan Samaj Party,Maharashtra,,0.00 Cr,26098,1,2.08
Others,14,Yavatmal- Washim,SANDIP SAMPAT SHINDE,Independent,Maharashtra,1,0.00 Cr,5514,1,0.45
Others,10,Chevella,SANEM RAJU GOUD,Praja Ektha Party,Telangana,,0.00 Cr,971,1,0.06
Others,8,Secunderabad,SANGALA FLORY,Independent,Telangana,1,0.00 Cr,223,1,0.02
Others,24,Rajampet,SANGARAJU NAGESWARA RAJU,Independent,Andhra Pradesh,1,0.00 Cr,1535,1,0.12
Others,18,Bhubaneswar,SANGEETA PATTANAIK,Odisha Janata Party,Odisha,,0.00 Cr,1530,1,0.14
Others,19,Fatehpur Sikri,SANGEETA TOMAR,Bharatiya Majdoor Janta Party,Uttar Pradesh,,0.00 Cr,1433,1,0.14
Others,17,Parbhani,SANGEETA VYAKANTRAO GIRI,Swarajya Shakti Sena,Maharashtra,,0.00 Cr,2339,1,0.18
Others,51,Phulpur,SANGEETA YADAV,Subhashwadi Bhartiya Samajwadi Party (Subhas Party),Uttar Pradesh,,0.00 Cr,1291,1,0.13
Others,20,COIMBATORE,SANGEETHA R,Naadaalum Makkal Katchi,Tamil Nadu,,0.00 Cr,492,1,0.04
Others,11,Mahbubnagar,SANGEPAGA SAROJANAMMA,Independent,Telangana,1,0.00 Cr,1565,1,0.13
Others,14,Yavatmal- Washim,SANGITA DINESH CHAVHAN,Independent,Maharashtra,1,0.00 Cr,7180,1,0.59
Others,19,Aurangabad,SANGITA GANESH JADHAV,Independent,Maharashtra,1,0.00 Cr,2212,1,0.17
Others,10,Singhbhum,SANGRAM MARDI,Independent,Jharkhand,1,0.00 Cr,16111,1,1.6
Others,44,Sangli,SANGRAM RAJARAM MORE,Independent,Maharashtra,1,0.00 Cr,1011,1,0.09
Others,5,SAGAR,SANGRAM SINGH YADAV,Independent,Madhya Pradesh,1,0.00 Cr,2824,1,0.25
Others,23,Kolkata Dakshin,SANJANA RAM,Independent,West Bengal,1,0.00 Cr,1056,1,0.08
Others,3,East Delhi,SANJAY,Public Political Party,NCT OF Delhi,,0.00 Cr,379,1,0.03
Others,7,ROHTAK,SANJAY,Independent,Haryana,1,0.00 Cr,212,1,0.02
Others,28,Mumbai North East,SANJAY B. PATIL,National People's Party,Maharashtra,,0.00 Cr,2764,1,0.3
Others,19,Aurangabad,SANJAY BHASKAR SHIRSAT,Independent,Maharashtra,1,0.00 Cr,3812,1,0.29
Others,47,Kolhapur,SANJAY BHIKAJI MAGADE,Bahujan Samaj Party,Maharashtra,,0.00 Cr,4002,1,0.29
Others,6,SONIPAT,SANJAY DASS,Independent,Haryana,1,0.00 Cr,572,1,0.05
Others,11,Bhandara Gondiya,SANJAY GAJANAN KEWAT,Vanchit Bahujan  Aaghadi,Maharashtra,,0.00 Cr,24858,1,2.01
Others,1,SURGUJA,SANJAY KUMAR,Bahujan Samaj Party,Chhattisgarh,,0.00 Cr,15199,1,1.04
Others,2,Paschim Champaran,SANJAY KUMAR,Viro Ke Vir Indian Party,Bihar,,0.00 Cr,13145,1,1.21
Others,15,Muzaffarpur,SANJAY KUMAR,Independent,Bihar,1,0.00 Cr,1812,1,0.16
Others,25,Khagaria,SANJAY KUMAR,Communist Party of India  (Marxist),Bihar,,0.04 Cr,377526,1,35.55
Others,50,Kaushambi,SANJAY KUMAR,Independent,Uttar Pradesh,1,0.00 Cr,4634,1,0.46
Others,26,Pilibhit,SANJAY KUMAR BHARTI,Rashtriya Samaj Dal (R),Uttar Pradesh,,0.00 Cr,1631,1,0.14
Others,7,Dhanbad,SANJAY KUMAR GIRI,Akhil Bharat Hindu Mahasabha,Jharkhand,,0.00 Cr,1627,1,0.11
Others,14,Hazaribagh,SANJAY KUMAR MEHTA,Independent,Jharkhand,1,0.02 Cr,157977,1,12.49
Others,18,Siwan,SANJAY KUMAR SAH,Bhartiya Lok Nayak Party,Bihar,,0.00 Cr,8879,1,0.89
Others,19,BHOPAL,SANJAY KUMAR SAROJ,Manav Samadhan Party,Madhya Pradesh,,0.00 Cr,622,1,0.04
Others,31,Patliputra,SANJAY KUMAR SINGH,Bhartiya Sarthak Party,Bihar,,0.00 Cr,4753,1,0.39
Others,76,Chandauli,SANJAY KUMAR SINHA,Jai Hind National Party,Uttar Pradesh,,0.00 Cr,2623,1,0.23
Others,5,North-West Delhi,SANJAY KUMAR SIWAL,Rashtriya Janshakti Party (Secular),NCT OF Delhi,,0.00 Cr,2866,1,0.19
Others,4,Chatra,SANJAY KUMAR SNEHI,Lokhit Adhikar Party,Jharkhand,,0.00 Cr,3216,1,0.3
Others,77,Varanasi,SANJAY KUMAR TIWARI,Independent,Uttar Pradesh,1,0.00 Cr,2171,1,0.19
Others,30,Patna Sahib,SANJAY KUMAR URF SANJAY BALMIKI,Independent,Bihar,1,0.00 Cr,4643,1,0.43
Others,34,Pune,SANJAY LAXMAN KENDALE,Independent,Maharashtra,1,0.00 Cr,311,1,0.03
Others,36,Shirur,SANJAY LAXMAN PADWAL,Bhartiya Navjawan Sena (Paksha),Maharashtra,,0.00 Cr,784,1,0.06
Others,26,Mumbai North,SANJAY MAFATLAL MORAKHIA,Independent,Maharashtra,1,0.00 Cr,210,1,0.02
Others,25,Thane,SANJAY MANOHAR MORE,Independent,Maharashtra,1,0.00 Cr,643,1,0.05
Others,13,Chandrapur,SANJAY NILKANTH GAWANDE,Independent,Maharashtra,1,0.00 Cr,5088,1,0.41
Others,22,Ujiarpur,SANJAY PASWAN,Independent,Bihar,1,0.00 Cr,16963,1,1.63
Others,28,Mumbai North East,SANJAY PATIL,Independent,Maharashtra,1,0.00 Cr,524,1,0.06
Others,38,Shirdi,SANJAY POPAT BHALERAO,Independent,Maharashtra,1,0.00 Cr,963,1,0.09
Others,5,BILASPUR,SANJAY PRAKASH SAHU,Independent,Chhattisgarh,1,0.00 Cr,436,1,0.03
Others,4,Raver,SANJAY PRALHAD KANDELKAR,Independent,Maharashtra,1,0.00 Cr,2961,1,0.25
Others,29,Nalanda,SANJAY RAJESH,Karpoori Janta Dal,Bihar,,0.00 Cr,7887,1,0.69
Others,2,Dhule,SANJAY RAMESHWAR SHARMA,Independent,Maharashtra,1,0.00 Cr,3746,1,0.31
Others,4,New Delhi,SANJAY RAWAT,Independent,NCT OF Delhi,1,0.00 Cr,1276,1,0.15
Others,26,INDORE,SANJAY S/O LAKSHMAN SOLANKI,Bahujan Samaj Party,Madhya Pradesh,,0.01 Cr,51659,1,3.31
Others,28,Mumbai North East,SANJAY SAOJI DESHPANDE,Republican Party of India,Maharashtra,,0.00 Cr,641,1,0.07
Others,15,Barrackpur,SANJAY SINGH,Independent,West Bengal,1,0.00 Cr,1676,1,0.15
Others,43,Kanpur,SANJAY SINGH,"Proutist Bloc, India",Uttar Pradesh,,0.00 Cr,350,1,0.04
Others,64,Gorakhpur,SANJAY SINGH RANA,Bhartiya Sarvdharm Party,Uttar Pradesh,,0.00 Cr,2012,1,0.17
Others,2,Dumka,SANJAY TUDU,Independent,Jharkhand,1,0.00 Cr,2174,1,0.18
Others,19,Aurangabad,SANJAY UTTAMRAO JAGTAP,Bahujan Samaj Party,Maharashtra,,0.00 Cr,8252,1,0.63
Others,9,Ramtek,SANJAY VASANTRAO BORKAR,Maharashtra Vikas Aghadi,Maharashtra,,0.00 Cr,1992,1,0.16
Others,19,Aska,SANJAYA KUMAR BISHOYI,Independent,Odisha,1,0.00 Cr,11240,1,1.1
Others,3,East Delhi,SANJAYA KUMAR YADAV,Right to Recall Party,NCT OF Delhi,,0.00 Cr,290,1,0.02
Others,15,Bhavnagar,SANJAYBHAI MAGANBHAI MAKAWANA,Independent,Gujarat,1,0.00 Cr,4153,1,0.4
Others,40,Osmanabad,SANJAYKUMAR BHAGWAT WAGHMARE,Bahujan Samaj Party,Maharashtra,,0.00 Cr,5615,1,0.44
Others,7,Amravati,SANJAYKUMAR FATTESINGH GADGE,Bahujan Samaj Party,Maharashtra,,0.00 Cr,4513,1,0.38
Others,4,Raver,SANJAYKUMAR LAXMAN WANKHEDE,Republican Party of India (Social),Maharashtra,,0.00 Cr,2282,1,0.19
Others,20,COIMBATORE,SANJAYKUMAR S,Independent,Tamil Nadu,1,0.00 Cr,1789,1,0.13
Others,2,North-East Delhi,SANJEEV KUMAR,Public Political Party,NCT OF Delhi,,0.00 Cr,799,1,0.05
Others,5,Nagina,SANJEEV KUMAR,Independent,Uttar Pradesh,1,0.00 Cr,2201,1,0.22
Others,7,Ludhiana,SANJEEV KUMAR (SANJU),Independent,Punjab,1,0.00 Cr,1567,1,0.15
Others,51,Phulpur,SANJEEV KUMAR MISHRA,Yuva Vikas Party,Uttar Pradesh,,0.00 Cr,1679,1,0.17
Others,2,North-East Delhi,SANJEEV KUMAR PANDEY,Bharatiya Liberal Party,NCT OF Delhi,,0.00 Cr,1163,1,0.07
Others,1,Gurdaspur,SANJEEV MANHAS,Independent,Punjab,1,0.00 Cr,1635,1,0.15
Others,1,Gurdaspur,SANJEEV SINGH,Independent,Punjab,1,0.00 Cr,2178,1,0.2
Others,17,Barasat,SANJIB CHATTERJEE,All India Forward Bloc,West Bengal,,0.01 Cr,100000,1,6.52
Others,34,Medinipur,SANJIB DEY,Independent,West Bengal,1,0.00 Cr,8711,1,0.59
Others,12,Krishnanagar,SANJIT BISWAS,Independent,West Bengal,1,0.00 Cr,8671,1,0.61
Others,47,HAMIRPUR,SANJIV KUMAR,Spashtwadi Jan Aadhar Party,Uttar Pradesh,,0.00 Cr,2003,1,0.18
Others,33,Maval,SANJOG  PATIL,Independent,Maharashtra,1,0.00 Cr,4830,1,0.34
Others,23,Kolkata Dakshin,SANJOY (RANA) CHANDA,Kisan Mazdoor Sangharsh Party,West Bengal,,0.00 Cr,1193,1,0.1
Others,28,Mumbai North East,SANJU MARUTI PAWAR,Maharashtra Vikas Aghadi,Maharashtra,,0.00 Cr,2582,1,0.28
Others,16,Jagatsinghpur,SANKAR DAS,Independent,Odisha,1,0.00 Cr,1488,1,0.12
Others,11,TIRUVANNAMALAI,"SANKAR,  S.",Independent,Tamil Nadu,1,0.00 Cr,578,1,0.05
Others,24,TIRUCHIRAPPALLI,SANKAR. R,Independent,Tamil Nadu,1,0.00 Cr,1166,1,0.11
Others,23,KARUR,SANKARAN. S,Bahujan Samaj Party,Tamil Nadu,,0.00 Cr,2680,1,0.24
Others,34,VIRUDHUNAGAR,SANKARANARAYANAN N,Independent,Tamil Nadu,1,0.00 Cr,998,1,0.09
Others,32,MADURAI,SANKARAPANDI M.P.,Independent,Tamil Nadu,1,0.00 Cr,1029,1,0.1
Others,14,Amreli,SANKHAT VIKRAMBHAI VISABHAI,Global Republican Party,Gujarat,,0.00 Cr,5009,1,0.57
Others,6,SONIPAT,SANT DHARAMVEER CHOTIVALA,Independent,Haryana,1,0.00 Cr,2154,1,0.19
Others,1,Gurdaspur,SANT SEWAK,Independent,Punjab,1,0.00 Cr,5952,1,0.55
Others,17,Puri,SANTANU KUMAR DAS,Bahujan Samaj Party,Odisha,,0.00 Cr,3929,1,0.33
Others,16,Dum dum,SANTANU MANDAL,Democratic Socialist Party of India,West Bengal,,0.00 Cr,885,1,0.07
Others,9,Nagaon,SANTANU MUKHERJEE,Bharatiya Gana Parishad,Assam,,0.00 Cr,2010,1,0.13
Others,23,Kolkata Dakshin,SANTANU ROY,Independent,West Bengal,1,0.00 Cr,2920,1,0.23
Others,39,KANNIYAKUMARI,SANTHAKUMAR N,Independent,Tamil Nadu,1,0.00 Cr,527,1,0.05
Others,15,SALEM,SANTHALINGAM C,Independent,Tamil Nadu,1,0.00 Cr,1098,1,0.08
Others,16,Hassan,SANTHOSH B.N,Independent,Karnataka,1,0.00 Cr,3449,1,0.25
Others,19,Attingal,SANTHOSH K,Independent,Kerala,1,0.00 Cr,1204,1,0.12
Others,6,KANCHEEPURAM,SANTHOSH KUMAR. V,Naam Tamilar Katchi,Tamil Nadu,,0.01 Cr,110272,1,8.75
Others,24,Bangalore North,SANTHOSH M,Uttama Prajaakeeya Party,Karnataka,,0.00 Cr,3461,1,0.2
Others,30,THANJAVUR,SANTHOSH M,Independent,Tamil Nadu,1,0.00 Cr,1992,1,0.19
Others,16,Mavelikkara,SANTHOSH PALATHUMPADAN,Bahujan Samaj Party,Kerala,,0.00 Cr,4306,1,0.48
Others,14,Kottayam,SANTHOSH PULICKAL,Independent,Kerala,1,0.00 Cr,710,1,0.08
Others,22,Ujiarpur,SANTHOSH RAI,Rashtriya Jansambhavna Party,Bihar,,0.00 Cr,4426,1,0.42
Others,5,Mayurbhanj,SANTILATA CHATTAR,Independent,Odisha,1,0.00 Cr,8477,1,0.72
Others,18,Bhubaneswar,SANTILATA ROUT,Supreme Zero Party of Bharat,Odisha,,0.00 Cr,1441,1,0.13
Others,2,Tripura East,SANTOJOY TRIPURA,Independent,Tripura,1,0.00 Cr,6862,1,0.6
Others,8,Sambhal,SANTOSH,Kisan Kranti Dal,Uttar Pradesh,,0.00 Cr,1204,1,0.1
Others,25,Thane,SANTOSH BHIKAJI BHALERAO,Bahujan Samaj Party,Maharashtra,,0.00 Cr,10662,1,0.81
Others,5,Buldhana,SANTOSH BHIMRAO INGLE,Republican Party of India (A),Maharashtra,,0.00 Cr,2530,1,0.23
Others,10,Baharampur,SANTOSH BISWAS,Bahujan Samaj Party,West Bengal,,0.00 Cr,4238,1,0.31
Others,9,MAHASAMUND,SANTOSH DARCHAND BANJARE,Independent,Chhattisgarh,1,0.00 Cr,6054,1,0.46
Others,29,Mumbai North Central,SANTOSH GANPAT AMBULGE,Vanchit Bahujan  Aaghadi,Maharashtra,,0.00 Cr,8288,1,0.91
Others,47,Kolhapur,SANTOSH GANPATI BISURE,Apni Prajahit Party,Maharashtra,,0.00 Cr,639,1,0.05
Others,2,Sundargarh,SANTOSH JURA,Naba Bharata Nirmana Seva Party,Odisha,,0.00 Cr,3981,1,0.34
Others,1,Gurdaspur,SANTOSH KAUR,Independent,Punjab,1,0.00 Cr,4738,1,0.44
Others,48,Hatkanangale,SANTOSH KERBA KHOT,Kamgaar Kisan Party,Maharashtra,,0.00 Cr,1701,1,0.13
Others,7,Ludhiana,SANTOSH KUMAR,Bharatiya Inqalab Party,Punjab,,0.00 Cr,610,1,0.06
Others,12,Purnia,SANTOSH KUMAR,Janata Dal  (United),Bihar,,0.05 Cr,543709,1,45.47
Others,34,Sasaram,SANTOSH KUMAR,Bahujan Samaj Party,Bihar,,0.00 Cr,45598,1,4.16
Others,47,HAMIRPUR,SANTOSH KUMAR,Independent,Uttar Pradesh,1,0.00 Cr,3777,1,0.34
Others,76,Chandauli,SANTOSH KUMAR,Independent,Uttar Pradesh,1,0.00 Cr,2969,1,0.27
Others,21,Koraput,SANTOSH KUMAR BIDIKA,Republican Party of India (A),Odisha,,0.00 Cr,5415,1,0.47
Others,40,Jamui,SANTOSH KUMAR DAS,Socialist Unity Centre Of India (COMMUNIST),Bihar,,0.00 Cr,6033,1,0.62
Others,70,Ghosi,SANTOSH KUMAR GUPTA,Janlok Vikas Party,Uttar Pradesh,,0.00 Cr,1473,1,0.13
Others,8,Ranchi,SANTOSH KUMAR JAISWAL,Independent,Jharkhand,1,0.00 Cr,2787,1,0.19
Others,34,Sasaram,SANTOSH KUMAR KHARWAR,Bhartiya Gandhiwadi Party,Bihar,,0.00 Cr,4822,1,0.44
Others,13,JABALPUR,SANTOSH KUMAR KUSHWAHA,Independent,Madhya Pradesh,1,0.00 Cr,1204,1,0.1
Others,7,DURG,SANTOSH KUMAR MARKANDE,Independent,Chhattisgarh,1,0.00 Cr,650,1,0.04
Others,18,Bhubaneswar,SANTOSH KUMAR MISHRA,Independent,Odisha,1,0.00 Cr,1744,1,0.16
Others,15,Kendrapara,SANTOSH KUMAR PATRA,Independent,Odisha,1,0.00 Cr,1373,1,0.11
Others,20,Berhampur,SANTOSH KUMAR SAHU,All India Forward Bloc,Odisha,,0.00 Cr,2291,1,0.22
Others,1,Gurdaspur,SANTOSH KUMARI,Megh Desham Party,Punjab,,0.00 Cr,1194,1,0.11
Others,27,Mumbai North West,SANTOSH MANIK RAYBAN,Independent,Maharashtra,1,0.00 Cr,234,1,0.02
Others,4,KORBA,SANTOSH SHARMA,Independent,Chhattisgarh,1,0.00 Cr,2477,1,0.2
Others,10,Nagpur,SANTOSH TULSHIRAM CHAVHAN,Independent,Maharashtra,1,0.00 Cr,242,1,0.02
Others,33,Maval,SANTOSH UBALE,Bhim Sena,Maharashtra,,0.00 Cr,3825,1,0.27
Others,37,Amethi,SANTRAM,Samajhdar Party,Uttar Pradesh,,0.00 Cr,1212,1,0.12
Others,14,Cuttack,SANTRUPT MISRA,Biju Janata Dal,Odisha,,0.05 Cr,474524,1,42.34
Others,9,Jangipur,SANUAR ALI,Bharatheeya Jawan Kisan Party,West Bengal,,0.00 Cr,1700,1,0.12
Others,9,Ramtek,SANVIDHAN G LOKHANDE,Baliraja Party,Maharashtra,,0.00 Cr,5814,1,0.46
Others,29,Nalanda,SANYUKTA KUMARI,Independent,Bihar,1,0.00 Cr,6238,1,0.55
Others,8,Secunderabad,SAPAVAT SUMAN,Independent,Telangana,1,0.00 Cr,996,1,0.1
Others,6,Medak,SARA YADAGIRI GOUD,Praja Velugu Party,Telangana,,0.00 Cr,11060,1,0.8
Others,9,Faridkot,SARABJEET SINGH KHALSA,Independent,Punjab,1,0.03 Cr,298062,1,29.38
Others,3,Khadoor Sahib,SARABJIT SINGH,Independent,Punjab,1,0.00 Cr,4836,1,0.46
Others,4,Jalandhar,SARABJIT SINGH KHALSA,Shiromani Akali Dal (Amritsar)(Simranjit Singh Mann),Punjab,,0.00 Cr,19284,1,1.95
Others,43,Madha,SARADE GANESH NAVNATH,Independent,Maharashtra,1,0.00 Cr,601,1,0.05
Others,9,Hyderabad,SARAF TULASI GUPTA,Praja Ektha Party,Telangana,,0.00 Cr,281,1,0.03
Others,2,CHENNAI NORTH,SARAH FATHIMA,Independent,Tamil Nadu,1,0.00 Cr,5923,1,0.66
Others,8,Secunderabad,SARARAPU SRISAILAM,Telangana Rajya Samithi,Telangana,,0.00 Cr,1727,1,0.16
Others,18,Basirhat,SARAVAN SINGH,Independent,West Bengal,1,0.00 Cr,2021,1,0.13
Others,9,KRISHNAGIRI,SARAVANAKUMAR A,Independent,Tamil Nadu,1,0.00 Cr,1169,1,0.1
Others,32,MADURAI,SARAVANAN K.K.,Independent,Tamil Nadu,1,0.00 Cr,844,1,0.09
Others,30,THANJAVUR,SARAVANAN M,Independent,Tamil Nadu,1,0.00 Cr,6795,1,0.66
Others,39,KANNIYAKUMARI,SARAVANAN N,Samaniya Makkal Nala Katchi,Tamil Nadu,,0.00 Cr,315,1,0.03
Others,32,MADURAI,SARAVANAN P,All India Anna Dravida Munnetra Kazhagam,Tamil Nadu,,0.02 Cr,204804,1,20.75
Others,7,Bhadrak,SARBESWAR BEHERA,Independent,Odisha,1,0.00 Cr,1400,1,0.11
Others,1,Tehri Garhwal,SARDAR KHAN PAPPU,Independent,Uttarakhand,1,0.00 Cr,3275,1,0.38
Others,6,Madhubani,SARFARAJ ALAM,Akhil Bhartiya Parivar Party,Bihar,,0.00 Cr,4623,1,0.45
Others,73,Jaunpur,SARFARAZ AHMAD,Independent,Uttar Pradesh,1,0.00 Cr,2750,1,0.25
Others,27,Mumbai North West,SARIKA DABRAL,India Greens Party,Maharashtra,,0.00 Cr,768,1,0.08
Others,41,Etawah,SARIKA SINGH BAGHEL,Bahujan Samaj Party,Uttar Pradesh,,0.01 Cr,96541,1,9.34
Others,15,Hingoli,SARJERAO NIVRUTTI KHANDARE,Independent,Maharashtra,1,0.00 Cr,5014,1,0.43
Others,17,HOSHANGABAD,SARJERAO SAHARE,Independent,Madhya Pradesh,1,0.00 Cr,4493,1,0.36
Others,6,TIKAMGARH,SARJU PRASAD,Independent,Madhya Pradesh,1,0.00 Cr,5997,1,0.55
Others,27,Srerampur,SARKAR MANGAL,Bahujan Maha Party,West Bengal,,0.00 Cr,1258,1,0.09
Others,8,Jajpur,SARMISTHA SETHI,Biju Janata Dal,Odisha,,0.05 Cr,532652,1,45.87
Others,14,Darbhanga,SAROJ CHAUDHARY,Mithilanchal Mukti Morcha,Bihar,,0.00 Cr,18025,1,1.76
Others,15,Muzaffarpur,SAROJ KUMAR CHAUDHARY,Independent,Bihar,1,0.00 Cr,965,1,0.09
Others,2,North-East Delhi,SAROJ KUMAR RAY,Independent,NCT OF Delhi,1,0.00 Cr,997,1,0.06
Others,30,Patna Sahib,SAROJ KUMAR SUMAN,Socialist Unity Centre Of India (COMMUNIST),Bihar,,0.00 Cr,1078,1,0.1
Others,52,Allahabad,SARVAJEET SINGH,Kamera Samaj Party,Uttar Pradesh,,0.00 Cr,1177,1,0.12
Others,35,Lucknow,SARVAR ALI,Sarvar Party,Uttar Pradesh,,0.00 Cr,1202,1,0.11
Others,18,Agra,SARVESH KUMAR,Bharatiya Majdoor Janta Party,Uttar Pradesh,,0.00 Cr,1133,1,0.1
Others,8,Ranchi,SARWESHWARI SAHU,Ekam Sanatan Bharat Dal,Jharkhand,,0.00 Cr,4802,1,0.33
Others,27,Srerampur,SASANKA CHAKRABORTY,Independent,West Bengal,1,0.00 Cr,3938,1,0.27
Others,20,Thiruvananthapuram,SASI KONGAPALLY,Independent,Kerala,1,0.00 Cr,233,1,0.02
Others,3,CHENNAI SOUTH,SASI REKHA,Naadaalum Makkal Katchi,Tamil Nadu,,0.00 Cr,559,1,0.05
Others,35,RAMANATHAPURAM,SASIKANI K,Independent,Tamil Nadu,1,0.00 Cr,899,1,0.08
Others,24,TIRUCHIRAPPALLI,SASIKUMAR. P,Independent,Tamil Nadu,1,0.00 Cr,1352,1,0.13
Others,10,FARIDABAD,SATAY DEO YADAV,Buland Bharat Party,Haryana,,0.00 Cr,955,1,0.06
Others,2,KURUKSHETRA,SATBIR KASHYAP,Rashtriya Janshakti Party(Eklavya),Haryana,,0.00 Cr,3263,1,0.27
Others,2,Amritsar,SATBIR SINGH  JAMMU,Independent,Punjab,1,0.00 Cr,3399,1,0.38
Others,66,Deoria,SATENDER KUMAR MALL,Independent,Uttar Pradesh,1,0.00 Cr,4158,1,0.4
Others,28,Kheri,SATENDRA KUMAR MAURYA,Independent,Uttar Pradesh,1,0.00 Cr,2982,1,0.25
Others,23,KARUR,SATHASIVAM. R,Independent,Tamil Nadu,1,0.00 Cr,729,1,0.06
Others,16,NAMAKKAL,SATHEESH G,Independent,Tamil Nadu,1,0.00 Cr,1292,1,0.11
Others,33,THENI,SATHEESH KUMAR A,Independent,Tamil Nadu,1,0.00 Cr,453,1,0.04
Others,15,Alappuzha,SATHEESH SHENOI,Independent,Kerala,1,0.00 Cr,482,1,0.05
Others,23,KARUR,SATHIS KUMAR. C,Independent,Tamil Nadu,1,0.00 Cr,267,1,0.02
Others,24,TIRUCHIRAPPALLI,SATHIS KUMAR. S,Independent,Tamil Nadu,1,0.00 Cr,2052,1,0.19
Others,39,KANNIYAKUMARI,SATHISH BABU P,Independent,Tamil Nadu,1,0.00 Cr,748,1,0.07
Others,22,DINDIGUL,SATHISH KANNA G T,Independent,Tamil Nadu,1,0.00 Cr,926,1,0.08
Others,19,NILGIRIS,SATHISH M,Independent,Tamil Nadu,1,0.00 Cr,740,1,0.07
Others,2,CHENNAI NORTH,SATHISH. B,Independent,Tamil Nadu,1,0.00 Cr,246,1,0.03
Others,23,KARUR,SATHISH. P,Independent,Tamil Nadu,1,0.00 Cr,244,1,0.02
Others,18,TIRUPPUR,"SATHISHKUMAR, N.",Independent,Tamil Nadu,1,0.00 Cr,2336,1,0.2
Others,23,KARUR,SATHISHKUMAR. S,Independent,Tamil Nadu,1,0.00 Cr,306,1,0.03
Others,11,TIRUVANNAMALAI,"SATHIYAMOORTHY,  S.",Makkal Nala Kazhagam,Tamil Nadu,,0.00 Cr,736,1,0.06
Others,13,VILUPPURAM,SATHIYARAJ. N,Independent,Tamil Nadu,1,0.00 Cr,415,1,0.04
Others,35,RAMANATHAPURAM,SATHURAGIRI K,Independent,Tamil Nadu,1,0.00 Cr,827,1,0.07
Others,38,TIRUNELVELI,SATHYA,Naam Tamilar Katchi,Tamil Nadu,,0.01 Cr,87686,1,8.21
Others,32,MADURAI,SATHYADEVI T,Naam Tamilar Katchi,Tamil Nadu,,0.01 Cr,92879,1,9.41
Others,24,TIRUCHIRAPPALLI,SATHYAMURTHY. T,Independent,Tamil Nadu,1,0.00 Cr,834,1,0.08
Others,4,Wayanad,SATHYAN K.P,Independent,Kerala,1,0.00 Cr,1059,1,0.1
Others,38,Shirdi,SATISH BHIVA PAWAR,Independent,Maharashtra,1,0.00 Cr,2771,1,0.26
Others,70,Ghosi,SATISH CHAND PRAJAPATI FAUJI,Samajhdar Party,Uttar Pradesh,,0.00 Cr,1921,1,0.17
Others,25,Bangalore central,SATISH CHANDRA. M.,Bahujan Samaj Party,Karnataka,,0.00 Cr,3087,1,0.23
Others,2,KURUKSHETRA,SATISH DHULL,Bharatiya Asha Party,Haryana,,0.00 Cr,997,1,0.08
Others,7,ROHTAK,SATISH KUMAR,Ekam Sanatan Bharat Dal,Haryana,1,0.00 Cr,363,1,0.03
Others,7,ROHTAK,SATISH KUMAR,Independent,Haryana,1,0.00 Cr,524,1,0.04
Others,15,Aligarh,SATISH KUMAR,Independent,Uttar Pradesh,1,0.00 Cr,3561,1,0.31
Others,15,Aligarh,SATISH KUMAR,Swatantra Jantaraj Party,Uttar Pradesh,1,0.00 Cr,1648,1,0.15
Others,44,Sangli,SATISH LALITA KRISHNA KADAM,Hindustan Janta Party,Maharashtra,,0.00 Cr,2859,1,0.24
Others,39,Beed,SATISH PADMAKAR KAPSE,Independent,Maharashtra,1,0.00 Cr,2099,1,0.14
Others,5,JAMMU,SATISH POONCHI,Independent,Jammu and Kashmir,1,0.00 Cr,5959,1,0.46
Others,7,Amravati,SATISH YASHWANTRAO GEDAM,Independent,Maharashtra,1,0.00 Cr,943,1,0.08
Others,2,KURUKSHETRA,SATNAM BHAZIGAR,Loktantrik Lok Rajyam Party,Haryana,,0.00 Cr,1066,1,0.09
Others,3,Khadoor Sahib,SATNAM SINGH,Bahujan Samaj Party,Punjab,,0.00 Cr,5066,1,0.48
Others,5,Hoshiarpur,SATPAL,Independent,Punjab,1,0.00 Cr,993,1,0.1
Others,6,Anandpur Sahib,SATPAL,Independent,Punjab,1,0.00 Cr,2297,1,0.21
Others,6,SONIPAT,SATPAL,Independent,Haryana,1,0.00 Cr,1217,1,0.11
Others,3,SIRSA,SATPAL LADWAL,Independent,Haryana,1,0.00 Cr,3413,1,0.25
Others,2,Tripura East,SATRUGHNA JAMATIA,Independent,Tripura,1,0.00 Cr,5967,1,0.53
Others,15,Hingoli,SATTAR PATHAN,Independent,Maharashtra,1,0.00 Cr,2463,1,0.21
Others,1,Chikkodi,SATTEPPA DASHARATH KALELI,Bharatheeya Jawan Kisan Party,Karnataka,,0.00 Cr,1319,1,0.09
Others,9,Hyderabad,SATTI SHABABU REDDY,Independent,Telangana,1,0.00 Cr,123,1,0.01
Others,1,Chandni Chowk,SATYA DEV CHAUDHARY,Satya Bahumat Party,NCT OF Delhi,,0.00 Cr,842,1,0.09
Others,5,North-West Delhi,SATYA PRAKASH UTTRAKHANDI,Independent,NCT OF Delhi,1,0.00 Cr,434,1,0.03
Others,79,Mirzapur,SATYADEV,Purvanchal Mahapanchayat,Uttar Pradesh,,0.00 Cr,3355,1,0.3
Others,48,Hatkanangale,SATYAJEET PATIL (AABA),Independent,Maharashtra,1,0.00 Cr,3632,1,0.28
Others,4,JHUNJHUNU,SATYANARAYAN,Bheem Tribal Congress,Rajasthan,,0.00 Cr,1150,1,0.1
Others,16,JODHPUR,SATYANARAYAN,Bharatiya Sampuran Krantikari Party,Rajasthan,,0.00 Cr,782,1,0.06
Others,2,BIKANER,SATYANARAYAN DEVRA,Independent,Rajasthan,1,0.00 Cr,2966,1,0.27
Others,13,AJMER,SATYANARAYAN MALI,Independent,Rajasthan,1,0.00 Cr,2420,1,0.2
Others,5,Zahirabad,SATYANARAYANA GOUD KOVURI,Independent,Telangana,1,0.00 Cr,2876,1,0.23
Others,6,Medak,SATYANARAYANA GOUD KOVURI,Independent,Telangana,1,0.00 Cr,607,1,0.04
Others,43,Madha,SATYAWAN VIJAY OMBASE,Swarajya Sena (Maharashtra),Maharashtra,,0.00 Cr,1260,1,0.1
Others,75,Ghazipur,SATYDEV YADAV,Independent,Uttar Pradesh,1,0.00 Cr,3172,1,0.28
Others,17,Gopalganj,SATYENDRA BAITHA,Independent,Bihar,1,0.00 Cr,12269,1,1.15
Others,24,KOTA,SATYENDRA KUMAR JAIN,Independent,Rajasthan,1,0.00 Cr,2521,1,0.17
Others,76,Chandauli,SATYENDRA KUMAR MAURYA,Bahujan Samaj Party,Uttar Pradesh,,0.02 Cr,159903,1,14.32
Others,18,Siwan,SATYENDRA KUSHWAHA,Independent,Bihar,1,0.00 Cr,21565,1,2.16
Others,18,VIDISHA,SATYENDRA SINGH SISODIYA,Independent,Madhya Pradesh,1,0.00 Cr,2925,1,0.2
Others,12,Purnia,SATYENDRA YADAV,Independent,Bihar,1,0.00 Cr,8459,1,0.71
Others,62,Sant Kabir Nagar,SATYVANT PRATAP SINGH,Independent,Uttar Pradesh,1,0.00 Cr,4358,1,0.4
Others,70,Ghosi,SAUDAGER,Independent,Uttar Pradesh,1,0.00 Cr,1892,1,0.16
Others,59,Gonda,SAURABH,Bahujan Samaj Party,Uttar Pradesh,,0.00 Cr,29429,1,3.09
Others,42,Birbhum,SAURAV MUDI,Independent,West Bengal,1,0.00 Cr,4256,1,0.28
Others,9,Jamshedpur,SAURAV VISHNU,Independent,Jharkhand,1,0.00 Cr,2264,1,0.18
Others,35,Baramati,SAVITA BHIMRAO KADALE,Hindustan Janta Party,Maharashtra,,0.00 Cr,551,1,0.04
Others,7,DURG,SAVITA SHAILENDRA BANJARE,Shakti Sena (Bharat Desh),Chhattisgarh,,0.00 Cr,1396,1,0.09
Others,8,RAIPUR,SAVITA SHAILENDRA BANJARE,Shakti Sena (Bharat Desh),Chhattisgarh,,0.00 Cr,8768,1,0.55
Others,11,Khunti,SAVITRI DEVI,Bahujan Samaj Party,Jharkhand,,0.00 Cr,12300,1,1.31
Others,32,Misrikh,SAVITRI DEVI,Rashtriya Janshakti Samaj Party,Uttar Pradesh,,0.00 Cr,1350,1,0.13
Others,25,Thane,SAWALE DATTATRAY SITARAM,Independent,Maharashtra,1,0.00 Cr,531,1,0.04
Others,5,KARNAL,SAWAMI AGNIVESH,Independent,Haryana,1,0.00 Cr,752,1,0.06
Others,43,Madha,SAWANT RAHUL SHASHIKANT,Independent,Maharashtra,1,0.00 Cr,3909,1,0.31
Others,10,FARIDABAD,SAWATANTAR SINGH CHAUHAN,Jan Shakti Dal,Haryana,,0.00 Cr,2955,1,0.2
Others,45,Satara,SAYAJI GANPAT WAGHMARE,Bahujan Republican  Socialist Party,Maharashtra,,0.00 Cr,2501,1,0.21
Others,30,Tamluk,SAYAN BANERJEE,Communist Party of India  (Marxist),West Bengal,,0.01 Cr,85389,1,5.41
Others,8,RAIPUR,SAYED IRSHAD,Independent,Chhattisgarh,1,0.00 Cr,295,1,0.02
Others,17,Parbhani,SAYED IRSHAD ALI SAYYED LAYAKH ALI,Social Democratic Party Of India,Maharashtra,,0.00 Cr,4644,1,0.35
Others,26,Mumbai North,SAYED ZULFIQAR ALAM,Bahujan Maha Party,Maharashtra,,0.00 Cr,348,1,0.03
Others,2,SRINAGAR,SAYIM MUSTAFA,Independent,Jammu and Kashmir,1,0.00 Cr,8880,1,1.32
Others,17,Parbhani,SAYYD ABDUL SATTAR AJIJ,Independent,Maharashtra,1,0.00 Cr,2650,1,0.2
Others,1,Rajmahal,SEBASTION HEMBROM,Independent,Jharkhand,1,0.00 Cr,9493,1,0.78
Others,8,BHIWANI-MAHENDRAGARH,SEEMA,Independent,Haryana,1,0.00 Cr,2979,1,0.25
Others,1,Chandni Chowk,SEEMA RIZVI,Azad Samaj Party,NCT OF Delhi,,0.00 Cr,1089,1,0.11
Others,18,VIDISHA,SEEMA SHARMA,Sapaks Party,Madhya Pradesh,,0.00 Cr,1073,1,0.07
Others,45,Satara,SEEMA SUNIL POTDAR,Independent,Maharashtra,1,0.00 Cr,3458,1,0.29
Others,18,TIRUPPUR,"SEETHALAKSHMI, M.K.",Naam Tamilar Katchi,Tamil Nadu,,0.01 Cr,95726,1,8.38
Others,17,Barasat,SEFALI DEY,Bharatiya Nyay-Adhikar Raksha Party,West Bengal,,0.00 Cr,2252,1,0.15
Others,25,Howrah,SEIKH SAKIRUL ISLAM,Independent,West Bengal,1,0.00 Cr,5271,1,0.41
Others,31,SIVAGANGA,SEKAR  A,Independent,Tamil Nadu,1,0.00 Cr,1292,1,0.12
Others,34,VIRUDHUNAGAR,SEKAR S,Hindu Samaj Party,Tamil Nadu,,0.00 Cr,3446,1,0.32
Others,12,ARANI,"SEKAR, N.",Independent,Tamil Nadu,1,0.00 Cr,1400,1,0.12
Others,15,Kendrapara,SEKHA SADIKA HOSEN,Bahujan Samaj Party,Odisha,,0.00 Cr,1852,1,0.15
Others,38,TIRUNELVELI,SELVA KUMAR S,Bahujan Dravida Party,Tamil Nadu,,0.00 Cr,1346,1,0.13
Others,34,VIRUDHUNAGAR,SELVAKUMAR M,Independent,Tamil Nadu,1,0.00 Cr,902,1,0.08
Others,11,TIRUVANNAMALAI,"SELVAM , K.",Veerath Thiyagi Viswanathadoss Thozhilalarkal Katchi,Tamil Nadu,,0.00 Cr,954,1,0.08
Others,6,KANCHEEPURAM,SELVAM. T,Independent,Tamil Nadu,1,0.00 Cr,1312,1,0.1
Others,36,THOOTHUKKUDI,SELVAMUTHUKUMAR M,Independent,Tamil Nadu,1,0.00 Cr,341,1,0.03
Others,19,NILGIRIS,SELVAN N,Independent,Tamil Nadu,1,0.00 Cr,2054,1,0.2
Others,35,RAMANATHAPURAM,SELVARAJ G,Puthiya Makkal Tamil Desam Katchi,Tamil Nadu,,0.00 Cr,2957,1,0.27
Others,16,NAMAKKAL,SELVARAJ K R,Independent,Tamil Nadu,1,0.00 Cr,303,1,0.03
Others,31,SIVAGANGA,SELVARAJ P,Independent,Tamil Nadu,1,0.00 Cr,1111,1,0.11
Others,24,TIRUCHIRAPPALLI,SELVARAJ. S,Independent,Tamil Nadu,1,0.00 Cr,14796,1,1.4
Others,34,VIRUDHUNAGAR,SELVARAJAN V V,Independent,Tamil Nadu,1,0.00 Cr,1121,1,0.11
Others,34,VIRUDHUNAGAR,SELVI K,Independent,Tamil Nadu,1,0.00 Cr,2188,1,0.21
Others,18,TIRUPPUR,"SENGUTTUVAN, M.R.",Independent,Tamil Nadu,1,0.00 Cr,1567,1,0.14
Others,11,TIRUVANNAMALAI,"SENTHAMIL SELVAN,  M.",Independent,Tamil Nadu,1,0.00 Cr,856,1,0.07
Others,30,THANJAVUR,SENTHIL KUMAR N,Independent,Tamil Nadu,1,0.00 Cr,4158,1,0.4
Others,36,THOOTHUKKUDI,SENTHIL KUMAR S,Independent,Tamil Nadu,1,0.00 Cr,291,1,0.03
Others,12,ARANI,"SENTHIL KUMAR, D.",Independent,Tamil Nadu,1,0.00 Cr,1475,1,0.13
Others,4,CHENNAI CENTRAL,SENTHILKUMAR,Chennai Youth Party,Tamil Nadu,,0.00 Cr,223,1,0.03
Others,35,RAMANATHAPURAM,SENTHILMALLAR K,Independent,Tamil Nadu,1,0.00 Cr,6827,1,0.62
Others,24,TIRUCHIRAPPALLI,SENTHILNATHAN. P,Amma Makkal Munnettra Kazagam,Tamil Nadu,,0.01 Cr,100747,1,9.54
Others,10,Chevella,SERUBAI VASANTH KUMAR,Rashtra Samanya Praja Party,Telangana,,0.00 Cr,312,1,0.02
Others,16,Ongole,SESHUBABU GUDDANTI,Independent,Andhra Pradesh,1,0.00 Cr,449,1,0.03
Others,33,THENI,SETHUPATHI G,Independent,Tamil Nadu,1,0.00 Cr,617,1,0.05
Others,38,TIRUNELVELI,SEVAL KANNAN B ADVOCATE,Independent,Tamil Nadu,1,0.00 Cr,636,1,0.06
Others,2,KURUKSHETRA,SEWA SINGH,Independent,Haryana,1,0.00 Cr,718,1,0.06
Others,11,Bhandara Gondiya,SEWAKBHAU NIRDHAN WAGHAYE,Independent,Maharashtra,1,0.00 Cr,13103,1,1.06
Others,13,Chandrapur,SEWAKDAS KAWDUJI BARKE,Peoples Party of India (Democratic),Maharashtra,,0.00 Cr,1998,1,0.16
Others,55,Ambedkar Nagar,SHABANA KHATOON,Peace Party,Uttar Pradesh,,0.00 Cr,3990,1,0.34
Others,15,Udupi Chikmagalur,SHABAREESH,Karunada Sevakara Party,Karnataka,,0.00 Cr,565,1,0.05
Others,18,Chitradurga,SHABAREESH.,Karunada Sevakara Party,Karnataka,,0.00 Cr,1018,1,0.07
Others,34,Pune,SHABBIR SAJJANBHAI TAMBOLI,Independent,Maharashtra,1,0.00 Cr,313,1,0.03
Others,5,JAMMU,SHABER AHMED,Independent,Jammu and Kashmir,1,0.00 Cr,3177,1,0.24
Others,1,BARAMULLA,SHABIR AHMAD DAR,Independent,Jammu and Kashmir,1,0.00 Cr,2700,1,0.26
Others,1,Saharanpur,SHABNAM,Independent,Uttar Pradesh,1,0.00 Cr,2373,1,0.19
Others,13,AJMER,SHABUDADIN,National Future Party,Rajasthan,,0.00 Cr,1197,1,0.1
Others,1,BARAMULLA,SHADIB HANIEF KHAN,Independent,Jammu and Kashmir,1,0.00 Cr,3670,1,0.35
Others,1,BARAMULLA,SHAFEEQA BEGUM,Independent,Jammu and Kashmir,1,0.00 Cr,6214,1,0.6
Others,2,Dhule,SHAFEEQUE AHEMAD MD. RAFEEQUE,Independent,Maharashtra,1,0.00 Cr,3707,1,0.3
Others,3,Vadakara,SHAFI,Independent,Kerala,1,0.00 Cr,422,1,0.04
Others,1,Valmiki Nagar,SHAFI MOHAMMAD MIYA,Aazad Samaj Party (Kanshi Ram),Bihar,,0.00 Cr,13432,1,1.22
Others,3,Vadakara,SHAFI T P,Independent,Kerala,1,0.00 Cr,3764,1,0.34
Others,73,Jaunpur,SHAH ALAM,Apna Dal (Kamerawadi),Uttar Pradesh,,0.00 Cr,2003,1,0.18
Others,10,Kishanganj,SHAHABUZZAMA BHARTIYA,Rashtriya Samaj Paksha,Bihar,,0.00 Cr,6055,1,0.53
Others,28,Mumbai North East,SHAHAJI  NANAI THORAT,Independent,Maharashtra,1,0.00 Cr,650,1,0.07
Others,1,Saharanpur,SHAHBAJ,Independent,Uttar Pradesh,1,0.00 Cr,1698,1,0.14
Others,30,Patna Sahib,SHAHID ALAM,Jantantra Awaj Party,Bihar,,0.00 Cr,1043,1,0.1
Others,5,Raiganj,SHAHIDUR RAHMAN,North Bengal People’s Party,West Bengal,,0.00 Cr,1462,1,0.11
Others,6,Gandhinagar,SHAHNAWAZKHAN SULTANKHAN PATHAN,Independent,Gujarat,1,0.00 Cr,2332,1,0.18
Others,16,JODHPUR,SHAHNAZ BANO,Dalit Kranti Dal,Rajasthan,,0.00 Cr,547,1,0.04
Others,2,SRINAGAR,SHAHNAZ HUSSAIN SHAH,Independent,Jammu and Kashmir,1,0.00 Cr,2203,1,0.33
Others,4,Darjeeling,SHAHRIAR ALAM,Socialist Unity Centre Of India (COMMUNIST),West Bengal,,0.00 Cr,1614,1,0.12
Others,17,Khammam,SHAIK AJJULU,Independent,Telangana,1,0.00 Cr,1342,1,0.11
Others,13,Guntur,SHAIK ASLAM AKTHER,Independent,Andhra Pradesh,1,0.00 Cr,335,1,0.02
Others,17,Khammam,SHAIK BAJI BABA,Independent,Telangana,1,0.00 Cr,2424,1,0.19
Others,9,Hyderabad,SHAIK BASHA,Dalita Bahujana Party,Telangana,,0.00 Cr,153,1,0.01
Others,1,Chandni Chowk,SHAIK JALEEL,Navarang Congress Party,NCT OF Delhi,,0.00 Cr,949,1,0.1
Others,17,Khammam,SHAIK KHALEEL PASHA,Independent,Telangana,1,0.00 Cr,2028,1,0.16
Others,22,Nellore,SHAIK MAHABOOB BASHA (MABU),Republican Party of India (A),Andhra Pradesh,,0.00 Cr,1233,1,0.09
Others,17,Khammam,SHAIK MOHMED RASOOL,Independent,Telangana,1,0.00 Cr,1022,1,0.08
Others,22,Nellore,SHAIK MUZIBUR RAHAMAN,Pyramid Party of India,Andhra Pradesh,,0.00 Cr,1330,1,0.1
Others,22,Nellore,SHAIK SHAFI AHMED,All India Forward Bloc,Andhra Pradesh,,0.00 Cr,1037,1,0.08
Others,17,Khammam,SHAIK SIRAJUDDIN,Independent,Telangana,1,0.00 Cr,1663,1,0.13
Others,13,Guntur,SHAIK. KHAJAVALI,Independent,Andhra Pradesh,1,0.00 Cr,391,1,0.03
Others,4,Raver,SHAIKH AABID SHAIKH BASHIR,Independent,Maharashtra,1,0.00 Cr,1040,1,0.09
Others,9,Jamshedpur,SHAIKH AKHIRUDDIN,Bahujan Maha Party,Jharkhand,,0.00 Cr,2108,1,0.16
Others,39,Beed,SHAIKH EJAJ SHAIKH UMAR,Independent,Maharashtra,1,0.00 Cr,550,1,0.04
Others,19,Aurangabad,SHAIKH KHAJA KISMATWALA KASIM KISMATWALA,Independent,Maharashtra,1,0.00 Cr,894,1,0.07
Others,2,Dhule,SHAIKH MOHAMMAD ZAID SHAMIM AHMED,Welfare Party Of India,Maharashtra,,0.00 Cr,951,1,0.08
Others,40,Osmanabad,SHAIKH NAUSHAD IQBAL,Swarajya Shakti Sena,Maharashtra,,0.00 Cr,1686,1,0.13
Others,17,Parbhani,SHAIKH SALEEM SHAIKH IBRAHIM,All India Majlis-E-Inquilab-E-Millat,Maharashtra,,0.00 Cr,2619,1,0.2
Others,35,Baramati,SHAIKH SOYALSHAHA YUNUSSHAHA,Independent,Maharashtra,1,0.00 Cr,14917,1,1.06
Others,39,Beed,SHAIKH TOUSIF ABDUL SATTAR,Independent,Maharashtra,1,0.00 Cr,9472,1,0.62
Others,39,Beed,SHAIKH YASHED SHAIKH TAYYAB,Independent,Maharashtra,1,0.00 Cr,1258,1,0.08
Others,35,Baramati,SHAILENDRA ALIAS SANDEEP KARANJAWANE,Independent,Maharashtra,1,0.00 Cr,1392,1,0.1
Others,21,Hajipur,SHAILENDRA KUMAR,Independent,Bihar,1,0.00 Cr,6161,1,0.53
Others,42,Kannauj,SHAILENDRA KUMAR,Bharatiya Kisan Parivartan Party,Uttar Pradesh,,0.00 Cr,1151,1,0.09
Others,61,Basti,SHAILENDRA KUMAR,Bharat Mahaparivar Party,Uttar Pradesh,,0.00 Cr,2364,1,0.22
Others,37,Amethi,SHAILENDRA KUMAR MISHRA,Sanyogwadi Party,Uttar Pradesh,,0.00 Cr,1128,1,0.12
Others,37,Aurangabad,SHAILESH RAHI,Akhil Hind Forward Bloc (Krantikari),Bihar,,0.00 Cr,4896,1,0.52
Others,2,Dadar & Nagar Haveli,SHAILESHBHAI VARTHA,Independent,Dadra & Nagar Haveli and Daman & Diu,1,0.00 Cr,2524,1,1.23
Others,3,Barpeta,SHAJAHAN ALI KHAN,Voters Party  International,Assam,,0.00 Cr,4448,1,0.26
Others,15,Alappuzha,SHAJAHAN V.A.     S/O ABDUL AZEES,Independent,Kerala,1,0.00 Cr,576,1,0.05
Others,20,Thiruvananthapuram,SHAJU PALIYODU,Independent,Kerala,1,0.00 Cr,388,1,0.04
Others,20,Saran,SHAK NAUSHAD,Independent,Bihar,1,0.00 Cr,16103,1,1.58
Others,1,North Goa,SHAKEEL JAMAL SHAIKH,Independent,Goa,1,0.00 Cr,807,1,0.18
Others,11,Dharwad,SHAKEELAHMAD.D.MULLA,Independent,Karnataka,1,0.00 Cr,5872,1,0.43
Others,6,Moradabad,SHAKIL AHMED,Samata Party,Uttar Pradesh,,0.00 Cr,1356,1,0.11
Others,46,Ratnagiri- Sindhudurg,SHAKIL SAWANT,Independent,Maharashtra,1,0.00 Cr,6395,1,0.7
Others,10,FARIDABAD,SHAKILA HUSSAIN,Loktantrik Janshakti Party,Haryana,,0.00 Cr,551,1,0.04
Others,1,TIRUVALLUR,"Shakthivel, A.J.",Independent,Tamil Nadu,1,0.00 Cr,1613,1,0.11
Others,18,JALORE,SHAKUR,Independent,Rajasthan,1,0.00 Cr,9872,1,0.68
Others,2,Amritsar,SHAM LAL GANDHI,Independent,Punjab,1,0.00 Cr,1487,1,0.16
Others,18,Jalna,SHAM PAWALS RUPEKAR,Independent,Maharashtra,1,0.00 Cr,546,1,0.04
Others,16,Vaishali,SHAMBHU KUMAR SINGH,Bahujan Samaj Party,Bihar,,0.00 Cr,21436,1,1.83
Others,1,Valmiki Nagar,SHAMBHU PRASAD,Independent,Bihar,1,0.00 Cr,10498,1,0.95
Others,1,Kachchh,SHAMLIA VIRJI CHAKU,Hindvi Swarajyay Dal,Gujarat,,0.00 Cr,1573,1,0.14
Others,25,Howrah,SHAMPA DAS,Bharatiya Nyay-Adhikar Raksha Party,West Bengal,,0.00 Cr,2065,1,0.16
Others,40,Osmanabad,SHAMRAO HARIBHAU PAWAR,Samnak Janta Party,Maharashtra,,0.00 Cr,1509,1,0.12
Others,39,Beed,SHAMSHER KHAN SAHEB KHAN PATHAN,Independent,Maharashtra,1,0.00 Cr,4704,1,0.31
Others,2,Amritsar,SHAMSHER SINGH SHERA,Independent,Punjab,1,0.00 Cr,1507,1,0.17
Others,7,ARAKKONAM,SHANAVAS J,Independent,Tamil Nadu,1,0.00 Cr,583,1,0.05
Others,12,Lohardaga,SHANIYA ORAON,Independent,Jharkhand,1,0.00 Cr,10911,1,1.13
Others,9,Ramtek,SHANKAR CHINTAMAN CHAHANDE,Vanchit Bahujan  Aaghadi,Maharashtra,,0.00 Cr,1884,1,0.15
Others,19,Joynagar,SHANKAR DEB MONDAL,Bahujan Samaj Party,West Bengal,,0.00 Cr,6391,1,0.43
Others,4,Visakhapatnam,SHANKAR DEVARA YADAV,Independent,Andhra Pradesh,1,0.00 Cr,661,1,0.05
Others,7,South Delhi,SHANKAR DEY,Independent,NCT OF Delhi,1,0.00 Cr,522,1,0.04
Others,41,Latur,SHANKAR HARI TADAKHE,Baliraja Party,Maharashtra,,0.00 Cr,1128,1,0.09
Others,22,Jadavpur,SHANKAR MANDAL,Independent,West Bengal,1,0.00 Cr,1442,1,0.09
Others,28,Munger,SHANKAR PRASAD BIND,Independent,Bihar,1,0.00 Cr,21023,1,1.85
Others,31,Mumbai South,SHANKAR SONAWANE,Independent,Maharashtra,1,0.00 Cr,862,1,0.11
Others,39,Pratapgarh,SHANKAR SUMAN TIVARI,Independent,Uttar Pradesh,1,0.00 Cr,1129,1,0.12
Others,7,DURG,SHANKAR THAKUR,Gondvana Gantantra Party,Chhattisgarh,,0.00 Cr,1073,1,0.07
Others,3,Bagalkot,SHANKAR. VENKAPPA. NAIKAR.,Republican Party of India (A),Karnataka,,0.00 Cr,441,1,0.03
Others,8,Koppal,SHANKARA,Bahujan Samaj Party,Karnataka,,0.00 Cr,7043,1,0.53
Others,8,Ahmedabad West,SHANKARBHAI KHUSHALBHAI RATHOD,Democratic Bharatiya Samaj Party,Gujarat,,0.00 Cr,2389,1,0.25
Others,20,BANSWARA,SHANKARLAL BAMANIYA,Indian Peoples Green Party,Rajasthan,,0.00 Cr,17188,1,1.05
Others,32,MADURAI,SHANMUGA SUNDARAM A,United Republican Party of India,Tamil Nadu,,0.00 Cr,2349,1,0.24
Others,15,SALEM,SHANMUGAM G,Independent,Tamil Nadu,1,0.00 Cr,1147,1,0.09
Others,20,COIMBATORE,SHANMUGAM K,Independent,Tamil Nadu,1,0.00 Cr,882,1,0.06
Others,23,KARUR,SHANMUGAM. N,Samaniya Makkal Nala Katchi,Tamil Nadu,,0.00 Cr,929,1,0.08
Others,8,VELLORE,SHANMUGASUNDARAM,Independent,Tamil Nadu,1,0.00 Cr,251,1,0.02
Others,8,VELLORE,SHANMUGAVELU,Independent,Tamil Nadu,1,0.00 Cr,3576,1,0.32
Others,41,Bolpur,SHANTA DAS,Mulnibasi Party of India,West Bengal,,0.00 Cr,3640,1,0.24
Others,29,Mumbai North Central,SHANTARAM S DIGHE,Independent,Maharashtra,1,0.00 Cr,733,1,0.08
Others,4,KORBA,SHANTI BAI MARAVI,Independent,Chhattisgarh,1,0.00 Cr,861,1,0.07
Others,58,Shrawasti,SHANTI DEVI,Independent,Uttar Pradesh,1,0.00 Cr,4011,1,0.38
Others,21,Nashik,SHANTIGIRIJI MAUNGIRIJI MAHARAJ,Independent,Maharashtra,1,0.00 Cr,44524,1,3.6
Others,48,Hatkanangale,SHARAD BABURAO PATIL,National Black Panther Party,Maharashtra,,0.00 Cr,1361,1,0.11
Others,35,Baramati,SHARAD RAM PAWAR,Independent,Maharashtra,1,0.00 Cr,731,1,0.05
Others,11,Dharwad,SHARANABASAV GONAVAR,Socialist Unity Centre Of India (COMMUNIST),Karnataka,,0.00 Cr,1167,1,0.09
Others,8,Koppal,SHARANAPPA,Socialist Unity Centre Of India (COMMUNIST),Karnataka,,0.00 Cr,1106,1,0.08
Others,5,Gulbarga,SHARANAPPA (PINTU),Independent,Karnataka,1,0.00 Cr,1884,1,0.14
Others,3,Bagalkot,SHARANAPPA MALLAPPA KOTLANNAVAR,Independent,Karnataka,1,0.00 Cr,832,1,0.06
Others,2,Amritsar,SHARANJIT KAUR,Independent,Punjab,1,0.00 Cr,2460,1,0.27
Others,5,Raiganj,SHARANYA DUTTA,Independent,West Bengal,1,0.00 Cr,1330,1,0.1
Others,3,Patan,SHARMA RAKESHBHAI,Rashtriya Samaj Paksha,Gujarat,,0.00 Cr,2774,1,0.23
Others,38,Bardhaman Purba,SHARMILA SARKAR,Independent,West Bengal,1,0.00 Cr,4893,1,0.33
Others,15,Barrackpur,SHARMISTHA DAS,Independent,West Bengal,1,0.00 Cr,3634,1,0.32
Others,7,JAIPUR,SHASHANK SINGH ARYA,Right to Recall Party,Rajasthan,,0.00 Cr,393,1,0.03
Others,23,Samastipur,SHASHI BHUSHAN DAS,Independent,Bihar,1,0.00 Cr,25957,1,2.37
Others,14,Hazaribagh,SHASHI BHUSHAN KESHRI,Independent,Jharkhand,1,0.00 Cr,15386,1,1.22
Others,29,Nalanda,SHASHI KUMAR,Samaj Shakti Party,Bihar,,0.00 Cr,18480,1,1.61
Others,21,Hajipur,SHASHI SWARAJ,Bahujan Samaj Party,Bihar,,0.00 Cr,8679,1,0.75
Others,47,Kolhapur,SHASHIBHUSHAN JEEVANRAO DESAI,Akhil Bharat Hindu Mahasabha,Maharashtra,,0.00 Cr,651,1,0.05
Others,69,Azamgarh,SHASHIDHAR,Independent,Uttar Pradesh,1,0.00 Cr,2232,1,0.21
Others,44,Sangli,SHASHIKANT GAUTAM DESHMUKH,Independent,Maharashtra,1,0.00 Cr,3155,1,0.27
Others,3,Muzaffarnagar,SHASHIKANT SHAMAR,Independent,Uttar Pradesh,1,0.00 Cr,1431,1,0.13
Others,29,Nalanda,SHASHIRANJAN SUMAN,Independent,Bihar,1,0.00 Cr,2340,1,0.2
Others,20,Saran,SHATRUDHAN TIWARY,Bhartiya Sarthak Party,Bihar,,0.00 Cr,3687,1,0.36
Others,9,Araria,SHATRUGHAN PRASAD SUMAN,Independent,Bihar,1,0.00 Cr,13746,1,1.1
Others,29,Mumbai North Central,SHAUKAT ABDUL RAFIQ KHAN,Insaniyat Party,Maharashtra,,0.00 Cr,345,1,0.04
Others,40,Osmanabad,SHAYANI NAVANATH JADHAV,Independent,Maharashtra,1,0.00 Cr,782,1,0.06
Others,2,SRINAGAR,SHEEBAN ASHAI,Independent,Jammu and Kashmir,1,0.00 Cr,13071,1,1.94
Others,24,RATLAM,SHEETAL BARELA,Akhand Bharat Samrajya Party,Madhya Pradesh,,0.00 Cr,3930,1,0.26
Others,3,ANANTNAG-RAJOURI,SHEIKH MUZAFAR AHMED,Jammu and Kashmir Nationalist People's Front,Jammu and Kashmir,,0.00 Cr,4814,1,0.47
Others,5,Guwahati,SHEJON GOYARY,Bahujan Maha Party,Assam,,0.00 Cr,4847,1,0.3
Others,37,Ahmednagar,SHEKATKAR ANIL GANPAT,Independent,Maharashtra,1,0.00 Cr,702,1,0.05
Others,16,Dum dum,SHEKH IMANUR RAHMAN,Independent,West Bengal,1,0.00 Cr,6411,1,0.51
Others,25,Navsari,SHEKH MOHMMAD NISHAR (MUNNABHAI GARAGE),Independent,Gujarat,1,0.00 Cr,1483,1,0.11
Others,4,KORBA,SHEKH RAUF,Independent,Chhattisgarh,1,0.00 Cr,1168,1,0.1
Others,5,BILASPUR,SHEKHAR BANJARE,Independent,Chhattisgarh,1,0.00 Cr,1160,1,0.09
Others,4,JHUNJHUNU,SHEKHAWAT RAJENDRA SINGH,Independent,Rajasthan,1,0.00 Cr,7690,1,0.69
Others,38,Gaya,SHEO SHANKAR,Bhartiya Lok Chetna Party,Bihar,,0.00 Cr,2384,1,0.25
Others,76,Chandauli,SHER SINGH,Yuga Thulasi Party,Uttar Pradesh,,0.00 Cr,3096,1,0.28
Others,39,Beed,SHESHERAO CHOKHOBA VEER,Prabuddha Republican Party,Maharashtra,,0.00 Cr,537,1,0.04
Others,72,Ballia,SHESHNATH,Independent,Uttar Pradesh,1,0.00 Cr,3588,1,0.36
Others,7,ARAKKONAM,SHETTU S,Independent,Tamil Nadu,1,0.00 Cr,1561,1,0.13
Others,2,Tripura East,SHIB CHANDRA DEBBARMA,Independent,Tripura,1,0.00 Cr,6719,1,0.59
Others,4,Nainital-Udhamsingh Nagar,SHIB SINGH,Uttarakhand Kranti Dal,Uttarakhand,,0.00 Cr,1855,1,0.15
Others,5,JAMMU,SHIKHA BANDRAL,National Awami United Party,Jammu and Kashmir,,0.00 Cr,2937,1,0.23
Others,17,Mathura,SHIKHA SHARMA,Independent,Uttar Pradesh,1,0.00 Cr,2251,1,0.24
Others,3,Jalpaiguri,SHIPRA RAY HAKIM,Independent,West Bengal,1,0.00 Cr,9907,1,0.63
Others,13,Nalgonda,SHIRISHALA SRINAIAH,Independent,Telangana,1,0.00 Cr,514,1,0.04
Others,3,CHURU,SHISHPAL SINGH RANA,Bheem Tribal Congress,Rajasthan,,0.00 Cr,675,1,0.05
Others,39,Beed,SHITAL SHIVAJI DHONDRE,Independent,Maharashtra,1,0.00 Cr,1303,1,0.09
Others,7,DURG,SHITKARAN MAHILWAR,Aazad Samaj Party (Kanshi Ram),Chhattisgarh,,0.00 Cr,1183,1,0.08
Others,6,Madhubani,SHIV BODHAN SAHU,Independent,Bihar,1,0.00 Cr,13370,1,1.3
Others,32,Arrah,SHIV DAS SINGH,Independent,Bihar,1,0.00 Cr,13379,1,1.22
Others,8,Supaul,SHIV HARI AGRAWAL,Bharat Nirman Party,Bihar,,0.00 Cr,3772,1,0.31
Others,27,Shahjahanpur,SHIV KUMAR,Independent,Uttar Pradesh,1,0.00 Cr,2805,1,0.22
Others,53,Barabanki,SHIV KUMAR DOHAREY,Bahujan Samaj Party,Uttar Pradesh,,0.00 Cr,39177,1,3.04
Others,31,Patliputra,SHIV KUMAR SINGH,Apna Kisan Party,Bihar,,0.00 Cr,9016,1,0.73
Others,10,FARIDABAD,SHIV NARAYAN BABA DUBEY,Kisan Mazdoor Sangharsh Party,Haryana,,0.00 Cr,771,1,0.05
Others,39,Pratapgarh,SHIV PAL PATEL,Independent,Uttar Pradesh,1,0.00 Cr,1030,1,0.11
Others,33,Unnao,SHIV PRAKASH SINGH,Independent,Uttar Pradesh,1,0.00 Cr,4118,1,0.32
Others,7,Rampur,SHIV PRASAD,Independent,Uttar Pradesh,1,0.00 Cr,1476,1,0.15
Others,52,Allahabad,SHIV PRASAD VISHWAKARMA,Samyak Party,Uttar Pradesh,,0.00 Cr,1326,1,0.14
Others,21,Mainpuri,SHIV PRASAD YADAV,Bahujan Samaj Party,Uttar Pradesh,,0.01 Cr,66814,1,6.34
Others,39,Pratapgarh,SHIV RAM SHARMA,Moulik Adhikar Party,Uttar Pradesh,,0.00 Cr,4711,1,0.5
Others,34,Sasaram,SHIV SHANKAR RAM,Independent,Bihar,1,0.00 Cr,8019,1,0.73
Others,24,Kalyan,SHIVA KRISHNAMURTI IYER,Independent,Maharashtra,1,0.00 Cr,437,1,0.04
Others,16,JODHPUR,SHIVA RAM,Independent,Rajasthan,1,0.00 Cr,1195,1,0.09
Others,48,Hatkanangale,SHIVAJI DHONDIRAM SANKPAL,Independent,Maharashtra,1,0.00 Cr,1392,1,0.11
Others,35,Baramati,SHIVAJI JAYSING KOKRE,Independent,Maharashtra,1,0.00 Cr,2164,1,0.15
Others,33,Maval,SHIVAJI KISAN JADHAV,All India Forward Bloc,Maharashtra,,0.00 Cr,1676,1,0.12
Others,25,DHAR,SHIVAJI PATEL KALMI,Independent,Madhya Pradesh,1,0.00 Cr,4700,1,0.33
Others,35,Baramati,SHIVAJI RAMBHAU NANDKHILE,Bharatheeya Jawan Kisan Party,Maharashtra,,0.00 Cr,789,1,0.06
Others,24,Bangalore North,SHIVAKUMAR. B,Karnataka Rashtra Samithi,Karnataka,,0.00 Cr,817,1,0.05
Others,13,Gautam Buddha Nagar,SHIVAM ASHUTOSH,Independent,Uttar Pradesh,1,0.00 Cr,2641,1,0.18
Others,1,Chandni Chowk,SHIVAM SAINI,Right to Recall Party,NCT OF Delhi,,0.00 Cr,330,1,0.03
Others,28,KHANDWA,SHIVAM SEN,Independent,Madhya Pradesh,1,0.00 Cr,3481,1,0.23
Others,7,Ludhiana,SHIVAM YADAV,Global Republican Party,Punjab,,0.00 Cr,415,1,0.04
Others,16,Hassan,SHIVARAJ. B,Republican Party of India Bharatha,Karnataka,,0.00 Cr,848,1,0.06
Others,3,Karimnagar,SHIVARATRI SRINIVAS,Independent,Telangana,1,0.00 Cr,889,1,0.07
Others,14,Shimoga,SHIVARUDRAIAH SWAMY,Independent,Karnataka,1,0.00 Cr,599,1,0.04
Others,20,Mandya,SHIVASHANKARA. S,Bahujan Samaj Party,Karnataka,,0.00 Cr,6964,1,0.48
Others,31,Hardoi,SHIVE KUMAR,Independent,Uttar Pradesh,1,0.00 Cr,4898,1,0.45
Others,6,Giridih,SHIVJI PRASAD,Right to Recall Party,Jharkhand,,0.00 Cr,4254,1,0.34
Others,80,Robertsganj,SHIVPUJAN,Rashtriya Samaj Paksha,Uttar Pradesh,,0.00 Cr,6444,1,0.64
Others,4,KORBA,SHIVPUJAN SINGH,Independent,Chhattisgarh,1,0.00 Cr,1036,1,0.08
Others,7,Bidar,SHIVRAJ ADIVEPPA SATWAR,Independent,Karnataka,1,0.00 Cr,3079,1,0.25
Others,10,BASTAR,SHIVRAM NAG,Sarv Adi Dal,Chhattisgarh,,0.00 Cr,8279,1,0.82
Others,64,Gorakhpur,SHIVSHANKAR PRAJAPATI,Bhagidari Party(P),Uttar Pradesh,,0.00 Cr,2635,1,0.23
Others,25,Howrah,SHIWA MALLICK,Independent,West Bengal,1,0.00 Cr,3220,1,0.25
Others,24,Bangalore North,SHOBAN BABU  V,Indian Labour Party (Ambedkar Phule),Karnataka,,0.00 Cr,320,1,0.02
Others,24,Bangalore North,SHOBHA,Independent,Karnataka,1,0.00 Cr,1280,1,0.07
Others,76,Chandauli,SHOBHANATH  PRAJAPATI,Bhagidari Party(P),Uttar Pradesh,,0.00 Cr,4032,1,0.36
Others,27,KHARGONE,SHOBHARAM DAWAR,Bahujan Samaj Party,Madhya Pradesh,,0.00 Cr,12069,1,0.77
Others,4,KORBA,SHOBRAN SINGH SAIMA,Independent,Chhattisgarh,1,0.00 Cr,2073,1,0.17
Others,2,Kairana,SHOKINDER KUMAR,Independent,Uttar Pradesh,1,0.00 Cr,1985,1,0.18
Others,74,Machhlishahr,SHRAVAN KUMAR,Independent,Uttar Pradesh,1,0.00 Cr,5807,1,0.55
Others,39,Pratapgarh,SHRAWAN KUMAR TRIPATHI,Independent,Uttar Pradesh,1,0.00 Cr,851,1,0.09
Others,15,PALI,SHRAWAN RAM DEWASI,Independent,Rajasthan,1,0.00 Cr,5593,1,0.41
Others,3,GWALIOR,SHREE NARESH CHANDRA SHARMA,Independent,Madhya Pradesh,1,0.00 Cr,2216,1,0.16
Others,71,Salempur,SHREENARAYAN MISHRA,Akhil Bhartiya Sarvjan Hit Party,Uttar Pradesh,,0.00 Cr,3892,1,0.42
Others,1,Chikkodi,SHRENIK ANNASAHEB JANGATE,Independent,Karnataka,1,0.00 Cr,5181,1,0.37
Others,15,Bhavnagar,SHRI MULSHANKARBHAI RAGHURAMBHAI CHAUHAN,Independent,Gujarat,1,0.00 Cr,3406,1,0.33
Others,15,Bhavnagar,SHRI TIDABHAI DEVSHIBHAI,Gujarat Sarva Samaj Party,Gujarat,,0.00 Cr,2685,1,0.26
Others,10,Nagpur,SHRIDHAR NARAYAN SALVE,Bhim Sena,Maharashtra,,0.00 Cr,451,1,0.04
Others,24,Kalyan,SHRIDHAR NARAYAN SALVE,Bhim Sena,Maharashtra,,0.00 Cr,1072,1,0.1
Others,35,Baramati,SHRIDHAR NARAYAN SALVE,Bhim Sena,Maharashtra,,0.00 Cr,679,1,0.05
Others,41,Latur,SHRIKANT BABURAO HOVAL,Bahujan Mukti Party,Maharashtra,,0.00 Cr,1382,1,0.11
Others,5,BILASPUR,SHRIKANT MALHWAYR (KASER),Loktantra Congress Party,Chhattisgarh,,0.00 Cr,4201,1,0.31
Others,24,Kalyan,SHRIKANT SHIVAJI VANJARE,Peoples Party of India (Democratic),Maharashtra,,0.00 Cr,808,1,0.08
Others,71,Salempur,SHRIKRISHNA,Independent,Uttar Pradesh,1,0.00 Cr,2532,1,0.28
Others,7,Amravati,SHRIKRUSHNA SAKHARAMJI KSHIRSAGAR,Independent,Maharashtra,1,0.00 Cr,510,1,0.04
Others,2,Banaskantha,SHRIMALI ASHOKBHAI BALCHANDBHAI,Independent,Gujarat,1,0.00 Cr,5481,1,0.4
Others,32,Raigad,SHRINIVAS SATYANARAYAN MATTAPARTI,Independent,Maharashtra,1,0.00 Cr,9394,1,0.93
Others,73,Jaunpur,SHRIPATI MAURYA,Independent,Uttar Pradesh,1,0.00 Cr,2094,1,0.19
Others,17,Parbhani,SHRIRAM BANSILAL JADHAV,Jai Sewalal Bahujan Vikas Party,Maharashtra,,0.00 Cr,3628,1,0.27
Others,4,Raver,SHRIRAM OMKAR PATIL,Independent,Maharashtra,1,0.00 Cr,749,1,0.06
Others,64,Gorakhpur,SHRIRAM PRASAD,Al-Hind Party,Uttar Pradesh,,0.00 Cr,764,1,0.07
Others,48,Banda,SHRIRAM SINGH GAUR,Bhartiya Shakti Chetna Party,Uttar Pradesh,,0.00 Cr,3350,1,0.32
Others,4,Raver,SHRIRAM SITARAM PATIL,Independent,Maharashtra,1,0.00 Cr,4269,1,0.36
Others,42,Solapur,SHRIVIDYADURGADEVI MAULAPPA KURANE,Independent,Maharashtra,1,0.00 Cr,3493,1,0.29
Others,67,Bansgaon,SHRVAN KUMAR NIRALA,Independent,Uttar Pradesh,1,0.00 Cr,4142,1,0.44
Others,50,Kaushambi,SHUBH NARAYAN,Bahujan Samaj Party,Uttar Pradesh,,0.01 Cr,55858,1,5.53
Others,35,Baramati,SHUBHANGI DHAYGUDE,Independent,Maharashtra,1,0.00 Cr,1292,1,0.09
Others,2,Dhubri,SHUKUR ALI,Asom Jana Morcha,Assam,,0.00 Cr,4792,1,0.2
Others,3,Sambalpur,SHUSHIL KUMAR BABU,Independent,Odisha,1,0.00 Cr,4303,1,0.36
Others,8,Ranchi,SHYAM  BIHARI PRAJAPATI,Bhagidari Party(P),Jharkhand,,0.00 Cr,6530,1,0.45
Others,31,Hardoi,SHYAM  KUMAR,Peoples Party of India (Democratic),Uttar Pradesh,,0.00 Cr,4200,1,0.38
Others,1,Chandni Chowk,SHYAM BHARTEEY,Gareeb Aadmi Party,NCT OF Delhi,,0.00 Cr,463,1,0.05
Others,5,North-West Delhi,SHYAM BHARTEEY,Gareeb Aadmi Party,NCT OF Delhi,,0.00 Cr,632,1,0.04
Others,14,Hazaribagh,SHYAM BIHARI PRAJAPATI,Bhagidari Party(P),Jharkhand,,0.00 Cr,1839,1,0.15
Others,29,Dhaurahra,SHYAM KISHOR AWASTHI,Bahujan Samaj Party,Uttar Pradesh,,0.02 Cr,185474,1,16.68
Others,21,CHITTORGARH,SHYAM LAL MEGHWAL,Independent,Rajasthan,1,0.00 Cr,7907,1,0.53
Others,5,Sitamarhi,SHYAM NANDAN KISHOR PRASAD,Independent,Bihar,1,0.00 Cr,11188,1,1.02
Others,18,Jalna,SHYAM RUSTUMRAO SHIRSATH,Bahujan Republican  Socialist Party,Maharashtra,,0.00 Cr,974,1,0.07
Others,4,KORBA,SHYAM SINGH MARKAM,Gondvana Gantantra Party,Chhattisgarh,,0.00 Cr,48587,1,3.97
Others,73,Jaunpur,SHYAM SINGH YADAV,Bahujan Samaj Party,Uttar Pradesh,,0.02 Cr,157137,1,14.26
Others,29,Nalanda,SHYAM SUNDAR PRASAD,Independent,Bihar,1,0.00 Cr,3932,1,0.34
Others,7,DURG,SHYAM SUNDER SAHU,Loktantra Congress Party,Chhattisgarh,,0.00 Cr,899,1,0.06
Others,10,FARIDABAD,SHYAM SUNDER SINGH,Bhartiya Shakti Chetna Party,Haryana,,0.00 Cr,1247,1,0.08
Others,13,Ranaghat,SHYAMAL KUMAR MALLICK,Independent,West Bengal,1,0.00 Cr,5544,1,0.36
Others,1,Sikkim,SHYAMAL PAL,Independent,Sikkim,1,0.00 Cr,740,1,0.19
Others,41,Bolpur,SHYAMALI PRADHAN,Communist Party of India  (Marxist),West Bengal,,0.01 Cr,99383,1,6.5
Others,2,Garhwal,SHYAMLAL,Bahujan Mukti Party,Uttarakhand,,0.00 Cr,771,1,0.1
Others,11,SIDHI,SHYAMLAL VAISH,Bhartiya Shakti Chetna Party,Madhya Pradesh,,0.00 Cr,5343,1,0.47
Others,40,Farrukhabad,SHYAMVEER SINGH,Bharatiya Nagrik Party,Uttar Pradesh,,0.00 Cr,2434,1,0.24
Others,3,Vadakara,SHYLAJA,Independent,Kerala,1,0.00 Cr,680,1,0.06
Others,16,Hassan,SIDDABHOVI,Independent,Karnataka,1,0.00 Cr,987,1,0.07
Others,19,Tumkur,SIDDARAMEGOWDA T. B,Independent,Karnataka,1,0.00 Cr,1646,1,0.13
Others,25,Thane,SIDDHANT CHHABAN SHIRSAT,Independent,Maharashtra,1,0.00 Cr,324,1,0.02
Others,9,Ramtek,SIDDHARTH GADIJI PATIL,Peoples Party of India (Democratic),Maharashtra,,0.00 Cr,977,1,0.08
Others,21,Nashik,SIDDHESHWARANAND SARASWATI,Independent,Maharashtra,1,0.00 Cr,2388,1,0.19
Others,5,BILASPUR,SIDDHRAM LAHARE,Rashtriya Jansabha Party,Chhattisgarh,,0.00 Cr,1150,1,0.08
Others,40,Osmanabad,SIDDIK IBRAHIM BAUDIWALE ALIAS GOLABHAI,All India Majlis-E-Ittehadul Muslimeen,Maharashtra,,0.00 Cr,2060,1,0.16
Others,8,Palakkad,SIDHEEK IRUPPASSERY,Independent,Kerala,1,0.00 Cr,939,1,0.09
Others,11,Porbandar,SIDHHAPARA HARSUKHLAL JIVANBHAI,Log Party,Gujarat,,0.00 Cr,1072,1,0.12
Others,14,KALLAKURICHI,SIGAMANI A,Independent,Tamil Nadu,1,0.00 Cr,542,1,0.04
Others,9,Nagaon,SIKHA SARMA,Independent,Assam,1,0.00 Cr,6620,1,0.43
Others,13,Guntur,SIKHAKOLLI HEMA GOWRI SHANKAR,Jatiya Jana Sena Party,Andhra Pradesh,,0.00 Cr,1964,1,0.14
Others,35,RAMANATHAPURAM,SIKKANDAR B,Independent,Tamil Nadu,1,0.00 Cr,823,1,0.07
Others,28,MAYILADUTHURAI,SILAMBARASAN D,Independent,Tamil Nadu,1,0.00 Cr,1256,1,0.12
Others,16,Jagatsinghpur,SILI MALLICK,Samruddha Odisha,Odisha,,0.00 Cr,930,1,0.07
Others,9,Hyderabad,SILIVERU NARESH,Telangana Jaghir Party,Telangana,,0.00 Cr,103,1,0.01
Others,3,JANJGIR-CHAMPA,SIMA MAHILANGE,Independent,Chhattisgarh,1,0.00 Cr,1336,1,0.1
Others,11,Machilipatnam,SIMHADRI CHANDRA SEKHAR RAO,Yuvajana Sramika Rythu Congress Party,Andhra Pradesh,,0.05 Cr,501260,1,38.21
Others,6,Anandpur Sahib,SIMPLE KUMAR,Independent,Punjab,1,0.00 Cr,2962,1,0.27
Others,7,Ludhiana,SIMRANDEEP SINGH,Independent,Punjab,1,0.00 Cr,912,1,0.09
Others,3,Khadoor Sahib,SIMRANJEET SINGH,Independent,Punjab,1,0.00 Cr,1341,1,0.13
Others,12,Sangrur,SIMRANJIT SINGH MANN,Shiromani Akali Dal (Amritsar)(Simranjit Singh Mann),Punjab,,0.02 Cr,187246,1,18.55
Others,2,Amritsar,SIMRANPREET SINGH,Independent,Punjab,1,0.00 Cr,1106,1,0.12
Others,19,Joynagar,SINDHUPADA BAIRAGI,Independent,West Bengal,1,0.00 Cr,9162,1,0.62
Others,20,COIMBATORE,SINGAI G RAMACHANDRAN,All India Anna Dravida Munnetra Kazhagam,Tamil Nadu,,0.02 Cr,236490,1,17.23
Others,16,Ongole,SINGAMNENI SREEKANTH,Independent,Andhra Pradesh,1,0.00 Cr,410,1,0.03
Others,9,GURGAON,SINGH RAM,Independent,Haryana,1,0.00 Cr,791,1,0.05
Others,42,Kannauj,SINOD KUMAR,Independent,Uttar Pradesh,1,0.00 Cr,1733,1,0.14
Others,4,Wayanad,SINOJ A.C,Independent,Kerala,1,0.00 Cr,903,1,0.08
Others,16,CHHINDWARA,SIRAJ SHEKH,Independent,Madhya Pradesh,1,0.00 Cr,9568,1,0.73
Others,20,Berhampur,SIRIN TAMMANA,Independent,Odisha,1,0.00 Cr,5078,1,0.49
Others,9,Narsapuram,SIRRA RAJU,Bahujan Samaj Party,Andhra Pradesh,,0.00 Cr,6014,1,0.49
Others,21,CHITTORGARH,SITA RAM AHIR,Vishva Shakti Party,Rajasthan,,0.00 Cr,1226,1,0.08
Others,37,Bishnupur,SITAL CHANDRA KAIBARTYA,Communist Party of India  (Marxist),West Bengal,,0.01 Cr,105411,1,6.96
Others,5,Kodarma,SITAN RABIDAS,Bahujan Samaj Party,Jharkhand,,0.00 Cr,13174,1,0.96
Others,43,Madha,SITAPURE VINOD DILIP,Independent,Maharashtra,1,0.00 Cr,1191,1,0.09
Others,14,MANDLA,SITAR MARKAM,Independent,Madhya Pradesh,1,0.00 Cr,10375,1,0.68
Others,43,Madha,SITARAM VITTHAL RANDIVE,Independent,Maharashtra,1,0.00 Cr,4986,1,0.39
Others,13,Guntur,SIVA PARVATHI,Independent,Andhra Pradesh,1,0.00 Cr,266,1,0.02
Others,16,NAMAKKAL,SIVAKUMAR V,Independent,Tamil Nadu,1,0.00 Cr,246,1,0.02
Others,23,KARUR,SIVAKUMAR. V,Independent,Tamil Nadu,1,0.00 Cr,151,1,0.01
Others,35,RAMANATHAPURAM,SIVANANDAM N,Bahujan Samaj Party,Tamil Nadu,,0.00 Cr,2014,1,0.18
Others,30,THANJAVUR,SIVANESAN P,Desiya Murpokku Dravida Kazhagam,Tamil Nadu,,0.02 Cr,182662,1,17.76
Others,36,THOOTHUKKUDI,SIVANESWARAN J,Independent,Tamil Nadu,1,0.00 Cr,3376,1,0.35
Others,38,TIRUNELVELI,SIVARAM K,Independent,Tamil Nadu,1,0.00 Cr,875,1,0.08
Others,13,Guntur,SIVAREDDY. ENDREDDY,Navataram Party,Andhra Pradesh,,0.00 Cr,5629,1,0.39
Others,36,THOOTHUKKUDI,SIVASAMY VELUMANI R,All India Anna Dravida Munnetra Kazhagam,Tamil Nadu,,0.01 Cr,147991,1,15.12
Others,1,TIRUVALLUR,"Sivasankaran, V.",Independent,Tamil Nadu,1,0.00 Cr,1110,1,0.08
Others,35,RAMANATHAPURAM,SIVASHANKAR N,Independent,Tamil Nadu,1,0.00 Cr,6593,1,0.59
Others,3,Vizianagaram,SIYYADULA YELLA RAO,Independent,Andhra Pradesh,1,0.00 Cr,3107,1,0.24
Others,28,Hooghly,SK KAMALUDDIN,Independent,West Bengal,1,0.00 Cr,2766,1,0.18
Others,26,Uluberia,SK. SAPIYAR ALI,Independent,West Bengal,1,0.00 Cr,2924,1,0.21
Others,17,Barasat,SMRITIKANA HAOLADAR,Bahujan Samaj Party,West Bengal,,0.00 Cr,5787,1,0.38
Others,24,Kolkata Uttar,SMT. RINKU GUPTA,Pyramid Party of India,West Bengal,,0.00 Cr,659,1,0.07
Others,11,SIDHI,SMT. TARA DEVI SINGH,Rashtriya Jansanchar Dal,Madhya Pradesh,,0.00 Cr,2707,1,0.24
Others,14,Cuttack,SOBHA PANDEY,Independent,Odisha,1,0.00 Cr,3888,1,0.35
Others,17,Puri,SOBHA PANDEY,Independent,Odisha,1,0.00 Cr,2229,1,0.19
Others,16,Mahabubabad,SODE VENKATESWARLU,Gondwana Dandkaranya Party,Telangana,,0.00 Cr,2172,1,0.2
Others,11,Porbandar,SODHA HUSHENBHAI ALIBHAI,Independent,Gujarat,1,0.00 Cr,2435,1,0.26
Others,17,Kheda,SODHA SANJAYKUMAR PARVATSINH,Independent,Gujarat,1,0.00 Cr,6139,1,0.52
Others,5,Hoshiarpur,SOHAN SINGH THANDAL,Shiromani Akali Dal,Punjab,,0.01 Cr,91789,1,9.68
Others,1,Chandni Chowk,SOHARSH GULGULIA JAIN,Swaraj Bhartiya Nyay Party,NCT OF Delhi,,0.00 Cr,503,1,0.05
Others,5,Sabarkantha,SOLANKI CHHAGANBHAI KEVLABHAI,Independent,Gujarat,1,0.00 Cr,7551,1,0.59
Others,11,Porbandar,SOLANKI JATIN DHIRUBHAI,Independent,Gujarat,1,0.00 Cr,2486,1,0.27
Others,8,Ranchi,SOMA SINGH,Jai Maha Bharath Party,Jharkhand,,0.00 Cr,10341,1,0.71
Others,20,Berhampur,SOMANATH BEHERA,Socialist Unity Centre Of India (COMMUNIST),Odisha,,0.00 Cr,5135,1,0.49
Others,7,Maldaha Uttar,SOMNATH DAS,Bharatiya Nyay-Adhikar Raksha Party,West Bengal,,0.00 Cr,3164,1,0.22
Others,40,Osmanabad,SOMNATH NANASAHEB KAMBLE,Independent,Maharashtra,1,0.00 Cr,1268,1,0.1
Others,10,Baharampur,SOMNATH PAUL,All India Arya Mahasabha,West Bengal,,0.00 Cr,2250,1,0.16
Others,23,Bhiwandi,SONALI ASHOK GANGAWANE,Independent,Maharashtra,1,0.00 Cr,698,1,0.06
Others,7,Amravati,SONALI SANJAY MESHRAM,Independent,Maharashtra,1,0.00 Cr,272,1,0.02
Others,14,Bulandshahr,SONAM BHARTI,Independent,Uttar Pradesh,1,0.00 Cr,3600,1,0.34
Others,33,Jhargram,SONAMANI TUDU,Communist Party of India  (Marxist),West Bengal,,0.01 Cr,77302,1,5.19
Others,42,Solapur,SONAVANE SHIVAJI CHANDRAKANT,Independent,Maharashtra,1,0.00 Cr,394,1,0.03
Others,4,Visakhapatnam,SONDI KRISHNA.,Independent,Andhra Pradesh,1,0.00 Cr,1818,1,0.13
Others,15,Muzaffarpur,SONELAL PASWAN,Independent,Bihar,1,0.00 Cr,1731,1,0.16
Others,4,Jalandhar,SONIA,Republican Party of India (Athawale),Punjab,,0.00 Cr,1055,1,0.11
Others,5,KARNAL,SONIA,Independent,Haryana,1,0.00 Cr,1851,1,0.14
Others,11,KANKER,SONSINGH,Ambedkarite Party of India,Chhattisgarh,,0.00 Cr,11362,1,0.9
Others,35,Purulia,SONTOSH RAJOWARD,Bahujan Samaj Party,West Bengal,,0.00 Cr,7760,1,0.54
Others,11,DAUSA,SONU DHANKA,Bahujan Samaj Party,Rajasthan,,0.00 Cr,6797,1,0.63
Others,2,Garhwal,SONU KUMAR,Independent,Uttarakhand,1,0.00 Cr,4822,1,0.65
Others,25,Khagaria,SONU KUMAR,Independent,Bihar,1,0.00 Cr,24483,1,2.31
Others,80,Robertsganj,SONU NIGAM,Independent,Uttar Pradesh,1,0.00 Cr,6144,1,0.61
Others,64,Gorakhpur,SONU RAI,Mera Adhikaar Rashtriya Dal,Uttar Pradesh,,0.00 Cr,898,1,0.08
Others,5,Hoshiarpur,SONU SINGH PHAGWARA,Independent,Punjab,1,0.00 Cr,1884,1,0.2
Others,21,Nashik,SOPAN NIVRUTTI SOMWANSHI,Independent,Maharashtra,1,0.00 Cr,1211,1,0.1
Others,9,GURGAON,SORAB KHAN,Indian National Lok Dal,Haryana,,0.00 Cr,4917,1,0.31
Others,2,Arunachal East,SOTAI KRI,Independent,Arunachal Pradesh,1,0.00 Cr,14213,1,4.39
Others,15,Kendrapara,SOUBHAGYA KETAN SAMAL,Socialist Unity Centre Of India (COMMUNIST),Odisha,,0.00 Cr,3395,1,0.27
Others,32,Ghatal,SOUMEN MADRAJI,Bahujan Samaj Party,West Bengal,,0.00 Cr,7941,1,0.5
Others,12,Krishnanagar,SOURAV HELA,Independent,West Bengal,1,0.00 Cr,5065,1,0.36
Others,10,DHARMAPURI,SOWMIYA,Independent,Tamil Nadu,1,0.00 Cr,3028,1,0.24
Others,10,DHARMAPURI,SOWMIYA ANBUMANI,Pattali Makkal Katchi,Tamil Nadu,,0.04 Cr,411367,1,32.97
Others,23,KARUR,SOWMIYA. R,Independent,Tamil Nadu,1,0.00 Cr,310,1,0.03
Others,3,Patan,SOYAB HASAM BHORANIYA,Independent,Gujarat,1,0.00 Cr,5474,1,0.46
Others,16,Mahabubabad,SOYAM KANNA RAJU,Gondvana Gantantra Party,Telangana,,0.00 Cr,3755,1,0.34
Others,3,Karimnagar,SRAVAN PEDDAPELLY,Bharathiya YuvaKula Dalam,Telangana,,0.00 Cr,3074,1,0.23
Others,40,Jamui,SRAWON KUMAR,Rashtriya Jansambhavna Party,Bihar,,0.00 Cr,8625,1,0.88
Others,24,Rajampet,SREENIVASULU MARRIPATI,Independent,Andhra Pradesh,1,0.00 Cr,4443,1,0.33
Others,19,Ananthapur,SREERANGARAJULA GOPINATH ROYAL,Independent,Andhra Pradesh,1,0.00 Cr,904,1,0.06
Others,22,Jadavpur,SRI GOPAN SARDAR,Mulnibasi Party of India,West Bengal,,0.00 Cr,1373,1,0.09
Others,7,Bidar,SRI ROPH ABDUL GANI,Independent,Karnataka,1,0.00 Cr,3104,1,0.25
Others,10,Chevella,SRIDEVI M,Alliance of Democratic Reforms Party,Telangana,,0.00 Cr,2688,1,0.16
Others,22,Jadavpur,SRIJAN BHATTACHARYYA,Communist Party of India  (Marxist),West Bengal,,0.03 Cr,258712,1,16.52
Others,13,Guntur,SRIKRISHNA AKKISETTI,Independent,Andhra Pradesh,1,0.00 Cr,179,1,0.01
Others,2,Peddapalle,SRINIVAS PANTHUKALA,Independent,Telangana,1,0.00 Cr,703,1,0.06
Others,9,Hyderabad,SRINIVAS YADAV GADDAM,Bharat Rashtra Samithi,Telangana,,0.00 Cr,18641,1,1.73
Others,19,Ananthapur,SRINIVASA RAJU.O,Bhartiya Panchyat Party,Andhra Pradesh,,0.00 Cr,494,1,0.03
Others,3,Vizianagaram,SRINIVASA RAO SAMBHANA,Yuga Thulasi Party,Andhra Pradesh,,0.00 Cr,1761,1,0.14
Others,9,KRISHNAGIRI,SRINIVASAN K,Independent,Tamil Nadu,1,0.00 Cr,1621,1,0.14
Others,28,MAYILADUTHURAI,SRINIVASAN V,Independent,Tamil Nadu,1,0.00 Cr,617,1,0.06
Others,18,Chitradurga,SRINIVASAPURADA SRINIVASABABU PAVAGADA,Independent,Karnataka,1,0.00 Cr,4548,1,0.33
Others,2,Kairana,SRIPAL,Bahujan Samaj Party,Uttar Pradesh,,0.01 Cr,76200,1,7.06
Others,3,Sambalpur,SRIRAM PANDEY,Independent,Odisha,1,0.00 Cr,4702,1,0.39
Others,15,Kendrapara,SRIRAM PANDEY,Independent,Odisha,1,0.00 Cr,1399,1,0.11
Others,4,Chatra,SRIRAM SINGH,Independent,Jharkhand,1,0.00 Cr,2993,1,0.28
Others,28,MAYILADUTHURAI,STALIN M K,Pattali Makkal Katchi,Tamil Nadu,,0.02 Cr,166437,1,15.3
Others,12,Lohardaga,STEPHAN KINDO,Independent,Jharkhand,1,0.00 Cr,7599,1,0.79
Others,26,CUDDALORE,SU.VA. DHATSHANAMOORTHY,Independent,Tamil Nadu,1,0.00 Cr,3419,1,0.33
Others,11,TIRUVANNAMALAI,"SUB MAJOR SETTU, M.",Viro Ke Vir Indian Party,Tamil Nadu,,0.00 Cr,658,1,0.06
Others,74,Machhlishahr,SUBAS,Independent,Uttar Pradesh,1,0.00 Cr,3693,1,0.35
Others,17,Puri,SUBASH CHANDRA BHOI,Socialist Unity Centre Of India (COMMUNIST),Odisha,,0.00 Cr,3266,1,0.27
Others,8,Jajpur,SUBASH CHANDRA MALLIK,Socialist Unity Centre Of India (COMMUNIST),Odisha,,0.00 Cr,18007,1,1.55
Others,36,Shirur,SUBASH KASHINATH SARODE,Independent,Maharashtra,1,0.00 Cr,2161,1,0.16
Others,23,KARUR,SUBASH MALAYALAM. T,Independent,Tamil Nadu,1,0.00 Cr,186,1,0.02
Others,3,Sambalpur,SUBASH MOHAPATRA,National Jan Dal,Odisha,,0.00 Cr,1693,1,0.14
Others,13,Kandhamal,SUBASH MOHAPATRA,National Jan Dal,Odisha,,0.00 Cr,4137,1,0.42
Others,14,Narsaraopet,SUBBARAO CHALLA,Independent,Andhra Pradesh,1,0.00 Cr,1051,1,0.07
Others,3,HAMIRPUR,SUBEDAR MAJOR KULWANT SINGH PATIAL,Bharatheeya Jawan Kisan Party,Himachal Pradesh,,0.00 Cr,1239,1,0.12
Others,65,Kushi Nagar,SUBH NARAYAN CHAUHAN,Bahujan Samaj Party,Uttar Pradesh,,0.01 Cr,67208,1,6.22
Others,5,Kozhikode,SUBHA,Independent,Kerala,1,0.00 Cr,712,1,0.07
Others,80,Robertsganj,SUBHAGI,Janhit Sankalp Party,Uttar Pradesh,,0.00 Cr,8194,1,0.81
Others,2,North-East Delhi,SUBHASH,Rashtriya Janmorcha,NCT OF Delhi,,0.00 Cr,1639,1,0.11
Others,5,North-West Delhi,SUBHASH,Asankhya Samaj Party,NCT OF Delhi,,0.00 Cr,2250,1,0.15
Others,8,BHIWANI-MAHENDRAGARH,SUBHASH,Rashtrawadi Janlok Party (Satya),Haryana,,0.00 Cr,4695,1,0.4
Others,7,Maldaha Uttar,SUBHASH BARMAN,Kamatapur People’s Party (United),West Bengal,,0.00 Cr,2019,1,0.14
Others,1,Chandni Chowk,SUBHASH CHANDER,Independent,NCT OF Delhi,1,0.00 Cr,220,1,0.02
Others,42,Kannauj,SUBHASH CHANDRA,All India Forward Bloc,Uttar Pradesh,,0.00 Cr,801,1,0.07
Others,62,Sant Kabir Nagar,SUBHASH CHANDRA DUBEY,Naki Bharatiya Ekta Party,Uttar Pradesh,,0.00 Cr,1708,1,0.16
Others,17,Parbhani,SUBHASH DATTARAV JAVLE,Independent,Maharashtra,1,0.00 Cr,3434,1,0.26
Others,31,Patliputra,SUBHASH KUMAR,Bhartiya Lok Chetna Party,Bihar,,0.00 Cr,1979,1,0.16
Others,6,Giridih,SUBHASH KUMAR THAKUR,Sarv Samaj Party,Jharkhand,,0.00 Cr,2517,1,0.2
Others,9,Ramtek,SUBHASH LOKHANDE,Independent,Maharashtra,1,0.00 Cr,850,1,0.07
Others,2,MANDI,SUBHASH MOHAN SNEHI,Independent,Himachal Pradesh,1,0.00 Cr,974,1,0.1
Others,40,Jamui,SUBHASH PASWAN,Independent,Bihar,1,0.00 Cr,13875,1,1.42
Others,31,Mumbai South,SUBHASH RAMESH CHIPLUNKAR,Rashtriya Kisan Bahujan Party,Maharashtra,,0.00 Cr,567,1,0.07
Others,16,CHHINDWARA,SUBHASH SHUKLA,Independent,Madhya Pradesh,1,0.00 Cr,5769,1,0.44
Others,47,Kolhapur,SUBHASH VAIJU DESAI,Independent,Maharashtra,1,0.00 Cr,849,1,0.06
Others,29,Arambagh,SUBIR KUMAR ROY,Bahujan Samaj Party,West Bengal,,0.00 Cr,3831,1,0.25
Others,1,Coochbehar,SUBODH BARMAN,Independent,West Bengal,1,0.00 Cr,2599,1,0.16
Others,6,Giridih,SUBODH KUMAR YADAV,Independent,Jharkhand,1,0.00 Cr,13106,1,1.04
Others,4,Darjeeling,SUBODH PAKHRIN,Gorkha Rashtriya Congress,West Bengal,,0.00 Cr,1331,1,0.1
Others,26,Bangalore South,SUBRAHMANYA KUMAR KUNTIKANAMATA,Independent,Karnataka,1,0.00 Cr,237,1,0.02
Others,9,KRISHNAGIRI,SUBRAMANI M,Tamilar Makkal Katchi,Tamil Nadu,,0.00 Cr,1195,1,0.1
Others,18,TIRUPPUR,"SUBRAMANI, N.",Independent,Tamil Nadu,1,0.00 Cr,1350,1,0.12
Others,29,NAGAPATTINAM,SUBRAMANIAN K,Independent,Tamil Nadu,1,0.00 Cr,2467,1,0.25
Others,14,KALLAKURICHI,SUBRAMANIAN R K,Independent,Tamil Nadu,1,0.00 Cr,872,1,0.07
Others,11,Chalakudy,SUBRAN K R,Independent,Kerala,1,0.00 Cr,799,1,0.08
Others,16,Dum dum,SUBRATA BHOWMIK,Mera Bharat Mahan Party,West Bengal,,0.00 Cr,604,1,0.05
Others,14,Bangaon,SUBRATA BISWAS,Guruchand Sena Dal,West Bengal,,0.00 Cr,583,1,0.04
Others,21,Diamond harbour,SUBRATA BOSE,Independent,West Bengal,1,0.00 Cr,9825,1,0.64
Others,34,Pune,SUBROTO ROY,Ekam Sanatan Bharat Dal,Maharashtra,,0.00 Cr,294,1,0.03
Others,34,VIRUDHUNAGAR,SUDALAIMANI M,Independent,Tamil Nadu,1,0.00 Cr,1359,1,0.13
Others,36,THOOTHUKKUDI,SUDALAIMUTHU P,Independent,Tamil Nadu,1,0.00 Cr,578,1,0.06
Others,5,Mayurbhanj,SUDAM MARNDI,Biju Janata Dal,Odisha,,0.04 Cr,366637,1,31.23
Others,32,Arrah,SUDAMA PRASAD,Communist Party of India  (Marxist-Leninist)  (Liberation),Bihar,,0.05 Cr,529382,1,48.28
Others,36,Rae Bareli,SUDARSHAN RAM,Bhartiya Panchsheel Party,Uttar Pradesh,,0.00 Cr,4345,1,0.42
Others,42,Solapur,SUDARSHAN RAYCHAND KHANDARE,Independent,Maharashtra,1,0.00 Cr,401,1,0.03
Others,3,ANANTNAG-RAJOURI,SUDARSHAN SINGH,National Awami United Party,Jammu and Kashmir,,0.00 Cr,2382,1,0.23
Others,29,Dhaurahra,SUDESH KUMAR,Lok Jan Sangharsh Party,Uttar Pradesh,,0.00 Cr,2814,1,0.25
Others,1,Tehri Garhwal,SUDESH TOMAR,Independent,Uttarakhand,1,0.00 Cr,2268,1,0.26
Others,10,Singhbhum,SUDHA RANI BESRA,Peoples Party of India (Democratic),Jharkhand,,0.00 Cr,2409,1,0.24
Others,6,Kakinada,SUDHA VEERA GANESH,Independent,Andhra Pradesh,1,0.00 Cr,2647,1,0.2
Others,24,Bangalore North,SUDHA.  V,Independent,Karnataka,1,0.00 Cr,657,1,0.04
Others,33,Buxar,SUDHAKAR MISHRA,Independent,Bihar,1,0.00 Cr,12749,1,1.19
Others,25,PERAMBALUR,SUDHAKAR S,Independent,Tamil Nadu,1,0.00 Cr,555,1,0.05
Others,41,Latur,SUDHAKAR TUKARAM SURYAWANSHI,Independent,Maharashtra,1,0.00 Cr,620,1,0.05
Others,10,Chevella,SUDHAKAR VANAM,Marxist Communist Party of India (United),Telangana,,0.00 Cr,581,1,0.03
Others,27,Chikkballapur,SUDHAKAR. N,Independent,Karnataka,1,0.00 Cr,1591,1,0.1
Others,18,Chitradurga,SUDHAKARA .R,Independent,Karnataka,1,0.00 Cr,1211,1,0.09
Others,2,Kannur,SUDHAKARAN. K S/O. P GOPALAN,Independent,Kerala,1,0.00 Cr,896,1,0.08
Others,64,Gorakhpur,SUDHANSHU,Independent,Uttar Pradesh,1,0.00 Cr,2395,1,0.21
Others,8,RAIPUR,SUDHANSHU BHUSHAN,Independent,Chhattisgarh,1,0.00 Cr,414,1,0.03
Others,18,Bhubaneswar,SUDHANSU SEKHAR DAS,Independent,Odisha,1,0.00 Cr,1758,1,0.16
Others,15,Udupi Chikmagalur,SUDHEER KANCHAN MARAKALA,Independent,Karnataka,1,0.00 Cr,2286,1,0.19
Others,29,Nalanda,SUDHIR DAS,Independent,Bihar,1,0.00 Cr,6806,1,0.59
Others,29,Nalanda,SUDHIR KUMAR,Sanyukt Kisan Vikas Party,Bihar,,0.00 Cr,25291,1,2.21
Others,15,Muzaffarpur,SUDHIR KUMAR OJHA,Bhartiya Sarthak Party,Bihar,,0.00 Cr,2893,1,0.26
Others,4,Sheohar,SUDHIR KUMAR SINGH,Viro Ke Vir Indian Party,Bihar,,0.00 Cr,9102,1,0.86
Others,7,Ludhiana,SUDHIR KUMAR TRIPATHI,Independent,Punjab,1,0.00 Cr,770,1,0.07
Others,21,Nashik,SUDHIR SHRIDHAR DESHMUKH,Independent,Maharashtra,1,0.00 Cr,3167,1,0.26
Others,5,BILASPUR,SUDIEP SHRIVASTAVA,Hamar Raj Party,Chhattisgarh,,0.00 Cr,2312,1,0.17
Others,10,Chevella,SUGURU SRINIVAS,Jai Swaraj Party,Telangana,,0.00 Cr,1386,1,0.08
Others,33,Maval,SUHAS MANOHAR RANE,Independent,Maharashtra,1,0.00 Cr,2923,1,0.21
Others,12,Gadchiroli - Chimur,SUHAS UMESH KUMRE,Bhim Sena,Maharashtra,,0.00 Cr,2872,1,0.25
Others,8,Wardha,SUHAS V. THAKARE,Independent,Maharashtra,1,0.00 Cr,7648,1,0.7
Others,9,Amroha,SUHEL HAIDER,Akhil Bhartiya Parivar Party,Uttar Pradesh,,0.00 Cr,2504,1,0.23
Others,16,Dum dum,SUJAN CHAKRABORTY,Communist Party of India  (Marxist),West Bengal,,0.02 Cr,240784,1,19.11
Others,19,Joynagar,SUJAN SARDAR,Independent,West Bengal,1,0.00 Cr,10794,1,0.73
Others,14,Bangaon,SUJATA BAIRAGI,Independent,West Bengal,1,0.00 Cr,9653,1,0.65
Others,18,Chitradurga,SUJATHA .D.,Socialist Unity Centre Of India (COMMUNIST),Karnataka,,0.00 Cr,1014,1,0.07
Others,58,Shrawasti,SUJEET KUMAR,Independent,Uttar Pradesh,1,0.00 Cr,3946,1,0.38
Others,17,Gopalganj,SUJEET KUMAR RAM,Bahujan Samaj Party,Bihar,,0.00 Cr,29272,1,2.75
Others,40,Asansol,SUJIT PAL,Independent,West Bengal,1,0.00 Cr,4760,1,0.37
Others,80,Robertsganj,SUKALU,Independent,Uttar Pradesh,1,0.00 Cr,6712,1,0.66
Others,5,Mayurbhanj,SUKANTA HEMBRAM,Bharatiya Nyay-Adhikar Raksha Party,Odisha,,0.00 Cr,3656,1,0.31
Others,29,Arambagh,SUKANTA POREL,Socialist Unity Centre Of India (COMMUNIST),West Bengal,,0.00 Cr,1816,1,0.12
Others,11,KANKER,SUKCHAND NETAM,Gondvana Gantantra Party,Chhattisgarh,,0.00 Cr,8723,1,0.69
Others,34,Medinipur,SUKESH CHANDRA PALMAL,Independent,West Bengal,1,0.00 Cr,2762,1,0.19
Others,7,DURG,SUKHADEV TANDON,Rashtriya Jansabha Party,Chhattisgarh,,0.00 Cr,2617,1,0.17
Others,9,Faridkot,SUKHBIR SINGH BABBAL BHATTI,Rashtriya Republican Party,Punjab,,0.00 Cr,1530,1,0.15
Others,3,CHURU,SUKHDEV,Independent,Rajasthan,1,0.00 Cr,4559,1,0.32
Others,10,Firozpur,SUKHDEV SINGH,Independent,Punjab,1,0.00 Cr,4599,1,0.41
Others,3,SIRSA,SUKHDEV SINGH SANDHU,Independent,Haryana,1,0.00 Cr,999,1,0.07
Others,6,RAJNANDGAON,SUKHDEV SINHA,Independent,Chhattisgarh,1,0.00 Cr,8001,1,0.55
Others,9,SATNA,SUKHLAL VERMA RATNESH,Independent,Madhya Pradesh,1,0.00 Cr,1617,1,0.15
Others,9,MAHASAMUND,SUKHNANDAN  DESHKAR,Independent,Chhattisgarh,1,0.00 Cr,3555,1,0.27
Others,13,Patiala,SUKHVINDER SINGH,Independent,Punjab,1,0.00 Cr,2894,1,0.25
Others,11,Baghpat,SUKHVIR SINGH,Swatantra Jantaraj Party,Uttar Pradesh,,0.00 Cr,4099,1,0.44
Others,12,Sangrur,SUKHWINDER SINGH,Independent,Punjab,1,0.00 Cr,3225,1,0.32
Others,39,Bardhaman-Durgapur,SUKRITI GHOSAL,Communist Party of India  (Marxist),West Bengal,,0.02 Cr,153829,1,10.24
Others,1,Kasaragod,SUKUMARI M,Bahujan Samaj Party,Kerala,,0.00 Cr,1612,1,0.14
Others,23,Badaun,SULEMAN,Swaraj Bhartiya Nyay Party,Uttar Pradesh,,0.00 Cr,1240,1,0.11
Others,39,Beed,SULEMAN KHAIRODDIN MOHMMAD,Independent,Maharashtra,1,0.00 Cr,522,1,0.03
Others,22,Chamarajanagar,SUMA.S,Socialist Unity Centre Of India (COMMUNIST),Karnataka,,0.00 Cr,3826,1,0.28
Others,28,Kolar,SUMAN H N,Independent,Karnataka,1,0.00 Cr,6487,1,0.48
Others,21,Koraput,SUMAN KANTA,Naba Bharata Nirmana Seva Party,Odisha,,0.00 Cr,8396,1,0.73
Others,7,Jhanjharpur,SUMAN KUMAR MAHASETH,Vikassheel Insaan Party,Bihar,,0.03 Cr,348863,1,31.9
Others,25,Navsari,SUMANBEN  KHUSHWA (HANSIKA RAJPUT),Sardar Vallabhbhai Patel Party,Gujarat,,0.00 Cr,1426,1,0.11
Others,2,Sundargarh,SUMANTA KUMAR SORENG,National Apni Party,Odisha,,0.00 Cr,4052,1,0.35
Others,8,Jajpur,SUMANTA MALIK,Independent,Odisha,1,0.00 Cr,2301,1,0.2
Others,72,Ballia,SUMESHWAR,Independent,Uttar Pradesh,1,0.00 Cr,5056,1,0.5
Others,4,Chatra,SUMIT KUMAR YADAV,Samata Party,Jharkhand,,0.00 Cr,3516,1,0.32
Others,3,HAMIRPUR,SUMIT RANA,Akhil Bhartiya Parivar Party,Himachal Pradesh,,0.00 Cr,675,1,0.06
Others,30,Patna Sahib,SUMIT RANJAN SINHA,Akhand Bharat Janpriya Party,Bihar,,0.00 Cr,1716,1,0.16
Others,11,Bhandara Gondiya,SUMIT VIJAY PANDE,Independent,Maharashtra,1,0.00 Cr,3719,1,0.3
Others,14,Bangaon,SUMITA PODDAR,Independent,West Bengal,1,0.00 Cr,2354,1,0.16
Others,32,Arrah,SUMITRA DEVI,Jagrook Janta Party,Bihar,,0.00 Cr,1674,1,0.15
Others,24,RATLAM,SUMITRA MEDA,Independent,Madhya Pradesh,1,0.00 Cr,6930,1,0.45
Others,7,Amravati,SUMITRA SAHEBRAO GAIKWAD,Independent,Maharashtra,1,0.00 Cr,2690,1,0.23
Others,6,Anandpur Sahib,SUNAINA,Bhartiya Rashtriya Dal,Punjab,,0.00 Cr,1640,1,0.15
Others,4,HISAR,SUNAINA CHAUTALA,Indian National Lok Dal,Haryana,,0.00 Cr,22303,1,1.9
Others,7,Dhanbad,SUNAINA KINNAR,Independent,Jharkhand,1,0.00 Cr,3462,1,0.24
Others,10,Haveri,SUNANDA KARIYAPPA SHIRHATTI,Independent,Karnataka,1,0.00 Cr,4707,1,0.34
Others,5,Gulbarga,SUNDAR,Independent,Karnataka,1,0.00 Cr,3677,1,0.28
Others,10,BASTAR,SUNDAR BAGHEL,Independent,Chhattisgarh,1,0.00 Cr,14207,1,1.41
Others,27,Srerampur,SUNDAR PATRA,Independent,West Bengal,1,0.00 Cr,9902,1,0.67
Others,10,DHARMAPURI,SUNDHARAMOORTHY. M.,Independent,Tamil Nadu,1,0.00 Cr,800,1,0.06
Others,20,RAJGARH,SUNEEL BHEEL,Independent,Madhya Pradesh,1,0.00 Cr,2713,1,0.19
Others,29,BETUL,SUNER UIKEY,Gondvana Gantantra Party,Madhya Pradesh,,0.00 Cr,4186,1,0.3
Others,37,Aurangabad,SUNESH KUMAR,Bahujan Samaj Party,Bihar,,0.00 Cr,20309,1,2.15
Others,42,Kannauj,SUNIL,Bhartiya Shakti Chetna Party,Uttar Pradesh,,0.00 Cr,739,1,0.06
Others,63,Maharajganj,SUNIL,Independent,Uttar Pradesh,1,0.00 Cr,2718,1,0.22
Others,25,DHAR,SUNIL AJRAWAT,Independent,Madhya Pradesh,1,0.00 Cr,5408,1,0.38
Others,14,Kottayam,SUNIL ALANCHERIL,Independent,Kerala,1,0.00 Cr,527,1,0.06
Others,16,JODHPUR,SUNIL BHANDARI,Independent,Rajasthan,1,0.00 Cr,3238,1,0.23
Others,27,Mumbai North West,SUNIL BHIMA CHAVAN,Independent,Maharashtra,1,0.00 Cr,2002,1,0.21
Others,39,Pratapgarh,SUNIL CHANDRA PAL,Rashtra Uday Party,Uttar Pradesh,,0.00 Cr,3340,1,0.35
Others,15,Hingoli,SUNIL DASHARATH INGOLE,Bhim Sena,Maharashtra,,0.00 Cr,1028,1,0.09
Others,1,Chandigarh,SUNIL KUMAR,Independent,Chandigarh,1,0.00 Cr,321,1,0.07
Others,1,Chandni Chowk,SUNIL KUMAR,Independent,NCT OF Delhi,1,0.00 Cr,247,1,0.03
Others,1,Valmiki Nagar,SUNIL KUMAR,Janata Dal  (United),Bihar,,0.05 Cr,523422,1,47.5
Others,6,Anandpur Sahib,SUNIL KUMAR,Bhartiya Jan Samman Party,Punjab,,0.00 Cr,1977,1,0.18
Others,6,SONIPAT,SUNIL KUMAR,Rashtriya Garib Dal,Haryana,,0.00 Cr,467,1,0.04
Others,10,FARIDABAD,SUNIL KUMAR,Independent,Haryana,1,0.00 Cr,889,1,0.06
Others,54,Faizabad,SUNIL KUMAR BHATT,Independent,Uttar Pradesh,1,0.00 Cr,3827,1,0.34
Others,10,Bolangir,SUNIL KUMAR BHOI,Socialist Unity Centre Of India (COMMUNIST),Odisha,,0.00 Cr,10355,1,0.74
Others,33,Buxar,SUNIL KUMAR DUBY,Independent,Bihar,1,0.00 Cr,7759,1,0.72
Others,21,Mainpuri,SUNIL KUMAR MISHRA,Sarva Samaj Janata Party,Uttar Pradesh,,0.00 Cr,882,1,0.08
Others,39,Pratapgarh,SUNIL KUMAR MISHRA,Independent,Uttar Pradesh,1,0.00 Cr,1136,1,0.12
Others,16,JODHPUR,SUNIL KUMAR PAREEK,Independent,Rajasthan,1,0.00 Cr,7429,1,0.54
Others,51,Phulpur,SUNIL KUMAR PRAJAPATI,Bhagidari Party(P),Uttar Pradesh,,0.00 Cr,3047,1,0.3
Others,8,BHIWANI-MAHENDRAGARH,SUNIL KUMAR SHARMA,Bahujan Samaj Party,Haryana,,0.00 Cr,6336,1,0.54
Others,65,Kushi Nagar,SUNIL KUMAR SHUKLA,Bhartiya Lok Nayak Party,Uttar Pradesh,,0.00 Cr,3532,1,0.33
Others,31,Hardoi,SUNIL KUMAR VERMA,Independent,Uttar Pradesh,1,0.00 Cr,3821,1,0.35
Others,6,West Delhi,SUNIL MEGHWAL,Ambedkarite Party of India,NCT OF Delhi,,0.00 Cr,1876,1,0.12
Others,15,Hingoli,SUNIL MOTIRAM GAJBHAR,Independent,Maharashtra,1,0.00 Cr,3192,1,0.28
Others,41,Etawah,SUNIL SHANKWAR ADVOCATE,Independent,Uttar Pradesh,1,0.00 Cr,2963,1,0.29
Others,10,FARIDABAD,SUNIL TEWATIA,Indian National Lok Dal,Haryana,,0.00 Cr,8085,1,0.55
Others,1,Chandigarh,SUNIL THAMAN,Haryana Jansena Party,Chandigarh,,0.00 Cr,577,1,0.13
Others,11,SIDHI,SUNIL TIWARI,Independent,Madhya Pradesh,1,0.00 Cr,5699,1,0.5
Others,3,Muzaffarnagar,SUNIL TYAGI,Independent,Uttar Pradesh,1,0.00 Cr,7167,1,0.66
Others,9,Ramtek,SUNIL UTTAMRAO SALVE,Independent,Maharashtra,1,0.00 Cr,651,1,0.05
Others,10,Nagpur,SUNIL WANKHEDE,Rashtra Samarpan Party,Maharashtra,,0.00 Cr,322,1,0.03
Others,10,Thrissur,SUNILKUMAR SON OF PRABHAKARAN,Independent,Kerala,1,0.00 Cr,1952,1,0.18
Others,42,Solapur,SUNILKUMAR TUKARAM SHINDE,Independent,Maharashtra,1,0.00 Cr,1480,1,0.12
Others,2,North-East Delhi,SUNITA,Navarang Congress Party,NCT OF Delhi,,0.00 Cr,3518,1,0.23
Others,34,Mohanlalganj,SUNITA CHHEDA PASI,Aam Janta Party (India),Uttar Pradesh,,0.00 Cr,1749,1,0.13
Others,15,Muzaffarpur,SUNITA KUMARI,Bajjikanchal Vikas Party,Bihar,,0.00 Cr,4792,1,0.43
Others,35,Baramati,SUNITA PAWAR,Independent,Maharashtra,1,0.00 Cr,4151,1,0.29
Others,6,Giridih,SUNITA TUDU,Independent,Jharkhand,1,0.00 Cr,10944,1,0.87
Others,18,Kurnoolu,SUNKARA SREEDHAR,Jai Bharat National Party,Andhra Pradesh,,0.00 Cr,1163,1,0.09
Others,2,KURUKSHETRA,SUNNY KASHYAP TEORA,Independent,Haryana,1,0.00 Cr,576,1,0.05
Others,40,Asansol,SUNNY KUMAR SAH,Bahujan Samaj Party,West Bengal,,0.00 Cr,8575,1,0.66
Others,15,Kendrapara,SUPRAVA DAS,Akhil Bhartiya Parivar Party,Odisha,,0.00 Cr,1561,1,0.12
Others,17,Dakshina Kannada,SUPREETH KUMAR POOJARY  KATEEL,Independent,Karnataka,1,0.00 Cr,1901,1,0.13
Others,15,Udupi Chikmagalur,SUPREETH KUMAR POOJARY KATEEL,Janahitha Paksha,Karnataka,,0.00 Cr,690,1,0.06
Others,27,Srerampur,SUPRIYA BISWAS,Bahujan Samaj Party,West Bengal,,0.00 Cr,3589,1,0.24
Others,19,Attingal,SURABHI S,Bahujan Samaj Party,Kerala,,0.00 Cr,4524,1,0.46
Others,1,BARAMULLA,SURAIYA NISSAR,Independent,Jammu and Kashmir,1,0.00 Cr,21618,1,2.09
Others,10,Nagpur,SURAJ BALRAM MISHRA,Kunbi Bahujan Sawrajya Party,Maharashtra,,0.00 Cr,817,1,0.07
Others,24,RATLAM,SURAJ BHABHAR,Independent,Madhya Pradesh,1,0.00 Cr,10062,1,0.66
Others,36,Shirur,SURAJ CHANDRAKANT GAIKWAD,Independent,Maharashtra,1,0.00 Cr,938,1,0.07
Others,7,Amravati,SURAJ DHANRAJ NAGDVANE,Independent,Maharashtra,1,0.00 Cr,1818,1,0.15
Others,1,AMBALA,SURAJ KUMAR,Bahujan Mukti Party,Haryana,,0.00 Cr,1506,1,0.11
Others,34,Mohanlalganj,SURAJ KUMAR,Sardar Patel Siddhant Party,Uttar Pradesh,,0.00 Cr,1015,1,0.07
Others,3,Godda,SURAJ KUMAR AMAN,Bhagidari Party(P),Jharkhand,,0.00 Cr,3073,1,0.22
Others,28,Hooghly,SURAJIT HEMBRAM,Independent,West Bengal,1,0.00 Cr,9268,1,0.61
Others,36,Bankura,SURAJIT SINGH KURMALI,Independent,West Bengal,1,0.00 Cr,18569,1,1.28
Others,2,Dhubri,SURAT ZAMAN MONDAL,Socialist Unity Centre Of India (COMMUNIST),Assam,,0.00 Cr,4015,1,0.16
Others,4,HISAR,SURENDER,Independent,Haryana,1,0.00 Cr,308,1,0.03
Others,7,ROHTAK,SURENDER,Aam Aadmi Parivartan Party,Haryana,,0.00 Cr,470,1,0.04
Others,4,HISAR,SURENDER KUMAR,Independent,Haryana,1,0.00 Cr,326,1,0.03
Others,3,HAMIRPUR,SURENDER KUMAR GAUTAM,Independent,Himachal Pradesh,1,0.00 Cr,1410,1,0.13
Others,3,SIRSA,SURENDER KUMAR PHULAN,Independent,Haryana,1,0.00 Cr,617,1,0.05
Others,2,KURUKSHETRA,SURENDER SINGH,Independent,Haryana,1,0.00 Cr,1599,1,0.13
Others,6,SONIPAT,SURENDER SINGH,Independent,Haryana,1,0.00 Cr,296,1,0.03
Others,29,Nalanda,SURENDER SINGH,Independent,Bihar,1,0.00 Cr,3345,1,0.29
Others,15,Aligarh,SURENDRA,Moulik Adhikar Party,Uttar Pradesh,,0.00 Cr,1178,1,0.1
Others,19,Aurangabad,SURENDRA DIGAMBAR GAJBHARE,Independent,Maharashtra,1,0.00 Cr,10725,1,0.82
Others,37,Amethi,SURENDRA KUMAR,Independent,Uttar Pradesh,1,0.00 Cr,5699,1,0.58
Others,48,Banda,SURENDRA KUMAR,Swatantra Jantaraj Party,Uttar Pradesh,,0.00 Cr,4382,1,0.42
Others,5,Kodarma,SURENDRA KUMAR AGRAWAL,Independent,Jharkhand,1,0.00 Cr,9656,1,0.7
Others,24,Kolkata Uttar,SURENDRA KUMAR KABRA,Independent,West Bengal,1,0.00 Cr,1322,1,0.14
Others,21,Hajipur,SURENDRA KUMAR PASWAN,Independent,Bihar,1,0.00 Cr,17245,1,1.49
Others,38,Gaya,SURENDRA MANJHI,Rashtriya Jansambhavna Party,Bihar,,0.00 Cr,3035,1,0.31
Others,5,Nagina,SURENDRA PAL SINGH,Bahujan Samaj Party,Uttar Pradesh,,0.00 Cr,13272,1,1.33
Others,29,Nalanda,SURENDRA PRASAD,Al-Hind Party,Bihar,,0.00 Cr,18576,1,1.62
Others,17,Gopalganj,SURENDRA RAM,Bhartiya Rashtriya Dal,Bihar,,0.00 Cr,6712,1,0.63
Others,4,Nainital-Udhamsingh Nagar,SURENDRA SINGH,Bhartiya Shakti Chetna Party,Uttarakhand,,0.00 Cr,1673,1,0.13
Others,3,East Delhi,SURENDRA SINGH BASOYA,Peoples Party of India (Democratic),NCT OF Delhi,,0.00 Cr,399,1,0.03
Others,10,Bolangir,SURENDRA SINGH BHOI,Biju Janata Dal,Odisha,,0.05 Cr,485080,1,34.64
Others,13,AJMER,SURENDRA SINGH RANAVAT,Independent,Rajasthan,1,0.00 Cr,4373,1,0.36
Others,25,Thane,SURENDRAKUMAR K. JAIN,Independent,Maharashtra,1,0.00 Cr,440,1,0.03
Others,33,Jhargram,SURENDRANATH SING,Independent,West Bengal,1,0.00 Cr,10787,1,0.72
Others,9,Amroha,SURESH,Independent,Uttar Pradesh,1,0.00 Cr,2717,1,0.24
Others,34,VIRUDHUNAGAR,SURESH,Bahujan Samaj Party,Tamil Nadu,,0.00 Cr,2397,1,0.23
Others,38,TIRUNELVELI,SURESH,Independent,Tamil Nadu,1,0.00 Cr,788,1,0.07
Others,19,Aurangabad,SURESH ASARAM FULARE,Independent,Maharashtra,1,0.00 Cr,911,1,0.07
Others,25,Bangalore central,SURESH BABU. M. C,Uttama Prajaakeeya Party,Karnataka,,0.00 Cr,1739,1,0.13
Others,22,UJJAIN,SURESH BAGARI,Independent,Madhya Pradesh,1,0.00 Cr,2791,1,0.21
Others,5,SAGAR,SURESH BANSAL,Bhartiya Shakti Chetna Party,Madhya Pradesh,,0.00 Cr,1151,1,0.1
Others,21,Mainpuri,SURESH CHANDRA,Independent,Uttar Pradesh,1,0.00 Cr,2374,1,0.23
Others,45,Jalaun,SURESH CHANDRA GAUTAM,Bahujan Samaj Party,Uttar Pradesh,,0.01 Cr,100248,1,8.88
Others,18,Bhubaneswar,SURESH CHANDRA PANIGRAHY,Communist Party of India  (Marxist),Odisha,,0.00 Cr,4148,1,0.38
Others,17,Mathura,SURESH CHANDRA VAGHEL,Rashtriya Shoshit Samaj Party,Uttar Pradesh,,0.00 Cr,829,1,0.09
Others,34,Pune,SURESH DNYANOBA PATIL,Sainik Samaj Party,Maharashtra,,0.00 Cr,437,1,0.04
Others,46,Ratnagiri- Sindhudurg,SURESH GOVINDRAO SHINDE,Sainik Samaj Party,Maharashtra,,0.00 Cr,2247,1,0.25
Others,2,Dhule,SURESH JAGANNATH BRAHMANKAR (SURESH BAPU),Independent,Maharashtra,1,0.00 Cr,1038,1,0.09
Others,22,DINDIGUL,SURESH K,Independent,Tamil Nadu,1,0.00 Cr,1257,1,0.11
Others,4,SHIMLA,Suresh Kumar,Rashtriya Devbhumi Party,Himachal Pradesh,,0.00 Cr,4814,1,0.5
Others,5,North-West Delhi,Suresh Kumar,Peoples Party of India (Democratic),NCT OF Delhi,,0.00 Cr,2870,1,0.19
Others,47,HAMIRPUR,Suresh Kumar,Eklavya Samaj Party,Uttar Pradesh,,0.00 Cr,2181,1,0.2
Others,8,RAIPUR,SURESH KUMAR NETAM,Hamar Raj Party,Chhattisgarh,,0.00 Cr,3499,1,0.22
Others,20,COIMBATORE,SURESH M,Independent,Tamil Nadu,1,0.00 Cr,1474,1,0.11
Others,23,Bangalore Rural,SURESH M N,Independent,Karnataka,1,0.00 Cr,3236,1,0.17
Others,16,Mavelikkara,SURESH NOORANAD,Ambedkarite Party of India,Kerala,,0.00 Cr,1505,1,0.17
Others,5,Haridwar,SURESH PAL,Bhartiya Rashtriya Ekta Dal,Uttarakhand,,0.00 Cr,1162,1,0.09
Others,23,Bhiwandi,SURESH PANDAGALE,Apni Prajahit Party,Maharashtra,,0.00 Cr,2013,1,0.16
Others,5,SIKAR,SURESH PAREEK,Independent,Rajasthan,1,0.00 Cr,10021,1,0.77
Others,37,Aurangabad,SURESH PRASAD VERMA,Independent,Bihar,1,0.00 Cr,6711,1,0.71
Others,7,Amravati,SURESH PUNDLIK MESHRAM,Independent,Maharashtra,1,0.00 Cr,1052,1,0.09
Others,23,Bangalore Rural,SURESH S,Karunaadu Party,Karnataka,,0.00 Cr,798,1,0.04
Others,17,Mathura,SURESH SINGH,Bahujan Samaj Party,Uttar Pradesh,,0.02 Cr,188417,1,19.69
Others,23,Bhiwandi,SURESH SITARAM MHATRE,Independent,Maharashtra,1,0.00 Cr,707,1,0.06
Others,8,Koppal,SURESH. GOUDA MUNDINAMANE,Independent,Karnataka,1,0.00 Cr,4642,1,0.35
Others,13,VILUPPURAM,SURESH. K,Independent,Tamil Nadu,1,0.00 Cr,598,1,0.05
Others,13,VILUPPURAM,SURESH. S,Independent,Tamil Nadu,1,0.00 Cr,1397,1,0.12
Others,16,Anand,SURESHBHAI DHULABHAI PATEL,Bahujan Samaj Party,Gujarat,,0.00 Cr,5831,1,0.5
Others,35,Baramati,SURESHDADA BABURAO VIR,Independent,Maharashtra,1,0.00 Cr,1012,1,0.07
Others,2,Garhwal,SURESHI DEVI,Peoples Party of India (Democratic),Uttarakhand,,0.00 Cr,1512,1,0.21
Others,21,POLLACHI,SURESHKUMAR N,Naam Tamilar Katchi,Tamil Nadu,,0.01 Cr,58196,1,5.17
Others,13,Madhepura,SURESHWAR PODDAR,Aadarsh Mithila Party,Bihar,,0.00 Cr,15434,1,1.28
Others,10,Firozpur,SURINDER KAMBOJ,Bahujan Samaj Party,Punjab,,0.00 Cr,8433,1,0.75
Others,7,South Delhi,SURINDER KUMAR,Bharatheeya Jawan Kisan Party,NCT OF Delhi,,0.00 Cr,592,1,0.05
Others,10,Firozpur,SURINDER KUMAR BANSAL,Independent,Punjab,1,0.00 Cr,1540,1,0.14
Others,1,Gurdaspur,SURINDER SINGH,Independent,Punjab,1,0.00 Cr,1782,1,0.17
Others,5,JAMMU,SURINDER SINGH,Independent,Jammu and Kashmir,1,0.00 Cr,2226,1,0.17
Others,20,COIMBATORE,SURIYAKUMAR K,Independent,Tamil Nadu,1,0.00 Cr,447,1,0.03
Others,2,CHENNAI NORTH,SURIYAMUTHU,Independent,Tamil Nadu,1,0.00 Cr,978,1,0.11
Others,7,South Delhi,SURJEET SINGH,Delhi Janta Party,NCT OF Delhi,,0.00 Cr,638,1,0.05
Others,1,Gurdaspur,SURJIT SINGH,Independent,Punjab,1,0.00 Cr,3373,1,0.31
Others,3,Khadoor Sahib,SURJIT SINGH BHIKHIWIND,Independent,Punjab,1,0.00 Cr,2371,1,0.23
Others,72,Ballia,SURYA BALI PRASAD,Aazad Samaj Party (Kanshi Ram),Uttar Pradesh,,0.00 Cr,2148,1,0.21
Others,71,Salempur,SURYA PRAKASH GAUTAM,Sardar Patel Siddhant Party,Uttar Pradesh,,0.00 Cr,1785,1,0.19
Others,33,Jhargram,SURYA SINGH BESRA,Jharkhand People's Party,West Bengal,,0.00 Cr,19494,1,1.31
Others,16,Ongole,SURYA TEJA KOTA,Pyramid Party of India,Andhra Pradesh,,0.00 Cr,683,1,0.05
Others,6,KANCHEEPURAM,SURYA. A,Independent,Tamil Nadu,1,0.00 Cr,1702,1,0.14
Others,37,Ahmednagar,SURYABHAN (ALIAS SURESH) DATTATRAYA LAMBE,Independent,Maharashtra,1,0.00 Cr,2092,1,0.16
Others,6,Balasore,SURYAKANTA DASMOHAPATRA,Independent,Odisha,1,0.00 Cr,2161,1,0.17
Others,11,Bhandara Gondiya,SURYAKIRAN ISHWAR NANDAGAWALI,Independent,Maharashtra,1,0.00 Cr,1162,1,0.09
Others,30,Tamluk,SURYANEEL DAS,Independent,West Bengal,1,0.00 Cr,6014,1,0.38
Others,23,Kolkata Dakshin,SUSANTA MONDAL,Independent,West Bengal,1,0.00 Cr,2091,1,0.17
Others,21,Nashik,SUSHAMA ABHIJIT GORANE,Independent,Maharashtra,1,0.00 Cr,2260,1,0.18
Others,7,Amravati,SUSHAMA GAJANAN AWACHAR,Jay Vidarbha Party,Maharashtra,,0.00 Cr,659,1,0.06
Others,4,Keonjhar,SUSHANT KUMAR NAIK,Independent,Odisha,1,0.00 Cr,9044,1,0.72
Others,2,Dumka,SUSHANTI HEMBROM,Independent,Jharkhand,1,0.00 Cr,5152,1,0.44
Others,23,MANDSOUR,SUSHIL,Independent,Madhya Pradesh,1,0.00 Cr,3439,1,0.24
Others,78,Bhadohi,SUSHIL,All India Forward Bloc,Uttar Pradesh,,0.00 Cr,5261,1,0.48
Others,2,North-East Delhi,SUSHIL CHOUDHARY,Aapki Apni Party (Peoples),NCT OF Delhi,,0.00 Cr,2070,1,0.13
Others,36,Shirur,SUSHIL DNYANDEV KANSE,Independent,Maharashtra,1,0.00 Cr,1732,1,0.13
Others,34,Mohanlalganj,SUSHIL KUMAR,Independent,Uttar Pradesh,1,0.00 Cr,2627,1,0.19
Others,3,ANANTNAG-RAJOURI,SUSHIL KUMAR SHARMA,Independent,Jammu and Kashmir,1,0.00 Cr,9228,1,0.9
Others,26,Pilibhit,SUSHIL KUMAR SHUKLA,Independent,Uttar Pradesh,1,0.00 Cr,2727,1,0.23
Others,4,KORBA,SUSHIL KUMAR VISHWAKARMA,Bhartiya Janta Secular Party,Chhattisgarh,,0.00 Cr,1685,1,0.14
Others,33,Jhargram,SUSHIL MANDI,Socialist Unity Centre Of India (COMMUNIST),West Bengal,,0.00 Cr,2892,1,0.19
Others,10,Nagpur,SUSHIL PATIL,Independent,Maharashtra,1,0.00 Cr,237,1,0.02
Others,24,Kalyan,SUSHILA KASHINATH KAMBLE,Bahujan Samaj Party  (Ambedkar),Maharashtra,,0.00 Cr,1858,1,0.18
Others,16,Nanded,SUSHILA NILKANTHRAO PAWAR,Samnak Janta Party,Maharashtra,,0.00 Cr,1890,1,0.17
Others,1,Nandurbar,SUSHILKUMAR JAHANGIR PAWARA,Independent,Maharashtra,1,0.00 Cr,8887,1,0.64
Others,27,Mumbai North West,SUSHMA DAYANAND MEHTA,Independent,Maharashtra,1,0.00 Cr,882,1,0.09
Others,38,Gaya,SUSHMA KUMARI,Bahujan Samaj Party,Bihar,,0.00 Cr,12376,1,1.28
Others,68,Lalganj,SUSHMITA SAROJ,Independent,Uttar Pradesh,1,0.00 Cr,2626,1,0.26
Others,8,Maldaha Dakshin,SUSMITA DEY KARJEE,Bhartiya Lokmat Rashtrwadi Party,West Bengal,,0.00 Cr,3535,1,0.26
Others,35,Purulia,SUSMITA MAHATO,Socialist Unity Centre Of India (COMMUNIST),West Bengal,,0.00 Cr,6109,1,0.43
Others,15,SALEM,SUTHARSANAM S,Aravor Munnetra Kazhagam,Tamil Nadu,,0.00 Cr,1036,1,0.08
Others,44,Sangli,SUWARNATAI SUDHAKAR GAYAKWAD,Independent,Maharashtra,1,0.00 Cr,1937,1,0.17
Others,5,JAMMU,SWAMI DIVYA NAND,Jammu and Kashmir Nationalist People's Front,Jammu and Kashmir,,0.00 Cr,1620,1,0.12
Others,65,Kushi Nagar,SWAMI PRASAD MAURYA,Rashtriya Shoshit Samaj Party,Uttar Pradesh,,0.00 Cr,36575,1,3.39
Others,10,FARIDABAD,SWAMI RAJENDRA DEV JI,Independent,Haryana,1,0.00 Cr,663,1,0.05
Others,16,Dum dum,SWAMINATH KORI,Bahujan Samaj Party,West Bengal,,0.00 Cr,3766,1,0.3
Others,9,KRISHNAGIRI,SWAMINATHAN T G,Aravor Munnetra Kazhagam,Tamil Nadu,,0.00 Cr,1978,1,0.17
Others,24,Kolkata Uttar,SWAPAN DAS,Independent,West Bengal,1,0.00 Cr,1166,1,0.12
Others,5,Raiganj,SWAPAN KUMAR DAS,Bahujan Samaj Party,West Bengal,,0.00 Cr,4117,1,0.3
Others,10,Baharampur,SWAPAN KUMAR MANDAL,Independent,West Bengal,1,0.00 Cr,6396,1,0.46
Others,7,Maldaha Uttar,SWAPAN MAHATO,Independent,West Bengal,1,0.00 Cr,7237,1,0.51
Others,17,Barasat,SWAPAN MAJUMDAR,Independent,West Bengal,1,0.00 Cr,3085,1,0.2
Others,9,Dhenkanal,SWAPNA RANI JAMES,Utkal Samaj,Odisha,,0.00 Cr,1608,1,0.13
Others,36,Shirur,SWAPNIL DHANAJI LONDHE,Bhim Sena,Maharashtra,,0.00 Cr,914,1,0.07
Others,4,UDHAMPUR,SWARN VEER SINGH JARAL,Independent,Jammu and Kashmir,1,0.00 Cr,3088,1,0.28
Others,4,Darrang-Udalguri,SWARNA DEVI,Gana Suraksha Party,Assam,,0.00 Cr,11112,1,0.61
Others,13,JABALPUR,SWATANATRA SAMAJ SEVI VINAY CHAKRAVARTI,Independent,Madhya Pradesh,1,0.00 Cr,2491,1,0.22
Others,23,Thirupathi(SC),SYAMDHAN KURAPATI,Aihra National Party,Andhra Pradesh,,0.00 Cr,1568,1,0.11
Others,8,VELLORE,SYED ALI D,Independent,Tamil Nadu,1,0.00 Cr,2124,1,0.19
Others,1,BARAMULLA,SYED AMEER SUHAIL,Independent,Jammu and Kashmir,1,0.00 Cr,2417,1,0.23
Others,9,Hyderabad,SYED ANWAR,Independent,Telangana,1,0.00 Cr,251,1,0.02
Others,4,Nizamabad,SYED ASGAR,Independent,Telangana,1,0.00 Cr,1048,1,0.08
Others,25,Bangalore central,SYED ASIF BUKHARI,Independent,Karnataka,1,0.00 Cr,286,1,0.02
Others,8,Secunderabad,SYED KHADER,Independent,Telangana,1,0.00 Cr,133,1,0.01
Others,12,Vijayawada,SYED KHAMURUNNISA,Navarang Congress Party,Andhra Pradesh,,0.00 Cr,601,1,0.04
Others,39,Beed,SYED MINHAJ ALI,Independent,Maharashtra,1,0.00 Cr,310,1,0.02
Others,13,Davanagere,SYED ZABIULLA.K,Independent,Karnataka,1,0.00 Cr,844,1,0.06
Others,13,Guntur,SYED. SAIDA,Navarang Congress Party,Andhra Pradesh,,0.00 Cr,1222,1,0.09
Others,3,Vadakara,SYLAJA P,Independent,Kerala,1,0.00 Cr,326,1,0.03
Others,8,VELLORE,T JOHNSON,Independent,Tamil Nadu,1,0.00 Cr,174,1,0.02
Others,37,TENKASI,T MAHESHKUMAR,Bahujan Samaj Party,Tamil Nadu,,0.00 Cr,3554,1,0.34
Others,25,Chittoor(SC),T NARESH,Independent,Andhra Pradesh,1,0.00 Cr,534,1,0.04
Others,11,Chalakudy,T S CHANDRAN,Independent,Kerala,1,0.00 Cr,531,1,0.06
Others,20,Hindupur,T SUDHAKAR REDDY,Independent,Andhra Pradesh,1,0.00 Cr,1237,1,0.09
Others,17,ERODE,T V R AMIRTHALINGAM,Independent,Tamil Nadu,1,0.00 Cr,4149,1,0.38
Others,27,Chikkballapur,T VENKATA SIVUDU,Independent,Karnataka,1,0.00 Cr,440,1,0.03
Others,18,Kurnoolu,T. BEECHUPALLI,Independent,Andhra Pradesh,1,0.00 Cr,5127,1,0.39
Others,2,CHENNAI NORTH,T. KAVIYARASU,Independent,Tamil Nadu,1,0.00 Cr,252,1,0.03
Others,6,Malappuram,T. KRISHNAN,Bahujan Samaj Party,Kerala,,0.00 Cr,1417,1,0.13
Others,2,CHENNAI NORTH,T. MANOHARAN,Independent,Tamil Nadu,1,0.00 Cr,293,1,0.03
Others,5,Kozhikode,T. RAGHAVAN S/O VELLANKUTTY,Independent,Kerala,1,0.00 Cr,1018,1,0.09
Others,13,Davanagere,T.CHANDRU,Independent,Karnataka,1,0.00 Cr,3043,1,0.23
Others,5,Zahirabad,T.D.S. MANI,Dharma Samaj Party,Telangana,,0.00 Cr,1655,1,0.13
Others,13,Davanagere,T.JABEENA AAPA,Independent,Karnataka,1,0.00 Cr,5128,1,0.39
Others,25,Bangalore central,T.R. JAGANNATHA RAO,Bharatiya Prajagala Kalyana Paksha,Karnataka,,0.00 Cr,460,1,0.03
Others,27,Chikkballapur,T.R. NARAYANA RAO,Indian Labour Party (Ambedkar Phule),Karnataka,,0.00 Cr,762,1,0.05
Others,21,Chhota Udaipur,TADVI RANCHHODBHAI,Bharatiya Bahujan Congress,Gujarat,,0.00 Cr,8344,1,0.66
Others,2,Dhubri,TAHIDUR RAHMAN,Voters Party  International,Assam,,0.00 Cr,5392,1,0.22
Others,11,Dharwad,TAKAPPA YALLAPPA KALAL,Prahar Janshakti Party,Karnataka,,0.00 Cr,905,1,0.07
Others,22,Nellore,TALARI VENKATAIAH,Jaibhim Rao Bharat Party,Andhra Pradesh,,0.00 Cr,558,1,0.04
Others,2,Peddapalle,TALLAPALLY NARESH,Independent,Telangana,1,0.00 Cr,968,1,0.09
Others,2,Arunachal East,TAMAT GAMOH,Independent,Arunachal Pradesh,1,0.00 Cr,27603,1,8.53
Others,46,Ratnagiri- Sindhudurg,TAMBADE AMRUT ANANT (RAJAPURKAR),Independent,Maharashtra,1,0.00 Cr,5582,1,0.61
Others,16,NAMAKKAL,TAMILMANI A,Independent,Tamil Nadu,1,0.00 Cr,354,1,0.03
Others,16,NAMAKKAL,TAMILMANI S,All India Anna Dravida Munnetra Kazhagam,Tamil Nadu,,0.04 Cr,432924,1,37.77
Others,25,PERAMBALUR,TAMILSELVAN M,Independent,Tamil Nadu,1,0.00 Cr,878,1,0.08
Others,9,KRISHNAGIRI,TAMILSELVAN S,Bahujan Samaj Party,Tamil Nadu,,0.00 Cr,3698,1,0.32
Others,27,CHIDAMBARAM,TAMILVENDHAN P,Independent,Tamil Nadu,1,0.00 Cr,3062,1,0.26
Others,1,TIRUVALLUR,"Tamizhmadhi, D.",Bahujan Samaj Party,Tamil Nadu,,0.00 Cr,13810,1,0.97
Others,18,Jalna,TANAJI TUKARAM BHOJANE,Independent,Maharashtra,1,0.00 Cr,4948,1,0.36
Others,48,Hatkanangale,TANDALE LAXMAN SHIVAJI,Independent,Maharashtra,1,0.00 Cr,4789,1,0.37
Others,6,Kakinada,TANGELLA SRINIVASU,Jatiya Jana Sena Party,Andhra Pradesh,,0.00 Cr,6559,1,0.49
Others,1,Arunachal West,TANIA JUNE,Independent,Arunachal Pradesh,1,0.00 Cr,1958,1,0.49
Others,10,Haveri,TANU CHIKKANNA YADAV,Karnataka Rashtra Samithi,Karnataka,,0.00 Cr,636,1,0.05
Others,22,Jadavpur,TANUSHREE MONDAL,Independent,West Bengal,1,0.00 Cr,2427,1,0.15
Others,5,Raiganj,TAPAN BARMAN,Jai Prakash Janata Dal,West Bengal,,0.00 Cr,1251,1,0.09
Others,20,Vadodara,TAPAN DASGUPTA,Socialist Unity Centre Of India (COMMUNIST),Gujarat,,0.00 Cr,1275,1,0.11
Others,17,Barasat,TAPAS BANERJEE,All India Secular Front,West Bengal,,0.01 Cr,121440,1,7.92
Others,25,Howrah,TAPAS BARUI,Independent,West Bengal,1,0.00 Cr,641,1,0.05
Others,23,Bhiwandi,TARA PINTYA WAGHE,Independent,Maharashtra,1,0.00 Cr,6908,1,0.55
Others,36,Bankura,TARA SHANKAR GOPE,Socialist Unity Centre Of India (COMMUNIST),West Bengal,,0.00 Cr,5529,1,0.38
Others,7,Amravati,TARA SURESH WANKHADE,Independent,Maharashtra,1,0.00 Cr,527,1,0.04
Others,5,Gulbarga,TARABAI BHOVI,Independent,Karnataka,1,0.00 Cr,1550,1,0.12
Others,4,Jalandhar,TARACHAND SHEELA,Loktantrik Lok Rajyam Party,Punjab,,0.00 Cr,401,1,0.04
Others,17,BARMER,TARARAM MEHNA,Independent,Rajasthan,1,0.00 Cr,49957,1,2.96
Others,14,Bhongir,TARIGOPPULA MAHENDER,Social Justice Party of India,Telangana,,0.00 Cr,3089,1,0.22
Others,18,Kurnoolu,TARIGOPULA RAJABABU,All Peoples Party,Andhra Pradesh,,0.00 Cr,1033,1,0.08
Others,1,Gurdaspur,TARSEM MASIH SAHOTA,Independent,Punjab,1,0.00 Cr,885,1,0.08
Others,24,KOTA,TARUN GOCHAR,Right to Recall Party,Rajasthan,,0.00 Cr,1000,1,0.07
Others,7,DAMOH,TARVAR SINGH LODHI,Independent,Madhya Pradesh,1,0.00 Cr,1094,1,0.1
Others,39,Bardhaman-Durgapur,TASBIRUL ISLAM,Socialist Unity Centre Of India (COMMUNIST),West Bengal,,0.00 Cr,3469,1,0.23
Others,13,Davanagere,TASLIM BANU,Independent,Karnataka,1,0.00 Cr,4141,1,0.31
Others,18,Panchmahal,TASLIM MOHAMMEDRAFIK DURVESH,Independent,Gujarat,1,0.00 Cr,3065,1,0.27
Others,1,Saharanpur,TASMEEM BANO,Independent,Uttar Pradesh,1,0.00 Cr,885,1,0.07
Others,39,Beed,TATE MAHENDRA ASHOK,Ambedkarist Republican Party,Maharashtra,,0.00 Cr,533,1,0.04
Others,8,Sambhal,TAUFIK AHAMAD,Independent,Uttar Pradesh,1,0.00 Cr,723,1,0.06
Others,1,Arunachal West,TECHI RANA,Independent,Arunachal Pradesh,1,0.00 Cr,33314,1,8.33
Others,26,Bangalore South,TEJASWINI DHANANJAY,Independent,Karnataka,1,0.00 Cr,1150,1,0.09
Others,17,Khammam,TEJAVATH JOGRAM NAIK,Independent,Telangana,1,0.00 Cr,919,1,0.07
Others,10,Nagpur,TEKRAJ BELKHODE,Independent,Maharashtra,1,0.00 Cr,808,1,0.07
Others,13,Guntur,TENALI PRAKASH,Bahujan Samaj Party,Andhra Pradesh,,0.00 Cr,4272,1,0.3
Others,11,KANKER,THAKESH MAHLA,Bhartiya Shakti Chetna Party,Chhattisgarh,,0.00 Cr,4222,1,0.33
Others,5,Sabarkantha,THAKOR INDIRABEN JITENDRASINH,Insaniyat Party,Gujarat,,0.00 Cr,1436,1,0.11
Others,6,Gandhinagar,THAKOR JITENDRASINH JASHAVANTSINH,Insaniyat Party,Gujarat,,0.00 Cr,2009,1,0.15
Others,3,Patan,THAKOR KISHANBHAI KALUBHAI,Independent,Gujarat,1,0.00 Cr,2916,1,0.24
Others,36,Rae Bareli,THAKUR PRASAD YADAV,Bahujan Samaj Party,Uttar Pradesh,,0.00 Cr,21624,1,2.08
Others,38,TIRUNELVELI,THALAPATHY MURUGAN M,Independent,Tamil Nadu,1,0.00 Cr,917,1,0.09
Others,13,Nalgonda,THALARI RAMBABU,Dharma Samaj Party,Telangana,,0.00 Cr,5122,1,0.4
Others,7,Malkajgiri,THALLADA VENKATESWARLU,Independent,Telangana,1,0.00 Cr,6800,1,0.35
Others,15,Warangal,THALLAPALLY VENKATAIAH,Independent,Telangana,1,0.00 Cr,538,1,0.04
Others,17,Khammam,THAMBALLA RAVI,Independent,Telangana,1,0.00 Cr,508,1,0.04
Others,15,Warangal,THANDRA ESHWAR,Independent,Telangana,1,0.00 Cr,1292,1,0.1
Others,26,CUDDALORE,THANGA MURUGAN,Desiya Makkal Sakthi Katchi,Tamil Nadu,,0.00 Cr,1036,1,0.1
Others,25,PERAMBALUR,THANGAMANI K,Independent,Tamil Nadu,1,0.00 Cr,873,1,0.08
Others,11,TIRUVANNAMALAI,"THANGARAJ,  P.",Independent,Tamil Nadu,1,0.00 Cr,295,1,0.03
Others,10,DHARMAPURI,THANGAVEL. K.,Dhesiya Makkal Kazhagam,Tamil Nadu,,0.00 Cr,7331,1,0.59
Others,23,KARUR,THANGAVEL. L,All India Anna Dravida Munnetra Kazhagam,Tamil Nadu,,0.04 Cr,368090,1,32.52
Others,26,CUDDALORE,THANKAR BACHAN,Pattali Makkal Katchi,Tamil Nadu,,0.02 Cr,205244,1,19.9
Others,15,Warangal,THATIKAYALA SATHISH BABU,Independent,Telangana,1,0.00 Cr,384,1,0.03
Others,25,PERAMBALUR,THENMOZHI R,Naam Tamilar Katchi,Tamil Nadu,,0.01 Cr,113092,1,10.02
Others,33,THENI,THIAGARAJAN O V,Independent,Tamil Nadu,1,0.00 Cr,932,1,0.08
Others,22,DINDIGUL,THILGABAMA M,Pattali Makkal Katchi,Tamil Nadu,,0.01 Cr,112503,1,9.79
Others,31,SIVAGANGA,THILLAIVASAGAM   M,Vidiyalai Thedum Indhiyargal Party,Tamil Nadu,,0.00 Cr,1073,1,0.1
Others,28,Kolar,THIMMARAYAPPA,Republican Party of India (Karnataka),Karnataka,,0.00 Cr,864,1,0.06
Others,23,KARUR,THIRUGNANAM. M,Independent,Tamil Nadu,1,0.00 Cr,258,1,0.02
Others,10,DHARMAPURI,THIRUMURUGAN. P.,Independent,Tamil Nadu,1,0.00 Cr,5671,1,0.45
Others,16,NAMAKKAL,THIYAGARAJAN R,Samaniya Makkal Nala Katchi,Tamil Nadu,,0.00 Cr,528,1,0.05
Others,25,Chittoor(SC),THOGURU VIJAYA KUMAR,Bahujan Samaj Party,Andhra Pradesh,,0.00 Cr,13511,1,0.95
Others,14,Narsaraopet,THOKALA NAGA RAJU,All India Forward Bloc,Andhra Pradesh,,0.00 Cr,285,1,0.02
Others,1,North Goa,THOMAS AUGUSTINE FERNANDES,Independent,Goa,1,0.00 Cr,759,1,0.17
Others,14,Kottayam,THOMAS CHAZHIKADAN,Kerala Congress  (M),Kerala,,0.03 Cr,277365,1,33.17
Others,4,Visakhapatnam,THOTA VENKATA SAI MUKUND,Praja Prasthanam Party,Andhra Pradesh,,0.00 Cr,633,1,0.05
Others,10,Chevella,THOTLA RAGHAVENDER MUDIRAJ,Dharma Samaj Party,Telangana,,0.00 Cr,1648,1,0.1
Others,6,Malappuram,THRISSUR NAZEER,Independent,Kerala,1,0.00 Cr,484,1,0.04
Others,14,Kottayam,THUSHAR VELLAPPALLY,Bharath Dharma Jana Sena,Kerala,,0.02 Cr,165046,1,19.74
Others,10,BASTAR,TIKAM NAGWANSHI,Gondvana Gantantra Party,Chhattisgarh,,0.00 Cr,3042,1,0.3
Others,18,JALORE,TIKMA RAM BHATI,Bheem Tribal Congress,Rajasthan,,0.00 Cr,1660,1,0.11
Others,2,Srikakulam,TILAK PERADA,Yuvajana Sramika Rythu Congress Party,Andhra Pradesh,,0.04 Cr,426427,1,34.51
Others,1,Gurdaspur,TILAK RAJ,Independent,Punjab,1,0.00 Cr,805,1,0.07
Others,11,KANKER,TILAK RAM MARKAM,Bahujan Samaj Party,Chhattisgarh,,0.00 Cr,11770,1,0.93
Others,21,Nashik,TILOTTAMA SUNIL JAGTAP,Independent,Maharashtra,1,0.00 Cr,656,1,0.05
Others,28,MAYILADUTHURAI,TIMOTHY T,Independent,Tamil Nadu,1,0.00 Cr,1175,1,0.11
Others,26,Bangalore South,TINTISHA HEMACHANDRA SAGAR,Independent,Karnataka,1,0.00 Cr,1968,1,0.16
Others,3,Godda,TIPLAL SAH,Lokhit Adhikar Party,Jharkhand,,0.00 Cr,1770,1,0.13
Others,44,Sangli,TIPUSULATAN SIKANDAR PATAVEGAR,Bahujan Samaj Party,Maharashtra,,0.00 Cr,5560,1,0.48
Others,1,Arunachal West,TOKO SHEETAL,Gana Suraksha Party,Arunachal Pradesh,,0.00 Cr,30530,1,7.64
Others,5,SAGAR,TOSHMANI PANTHI (KANNA),Independent,Madhya Pradesh,1,0.00 Cr,1299,1,0.11
Others,44,Sangli,TOUHID ILAHI MOMIN,Independent,Maharashtra,1,0.00 Cr,1460,1,0.12
Others,19,Aurangabad,TRIBHUVAN MADHUKAR PADMAKAR,Independent,Maharashtra,1,0.00 Cr,593,1,0.05
Others,19,Maharajganj,TRIBHUWAN RAM,Peoples Party of India (Democratic),Bihar,,0.00 Cr,14838,1,1.46
Others,7,Dhanbad,TRIDEV KR MAHTO,Independent,Jharkhand,1,0.00 Cr,1144,1,0.08
Others,16,Dum dum,TRIDIB BHUNIA,Independent,West Bengal,1,0.00 Cr,772,1,0.06
Others,10,Kaziranga,TRIDIV JYOTI BHUYAN,Independent,Assam,1,0.00 Cr,8128,1,0.5
Others,7,JAIPUR,TRILOK TIWARI,Rashtriya Samta Vikas Party,Rajasthan,,0.00 Cr,351,1,0.02
Others,12,Nabarangpur,TRINATH MUNDAGUDIA,Socialist Unity Centre Of India (COMMUNIST),Odisha,,0.00 Cr,20559,1,1.65
Others,1,Kokrajhar,TRIPTINA RABHA,Independent,Assam,1,0.00 Cr,4540,1,0.37
Others,15,Hingoli,TRISHALA MILIND KAMBLE,Bahujan Samaj Party  (Ambedkar),Maharashtra,,0.00 Cr,2150,1,0.19
Others,6,RAJNANDGAON,TRIVENI PADOTI,Independent,Chhattisgarh,1,0.00 Cr,1613,1,0.11
Others,33,THENI,TTV DHINAKARAN,Amma Makkal Munnettra Kazagam,Tamil Nadu,,0.03 Cr,292668,1,25.65
Others,1,North Goa,TUKARAM BHARAT PARAB,Revolutionary Goans Party,Goa,,0.00 Cr,45693,1,10.02
Others,36,Shirur,TUKARAM NAMDEO DAPHAL,Sainik Samaj Party,Maharashtra,,0.00 Cr,882,1,0.06
Others,18,Chitradurga,TULASI.H,Independent,Karnataka,1,0.00 Cr,1082,1,0.08
Others,20,Dindori,TULSHIRAM CHIMAN KHOTARE,Bahujan Samaj Party,Maharashtra,,0.00 Cr,9654,1,0.78
Others,7,Dhanbad,TULSI MAHTO,Independent,Jharkhand,1,0.00 Cr,5375,1,0.38
Others,11,Bhandara Gondiya,TULSIRAM URKUDA GEDAM,Independent,Maharashtra,1,0.00 Cr,842,1,0.07
Others,33,Maval,TUSHAR DIGAMBAR LONDHE,Bahujan Bharat Party,Maharashtra,,0.00 Cr,2203,1,0.16
Others,45,Satara,TUSHAR VIJAY MOTLING,Bahujan Mukti Party,Maharashtra,,0.00 Cr,1301,1,0.11
Others,4,Nizamabad,TUTUKURU JEEVAN REDDY,Independent,Telangana,1,0.00 Cr,4091,1,0.33
Others,18,Kollam,TWINKLE PRABHAKARAN,Socialist Unity Centre Of India (COMMUNIST),Kerala,,0.00 Cr,708,1,0.08
Others,16,Ongole,U MADHU BABU,Independent,Andhra Pradesh,1,0.00 Cr,1008,1,0.07
Others,17,Nandyal,U P MUNI REDDY,Independent,Andhra Pradesh,1,0.00 Cr,376,1,0.03
Others,2,CHENNAI NORTH,U. VENKATESH,Independent,Tamil Nadu,1,0.00 Cr,714,1,0.08
Others,19,Ananthapur,U.C.VENKATASUBBAIAH,Jaathia Chethi Vruthula Ikya Vedika Party,Andhra Pradesh,,0.00 Cr,2540,1,0.18
Others,13,Madhepura,UCHESHWAR PANDIT,Samajhdar Party,Bihar,,0.00 Cr,11149,1,0.92
Others,14,Bhongir,UDARI MALLESH,Independent,Telangana,1,0.00 Cr,406,1,0.03
Others,6,Kakinada,UDAY,Navarang Congress Party,Andhra Pradesh,,0.00 Cr,15703,1,1.18
Others,2,RAIGARH,UDAY KUMAR RATHIA,Independent,Chhattisgarh,1,0.00 Cr,2129,1,0.15
Others,6,Madhubani,UDAY MANDAL,Samata Party,Bihar,,0.00 Cr,2007,1,0.2
Others,3,Godda,UDAY SHANKAR KHAWARE,Independent,Jharkhand,1,0.00 Cr,26837,1,1.92
Others,15,Barrackpur,UDAY VEER CHOUDHURY,Independent,West Bengal,1,0.00 Cr,757,1,0.07
Others,22,Etah,UDAY VEER SINGH,Peoples Party of India (Democratic),Uttar Pradesh,,0.00 Cr,992,1,0.1
Others,4,CHENNAI CENTRAL,UDAYA KUMAR.V,Independent,Tamil Nadu,1,0.00 Cr,382,1,0.05
Others,24,Bangalore North,UDAYA SHANKAR.G,Prahar Janshakti Party,Karnataka,,0.00 Cr,2678,1,0.15
Others,37,Amethi,UDAYRAJ,Independent,Uttar Pradesh,1,0.00 Cr,1305,1,0.13
Others,38,Sultanpur,UDAYRAJ VERMA,Independent,Uttar Pradesh,1,0.00 Cr,2909,1,0.28
Others,5,Buldhana,UDDHAV ONKAR ATOLE,Independent,Maharashtra,1,0.00 Cr,1968,1,0.18
Others,24,RATLAM,UDESINGH MACHAR,Republican Party of India (A),Madhya Pradesh,,0.00 Cr,3796,1,0.25
Others,7,ROHTAK,UDEVIR,Independent,Haryana,1,0.00 Cr,1532,1,0.12
Others,11,TIRUVANNAMALAI,"UDHAYAKUMAR, P.S.",Independent,Tamil Nadu,1,0.00 Cr,1251,1,0.11
Others,38,Sultanpur,UDRAJ VERMA,Bahujan Samaj Party,Uttar Pradesh,,0.02 Cr,163025,1,15.78
Others,42,Solapur,UGHADE VIJAYKUMAR BHAGWAN,Independent,Maharashtra,1,0.00 Cr,833,1,0.07
Others,34,Sasaram,UJARAN MUSAHAR,Jan Janwadi Party,Bihar,,0.00 Cr,2620,1,0.24
Others,6,Akola,UJWALA VINAYAK RAUT,Independent,Maharashtra,1,0.00 Cr,1306,1,0.11
Others,17,Khammam,ULLENGALA YADAGIRI,Independent,Telangana,1,0.00 Cr,6064,1,0.48
Others,6,West Delhi,UMA SHANKAR TIWARI,Bhartiya Mahasangh Party,NCT OF Delhi,,0.00 Cr,758,1,0.05
Others,36,Jahanabad,UMA SHANKAR VERMA,Socialist Unity Centre Of India (COMMUNIST),Bihar,,0.00 Cr,2524,1,0.27
Others,25,Bangalore central,UMA. V.,Independent,Karnataka,1,0.00 Cr,827,1,0.06
Others,9,Narsapuram,UMABALA GUDURI,Yuvajana Sramika Rythu Congress Party,Andhra Pradesh,,0.04 Cr,430541,1,34.98
Others,23,KARUR,UMADEVI. S,Independent,Tamil Nadu,1,0.00 Cr,453,1,0.04
Others,6,Gandhinagar,UMADIYA ALIBHAI RAJABHAI,Independent,Gujarat,1,0.00 Cr,1009,1,0.08
Others,40,Osmanabad,UMAJI PANDURANG GAIKWAD,Independent,Maharashtra,1,0.00 Cr,3095,1,0.24
Others,16,CHHINDWARA,UMAKANT BANDEWAR,Bahujan Samaj Party,Madhya Pradesh,,0.00 Cr,11823,1,0.91
Others,33,Maval,UMAKANT RAMESHWAR MISHRA,Independent,Maharashtra,1,0.00 Cr,5030,1,0.35
Others,27,Banka,UMAKANT YADAV,Independent,Bihar,1,0.00 Cr,4941,1,0.49
Others,11,Kalahandi,UMAKANTA TANDI,Independent,Odisha,1,0.00 Cr,9194,1,0.69
Others,13,Guntur,UMAR BHASHA SHAIK,Jana Sahayaka Sakthi,Andhra Pradesh,,0.00 Cr,1275,1,0.09
Others,11,Mahbubnagar,UMASHANKAR NEMMIKANTI,Independent,Telangana,1,0.00 Cr,2214,1,0.18
Others,37,Ahmednagar,UMASHANKAR SHYAMBABU YADAV,Bahujan Samaj Party,Maharashtra,,0.00 Cr,4539,1,0.34
Others,33,Unnao,UMESH,Independent,Uttar Pradesh,1,0.00 Cr,5635,1,0.43
Others,41,Latur,UMESH AMBADAS KAMBLE,Independent,Maharashtra,1,0.00 Cr,1691,1,0.14
Others,6,West Delhi,UMESH CHAUHAN,Rashtriya Rashtrawadi Party,NCT OF Delhi,,0.00 Cr,614,1,0.04
Others,2,BHIND,UMESH GARG,Independent,Madhya Pradesh,1,0.00 Cr,5072,1,0.48
Others,6,SONIPAT,UMESH KUMAR,Bahujan Samaj Party,Haryana,,0.00 Cr,12822,1,1.14
Others,10,Firozpur,UMESH KUMAR,Independent,Punjab,1,0.00 Cr,1320,1,0.12
Others,5,Haridwar,UMESH KUMAR PATRAKAR,Independent,Uttarakhand,1,0.01 Cr,91188,1,7
Others,75,Ghazipur,UMESH KUMAR SINGH,Bahujan Samaj Party,Uttar Pradesh,,0.02 Cr,164964,1,14.31
Others,5,Sitamarhi,UMESH KUMAR YADAV,Independent,Bihar,1,0.00 Cr,2128,1,0.19
Others,35,Baramati,UMESH MAHADEV MHETRE,Independent,Maharashtra,1,0.00 Cr,808,1,0.06
Others,36,Shirur,UMESH MAHADEV MHETRE,Independent,Maharashtra,1,0.00 Cr,3499,1,0.25
Others,7,Dhanbad,UMESH PASWAN,Independent,Jharkhand,1,0.00 Cr,2560,1,0.18
Others,1,Daman & Diu,UMESH PATEL,Navsarjan Bharat Party,Dadra & Nagar Haveli and Daman & Diu,,0.00 Cr,545,1,0.59
Others,8,Supaul,UMESH PRASAD SAH,Jai Hind Party,Bihar,,0.00 Cr,13014,1,1.06
Others,26,Bhagalpur,UMESH PRASAD YADAV,Peoples Party of India (Democratic),Bihar,,0.00 Cr,5126,1,0.48
Others,9,Ramtek,UMESH RAJU  KHADSE,Rashtra Samarpan Party,Maharashtra,,0.00 Cr,1229,1,0.1
Others,1,Chandni Chowk,UMESH RATHOR,Atulya Bharat Party,NCT OF Delhi,,0.00 Cr,1617,1,0.17
Others,8,Wardha,UMESH SOMAJI WAWARE,Maharashtra Vikas Aghadi,Maharashtra,,0.00 Cr,1246,1,0.11
Others,26,Valsad,UMESHBHAI MAGANBHAI PATEL,Bahujan Republican  Socialist Party,Gujarat,,0.00 Cr,2832,1,0.21
Others,4,New Delhi,UPEN‍DRA,Anjaan Aadmi Party,NCT OF Delhi,,0.00 Cr,781,1,0.09
Others,35,Karakat,UPENDRA KUSHWAHA,Rashtriya Lok Morcha,Bihar,,0.03 Cr,253876,1,24.61
Others,2,Paschim Champaran,UPENDRA RAM,Bahujan Samaj Party,Bihar,,0.00 Cr,10962,1,1.01
Others,4,Sheohar,UPENDRA SAHANI,Rashtriya Jansambhavna Party,Bihar,,0.00 Cr,6338,1,0.6
Others,5,Sitamarhi,UPENDRA SAHANI,Rashtriya Jansambhavna Party,Bihar,,0.00 Cr,8454,1,0.77
Others,20,Firozabad,UPENDRA SINGH,Bharatiya Kisan Parivartan Party,Uttar Pradesh,,0.00 Cr,7119,1,0.64
Others,17,Kheda,UPENDRAKUMAR VALLAVBHAI PATEL,Independent,Gujarat,1,0.00 Cr,2715,1,0.23
Others,17,Nandyal,UPPU SUBBARAYUDU,Jaathia Chethi Vruthula Ikya Vedika Party,Andhra Pradesh,,0.00 Cr,791,1,0.06
Others,74,Machhlishahr,URMILA,Samaj Parivartan Party,Uttar Pradesh,,0.00 Cr,5303,1,0.5
Others,1,SURGUJA,URMILA SINGH,Independent,Chhattisgarh,1,0.00 Cr,5784,1,0.4
Others,18,Kurnoolu,URUKUNDU VADDE,Independent,Andhra Pradesh,1,0.00 Cr,1295,1,0.1
Others,1,Andaman & Nicobar Islands,USHA KUMARI,Independent,Andaman & Nicobar Islands,1,0.00 Cr,380,1,0.19
Others,6,Giridih,USHA SINGH,Independent,Jharkhand,1,0.00 Cr,3761,1,0.3
Others,16,NAMAKKAL,UTHAYAKUMAR P,Independent,Tamil Nadu,1,0.00 Cr,1901,1,0.17
Others,38,Shirdi,UTKARSHA PREMANAND RUPWATE,Vanchit Bahujan  Aaghadi,Maharashtra,,0.01 Cr,90929,1,8.58
Others,31,Kanthi,UTTAM BARIK SON OF LATE NARAYAN BARIK,Independent,West Bengal,1,0.00 Cr,1998,1,0.13
Others,25,Howrah,UTTAM CHATTERJEE,Socialist Unity Centre Of India (COMMUNIST),West Bengal,,0.00 Cr,2325,1,0.18
Others,25,Thane,UTTAM KISANRAO TIRPUDE,Peoples Party of India (Democratic),Maharashtra,,0.00 Cr,1354,1,0.1
Others,27,Banka,UTTAM KUMAR SINGH,Aam Janta Party Rashtriya,Bihar,,0.00 Cr,6911,1,0.68
Others,14,Yavatmal- Washim,UTTAM ONKAR INGOLE,Peoples Party of India (Democratic),Maharashtra,,0.00 Cr,2975,1,0.24
Others,8,Secunderabad,UTTAM PRAVEEN KUMAR,Independent,Telangana,1,0.00 Cr,274,1,0.03
Others,7,ARAKKONAM,V BABU,United Republican Party of India,Tamil Nadu,,0.00 Cr,1366,1,0.12
Others,20,Berhampur,V CHANDRA SHEKHAR,Independent,Odisha,1,0.00 Cr,8379,1,0.8
Others,19,Attingal,V JOY,Communist Party of India  (Marxist),Kerala,,0.03 Cr,327367,1,33.22
Others,8,VELLORE,V KALIAPERUMAL,Ganasangam Party of India,Tamil Nadu,,0.00 Cr,600,1,0.05
Others,7,ARAKKONAM,V KRISHNANANDAN,Anna MGR Dravida Makkal Kalgam,Tamil Nadu,,0.00 Cr,582,1,0.05
Others,17,Nandyal,V MADHUSUDHANA REDDY,Independent,Andhra Pradesh,1,0.00 Cr,401,1,0.03
Others,5,SRIPERUMBUDUR,V N VENUGOPAL,Tamil Maanila Congress  (Moopanar),Tamil Nadu,,0.02 Cr,210110,1,14.58
Others,14,Kottayam,V P KOCHUMON,Socialist Unity Centre Of India (COMMUNIST),Kerala,,0.00 Cr,1595,1,0.19
Others,1,PUDUCHERRY,V P MANICKAM,Independent,Puducherry,1,0.00 Cr,244,1,0.03
Others,10,Chevella,V PANDU,Independent,Telangana,1,0.00 Cr,1075,1,0.06
Others,5,SRIPERUMBUDUR,V RAVICHANDRAN,Naam Tamilar Katchi,Tamil Nadu,,0.01 Cr,140233,1,9.73
Others,5,SRIPERUMBUDUR,V SUDHAVALLI,Aravor Munnetra Kazhagam,Tamil Nadu,,0.00 Cr,3694,1,0.26
Others,7,ARAKKONAM,V VINAYAGAM,Independent,Tamil Nadu,1,0.00 Cr,729,1,0.06
Others,26,CUDDALORE,V. DAKSHANAAMURTHY,Independent,Tamil Nadu,1,0.00 Cr,1286,1,0.12
Others,8,Secunderabad,V. K. VIJAYA LAKSHMI,Independent,Telangana,1,0.00 Cr,216,1,0.02
Others,26,CUDDALORE,V. MANIVASAGAN,Naam Tamilar Katchi,Tamil Nadu,,0.01 Cr,57424,1,5.57
Others,14,Bhongir,V. SADANANDA REDDY,People Protection Party,Telangana,,0.00 Cr,1737,1,0.12
Others,6,Malappuram,V. VASEEF,Communist Party of India  (Marxist),Kerala,,0.03 Cr,343888,1,31.69
Others,23,Thirupathi(SC),V.C. NAVEEN GUPTA,Independent,Andhra Pradesh,1,0.00 Cr,1731,1,0.13
Others,1,Andaman & Nicobar Islands,V.K. ABDUL AZIZ,Independent,Andaman & Nicobar Islands,1,0.00 Cr,2203,1,1.09
Others,2,CHENNAI NORTH,V.MADHAN MOHAN,Independent,Tamil Nadu,1,0.00 Cr,163,1,0.02
Others,19,Ananthapur,V.MURALI PRASAD REDDY,Independent,Andhra Pradesh,1,0.00 Cr,5778,1,0.4
Others,27,Chikkballapur,V.N. NARASIMHAMURTHY VADIGERE,Independent,Karnataka,1,0.00 Cr,1218,1,0.08
Others,4,Visakhapatnam,V.N. SATYA NARAYANA,Rashtriya Praja Congress  (Secular),Andhra Pradesh,,0.00 Cr,2537,1,0.18
Others,3,CHENNAI SOUTH,V.P. RAVIKKARAN,Independent,Tamil Nadu,1,0.00 Cr,373,1,0.03
Others,3,CHENNAI SOUTH,V.P.SURESH,Independent,Tamil Nadu,1,0.00 Cr,289,1,0.03
Others,26,Bangalore South,V.RAJKUMAR VCK,Independent,Karnataka,1,0.00 Cr,740,1,0.06
Others,9,Hyderabad,V.SHANKER,Yuva Taram Party,Telangana,,0.00 Cr,276,1,0.03
Others,3,CHENNAI SOUTH,V.SIVAKUMAR,Independent,Tamil Nadu,1,0.00 Cr,217,1,0.02
Others,26,CUDDALORE,V.THANIGAISELVAN,Bahujan Samaj Party,Tamil Nadu,,0.00 Cr,3971,1,0.38
Others,4,CHENNAI CENTRAL,V.V.TAMILARASAN,Independent,Tamil Nadu,1,0.00 Cr,389,1,0.05
Others,2,Srikakulam,VABA YOGESWARA RAO,Independent,Andhra Pradesh,1,0.00 Cr,3598,1,0.29
Others,39,Beed,VACHISHT UDDHAV KUTE,Independent,Maharashtra,1,0.00 Cr,414,1,0.03
Others,7,Amalapuram (SC),VADDI LALITH KUMAR,Independent,Andhra Pradesh,1,0.00 Cr,2977,1,0.23
Others,4,Visakhapatnam,VADDI. HARI GANESH,Independent,Andhra Pradesh,1,0.00 Cr,520,1,0.04
Others,13,Junagadh,VADHER DANSING CHINABHAI,Independent,Gujarat,1,0.00 Cr,5189,1,0.49
Others,2,Kannur,VADI HAREENDRAN,Independent,Kerala,1,0.00 Cr,343,1,0.03
Others,19,Ananthapur,VADLA KESAVAIAH,Independent,Andhra Pradesh,1,0.00 Cr,1494,1,0.1
Others,12,Nagarkurnool,VAGGU VINAY,Vidhyarthula Rajakiya Party,Telangana,,0.00 Cr,770,1,0.06
Others,6,Madhubani,VAIDYANATH YADAV,Peoples Party of India (Democratic),Bihar,,0.00 Cr,4983,1,0.48
Others,7,Malkajgiri,VAISHNAVI PRASAD,Independent,Telangana,1,0.00 Cr,1912,1,0.1
Others,27,Chikkballapur,VALASAPALLI UTAPPA,Independent,Karnataka,1,0.00 Cr,2162,1,0.14
Others,43,Kanpur,VALENDRA KATIYAR,Socialist Unity Centre Of India (COMMUNIST),Uttar Pradesh,,0.00 Cr,270,1,0.03
Others,11,Machilipatnam,VALLABHANENI NAGA PAVAN KUMAR,Independent,Andhra Pradesh,1,0.00 Cr,5220,1,0.4
Others,18,Kurnoolu,VALMIKI ARJUNA,Bharatha Chaitanya Yuvajana Party,Andhra Pradesh,,0.00 Cr,1390,1,0.1
Others,9,Bellary,VALMIKI KRISHNAPPA,Bahujan Samaj Party,Karnataka,,0.00 Cr,5911,1,0.43
Others,21,Nashik,VAMAN MAHADEV SANGALE,Dharmarajya Paksha,Maharashtra,,0.00 Cr,3861,1,0.31
Others,1,Kachchh,VANAZARA HIRABEN DALPATBHAI,Independent,Gujarat,1,0.00 Cr,5151,1,0.47
Others,32,Misrikh,VANDNA  VERMA,Naari Nar Rakshak Party,Uttar Pradesh,,0.00 Cr,1912,1,0.18
Others,9,GURGAON,VANDNA GULIYA,Right to Recall Party,Haryana,,0.00 Cr,1000,1,0.06
Others,3,Vizianagaram,VANGAPANDU MAHESWARA RAO,Naba Bharata Nirmana Seva Party,Andhra Pradesh,,0.00 Cr,1553,1,0.12
Others,13,Chandrapur,VANITA JITENDRA RAUT,Akhil Bharatiya Manavata Paksha,Maharashtra,,0.00 Cr,1057,1,0.09
Others,5,Anakapalle,VANKAYALA RAMACHANDRA RAO,Independent,Andhra Pradesh,1,0.00 Cr,4002,1,0.3
Others,13,Guntur,VANKAYALAPATI VENKATA SIVA RAMANJANEYULU,Independent,Andhra Pradesh,1,0.00 Cr,268,1,0.02
Others,16,Mahabubabad,VANKUDOTHU RAVI KUMAR (RAVANNA),Telangana Jaghir Party,Telangana,,0.00 Cr,1125,1,0.1
Others,23,KARUR,VARADAN. M,Independent,Tamil Nadu,1,0.00 Cr,429,1,0.04
Others,14,Bhongir,VARIKUPPALA. KRISHNA VADDERA,Independent,Telangana,1,0.00 Cr,1366,1,0.1
Others,8,BHIWANI-MAHENDRAGARH,VARSHA,Independent,Haryana,1,0.00 Cr,1053,1,0.09
Others,7,Amravati,VARSHA BHAGAWANTRAO BHAGAT,Independent,Maharashtra,1,0.00 Cr,443,1,0.04
Others,2,KURUKSHETRA,VARUN GUPTA,Independent,Haryana,1,0.00 Cr,1134,1,0.09
Others,17,Khammam,VASAM RAMAKRISHNA DORA,Independent,Telangana,1,0.00 Cr,6215,1,0.5
Others,34,Pune,VASANT (TATYA) MORE,Vanchit Bahujan  Aaghadi,Maharashtra,,0.00 Cr,32012,1,2.9
Others,15,Hingoli,VASANT KISAN PAIKRAO,Independent,Maharashtra,1,0.00 Cr,593,1,0.05
Others,4,Raver,VASANT SHANKAR KOLTE,Independent,Maharashtra,1,0.00 Cr,6718,1,0.57
Others,25,Bangalore central,VASANTH KUMAR ERAPPA,Independent,Karnataka,1,0.00 Cr,439,1,0.03
Others,33,THENI,VASANTHA SARAVANAN,Independent,Tamil Nadu,1,0.00 Cr,805,1,0.07
Others,21,POLLACHI,VASANTHAKUMAR T,Independent,Tamil Nadu,1,0.00 Cr,2190,1,0.19
Others,5,Buldhana,VASANTRAO RAJARAM MAGAR,Vanchit Bahujan  Aaghadi,Maharashtra,,0.01 Cr,98441,1,8.87
Others,22,Bharuch,VASAVA CHETANBHAI KANJIBHAI,Bahujan Samaj Party,Gujarat,,0.00 Cr,6324,1,0.53
Others,23,Bangalore Rural,VASIST J,Country Citizen Party,Karnataka,,0.00 Cr,584,1,0.03
Others,29,Arambagh,VASKAR MALIK,Independent,West Bengal,1,0.00 Cr,3665,1,0.24
Others,13,Nalgonda,VASKULA MATTAIAH,Marxist Communist Party of India (United),Telangana,,0.00 Cr,1040,1,0.08
Others,25,PERAMBALUR,VASUDEVAN A,Independent,Tamil Nadu,1,0.00 Cr,1362,1,0.12
Others,4,Visakhapatnam,VASUPILLI SURESH,Independent,Andhra Pradesh,1,0.00 Cr,1933,1,0.14
Others,26,Bangalore South,VATAL NAGARAJ,Kannada Chalavali Vatal Paksha,Karnataka,,0.00 Cr,1867,1,0.15
Others,12,Ernakulam,VAYALAR JAYAKUMAR,Bahujan Samaj Party,Kerala,,0.00 Cr,1498,1,0.16
Others,15,Alappuzha,VAYALAR RAJEEVAN,Bahujan Dravida Party,Kerala,,0.00 Cr,675,1,0.06
Others,8,BHIWANI-MAHENDRAGARH,VED PRAKASH,Independent,Haryana,1,0.00 Cr,1900,1,0.16
Others,19,Fatehpur Sikri,VED PRAKASH,Rashtriya Jansanchar Dal,Uttar Pradesh,,0.00 Cr,1038,1,0.1
Others,28,MAYILADUTHURAI,VEDARETHINAM S,Anna MGR Dravida Makkal Kalgam,Tamil Nadu,,0.00 Cr,782,1,0.07
Others,34,VIRUDHUNAGAR,VEDHA @  DHAMODHARAN,Independent,Tamil Nadu,1,0.00 Cr,600,1,0.06
Others,5,BILASPUR,VEDMANI SINGH KSHATRIYA (THAKUR),Independent,Chhattisgarh,1,0.00 Cr,1163,1,0.09
Others,65,Kushi Nagar,VEDPRAKASH MISHRA,Subhashwadi Bhartiya Samajwadi Party (Subhas Party),Uttar Pradesh,,0.00 Cr,2335,1,0.22
Others,7,DAMOH,VEDRAM KURMI,Independent,Madhya Pradesh,1,0.00 Cr,4057,1,0.37
Others,8,Ahmedabad West,VEDUBHAI KAUTIKBHAI SIRASAT,Jan Sewa Driver Party,Gujarat,,0.00 Cr,1221,1,0.13
Others,25,PERAMBALUR,VEERAMALAI K,Independent,Tamil Nadu,1,0.00 Cr,451,1,0.04
Others,9,KRISHNAGIRI,VEERASAMY C,Independent,Tamil Nadu,1,0.00 Cr,660,1,0.06
Others,9,Bellary,VEERESH,Independent,Karnataka,1,0.00 Cr,1870,1,0.13
Others,13,Davanagere,VEERESH.S (LION VEERESH),Rani Chennamma Party,Karnataka,,0.00 Cr,458,1,0.03
Others,8,Secunderabad,VELAMARTHI. RAVI KIRAN,Independent,Telangana,1,0.00 Cr,124,1,0.01
Others,32,MADURAI,VELMURUGAN A,Bharatiya Praja Aikyata Party,Tamil Nadu,,0.00 Cr,6009,1,0.61
Others,20,COIMBATORE,VELMURUGAN K,Bahujan Samaj Party,Tamil Nadu,,0.00 Cr,2375,1,0.17
Others,3,Vizianagaram,VELURI VENKATA TRINADHARAO,Independent,Andhra Pradesh,1,0.00 Cr,4152,1,0.32
Others,18,TIRUPPUR,"VELUSAMY, A.",Independent,Tamil Nadu,1,0.00 Cr,7125,1,0.62
Others,4,Nizamabad,VEMULAA VIKRAM REDDY,Independent,Telangana,1,0.00 Cr,2074,1,0.17
Others,39,KANNIYAKUMARI,VENKADESH S C,Independent,Tamil Nadu,1,0.00 Cr,188,1,0.02
Others,12,Vijayawada,VENKATA ASHOK PAPPURI,Independent,Andhra Pradesh,1,0.00 Cr,6672,1,0.49
Others,11,Mahbubnagar,VENKATA RAMANA,Independent,Telangana,1,0.00 Cr,353,1,0.03
Others,3,Karimnagar,VENKATANARSAIAH DYAGALA @ DEGALA,Independent,Telangana,1,0.00 Cr,928,1,0.07
Others,32,MADURAI,VENKATESAN M,Independent,Tamil Nadu,1,0.00 Cr,2505,1,0.25
Others,32,MADURAI,VENKATESAN S,Communist Party of India  (Marxist),Tamil Nadu,,0.04 Cr,430323,1,43.6
Others,6,KANCHEEPURAM,VENKATESAN. K,Independent,Tamil Nadu,1,0.00 Cr,2807,1,0.22
Others,6,Medak,VENKATESH BEJUGAM,Independent,Telangana,1,0.00 Cr,1264,1,0.09
Others,11,Dharwad,VENKATESH PRASAD. H,Indian Labour Party (Ambedkar Phule),Karnataka,,0.00 Cr,337,1,0.02
Others,32,MADURAI,VENKATESH S,Independent,Tamil Nadu,1,0.00 Cr,1046,1,0.11
Others,9,KRISHNAGIRI,VENKATESHKUMAR M,Independent,Tamil Nadu,1,0.00 Cr,1590,1,0.14
Others,27,Chikkballapur,VENKATESHMURTHY.V,Uttama Prajaakeeya Party,Karnataka,,0.00 Cr,2020,1,0.13
Others,34,VIRUDHUNAGAR,VENKATESWARAN V K,Independent,Tamil Nadu,1,0.00 Cr,1247,1,0.12
Others,11,Mahbubnagar,VENKATESWARLU TALLADA,Alliance of Democratic Reforms Party,Telangana,,0.00 Cr,6379,1,0.52
Others,14,KALLAKURICHI,VENKATRAMAN J,Naadaalum Makkal Katchi,Tamil Nadu,,0.00 Cr,691,1,0.06
Others,16,NAMAKKAL,VENNILA S,Independent,Tamil Nadu,1,0.00 Cr,528,1,0.05
Others,21,Kadapa,VENU GOPAL RACHINENI,Rashtriya Praja Congress  (Secular),Andhra Pradesh,,0.00 Cr,3570,1,0.27
Others,4,Visakhapatnam,VENU MADHAV KARRI,Independent,Andhra Pradesh,1,0.00 Cr,647,1,0.05
Others,2,Peddapalle,VENUGOPAL MOYYI,Bahujan Mukti Party,Telangana,,0.00 Cr,5223,1,0.48
Others,22,Nellore,VENUMBAKA VIJAYASAI REDDY,Yuvajana Sramika Rythu Congress Party,Andhra Pradesh,,0.05 Cr,520300,1,37.82
Others,1,Tehri Garhwal,VEPIN KUMAR AGGARWAL,Independent,Uttarakhand,1,0.00 Cr,3216,1,0.37
Others,16,Ongole,VESHAPOGU GURAVABABU,Independent,Andhra Pradesh,1,0.00 Cr,461,1,0.03
Others,27,CHIDAMBARAM,VETTRIVEL G,Independent,Tamil Nadu,1,0.00 Cr,2041,1,0.17
Others,22,Etah,VIABHAV MISHRA,Bhartiya Shakti Chetna Party,Uttar Pradesh,,0.00 Cr,747,1,0.07
Others,5,JAMMU,VICKY KUMAR DOGRA,Independent,Jammu and Kashmir,1,0.00 Cr,1165,1,0.09
Others,9,KRISHNAGIRI,VIDHYA RANI,Naam Tamilar Katchi,Tamil Nadu,,0.01 Cr,107083,1,9.18
Others,30,Mumbai South Central,VIDHYASAGAR ALIAS SURESH BHIMRAO VIDHYAGAR,Bahujan Samaj Party,Maharashtra,,0.00 Cr,6532,1,0.82
Others,3,JANJGIR-CHAMPA,VIDYA DEVI SONI,Independent,Chhattisgarh,1,0.00 Cr,4881,1,0.35
Others,28,Mumbai North East,VIDYA NAIK,Independent,Maharashtra,1,0.00 Cr,979,1,0.11
Others,7,Jhanjharpur,VIDYA NAND RAM,Wazib Adhikar Party,Bihar,,0.00 Cr,10862,1,0.99
Others,23,Samastipur,VIDYA NAND RAM,Wazib Adhikar Party,Bihar,,0.00 Cr,3112,1,0.28
Others,40,Farrukhabad,VIDYAPRAKASH,Bharatheeya Jawan Kisan Party,Uttar Pradesh,,0.00 Cr,1467,1,0.14
Others,13,Chandrapur,VIDYASAGAR KALIDAS KASARLAWAR,Bhim Sena,Maharashtra,,0.00 Cr,1426,1,0.11
Others,30,Sitapur,VIDYAWATI GAUTAM,Independent,Uttar Pradesh,1,0.00 Cr,4194,1,0.38
Others,15,SALEM,VIGNESH M,Independent,Tamil Nadu,1,0.00 Cr,328,1,0.03
Others,15,SALEM,VIGNESH P,All India Anna Dravida Munnetra Kazhagam,Tamil Nadu,,0.05 Cr,495728,1,37.99
Others,35,RAMANATHAPURAM,VIGNESH V,Independent,Tamil Nadu,1,0.00 Cr,652,1,0.06
Others,13,VILUPPURAM,VIGNESVARAN. R,Independent,Tamil Nadu,1,0.00 Cr,1656,1,0.14
Others,70,Ghosi,VIJAY,Socialist Unity Centre Of India (COMMUNIST),Uttar Pradesh,,0.00 Cr,2241,1,0.19
Others,17,Parbhani,VIJAY ANNASAHEB THOMBARE,Independent,Maharashtra,1,0.00 Cr,1959,1,0.15
Others,5,North-West Delhi,VIJAY BAUDDH,Bahujan Samaj Party,NCT OF Delhi,,0.00 Cr,11997,1,0.81
Others,1,Kachchh,VIJAY BHACHRA,Bahujan Samaj Party,Gujarat,,0.00 Cr,6111,1,0.56
Others,15,Hingoli,VIJAY DNYANBA RAUT,Independent,Maharashtra,1,0.00 Cr,1126,1,0.1
Others,8,Wardha,VIJAY DNYANESHWARRAO  SHRIRAO,Independent,Maharashtra,1,0.00 Cr,1738,1,0.16
Others,25,Thane,VIJAY DNYANOBA GHATE,Republican Bahujan Sena,Maharashtra,,0.00 Cr,1887,1,0.14
Others,5,Gulbarga,VIJAY JADHAV,Karnataka Rashtra Samithi,Karnataka,,0.00 Cr,560,1,0.04
Others,9,GURGAON,VIJAY KHATANA,Bahujan Samaj Party,Haryana,,0.00 Cr,8946,1,0.56
Others,3,Khadoor Sahib,VIJAY KUMAR,Independent,Punjab,1,0.00 Cr,1388,1,0.13
Others,5,BILASPUR,VIJAY KUMAR,Independent,Chhattisgarh,1,0.00 Cr,1626,1,0.12
Others,5,Haridwar,VIJAY KUMAR,Independent,Uttarakhand,1,0.00 Cr,2410,1,0.19
Others,69,Azamgarh,VIJAY KUMAR,Independent,Uttar Pradesh,1,0.00 Cr,1735,1,0.16
Others,23,Thirupathi(SC),VIJAY KUMAR G.SRKR,Liberation Congress Party,Andhra Pradesh,,0.00 Cr,4302,1,0.31
Others,2,North-East Delhi,VIJAY KUMAR JHA,Independent,NCT OF Delhi,1,0.00 Cr,491,1,0.03
Others,3,JANJGIR-CHAMPA,VIJAY KUMAR KURRE,Rashtriya Jansabha Party,Chhattisgarh,,0.00 Cr,983,1,0.07
Others,15,Udupi Chikmagalur,VIJAY KUMAR M. G,Independent,Karnataka,1,0.00 Cr,956,1,0.08
Others,7,Jhanjharpur,VIJAY KUMAR MANDAL,Socialist Unity Centre Of India (COMMUNIST),Bihar,,0.00 Cr,8577,1,0.78
Others,3,Purvi Champaran,VIJAY KUMAR SAHANI,Rashtriya Jansambhavna Party,Bihar,,0.00 Cr,8185,1,0.76
Others,23,BHILWARA,VIJAY KUMAR SONI,Bhartiya Garib Vikas Kalyan Party,Rajasthan,,0.00 Cr,1347,1,0.1
Others,29,Dhaurahra,VIJAY KUMAR TIWARI,Independent,Uttar Pradesh,1,0.00 Cr,2017,1,0.18
Others,35,Baramati,VIJAY LAXMAN GHAVALE,Independent,Maharashtra,1,0.00 Cr,620,1,0.04
Others,10,Nagpur,VIJAY MANKAR,Ambedkarite Party of India,Maharashtra,,0.00 Cr,610,1,0.05
Others,34,Pune,VIJAY PANDURANGRAO DESHMUKH (DABADGAONKAR),Independent,Maharashtra,1,0.00 Cr,185,1,0.02
Others,15,Hingoli,VIJAY RAMJI GABHANE,Communist Party of India  (Marxist),Maharashtra,,0.00 Cr,14644,1,1.26
Others,4,Raver,VIJAY RAMKRUSHNA KALE,Bahujan Samaj Party,Maharashtra,,0.00 Cr,7577,1,0.65
Others,23,MANDSOUR,VIJAY RANN,Independent,Madhya Pradesh,1,0.00 Cr,2323,1,0.16
Others,2,Belgaum,VIJAY S METHRANI,Independent,Karnataka,1,0.00 Cr,2808,1,0.2
Others,4,HISAR,VIJAY SINGH,Independent,Haryana,1,0.00 Cr,272,1,0.02
Others,39,Pratapgarh,VIJAY SINGH,Sanatan Sanskriti Raksha Dal,Uttar Pradesh,,0.00 Cr,2459,1,0.26
Others,12,Sangrur,VIJAY SYAL,Independent,Punjab,1,0.00 Cr,1145,1,0.11
Others,34,Pune,VIJAY VINAYAK JAGTAP,Independent,Maharashtra,1,0.00 Cr,382,1,0.03
Others,9,GURGAON,VIJAY YADAV,Jan Sewak Kranti Party,Haryana,,0.00 Cr,1120,1,0.07
Others,11,Mahbubnagar,VIJAYA,Independent,Telangana,1,0.00 Cr,596,1,0.05
Others,18,Kurnoolu,VIJAYA BHASKAR .REDDYPOGU,Independent,Andhra Pradesh,1,0.00 Cr,3508,1,0.26
Others,17,Nandyal,VIJAYA BHASKAR REDDYPOGU,Independent,Andhra Pradesh,1,0.00 Cr,641,1,0.05
Others,23,Thirupathi(SC),VIJAYA KUMAR.G,Independent,Andhra Pradesh,1,0.00 Cr,801,1,0.06
Others,5,Anakapalle,VIJAYA LAKSHMI KARRI,Pyramid Party of India,Andhra Pradesh,,0.00 Cr,1591,1,0.12
Others,22,Palghar,VIJAYA RAJKUMAR MHATRE,Vanchit Bahujan  Aaghadi,Maharashtra,,0.00 Cr,10936,1,0.79
Others,19,NILGIRIS,VIJAYAKUMAR D,Independent,Tamil Nadu,1,0.00 Cr,4808,1,0.47
Others,9,KRISHNAGIRI,VIJAYAKUMAR K P,Anaithu India Makkal Katchi,Tamil Nadu,,0.00 Cr,937,1,0.08
Others,11,TIRUVANNAMALAI,"VIJAYAKUMAR,  S.",Independent,Tamil Nadu,1,0.00 Cr,934,1,0.08
Others,24,TIRUCHIRAPPALLI,VIJAYAKUMAR. P,Independent,Tamil Nadu,1,0.00 Cr,802,1,0.08
Others,34,Pune,VIJAYALAXMI SHRIKANT SINDAGI,Rashtriya Maratha Party,Maharashtra,,0.00 Cr,240,1,0.02
Others,39,KANNIYAKUMARI,VIJAYAN G,Bahujan Samaj Party,Tamil Nadu,,0.00 Cr,1623,1,0.16
Others,7,ARAKKONAM,VIJAYAN K,All India Jananayaka Makkal Kazhagam,Tamil Nadu,,0.00 Cr,633,1,0.05
Others,33,THENI,VIJAYAN K,Independent,Tamil Nadu,1,0.00 Cr,667,1,0.06
Others,13,VILUPPURAM,VIJAYAN. A,Independent,Tamil Nadu,1,0.00 Cr,861,1,0.07
Others,34,VIRUDHUNAGAR,VIJAYAPRABHAKARAN V,Desiya Murpokku Dravida Kazhagam,Tamil Nadu,,0.04 Cr,380877,1,35.87
Others,29,NAGAPATTINAM,VIJAYARAGAVAN N,Independent,Tamil Nadu,1,0.00 Cr,3102,1,0.32
Others,36,THOOTHUKKUDI,VIJAYASEELAN SDR,Tamil Maanila Congress  (Moopanar),Tamil Nadu,,0.01 Cr,122380,1,12.51
Others,15,Muzaffarpur,VIJAYESH KUMAR,Bahujan Samaj Party,Bihar,,0.00 Cr,6547,1,0.59
Others,18,Siwan,VIJAYLAKSHMI DEVI,Janata Dal  (United),Bihar,,0.04 Cr,386508,1,38.73
Others,3,JANJGIR-CHAMPA,VIJAYLAXMI SURYAWANSHI NAT,Asankhya Samaj Party,Chhattisgarh,,0.00 Cr,1422,1,0.1
Others,35,Baramati,VIJAYPRAKASH ANANT KONDEKAR,Independent,Maharashtra,1,0.00 Cr,301,1,0.02
Others,5,Sabarkantha,VIJAYSINH NAVALSINH CHAUHAN,Independent,Gujarat,1,0.00 Cr,6721,1,0.53
Others,12,Jamnagar,VIJAYSINH PRAVINSINH JADEJA,Independent,Gujarat,1,0.00 Cr,4834,1,0.46
Others,5,SIKAR,VIJENDER MAHARIA,Bharatiya Yuva Jan Ekta Party,Rajasthan,,0.00 Cr,1451,1,0.11
Others,4,Bijnor,VIJENDER SINGH,Bahujan Samaj Party,Uttar Pradesh,,0.02 Cr,218986,1,21.38
Others,12,TONK-SAWAI MADHOPUR,VIJENDRA,Aazad Samaj Party (Kanshi Ram),Rajasthan,,0.00 Cr,2697,1,0.22
Others,4,Sheohar,VIJENDRA THAKUR,Bahujan Samaj Party,Bihar,,0.00 Cr,8888,1,0.84
Others,3,CHENNAI SOUTH,VIJIRATHINAM. M,Independent,Tamil Nadu,1,0.00 Cr,237,1,0.02
Others,14,Kottayam,VIJU CHERIAN,Bahujan Samaj Party,Kerala,,0.00 Cr,7223,1,0.86
Others,5,Buldhana,VIKAS BHAI NANDAVE,Bhim Sena,Maharashtra,,0.00 Cr,2331,1,0.21
Others,18,Jalna,VIKAS CHHAGAN LAHANE,Independent,Maharashtra,1,0.00 Cr,644,1,0.05
Others,41,Latur,VIKAS KONDIBA SHINDE,Maharashtra Vikas Aghadi,Maharashtra,,0.00 Cr,801,1,0.06
Others,2,Kairana,VIKAS KUMAR,Independent,Uttar Pradesh,1,0.00 Cr,1100,1,0.1
Others,7,DURG,VIKAS SHARMA,Lokshahi Ekta Party,Chhattisgarh,,0.00 Cr,798,1,0.05
Others,13,Chandrapur,VIKAS UTTAMRAO LASANTE,Sanman Rajkiya Paksha,Maharashtra,,0.00 Cr,1520,1,0.12
Others,35,Karakat,VIKASH VINAYAK,Jan Janwadi Party,Bihar,,0.00 Cr,7664,1,0.74
Others,16,Vaishali,VIKKY KUMAR,Independent,Bihar,1,0.00 Cr,34256,1,2.92
Others,2,Kairana,VIKRAM SAINI,Akhand Bharat Swatantra Party,Uttar Pradesh,,0.00 Cr,780,1,0.07
Others,2,Kairana,VIKRAM SINGH,Independent,Uttar Pradesh,1,0.00 Cr,900,1,0.08
Others,10,KARAULI-DHOLPUR,VIKRAM SINGH,Bahujan Samaj Party,Rajasthan,,0.00 Cr,14112,1,1.43
Others,25,DHAR,VIKRAM VASUNIYA,Janata Congress,Madhya Pradesh,,0.00 Cr,3475,1,0.24
Others,3,Khadoor Sahib,VIKRAMJIT SINGH,Independent,Punjab,1,0.00 Cr,1420,1,0.14
Others,5,BILASPUR,VIKRAMPRASAD JOGI,Independent,Chhattisgarh,1,0.00 Cr,2862,1,0.21
Others,4,Chatra,VIKRANT KUMAR SINGH,Independent,Jharkhand,1,0.00 Cr,2289,1,0.21
Others,11,Bhandara Gondiya,VILAS BABURAO LENDE,Lok Swarajya Party,Maharashtra,,0.00 Cr,1649,1,0.13
Others,40,Osmanabad,VILAS BHAGWAT GHADGE,Independent,Maharashtra,1,0.00 Cr,610,1,0.05
Others,9,Ramtek,VILAS GANESH ZODAPE,Independent,Maharashtra,1,0.00 Cr,407,1,0.03
Others,11,Bhandara Gondiya,VILAS JIYALAL RAUT,Independent,Maharashtra,1,0.00 Cr,1616,1,0.13
Others,1,Chikkodi,VILAS MANNUR,Independent,Karnataka,1,0.00 Cr,4150,1,0.3
Others,3,Jalgaon,VILAS SHANKAR TAYADE,Bahujan Samaj Party,Maharashtra,,0.00 Cr,6381,1,0.55
Others,9,Ramtek,VILAS SHRIPAT KHADSE,Independent,Maharashtra,1,0.00 Cr,860,1,0.07
Others,3,East Delhi,VIMAL KUMAR SAXENA,Independent,NCT OF Delhi,1,0.00 Cr,433,1,0.03
Others,11,TIRUVANNAMALAI,"VIMAL, V.",Independent,Tamil Nadu,1,0.00 Cr,342,1,0.03
Others,7,ROHTAK,VINAY,Independent,Haryana,1,0.00 Cr,159,1,0.01
Others,2,MANDI,VINAY KUMAR,Akhil Bhartiya Parivar Party,Himachal Pradesh,,0.00 Cr,690,1,0.07
Others,29,Nalanda,VINAY PRATAP SINGH,Rashtriya Sanatan Party,Bihar,,0.00 Cr,9602,1,0.84
Others,10,Nagpur,VINAYAK BHAURAO AWCHAT,Independent,Maharashtra,1,0.00 Cr,190,1,0.02
Others,8,RAIPUR,VINAYAK DHAMGAYE,Independent,Chhattisgarh,1,0.00 Cr,349,1,0.02
Others,46,Ratnagiri- Sindhudurg,VINAYAK LAVU RAUT,Independent,Maharashtra,1,0.00 Cr,15826,1,1.73
Others,12,Uttara Kannada,VINAYAK NAIK,Karnataka Rashtra Samithi,Karnataka,,0.00 Cr,1263,1,0.1
Others,23,KARUR,VINCENT. F,Anti Corruption Dynamic Party,Tamil Nadu,,0.00 Cr,515,1,0.05
Others,8,Supaul,VINDESHWARI PRASAD,Independent,Bihar,1,0.00 Cr,18457,1,1.5
Others,31,Patliputra,VINDU DEVI,Rashtriya Jansambhavna Party,Bihar,,0.00 Cr,10744,1,0.87
Others,5,KARNAL,VINEET CHOUDHARY,Bharatiya Asha Party,Haryana,,0.00 Cr,1020,1,0.08
Others,39,KANNIYAKUMARI,VINO JEBA SEELAN T,Independent,Tamil Nadu,1,0.00 Cr,270,1,0.03
Others,7,Ponnani,VINOD,Bahujan Samaj Party,Kerala,,0.00 Cr,1477,1,0.14
Others,11,Dharwad,VINOD DASHARATH GHODKE,"Proutist Bloc, India",Karnataka,,0.00 Cr,411,1,0.03
Others,12,Gadchiroli - Chimur,VINOD GURUDAS MADAVI,Independent,Maharashtra,1,0.00 Cr,6126,1,0.53
Others,1,Chandigarh,VINOD KUMAR,Independent,Chandigarh,1,0.00 Cr,683,1,0.15
Others,7,ROHTAK,VINOD KUMAR,Peoples Party of India (Democratic),Haryana,,0.00 Cr,809,1,0.06
Others,3,Karimnagar,VINOD KUMAR BOIANAPALLI,Bharat Rashtra Samithi,Telangana,,0.03 Cr,282163,1,21.49
Others,1,Chandni Chowk,VINOD KUMAR GUPTA,Akhil Bhartiya Parivar Party,NCT OF Delhi,,0.00 Cr,359,1,0.04
Others,1,Rajmahal,VINOD KUMAR MANDAL,Lokhit Adhikar Party,Jharkhand,,0.00 Cr,3809,1,0.31
Others,63,Maharajganj,VINOD KUMAR PATEL,Sardar Patel Siddhant Party,Uttar Pradesh,,0.00 Cr,2418,1,0.2
Others,14,Hazaribagh,VINOD KUMAR RANA,Independent,Jharkhand,1,0.00 Cr,4841,1,0.38
Others,2,Garhwal,VINOD KUMAR SHARMA,Uttarakhand Samanta Party,Uttarakhand,,0.00 Cr,884,1,0.12
Others,16,Vaishali,VINOD KUMAR SHARMA,Jantantra Awaj Party,Bihar,,0.00 Cr,2934,1,0.25
Others,5,Kodarma,VINOD KUMAR SINGH,Communist Party of India  (Marxist-Leninist)  (Liberation),Jharkhand,,0.04 Cr,414643,1,30.27
Others,59,Gonda,VINOD KUMAR SINGH,Bhartiya Uday Nirman Party,Uttar Pradesh,,0.00 Cr,1483,1,0.16
Others,11,KANKER,VINOD NAGWANSHI,Hamar Raj Party,Chhattisgarh,,0.00 Cr,5009,1,0.4
Others,14,Yavatmal- Washim,VINOD PANJABRAO NANDAGAVALI,Independent,Maharashtra,1,0.00 Cr,6298,1,0.51
Others,5,Sitamarhi,VINOD SAH,Independent,Bihar,1,0.00 Cr,4481,1,0.41
Others,9,Surendranagar,VINODBHAI BABUBHAI SATROTIYA,Independent,Gujarat,1,0.00 Cr,5946,1,0.53
Others,23,KARUR,VINOTH KUMAR. N,Independent,Tamil Nadu,1,0.00 Cr,276,1,0.02
Others,7,Ludhiana,VIPAN KUMAR BATRA,Independent,Punjab,1,0.00 Cr,1041,1,0.1
Others,44,Akbarpur,VIPIN KUMAR,Rashtriya Sanskriti Party,Uttar Pradesh,,0.00 Cr,1494,1,0.14
Others,10,REWA,VIPIN SINGH PATEL,Rashtriya Hind Ekta Dal,Madhya Pradesh,,0.00 Cr,1806,1,0.2
Others,18,Kollam,VIPINLAL VIDHYADHARAN,Bahujan Samaj Party,Kerala,,0.00 Cr,2194,1,0.24
Others,7,South Delhi,VIRENDER,Independent,NCT OF Delhi,1,0.00 Cr,381,1,0.03
Others,70,Ghosi,VIRENDRA,Rashtriya Jantantrik Bharat Vikas Party,Uttar Pradesh,,0.00 Cr,2347,1,0.2
Others,32,Arrah,VIRENDRA KUMAR SINGH,Independent,Bihar,1,0.00 Cr,23635,1,2.16
Others,11,Bhandara Gondiya,VIRENDRAKUMAR KASTURCHAND JAISWAL,Independent,Maharashtra,1,0.00 Cr,2389,1,0.19
Others,3,Khadoor Sahib,VIRSA SINGH VALTOHA,Shiromani Akali Dal,Punjab,,0.01 Cr,86416,1,8.25
Others,6,West Delhi,VISHAKHA,Bahujan Samaj Party,NCT OF Delhi,,0.00 Cr,7964,1,0.52
Others,44,Sangli,VISHAL (DADA) PRAKASHBAPU PATIL,Independent,Maharashtra,1,0.06 Cr,571666,1,48.91
Others,35,Baramati,VISHAL ARUN PAWAR,Independent,Maharashtra,1,0.00 Cr,553,1,0.04
Others,7,Ludhiana,VISHAL KUMAR ARORA,Independent,Punjab,1,0.00 Cr,344,1,0.03
Others,13,Patiala,VISHAL SHARMA,Independent,Punjab,1,0.00 Cr,1475,1,0.13
Others,2,Amritsar,VISHAL SIDHU,Bahujan Samaj Party,Punjab,,0.00 Cr,2733,1,0.3
Others,20,RAJGARH,VISHAL SONI (ADVOCATE),Bharatiya Yuva Jan Ekta Party,Madhya Pradesh,,0.00 Cr,2560,1,0.18
Others,19,Aurangabad,VISHAL UDDHAV NANDARKAR,Independent,Maharashtra,1,0.00 Cr,2139,1,0.16
Others,16,JODHPUR,VISHEK VISHNOI,Independent,Rajasthan,1,0.00 Cr,1750,1,0.13
Others,7,ROHTAK,VISHESH BAMEL,Bharatiya Asha Party,Haryana,,0.00 Cr,618,1,0.05
Others,6,RAJNANDGAON,VISHESH DHAMGAYE,Independent,Chhattisgarh,1,0.00 Cr,4873,1,0.34
Others,10,Nagpur,VISHESH VASANTA FUTANE,Bahujan Republican  Socialist Party,Maharashtra,,0.00 Cr,562,1,0.05
Others,9,GURGAON,VISHNU,Independent,Haryana,1,0.00 Cr,437,1,0.03
Others,5,SIKAR,VISHNU KUMAR NATRAJ,Independent,Rajasthan,1,0.00 Cr,5803,1,0.45
Others,13,Guntur,VISHNU REDDY LANKIREDDY,Bengaluru Nava Nirmana Party,Andhra Pradesh,,0.00 Cr,461,1,0.03
Others,11,Katihar,VISHNU SINGH,Bharat Jago Janta Party,Bihar,,0.00 Cr,6340,1,0.54
Others,11,Mahbubnagar,VISHNU VARDHAN REDDY THAPALAKINDHI,Independent,Telangana,1,0.00 Cr,229,1,0.02
Others,17,Parbhani,VISHNUDAS SHIVAJI BHOSALE,Independent,Maharashtra,1,0.00 Cr,1860,1,0.14
Others,13,AJMER,VISHRAM BABU,Independent,Rajasthan,1,0.00 Cr,1524,1,0.13
Others,15,Hingoli,VISHVANATH BHAURAO FALEGAONKAR,Independent,Maharashtra,1,0.00 Cr,1859,1,0.16
Others,8,ALWAR,VISHVNATH KHINCHI,Hindustan Janta Party,Rajasthan,,0.00 Cr,879,1,0.07
Others,8,RAIPUR,VISHWAJIT HARODE,Socialist Unity Centre Of India (COMMUNIST),Chhattisgarh,,0.00 Cr,1920,1,0.12
Others,45,Satara,VISHWAJIT PATIL UNDALKAR,Independent,Maharashtra,1,0.00 Cr,3438,1,0.29
Others,10,Chevella,VISHWAKARMA SAPTHAGIRI,Independent,Telangana,1,0.00 Cr,489,1,0.03
Others,10,Haveri,VISHWANATH SHEERI,Ekam Sanatan Bharat Dal,Karnataka,,0.00 Cr,401,1,0.03
Others,10,Kishanganj,VISHWANATH TUDU,Independent,Bihar,1,0.00 Cr,11302,1,0.98
Others,8,ALWAR,VIVEK JAIN,Independent,Rajasthan,1,0.00 Cr,2438,1,0.19
Others,55,Ambedkar Nagar,VIVEK KUMAR,Bhartiya Shakti Chetna Party,Uttar Pradesh,,0.00 Cr,1850,1,0.16
Others,41,Etawah,VIVEK RAJ,Janta Samajwadi Party (Vivek Raj),Uttar Pradesh,,0.00 Cr,1574,1,0.15
Others,1,Chandigarh,VIVEK SHARMA,Independent,Chandigarh,1,0.00 Cr,294,1,0.07
Others,30,Mumbai South Central,VIVEK YESHWANT PATIL,Independent,Maharashtra,1,0.00 Cr,714,1,0.09
Others,13,VILUPPURAM,VIVEKANANDHAN. E,Independent,Tamil Nadu,1,0.00 Cr,1953,1,0.17
Others,13,Palamau,VRINDA RAM,Peoples Party of India (Democratic),Jharkhand,,0.00 Cr,11270,1,0.81
Others,6,Medak,VUTLA RAMESH,Independent,Telangana,1,0.00 Cr,778,1,0.06
Others,1,Araku (ST),VUYAKA NIREEKSHAN  (V. CHENCHU),India Praja Bandhu Party,Andhra Pradesh,,0.00 Cr,4542,1,0.39
Others,37,Ahmednagar,WABLE BHAUSAHEB BAPURAO,Bharatheeya Jawan Kisan Party,Maharashtra,,0.00 Cr,801,1,0.06
Others,2,SRINAGAR,WAHEED UR REHMAN PARA,Jammu & Kashmir Peoples Democratic Party,Jammu and Kashmir,,0.02 Cr,168450,1,24.95
Others,2,SRINAGAR,WAHEEDA TABASUM SHAH,Independent,Jammu and Kashmir,1,0.00 Cr,1606,1,0.24
Others,36,Shirur,WAKHARE PRADIP PANDURANG,Independent,Maharashtra,1,0.00 Cr,574,1,0.04
Others,2,SRINAGAR,WASEEM HASSAN SHEIKH,Independent,Jammu and Kashmir,1,0.00 Cr,2855,1,0.42
Others,25,Bareilly,WASEEM MIAN,Independent,Uttar Pradesh,1,0.00 Cr,2839,1,0.25
Others,8,Sambhal,WASEEM SO MOH SHAMIM,Independent,Uttar Pradesh,1,0.00 Cr,3864,1,0.32
Others,23,Bhiwandi,WASEEM TUFAIL SIDDIQUI,Independent,Maharashtra,1,0.00 Cr,805,1,0.06
Others,7,Bidar,WASEEMUDDIN,Independent,Karnataka,1,0.00 Cr,1170,1,0.09
Others,39,Beed,WASIM SHAIKH SALIM SHAIKH,Independent,Maharashtra,1,0.00 Cr,580,1,0.04
Others,25,Bangalore central,WHITEFIELD MURUGESH .C,Republican Party of India (Karnataka),Karnataka,,0.00 Cr,378,1,0.03
Others,31,SIVAGANGA,XAVIERDASS A,All India Anna Dravida Munnetra Kazhagam,Tamil Nadu,,0.02 Cr,222013,1,21.08
Others,23,Thirupathi(SC),Y. MAHESH,Independent,Andhra Pradesh,1,0.00 Cr,622,1,0.04
Others,21,Kadapa,Y. S. AVINASH REDDY,Yuvajana Sramika Rythu Congress Party,Andhra Pradesh,,0.06 Cr,605143,1,45.78
Others,24,Bangalore North,Y.R.KALLESHWARI,Samajwadi Janata Party(Karnataka),Karnataka,,0.00 Cr,1077,1,0.06
Others,34,Pune,YABES ALIAS AMOL SHAMUVEL TUJARE,Independent,Maharashtra,1,0.00 Cr,223,1,0.02
Others,7,Malkajgiri,YADISHWAR NAKKA,Telangana Republican Party,Telangana,,0.00 Cr,494,1,0.03
Others,7,Amalapuram (SC),YADLA RAJESH,Liberation Congress Party,Andhra Pradesh,,0.00 Cr,635,1,0.05
Others,42,Kannauj,YADVENDRA KISHOR,Independent,Uttar Pradesh,1,0.00 Cr,1062,1,0.09
Others,70,Ghosi,YAKUB ANSARI,Peace Party,Uttar Pradesh,,0.00 Cr,1573,1,0.14
Others,8,RAIPUR,YAKUB KHAN,Independent,Chhattisgarh,1,0.00 Cr,2054,1,0.13
Others,5,Zahirabad,YAKUB SHARIF MD,Independent,Telangana,1,0.00 Cr,5489,1,0.44
Others,7,Amalapuram (SC),YALANGI RAMESH,Jaibhim Rao Bharat Party,Andhra Pradesh,,0.00 Cr,740,1,0.06
Others,6,Raichur,YALLAMMA DALAPATHI,Independent,Karnataka,1,0.00 Cr,3634,1,0.28
Others,25,Bangalore central,YALLAPPA.,Independent,Karnataka,1,0.00 Cr,160,1,0.01
Others,14,Narsaraopet,YAMPATI VEERANJANEYA REDDY,Independent,Andhra Pradesh,1,0.00 Cr,1057,1,0.07
Others,16,Ongole,YARRA DASARADHARAMAIAH,Independent,Andhra Pradesh,1,0.00 Cr,394,1,0.03
Others,3,GWALIOR,YASHDEV SHARMA,Independent,Madhya Pradesh,1,0.00 Cr,2571,1,0.19
Others,5,BILASPUR,YASHUTOSH LAHARE,Ambedkarite Party of India,Chhattisgarh,,0.00 Cr,1274,1,0.09
Others,8,RAIPUR,YASHUTOSH LAHARE,Ambedkarite Party of India,Chhattisgarh,,0.00 Cr,1312,1,0.08
Others,7,DURG,YASHWANT SITARAM SAHU,Bhartiya Shakti Chetna Party,Chhattisgarh,,0.00 Cr,901,1,0.06
Others,21,Nashik,YASHWANT VALU PARDHI,Bhartiya Asmita Party,Maharashtra,,0.00 Cr,1874,1,0.15
Others,33,Maval,YASHWANT VITTHAL PAWAR,Kranti Kari Jai Hind Sena,Maharashtra,,0.00 Cr,1638,1,0.12
Others,1,Chikkodi,YASIN SHIRAJUDDIN PATAKI,Independent,Karnataka,1,0.00 Cr,1281,1,0.09
Others,23,Kolkata Dakshin,YASMIN ISLAM,Social Democratic Party Of India,West Bengal,,0.00 Cr,985,1,0.08
Others,2,Srikakulam,YEDDU LAKSHMINARAYANA,Independent,Andhra Pradesh,1,0.00 Cr,1605,1,0.13
Others,6,Kakinada,YEDIDA VARA PRASAD KUMAR,Republican Party of India (A),Andhra Pradesh,,0.00 Cr,3927,1,0.3
Others,17,Nandyal,YELAMPALLE GOVARDHAN REDDY,All India Forward Bloc,Andhra Pradesh,,0.00 Cr,642,1,0.05
Others,6,Kakinada,YENUGUPALLI KRISHNA,Jaibhim Rao Bharat Party,Andhra Pradesh,,0.00 Cr,1780,1,0.13
Others,8,Supaul,YOG NARAYAN SINGH,Independent,Bihar,1,0.00 Cr,27454,1,2.23
Others,8,BHIWANI-MAHENDRAGARH,YOGBIR SINGH,Independent,Haryana,1,0.00 Cr,1478,1,0.12
Others,1,Chandni Chowk,YOGENDER SINGH,Bharatiya Liberal Party,NCT OF Delhi,,0.00 Cr,389,1,0.04
Others,2,Kairana,YOGESH,Independent,Uttar Pradesh,1,0.00 Cr,670,1,0.06
Others,4,HISAR,YOGESH BOORA,Independent,Haryana,1,0.00 Cr,269,1,0.02
Others,3,East Delhi,YOGESH CHAUDHARY,Bhartiya Veer Dal,NCT OF Delhi,,0.00 Cr,470,1,0.04
Others,44,Akbarpur,YOGESH JAISWAL,Independent,Uttar Pradesh,1,0.00 Cr,2543,1,0.23
Others,4,Chatra,YOGESH KUMAR SINGH,Independent,Jharkhand,1,0.00 Cr,5112,1,0.47
Others,17,Mathura,YOGESH KUMAR TALAN,Independent,Uttar Pradesh,1,0.00 Cr,1493,1,0.16
Others,7,JAIPUR,YOGESH SHARMA,Independent,Rajasthan,1,0.00 Cr,816,1,0.06
Others,7,ROHTAK,YOGESH SHARMA,Independent,Haryana,1,0.00 Cr,190,1,0.02
Others,2,North-East Delhi,YOGESH SWAMY,Independent,NCT OF Delhi,1,0.00 Cr,410,1,0.03
Others,6,JAIPUR RURAL,YOGI JEETENDRA NATH ADVOCATE,Rashtriya Sawarn Dal,Rajasthan,,0.00 Cr,562,1,0.04
Others,10,Nagpur,YOGIRAJ ALIAS YOGESH PATIRAM LANJEWAR,Bahujan Samaj Party,Maharashtra,,0.00 Cr,19242,1,1.59
Others,40,Osmanabad,YOGIRAJ ANANTA TAMBE,Independent,Maharashtra,1,0.00 Cr,1336,1,0.1
Others,4,Nizamabad,YOUGENDAR GATLA,Alliance of Democratic Reforms Party,Telangana,,0.00 Cr,5453,1,0.44
Others,2,SRINAGAR,YOUNIS AHMAD MIR,Bharat Jodo Party,Jammu and Kashmir,,0.00 Cr,925,1,0.14
Others,58,Shrawasti,YUGAL KISHOR SHUKLA,Aam Janta Party (India),Uttar Pradesh,,0.00 Cr,2673,1,0.26
Others,25,Chittoor(SC),YUGANDAR . KONDA,Independent,Andhra Pradesh,1,0.00 Cr,6973,1,0.49
Others,42,Solapur,YUGANDHAR CHANDRAKANT THOKALE,Peoples Party of India (Democratic),Maharashtra,,0.00 Cr,1125,1,0.09
Others,29,Mumbai North Central,YUNUSALI RASHID MULLA,Independent,Maharashtra,1,0.00 Cr,220,1,0.02
Others,13,AJMER,YUSUF,Independent,Rajasthan,1,0.00 Cr,1000,1,0.08
Others,3,CHURU,YUSUF ALI KHAN,Independent,Rajasthan,1,0.00 Cr,1230,1,0.09
Others,22,Bharuch,YUSUF VALI HASANALI,Independent,Gujarat,1,0.00 Cr,3247,1,0.27
Others,9,KRISHNAGIRI,YUVARAJ K P U,Independent,Tamil Nadu,1,0.00 Cr,405,1,0.03
Others,34,Pune,YUVRAJ CHANDRAKANT  LIMBOLE,Right to Recall Party,Maharashtra,,0.00 Cr,698,1,0.06
Others,4,Raver,YUVRAJ DEVSING BARELA,Independent,Maharashtra,1,0.00 Cr,5135,1,0.44
Others,17,HOSHANGABAD,YUVRAJ GAVADE,Independent,Madhya Pradesh,1,0.00 Cr,2215,1,0.18
Others,3,Jalgaon,YUVRAJ JADHAV (SAMBHA AAPPA),Vanchit Bahujan  Aaghadi,Maharashtra,,0.00 Cr,21177,1,1.81
Others,3,ANANTNAG-RAJOURI,ZAFAR IQBAL KHAN MANHAS,Jammu and Kashmir Apni Party,Jammu and Kashmir,,0.01 Cr,142195,1,13.86
Others,4,Bijnor,ZAHEER,Independent,Uttar Pradesh,1,0.00 Cr,2788,1,0.27
Others,20,COIMBATORE,ZAHIR HUSSAIN,Independent,Tamil Nadu,1,0.00 Cr,260,1,0.02
Others,2,Dhule,ZAHOOR AHAMAD MOHAMAD YUSUF (JAM JAM),Bahujan Samaj Party,Maharashtra,,0.00 Cr,4973,1,0.41
Others,9,Surendranagar,ZALA DEVRAJBHAI BABUBHAI,Independent,Gujarat,1,0.00 Cr,2463,1,0.22
Others,10,Rajkot,ZALA NAYAN J.,Independent,Gujarat,1,0.00 Cr,2350,1,0.18
Others,7,Ahmedabad East,ZALA SANJAYKUMAR MAHOBATSINH,Independent,Gujarat,1,0.00 Cr,2366,1,0.21
Others,4,Mahesana,ZALA VIKRAMSINH BANESINH,Rashtra Nirman Party,Gujarat,,0.00 Cr,3007,1,0.28
Others,9,Araria,ZAWED AKHTAR,The National Road Map Party of India,Bihar,,0.00 Cr,3041,1,0.24
Others,7,Rampur,ZEESHAN KHAN,Bahujan Samaj Party,Uttar Pradesh,,0.01 Cr,79692,1,8.23
Others,34,Pune,ZNYOSHO VIJAYPRAKASH,Independent,Maharashtra,1,0.00 Cr,138,1,0.01
Others,23,Kolkata Dakshin,ZUBAIR RABBANI,Socialist Unity Centre Of India (COMMUNIST),West Bengal,,0.00 Cr,2300,1,0.18
