state_id,region_id,constituency_id,state_name,region_name,constituency_no,constituency_name,election_phase,polling_date,winner_candidate,winner_party,alliance_name,runner_up_candidate,runner_up_party,evm_votes,postal_votes,winner_votes,constituency_total_votes,vote_share,margin_votes,result_status,winner_age,winner_gender
1,5,1,Andaman & Nicobar Islands,Southern Region,1,Andaman & Nicobar Islands,1,2024-04-19,BISHNU PADA RAY,Bharatiya Janata Party,NDA,KULDEEP RAI SHARMA,Indian National Congress,102182,254,102436,202514.0,50.58,24396,Result Declared,73.0,male
2,5,2,Andhra Pradesh,Southern Region,1,Araku (ST),4,2024-05-13,GUMMA THANUJA RANI,Yuvajana Sramika Rythu Congress Party,Others,KOTHAPALLI GEETHA,Bharatiya Janata Party,471470,5535,477005,1164445.0,40.96,50580,Result Declared,31.0,female
2,5,3,Andhra Pradesh,Southern Region,2,Srikakulam,4,2024-05-13,KINJARAPU RAMMOHAN NAIDU,Telugu Desam,NDA,TILAK PERADA,Yuvajana Sramika Rythu Congress Party,734501,19827,754328,1235686.0,61.05,327901,Result Declared,36.0,male
2,5,4,Andhra Pradesh,Southern Region,3,Vizianagaram,4,2024-05-13,APPALANAIDU KALISETTI,Telugu Desam,NDA,BELLANA CHANDRASEKHAR,Yuvajana Sramika Rythu Congress Party,729284,13829,743113,1299242.0,57.2,249351,Result Declared,50.0,male
2,5,5,Andhra Pradesh,Southern Region,4,Visakhapatnam,4,2024-05-13,SRIBHARAT MATHUKUMILI,Telugu Desam,NDA,JHANSI LAKSHMI. BOTCHA.,Yuvajana Sramika Rythu Congress Party,893884,13583,907467,1387125.0,65.42,504247,Result Declared,35.0,male
2,5,6,Andhra Pradesh,Southern Region,5,Anakapalle,4,2024-05-13,C.M.RAMESH,Bharatiya Janata Party,NDA,BUDI MUTYALA NAIDU,Yuvajana Sramika Rythu Congress Party,750027,12042,762069,1325332.0,57.5,296530,Result Declared,58.0,male
2,5,7,Andhra Pradesh,Southern Region,6,Kakinada,4,2024-05-13,TANGELLA UDAY SRINIVAS (TEA TIME UDAY),Janasena Party,NDA,CHALAMALASETTY SUNIL,Yuvajana Sramika Rythu Congress Party,718971,10728,729699,1329803.0,54.87,229491,Result Declared,38.0,male
2,5,8,Andhra Pradesh,Southern Region,7,Amalapuram (SC),4,2024-05-13,G M HARISH (BALAYOGI),Telugu Desam,NDA,RAPAKA VARAPRASADA RAO,Yuvajana Sramika Rythu Congress Party,786149,10832,796981,1301106.0,61.25,342196,Result Declared,33.0,male
2,5,9,Andhra Pradesh,Southern Region,8,Rajahmundry,4,2024-05-13,DAGGUBATI PURANDHESHWARI,Bharatiya Janata Party,NDA,DR. GUDURI SRINIVAS,Yuvajana Sramika Rythu Congress Party,718641,7874,726515,1325297.0,54.82,239139,Result Declared,67.0,female
2,5,10,Andhra Pradesh,Southern Region,9,Narsapuram,4,2024-05-13,BHUPATHI RAJU SRINIVASA VARMA (B.J.P.VARMA),Bharatiya Janata Party,NDA,UMABALA GUDURI,Yuvajana Sramika Rythu Congress Party,699382,7961,707343,1230994.0,57.46,276802,Result Declared,56.0,male
2,5,11,Andhra Pradesh,Southern Region,10,Eluru,4,2024-05-13,PUTTA MAHESH KUMAR,Telugu Desam,NDA,KARUMURI SUNIL KUMAR,Yuvajana Sramika Rythu Congress Party,737644,8707,746351,1382049.0,54.0,181857,Result Declared,39.0,male
2,5,12,Andhra Pradesh,Southern Region,11,Machilipatnam,4,2024-05-13,BALASHOWRY VALLABHANENI,Janasena Party,NDA,SIMHADRI CHANDRA SEKHAR RAO,Yuvajana Sramika Rythu Congress Party,712149,12290,724439,1312004.0,55.22,223179,Result Declared,55.0,male
2,5,13,Andhra Pradesh,Southern Region,12,Vijayawada,4,2024-05-13,KESINENI SIVANATH (CHINNI),Telugu Desam,NDA,KESINENI SRINIVAS  (NANI),Yuvajana Sramika Rythu Congress Party,784722,9432,794154,1364405.0,58.21,282085,Result Declared,55.0,male
2,5,14,Andhra Pradesh,Southern Region,13,Guntur,4,2024-05-13,DR CHANDRA SEKHAR PEMMASANI,Telugu Desam,NDA,KILARI VENKATA ROSAIAH,Yuvajana Sramika Rythu Congress Party,851020,13928,864948,1425371.0,60.68,344695,Result Declared,48.0,male
2,5,15,Andhra Pradesh,Southern Region,14,Narsaraopet,4,2024-05-13,LAVU SRIKRISHNA DEVARAYALU,Telugu Desam,NDA,ANIL KUMAR POLUBOINA,Yuvajana Sramika Rythu Congress Party,798097,9899,807996,1499569.0,53.88,159729,Result Declared,41.0,male
2,5,16,Andhra Pradesh,Southern Region,15,Bapatla (SC),4,2024-05-13,KRISHNA PRASAD TENNETI,Telugu Desam,NDA,NANDIGAM SURESH BABU,Yuvajana Sramika Rythu Congress Party,706757,10736,717493,1300745.0,55.16,208031,Result Declared,64.0,male
2,5,17,Andhra Pradesh,Southern Region,16,Ongole,4,2024-05-13,MAGUNTA SREENIVASULU REDDY,Telugu Desam,NDA,DR CHEVIREDDY BHASKAR REDD,Yuvajana Sramika Rythu Congress Party,689829,12065,701894,1422214.0,49.35,50199,Result Declared,70.0,male
2,5,18,Andhra Pradesh,Southern Region,17,Nandyal,4,2024-05-13,DR BYREDDY SHABARI,Telugu Desam,NDA,POCHA BRAHMANANDA REDDY,Yuvajana Sramika Rythu Congress Party,689417,11714,701131,1404418.0,49.92,111975,Result Declared,40.0,female
2,5,19,Andhra Pradesh,Southern Region,18,Kurnoolu,4,2024-05-13,BASTIPATI NAGARAJU PANCHALINGALA,Telugu Desam,NDA,B Y RAMAIAH,Yuvajana Sramika Rythu Congress Party,650335,8579,658914,1330780.0,49.51,111298,Result Declared,45.0,male
2,5,20,Andhra Pradesh,Southern Region,19,Ananthapur,4,2024-05-13,AMBICA G LAKSHMINARAYANA VALMIKI,Telugu Desam,NDA,MALAGUNDLA SANKAR NARAYANA,Yuvajana Sramika Rythu Congress Party,755862,12383,768245,1440428.0,53.33,188555,Result Declared,60.0,male
2,5,21,Andhra Pradesh,Southern Region,20,Hindupur,4,2024-05-13,B K PARTHASARATHI,Telugu Desam,NDA,J SHANTHA,Yuvajana Sramika Rythu Congress Party,713013,12521,725534,1416339.0,51.23,132427,Result Declared,64.0,male
2,5,22,Andhra Pradesh,Southern Region,21,Kadapa,4,2024-05-13,Y. S. AVINASH REDDY,Yuvajana Sramika Rythu Congress Party,Others,CHADIPIRALLA BHUPESH SUBBARAMI REDDY,Telugu Desam,598406,6737,605143,1321975.0,45.78,62695,Result Declared,39.0,male
2,5,23,Andhra Pradesh,Southern Region,22,Nellore,4,2024-05-13,PRABHAKAR REDDY VEMIREDDY,Telugu Desam,NDA,VENUMBAKA VIJAYASAI REDDY,Yuvajana Sramika Rythu Congress Party,750771,15431,766202,1375649.0,55.7,245902,Result Declared,68.0,male
2,5,24,Andhra Pradesh,Southern Region,23,Thirupathi(SC),4,2024-05-13,GURUMOORTHY MADDILA,Yuvajana Sramika Rythu Congress Party,Others,VARA PRASAD RAO VELAGAPALLI,Bharatiya Janata Party,626702,5526,632228,1382570.0,45.73,14569,Result Declared,38.0,male
2,5,25,Andhra Pradesh,Southern Region,24,Rajampet,4,2024-05-13,P V MIDHUN REDDY,Yuvajana Sramika Rythu Congress Party,Others,NALLARI KIRAN KUMAR REDDY,Bharatiya Janata Party,639111,5733,644844,1332939.0,48.38,76071,Result Declared,48.0,male
2,5,26,Andhra Pradesh,Southern Region,25,Chittoor(SC),4,2024-05-13,DAGGUMALLA PRASADA RAO,Telugu Desam,NDA,REDDEPPA.N .,Yuvajana Sramika Rythu Congress Party,765536,12535,778071,1418857.0,54.84,220479,Result Declared,62.0,male
3,6,27,Arunachal Pradesh,North Eastern Region,1,Arunachal West,1,2024-04-19,KIREN RIJIJU,Bharatiya Janata Party,NDA,NABAM TUKI,Indian National Congress,196415,9002,205417,399804.0,51.38,100738,Result Declared,53.0,male
3,6,28,Arunachal Pradesh,North Eastern Region,2,Arunachal East,1,2024-04-19,TAPIR GAO,Bharatiya Janata Party,NDA,BOSIRAM SIRAM,Indian National Congress,140715,4866,145581,323443.0,45.01,30421,Result Declared,59.0,male
4,6,29,Assam,North Eastern Region,1,Kokrajhar,3,2024-05-07,JOYANTA BASUMATARY,"United People’s Party, Liberal",NDA,KAMPA BORGOYARI,Bodoland Peoples Front,484681,4314,488995,1241496.0,39.39,51583,Result Declared,48.0,male
4,6,30,Assam,North Eastern Region,2,Dhubri,3,2024-05-07,RAKIBUL HUSSAIN,Indian National Congress,INDIA,MOHAMMED BADRUDDIN AJMAL,All India United Democratic Front,1468549,3336,1471885,2453608.0,59.99,1012476,Result Declared,59.0,male
4,6,31,Assam,North Eastern Region,3,Barpeta,3,2024-05-07,PHANI BHUSAN CHOUDHURY,Asom Gana Parishad,NDA,DEEP BAYAN,Indian National Congress,853642,6471,860113,1685943.0,51.02,222351,Result Declared,72.0,male
4,6,32,Assam,North Eastern Region,4,Darrang-Udalguri,2,2024-04-26,DILIP SAIKIA,Bharatiya Janata Party,NDA,MADHAB RAJBANGSHI,Indian National Congress,864583,3804,868387,1811200.0,47.95,329012,Result Declared,50.0,male
4,6,33,Assam,North Eastern Region,5,Guwahati,3,2024-05-07,BIJULI KALITA MEDHI,Bharatiya Janata Party,NDA,MIRA BORTHAKUR GOSWAMI,Indian National Congress,891901,2986,894887,1599389.0,55.95,251090,Result Declared,45.0,female
4,6,34,Assam,North Eastern Region,6,Diphu,2,2024-04-26,AMARSING TISSO,Bharatiya Janata Party,NDA,J. I. KATHAR,Independent,332440,2180,334620,682827.0,49.01,147603,Result Declared,56.0,male
4,6,35,Assam,North Eastern Region,7,Karimganj,2,2024-04-26,KRIPANATH MALLAH,Bharatiya Janata Party,NDA,HAFIZ RASHID AHMED CHOUDHURY,Indian National Congress,541220,3873,545093,1146882.0,47.53,18360,Result Declared,50.0,male
4,6,36,Assam,North Eastern Region,8,Silchar,2,2024-04-26,PARIMAL SUKLABAIDYA,Bharatiya Janata Party,NDA,SURYA KANTA SARKAR,Indian National Congress,647572,4833,652405,1089426.0,59.89,264311,Result Declared,66.0,male
4,6,37,Assam,North Eastern Region,9,Nagaon,2,2024-04-26,PRADYUT BORDOLOI,Indian National Congress,INDIA,SURESH BORAH,Bharatiya Janata Party,786620,2230,788850,1549998.0,50.89,212231,Result Declared,64.0,male
4,6,38,Assam,North Eastern Region,10,Kaziranga,1,2024-04-19,KAMAKHYA PRASAD TASA,Bharatiya Janata Party,NDA,ROSELINA TIRKEY,Indian National Congress,892766,4277,897043,1629937.0,55.04,248947,Result Declared,48.0,male
4,6,39,Assam,North Eastern Region,11,Sonitpur,1,2024-04-19,RANJIT DUTTA,Bharatiya Janata Party,NDA,PREMLAL GANJU,Indian National Congress,771018,4770,775788,1288468.0,60.21,361408,Result Declared,67.0,male
4,6,40,Assam,North Eastern Region,12,Lakhimpur,1,2024-04-19,PRADAN BARUAH,Bharatiya Janata Party,NDA,UDAY SHANKAR HAZARIKA,Indian National Congress,659307,3815,663122,1211214.0,54.75,201257,Result Declared,58.0,male
4,6,41,Assam,North Eastern Region,13,Dibrugarh,1,2024-04-19,SARBANANDA SONOWAL,Bharatiya Janata Party,NDA,LURINJYOTI GOGOI,Assam Jatiya Parishad,691153,2609,693762,1278322.0,54.27,279321,Result Declared,62.0,male
4,6,42,Assam,North Eastern Region,14,Jorhat,1,2024-04-19,GAURAV GOGOI,Indian National Congress,INDIA,TOPON KUMAR GOGOI,Bharatiya Janata Party,743194,8577,751771,1391160.0,54.04,144393,Result Declared,41.0,male
5,3,43,Bihar,Eastern Region,1,Valmiki Nagar,6,2024-05-25,SUNIL KUMAR,Janata Dal  (United),NDA,DEEPAK YADAV,Rashtriya Janata Dal,522495,927,523422,1101830.0,47.5,98675,Result Declared,39.0,male
5,3,44,Bihar,Eastern Region,2,Paschim Champaran,6,2024-05-25,DR.SANJAY JAISWAL,Bharatiya Janata Party,NDA,MADAN MOHAN TIWARI,Indian National Congress,578959,1462,580421,1086256.0,53.43,136568,Result Declared,58.0,male
5,3,45,Bihar,Eastern Region,3,Purvi Champaran,6,2024-05-25,RADHA MOHAN SINGH,Bharatiya Janata Party,NDA,DR RAJESH KUMAR,Vikassheel Insaan Party,540598,1595,542193,1073688.0,50.5,88287,Result Declared,74.0,male
5,3,46,Bihar,Eastern Region,4,Sheohar,6,2024-05-25,LOVELY ANAND,Janata Dal  (United),NDA,RITU JAISWAL,Rashtriya Janata Dal,475709,903,476612,1055602.0,45.15,29143,Result Declared,57.0,female
5,3,47,Bihar,Eastern Region,5,Sitamarhi,5,2024-05-20,DEVESH CHANDRA THAKUR,Janata Dal  (United),NDA,ARJUN RAY,Rashtriya Janata Dal,514940,779,515719,1093992.0,47.14,51356,Result Declared,71.0,male
5,3,48,Bihar,Eastern Region,6,Madhubani,5,2024-05-20,ASHOK KUMAR YADAV,Bharatiya Janata Party,NDA,MD ALI ASHRAF FATMI,Rashtriya Janata Dal,552705,723,553428,1027728.0,53.85,151945,Result Declared,54.0,male
5,3,49,Bihar,Eastern Region,7,Jhanjharpur,3,2024-05-07,RAMPRIT MANDAL,Janata Dal  (United),NDA,SUMAN KUMAR MAHASETH,Vikassheel Insaan Party,532138,894,533032,1093741.0,48.73,184169,Result Declared,68.0,male
5,3,50,Bihar,Eastern Region,8,Supaul,3,2024-05-07,DILESHWAR KAMAIT,Janata Dal  (United),NDA,CHANDRAHAS CHAUPAL,Rashtriya Janata Dal,592922,2116,595038,1231114.0,48.33,169803,Result Declared,78.0,male
5,3,51,Bihar,Eastern Region,9,Araria,3,2024-05-07,PRADEEP KUMAR SINGH,Bharatiya Janata Party,NDA,SHAHNAWAZ,Rashtriya Janata Dal,599118,1028,600146,1252560.0,47.91,20094,Result Declared,58.0,male
5,3,52,Bihar,Eastern Region,10,Kishanganj,2,2024-04-26,MOHAMMAD JAWED,Indian National Congress,INDIA,MUJAHID ALAM,Janata Dal  (United),402470,380,402850,1151099.0,35.0,59692,Result Declared,60.0,male
5,3,53,Bihar,Eastern Region,11,Katihar,2,2024-04-26,TARIQ ANWAR,Indian National Congress,INDIA,DULAL CHANDRA GOSWAMI,Janata Dal  (United),565025,2067,567092,1171546.0,48.41,49863,Result Declared,73.0,male
5,3,54,Bihar,Eastern Region,12,Purnia,2,2024-04-26,RAJESH RANJAN ALIAS PAPPU YADAV,Independent,Others,SANTOSH KUMAR,Janata Dal  (United),566867,689,567556,1195844.0,47.46,23847,Result Declared,56.0,male
5,3,55,Bihar,Eastern Region,13,Madhepura,3,2024-05-07,DINESH CHANDRA YADAV,Janata Dal  (United),NDA,DA KUMAR CHANDRADEEP,Rashtriya Janata Dal,639758,891,640649,1209695.0,52.96,174534,Result Declared,72.0,male
5,3,56,Bihar,Eastern Region,14,Darbhanga,4,2024-05-13,GOPAL JEE THAKUR,Bharatiya Janata Party,NDA,LALIT KUMAR YADAV,Rashtriya Janata Dal,565706,924,566630,1024184.0,55.33,178156,Result Declared,54.0,male
5,3,57,Bihar,Eastern Region,15,Muzaffarpur,5,2024-05-20,RAJ BHUSHAN CHOUDHARY,Bharatiya Janata Party,NDA,AJAY NISHAD,Indian National Congress,618569,1180,619749,1112460.0,55.71,234927,Result Declared,46.0,male
5,3,58,Bihar,Eastern Region,16,Vaishali,6,2024-05-25,VEENA DEVI,Lok Janshakti Party(Ram Vilas),NDA,VIJAY KUMAR SHUKLA,Rashtriya Janata Dal,566225,818,567043,1172060.0,48.38,89634,Result Declared,53.0,female
5,3,59,Bihar,Eastern Region,17,Gopalganj,6,2024-05-25,DR. ALOK KUMAR SUMAN,Janata Dal  (United),NDA,PREM NATH CHANCHAL ALIAS CHANCHAL PASWAN,Vikassheel Insaan Party,510329,1537,511866,1063027.0,48.15,127180,Result Declared,67.0,male
5,3,60,Bihar,Eastern Region,18,Siwan,6,2024-05-25,VIJAYLAKSHMI DEVI,Janata Dal  (United),NDA,HENA SHAHAB,Independent,385625,883,386508,998018.0,38.73,92857,Result Declared,61.0,female
5,3,61,Bihar,Eastern Region,19,Maharajganj,6,2024-05-25,"JANARDAN SINGH ""SIGRIWAL""",Bharatiya Janata Party,NDA,AAKASH KUMAR SINGH,Indian National Congress,527974,1559,529533,1014109.0,52.22,102651,Result Declared,65.0,male
5,3,62,Bihar,Eastern Region,20,Saran,5,2024-05-20,RAJIV PRATAP RUDY,Bharatiya Janata Party,NDA,ROHINI ACHARYA,Rashtriya Janata Dal,470234,1518,471752,1021508.0,46.18,13661,Result Declared,62.0,male
5,3,63,Bihar,Eastern Region,21,Hajipur,5,2024-05-20,CHIRAG PASWAN,Lok Janshakti Party(Ram Vilas),NDA,SHIV CHANDRA RAM,Rashtriya Janata Dal,613106,2612,615718,1155324.0,53.29,170105,Result Declared,42.0,male
5,3,64,Bihar,Eastern Region,22,Ujiarpur,4,2024-05-13,NITYANAND RAI,Bharatiya Janata Party,NDA,ALOK KUMAR MEHTA,Rashtriya Janata Dal,515159,806,515965,1042068.0,49.51,60102,Result Declared,58.0,male
5,3,65,Bihar,Eastern Region,23,Samastipur,4,2024-05-13,SHAMBHAVI,Lok Janshakti Party(Ram Vilas),NDA,SUNNY HAZARI,Indian National Congress,579095,691,579786,1094592.0,52.97,187251,Result Declared,25.0,female
5,3,66,Bihar,Eastern Region,24,Begusarai,4,2024-05-13,GIRIRAJ SINGH,Bharatiya Janata Party,NDA,ABDHESH KUMAR ROY,Communist Party of India,646912,2419,649331,1294673.0,50.15,81480,Result Declared,71.0,male
5,3,67,Bihar,Eastern Region,25,Khagaria,3,2024-05-07,RAJESH VERMA,Lok Janshakti Party(Ram Vilas),NDA,SANJAY KUMAR,Communist Party of India  (Marxist),537331,1326,538657,1061894.0,50.73,161131,Result Declared,31.0,male
5,3,68,Bihar,Eastern Region,26,Bhagalpur,2,2024-04-26,AJAY KUMAR MANDAL,Janata Dal  (United),NDA,AJEET SHARMA,Indian National Congress,534923,1108,536031,1064081.0,50.38,104868,Result Declared,46.0,male
5,3,69,Bihar,Eastern Region,27,Banka,2,2024-04-26,GIRIDHARI YADAV,Janata Dal  (United),NDA,JAI PRAKASH NARAYAN YADAV,Rashtriya Janata Dal,505674,1004,506678,1014155.0,49.96,103844,Result Declared,63.0,male
5,3,70,Bihar,Eastern Region,28,Munger,4,2024-05-13,RAJIV RANJAN SINGH ALIAS LALAN SINGH,Janata Dal  (United),NDA,KUMARI ANITA,Rashtriya Janata Dal,547814,2332,550146,1139081.0,48.3,80870,Result Declared,70.0,male
5,3,71,Bihar,Eastern Region,29,Nalanda,7,2024-06-01,KAUSHALENDRA KUMAR,Janata Dal  (United),NDA,DR. SANDEEP SAURAV,Communist Party of India  (Marxist-Leninist)  (Liberation),557054,2368,559422,1144383.0,48.88,169114,Result Declared,65.0,male
5,3,72,Bihar,Eastern Region,30,Patna Sahib,7,2024-06-01,RAVI SHANKAR PRASAD,Bharatiya Janata Party,NDA,ANSHUL AVIJIT,Indian National Congress,587212,1058,588270,1075496.0,54.7,153846,Result Declared,69.0,male
5,3,73,Bihar,Eastern Region,31,Patliputra,7,2024-06-01,MISHA BHARTI,Rashtriya Janata Dal,INDIA,RAM KRIPAL YADAV,Bharatiya Janata Party,612147,1136,613283,1230099.0,49.86,85174,Result Declared,47.0,female
5,3,74,Bihar,Eastern Region,32,Arrah,7,2024-06-01,SUDAMA PRASAD,Communist Party of India  (Marxist-Leninist)  (Liberation),INDIA,R. K. SINGH,Bharatiya Janata Party,526564,2818,529382,1096561.0,48.28,59808,Result Declared,56.0,male
5,3,75,Bihar,Eastern Region,33,Buxar,7,2024-06-01,SUDHAKAR SINGH,Rashtriya Janata Dal,INDIA,MITHILESH TIWARI,Bharatiya Janata Party,435062,3283,438345,1073759.0,40.82,30091,Result Declared,52.0,male
5,3,76,Bihar,Eastern Region,34,Sasaram,7,2024-06-01,MANOJ KUMAR,Indian National Congress,INDIA,SHIVESH KUMAR,Bharatiya Janata Party,509977,3027,513004,1097075.0,46.76,19157,Result Declared,42.0,male
5,3,77,Bihar,Eastern Region,35,Karakat,7,2024-06-01,RAJA RAM SINGH,Communist Party of India  (Marxist-Leninist)  (Liberation),INDIA,PAWAN SINGH,Independent,378922,1659,380581,1031618.0,36.89,105858,Result Declared,54.0,male
5,3,78,Bihar,Eastern Region,36,Jahanabad,7,2024-06-01,SURENDRA PRASAD YADAV,Rashtriya Janata Dal,INDIA,CHANDESHWAR PRASAD,Janata Dal  (United),440352,2683,443035,925370.0,47.88,142591,Result Declared,65.0,male
5,3,79,Bihar,Eastern Region,37,Aurangabad,1,2024-04-19,ABHAY KUMAR SINHA,Rashtriya Janata Dal,INDIA,SUSHIL KUMAR SINGH,Bharatiya Janata Party,463845,1722,465567,945880.0,49.22,79111,Result Declared,53.0,male
5,3,80,Bihar,Eastern Region,38,Gaya,1,2024-04-19,JITAN RAM MANJHI,Hindustani Awam Morcha (Secular),NDA,KUMAR SARVJEET,Rashtriya Janata Dal,492732,2228,494960,963676.0,51.36,101812,Result Declared,78.0,male
5,3,81,Bihar,Eastern Region,39,Nawada,1,2024-04-19,VIVEK THAKUR,Bharatiya Janata Party,NDA,SHRAWAN KUMAR,Rashtriya Janata Dal,408537,2071,410608,869870.0,47.2,67670,Result Declared,54.0,male
5,3,82,Bihar,Eastern Region,40,Jamui,1,2024-04-19,ARUN BHARTI,Lok Janshakti Party(Ram Vilas),NDA,ARCHANA KUMARI,Rashtriya Janata Dal,508179,867,509046,979233.0,51.98,112482,Result Declared,45.0,male
6,1,83,Chandigarh,Northern Region,1,Chandigarh,7,2024-06-01,MANISH TEWARI,Indian National Congress,INDIA,SANJAY TANDON,Bharatiya Janata Party,216350,307,216657,449275.0,48.22,2504,Result Declared,58.0,male
7,2,84,Chhattisgarh,Central Region,1,SURGUJA,3,2024-05-07,CHINTAMANI MAHARAJ,Bharatiya Janata Party,NDA,SHASHI SINGH KORAM,Indian National Congress,712172,1028,713200,1455269.0,49.01,64822,Result Declared,56.0,male
7,2,85,Chhattisgarh,Central Region,2,RAIGARH,3,2024-05-07,RADHESHYAM RATHIYA,Bharatiya Janata Party,NDA,DR. MENKA DEVI SINGH,Indian National Congress,806667,1608,808275,1452965.0,55.63,240391,Result Declared,52.0,male
7,2,86,Chhattisgarh,Central Region,3,JANJGIR-CHAMPA,3,2024-05-07,KAMLESH JANGDE,Bharatiya Janata Party,NDA,DR. SHIVKUMAR DAHARIYA,Indian National Congress,675740,2459,678199,1392240.0,48.71,60000,Result Declared,43.0,female
7,2,87,Chhattisgarh,Central Region,4,KORBA,3,2024-05-07,JYOTSNA CHARANDAS MAHANT,Indian National Congress,INDIA,SAROJ PANDEY,Bharatiya Janata Party,569098,1084,570182,1225313.0,46.53,43283,Result Declared,70.0,female
7,2,88,Chhattisgarh,Central Region,5,BILASPUR,3,2024-05-07,TOKHAN SAHU,Bharatiya Janata Party,NDA,DEVENDRA YADAV,Indian National Congress,723194,1743,724937,1361350.0,53.25,164558,Result Declared,53.0,male
7,2,89,Chhattisgarh,Central Region,6,RAJNANDGAON,2,2024-04-26,SANTOSH PANDEY,Bharatiya Janata Party,NDA,BHUPESH BAGHEL,Indian National Congress,711439,618,712057,1445765.0,49.25,44411,Result Declared,56.0,male
7,2,90,Chhattisgarh,Central Region,7,DURG,3,2024-05-07,VIJAY BAGHEL,Bharatiya Janata Party,NDA,RAJENDRA SAHU,Indian National Congress,954356,2141,956497,1542787.0,62.0,438226,Result Declared,65.0,male
7,2,91,Chhattisgarh,Central Region,8,RAIPUR,3,2024-05-07,BRIJMOHAN AGRAWAL,Bharatiya Janata Party,NDA,VIKAS UPADHYAY,Indian National Congress,1047447,2904,1050351,1586755.0,66.19,575285,Result Declared,64.0,male
7,2,92,Chhattisgarh,Central Region,9,MAHASAMUND,2,2024-04-26,ROOP KUMARI CHOUDHARY,Bharatiya Janata Party,NDA,TAMRADHWAJ SAHU,Indian National Congress,701291,2368,703659,1326080.0,53.06,145456,Result Declared,47.0,female
7,2,93,Chhattisgarh,Central Region,10,BASTAR,1,2024-04-19,MAHESH KASHYAP,Bharatiya Janata Party,NDA,KAWASI LAKHMA,Indian National Congress,456573,1825,458398,1007395.0,45.5,55245,Result Declared,48.0,male
7,2,94,Chhattisgarh,Central Region,11,KANKER,2,2024-04-26,BHOJRAJ NAG,Bharatiya Janata Party,NDA,BIRESH THAKUR,Indian National Congress,595185,2439,597624,1265429.0,47.23,1884,Result Declared,49.0,male
8,4,95,Dadra & Nagar Haveli and Daman & Diu,Western Region,1,Daman & Diu,3,2024-05-07,PATEL UMESHBHAI BABUBHAI,Independent,Others,LALUBHAI BABUBHAI PATEL,Bharatiya Janata Party,42469,54,42523,92410.0,46.02,6225,Result Declared,47.0,male
8,4,96,Dadra & Nagar Haveli and Daman & Diu,Western Region,2,Dadar & Nagar Haveli,3,2024-05-07,DELKAR KALABEN MOHANBHAI,Bharatiya Janata Party,NDA,AJIT RAMJIBHAI MAHALA,Indian National Congress,120833,241,121074,205588.0,58.89,57584,Result Declared,53.0,female
9,4,97,Goa,Western Region,1,North Goa,3,2024-05-07,SHRIPAD YESSO NAIK,Bharatiya Janata Party,NDA,RAMAKANT KHALAP,Indian National Congress,253812,3514,257326,456018.0,56.43,116015,Result Declared,71.0,male
9,4,98,Goa,Western Region,2,South Goa,3,2024-05-07,CAPTAIN  VIRIATO FERNANDES,Indian National Congress,INDIA,PALLAVI SHRINIVAS DEMPO,Bharatiya Janata Party,216022,1814,217836,450520.0,48.35,13535,Result Declared,54.0,male
10,4,99,Gujarat,Western Region,1,Kachchh,3,2024-05-07,CHAVDA VINOD LAKHAMSHI,Bharatiya Janata Party,NDA,NITESH PARBATBHAI LALAN (MATANG),Indian National Congress,656979,2595,659574,1095157.0,60.23,268782,Result Declared,45.0,male
10,4,100,Gujarat,Western Region,2,Banaskantha,3,2024-05-07,GENIBEN NAGAJI THAKOR,Indian National Congress,INDIA,DR. REKHABEN HITESHBHAI CHAUDHARI,Bharatiya Janata Party,667072,4811,671883,1375903.0,48.83,30406,Result Declared,48.0,female
10,4,101,Gujarat,Western Region,3,Patan,3,2024-05-07,DABHI  BHARATSINHJI  SHANKARJI,Bharatiya Janata Party,NDA,CHANDANJI TALAJI THAKOR,Indian National Congress,585591,6356,591947,1193125.0,49.61,31876,Result Declared,69.0,male
10,4,102,Gujarat,Western Region,4,Mahesana,3,2024-05-07,HARIBHAI PATEL,Bharatiya Janata Party,NDA,RAMJI THAKOR,Indian National Congress,675614,10792,686406,1076827.0,63.74,328046,Result Declared,62.0,male
10,4,103,Gujarat,Western Region,5,Sabarkantha,3,2024-05-07,SHOBHANABEN MAHENDRASINH BARAIYA,Bharatiya Janata Party,NDA,CHAUDHARI TUSHAR AMARSINH,Indian National Congress,670929,6389,677318,1269358.0,53.36,155682,Result Declared,50.0,female
10,4,104,Gujarat,Western Region,6,Gandhinagar,3,2024-05-07,AMIT SHAH,Bharatiya Janata Party,NDA,SONAL RAMANBHAI PATEL,Indian National Congress,999984,10988,1010972,1321802.0,76.48,744716,Result Declared,59.0,male
10,4,105,Gujarat,Western Region,7,Ahmedabad East,3,2024-05-07,HASMUKHBHAI PATEL (H.S.PATEL),Bharatiya Janata Party,NDA,HIMMATSINH PRAHLADSINH PATEL,Indian National Congress,763028,7431,770459,1128339.0,68.28,461755,Result Declared,63.0,male
10,4,106,Gujarat,Western Region,8,Ahmedabad West,3,2024-05-07,DINESHBHAI MAKWANA (ADVOCATE),Bharatiya Janata Party,NDA,BHARAT YOGENDRA MAKWANA,Indian National Congress,606545,5159,611704,966646.0,63.28,286437,Result Declared,54.0,male
10,4,107,Gujarat,Western Region,9,Surendranagar,3,2024-05-07,CHANDUBHAI CHHAGANBHAI SHIHORA,Bharatiya Janata Party,NDA,RUTVIKBHAI LAVJIBHAI MAKWANA,Indian National Congress,664093,5656,669749,1131377.0,59.2,261617,Result Declared,61.0,male
10,4,108,Gujarat,Western Region,10,Rajkot,3,2024-05-07,PARSHOTTAMBHAI RUPALA,Bharatiya Janata Party,NDA,DHANANI PARESH,Indian National Congress,850846,7138,857984,1273542.0,67.37,484260,Result Declared,69.0,male
10,4,109,Gujarat,Western Region,11,Porbandar,3,2024-05-07,DR. MANSUKH MANDAVIYA,Bharatiya Janata Party,NDA,LALIT VASOYA,Indian National Congress,625962,7156,633118,928977.0,68.15,383360,Result Declared,51.0,male
10,4,110,Gujarat,Western Region,12,Jamnagar,3,2024-05-07,POONAMBEN HEMATBHAI MAADAM,Bharatiya Janata Party,NDA,ADVOCATE J. P. MARAVIYA,Indian National Congress,618120,1929,620049,1051235.0,58.98,238008,Result Declared,49.0,female
10,4,111,Gujarat,Western Region,13,Junagadh,3,2024-05-07,CHUDASAMA RAJESHBHAI NARANBHAI,Bharatiya Janata Party,NDA,JOTVA HIRABHAI ARJANBHAI,Indian National Congress,578516,5533,584049,1068253.0,54.67,135494,Result Declared,42.0,male
10,4,112,Gujarat,Western Region,14,Amreli,3,2024-05-07,BHARATBHAI MANUBHAI SUTARIYA,Bharatiya Janata Party,NDA,JENNY THUMMAR,Indian National Congress,577820,3052,580872,876426.0,66.28,321068,Result Declared,54.0,male
10,4,113,Gujarat,Western Region,15,Bhavnagar,3,2024-05-07,NIMUBEN JAYANTIBHAI BAMBHANIYA (NIMUBEN BAMBHANIYA),Bharatiya Janata Party,NDA,UMESHBHAI NARANBHAI MAKWANA,Aam Aadmi Party,707428,9455,716883,1047232.0,68.46,455289,Result Declared,57.0,female
10,4,114,Gujarat,Western Region,16,Anand,3,2024-05-07,MITESH PATEL (BAKABHAI),Bharatiya Janata Party,NDA,AMIT CHAVDA,Indian National Congress,607394,5090,612484,1167969.0,52.44,89939,Result Declared,59.0,male
10,4,115,Gujarat,Western Region,17,Kheda,3,2024-05-07,DEVUSINH CHAUHAN,Bharatiya Janata Party,NDA,KALUSINH DABHI,Indian National Congress,738609,5826,744435,1175848.0,63.31,357758,Result Declared,59.0,male
10,4,116,Gujarat,Western Region,18,Panchmahal,3,2024-05-07,RAJPALSINH MAHENDRASINH JADAV,Bharatiya Janata Party,NDA,GULABSINH SOMSINH CHAUHAN,Indian National Congress,785830,8749,794579,1131497.0,70.22,509342,Result Declared,43.0,male
10,4,117,Gujarat,Western Region,19,Dahod,3,2024-05-07,JASWANTSINH SUMANBHAI BHABHOR,Bharatiya Janata Party,NDA,DR. PRABHABEN KISHORSINH TAVIYAD,Indian National Congress,685734,2981,688715,1118294.0,61.59,333677,Result Declared,57.0,male
10,4,118,Gujarat,Western Region,20,Vadodara,3,2024-05-07,DR. HEMANG JOSHI,Bharatiya Janata Party,NDA,PADHIYAR  JASHPALSINH MAHENDRASINH (BAPU),Indian National Congress,865825,7364,873189,1212149.0,72.04,582126,Result Declared,33.0,male
10,4,119,Gujarat,Western Region,21,Chhota Udaipur,3,2024-05-07,JASHUBHAI BHILUBHAI RATHVA,Bharatiya Janata Party,NDA,SUKHRAMBHAI HARIYABHAI RATHWA,Indian National Congress,791727,4862,796589,1267719.0,62.84,398777,Result Declared,54.0,male
10,4,120,Gujarat,Western Region,22,Bharuch,3,2024-05-07,MANSUKHBHAI DHANJIBHAI VASAVA,Bharatiya Janata Party,NDA,CHAITARBHAI DAMJIBHAI VASAVA,Aam Aadmi Party,605489,2668,608157,1198964.0,50.72,85696,Result Declared,66.0,male
10,4,121,Gujarat,Western Region,23,Bardoli,3,2024-05-07,PARBHUBHAI NAGARBHAI VASAVA,Bharatiya Janata Party,NDA,CHAUDHARY SIDDHARTH AMARSINH,Indian National Congress,757787,6163,763950,1339333.0,57.04,230253,Result Declared,54.0,male
10,4,122,Gujarat,Western Region,24,Surat,3,2024-05-07,MUKESHKUMAR CHANDRAKAANT DALAL,Bharatiya Janata Party,NDA,,,0,0,0,0.0,0.0,0,Unopposed,,
10,4,123,Gujarat,Western Region,25,Navsari,3,2024-05-07,C R PATIL,Bharatiya Janata Party,NDA,NAISHADHBHAI BHUPATBHAI  DESAI,Indian National Congress,1023366,7699,1031065,1338216.0,77.05,773551,Result Declared,69.0,male
10,4,124,Gujarat,Western Region,26,Valsad,3,2024-05-07,DHAVAL LAXMANBHAI PATEL,Bharatiya Janata Party,NDA,ANANTKUMAR HASMUKHBHAI PATEL,Indian National Congress,760935,3291,764226,1361411.0,56.13,210704,Result Declared,37.0,male
11,1,125,Haryana,Northern Region,1,AMBALA,6,2024-05-25,VARUN CHAUDHRY,Indian National Congress,INDIA,BANTO KATARIA,Bharatiya Janata Party,662592,1065,663657,1346722.0,49.28,49036,Result Declared,44.0,male
11,1,126,Haryana,Northern Region,2,KURUKSHETRA,6,2024-05-25,NAVEEN JINDAL,Bharatiya Janata Party,NDA,DR SUSHIL GUPTA,Aam Aadmi Party,540677,1498,542175,1205872.0,44.96,29021,Result Declared,54.0,male
11,1,127,Haryana,Northern Region,3,SIRSA,6,2024-05-25,SELJA,Indian National Congress,INDIA,ASHOK TANWAR,Bharatiya Janata Party,732298,1525,733823,1354632.0,54.17,268497,Result Declared,61.0,female
11,1,128,Haryana,Northern Region,4,HISAR,6,2024-05-25,JAI PARKASH (J P) S/O HARIKESH,Indian National Congress,INDIA,RANJIT SINGH,Bharatiya Janata Party,567194,3230,570424,1174115.0,48.58,63381,Result Declared,69.0,male
11,1,129,Haryana,Northern Region,5,KARNAL,6,2024-05-25,MANOHAR LAL,Bharatiya Janata Party,NDA,DIVYANSHU BUDHIRAJA,Indian National Congress,737282,2003,739285,1345892.0,54.93,232577,Result Declared,70.0,male
11,1,130,Haryana,Northern Region,6,SONIPAT,6,2024-05-25,SATPAL BRAHAMCHARI,Indian National Congress,INDIA,MOHAN LAL BADOLI,Bharatiya Janata Party,546163,2519,548682,1123944.0,48.82,21816,Result Declared,60.0,male
11,1,131,Haryana,Northern Region,7,ROHTAK,6,2024-05-25,DEEPENDER SINGH HOODA,Indian National Congress,INDIA,DR. ARVIND KUMAR SHARMA,Bharatiya Janata Party,778259,5319,783578,1248446.0,62.76,345298,Result Declared,46.0,male
11,1,132,Haryana,Northern Region,8,BHIWANI-MAHENDRAGARH,6,2024-05-25,DHARAMBIR SINGH,Bharatiya Janata Party,NDA,RAO DAN SINGH,Indian National Congress,582735,5929,588664,1183395.0,49.74,41510,Result Declared,69.0,male
11,1,133,Haryana,Northern Region,9,GURGAON,6,2024-05-25,RAO INDERJIT SINGH,Bharatiya Janata Party,NDA,RAJ BABBAR,Indian National Congress,805161,3175,808336,1601232.0,50.48,75079,Result Declared,74.0,male
11,1,134,Haryana,Northern Region,10,FARIDABAD,6,2024-05-25,KRISHAN PAL,Bharatiya Janata Party,NDA,MAHENDER PRATAP SINGH,Indian National Congress,787332,1237,788569,1471322.0,53.6,172914,Result Declared,67.0,male
12,1,135,Himachal Pradesh,Northern Region,1,KANGRA,7,2024-06-01,DR RAJEEV BHARDWAJ,Bharatiya Janata Party,NDA,ANAND SHARMA,Indian National Congress,622482,10311,632793,1036868.0,61.03,251895,Result Declared,62.0,male
12,1,136,Himachal Pradesh,Northern Region,2,MANDI,7,2024-06-01,KANGNA RANAUT,Bharatiya Janata Party,NDA,VIKRAMADITYA SINGH,Indian National Congress,527463,9559,537022,1015810.0,52.87,74755,Result Declared,37.0,female
12,1,137,Himachal Pradesh,Northern Region,3,HAMIRPUR,7,2024-06-01,ANURAG SINGH THAKUR,Bharatiya Janata Party,NDA,SATPAL RAIZADA,Indian National Congress,593055,14013,607068,1047263.0,57.97,182357,Result Declared,50.0,male
12,1,138,Himachal Pradesh,Northern Region,4,SHIMLA,7,2024-06-01,Suresh Kumar Kashyap,Bharatiya Janata Party,NDA,Vinod Sultanpuri,Indian National Congress,513936,5812,519748,969965.0,53.58,91451,Result Declared,53.0,male
13,1,139,Jammu and Kashmir,Northern Region,1,BARAMULLA,5,2024-05-20,ABDUL RASHID SHEIKH,Independent,Others,OMAR ABDULLAH,Jammu & Kashmir National Conference,469574,2907,472481,1033900.0,45.7,204142,Result Declared,58.0,male
13,1,140,Jammu and Kashmir,Northern Region,2,SRINAGAR,4,2024-05-13,AGA SYED RUHULLAH MEHDI,Jammu & Kashmir National Conference,INDIA,WAHEED UR REHMAN PARA,Jammu & Kashmir Peoples Democratic Party,355294,1572,356866,675242.0,52.85,188416,Result Declared,46.0,male
13,1,141,Jammu and Kashmir,Northern Region,3,ANANTNAG-RAJOURI,3,2024-05-07,MIAN ALTAF AHMAD,Jammu & Kashmir National Conference,INDIA,MEHBOOBA MUFTI,Jammu & Kashmir Peoples Democratic Party,517489,4347,521836,1026148.0,50.85,281794,Result Declared,66.0,male
13,1,142,Jammu and Kashmir,Northern Region,4,UDHAMPUR,1,2024-04-19,DR JITENDRA SINGH,Bharatiya Janata Party,NDA,CH LAL SINGH,Indian National Congress,566833,4243,571076,1113727.0,51.28,124373,Result Declared,67.0,male
13,1,143,Jammu and Kashmir,Northern Region,5,JAMMU,2,2024-04-26,JUGAL KISHORE,Bharatiya Janata Party,NDA,RAMAN BHALLA,Indian National Congress,677571,10017,687588,1302176.0,52.8,135498,Result Declared,61.0,male
14,3,144,Jharkhand,Eastern Region,1,Rajmahal,7,2024-06-01,VIJAY KUMAR HANSDAK,Jharkhand Mukti Morcha,INDIA,TALA MARANDI,Bharatiya Janata Party,607293,6078,613371,1218249.0,50.35,178264,Result Declared,41.0,male
14,3,145,Jharkhand,Eastern Region,2,Dumka,7,2024-06-01,NALIN SOREN,Jharkhand Mukti Morcha,INDIA,SITA MURMU,Bharatiya Janata Party,542299,5071,547370,1184132.0,46.23,22527,Result Declared,76.0,male
14,3,146,Jharkhand,Eastern Region,3,Godda,7,2024-06-01,NISHIKANT DUBEY,Bharatiya Janata Party,NDA,PRADEEP YADAV,Indian National Congress,688879,4261,693140,1398204.0,49.57,101813,Result Declared,52.0,male
14,3,147,Jharkhand,Eastern Region,4,Chatra,5,2024-05-20,KALI CHARAN SINGH,Bharatiya Janata Party,NDA,KRISHNA NAND TRIPATHI,Indian National Congress,568912,5644,574556,1086374.0,52.89,220959,Result Declared,62.0,male
14,3,148,Jharkhand,Eastern Region,5,Kodarma,5,2024-05-20,ANNPURNA DEVI,Bharatiya Janata Party,NDA,VINOD KUMAR SINGH,Communist Party of India  (Marxist-Leninist)  (Liberation),787185,4472,791657,1369964.0,57.79,377014,Result Declared,55.0,female
14,3,149,Jharkhand,Eastern Region,6,Giridih,6,2024-05-25,CHANDRA PRAKASH CHOUDHARY,AJSU Party,NDA,MATHURA PRASAD MAHATO,Jharkhand Mukti Morcha,447896,3243,451139,1264833.0,35.67,80880,Result Declared,55.0,male
14,3,150,Jharkhand,Eastern Region,7,Dhanbad,6,2024-05-25,DULU MAHATO,Bharatiya Janata Party,NDA,ANUPAMA SINGH,Indian National Congress,782423,6749,789172,1428007.0,55.26,331583,Result Declared,49.0,male
14,3,151,Jharkhand,Eastern Region,8,Ranchi,6,2024-05-25,SANJAY SETH,Bharatiya Janata Party,NDA,YASHASWINI SAHAY,Indian National Congress,658975,5757,664732,1447781.0,45.91,120512,Result Declared,65.0,male
14,3,152,Jharkhand,Eastern Region,9,Jamshedpur,6,2024-05-25,BIDYUT BARAN MAHATO,Bharatiya Janata Party,NDA,SAMIR KUMAR MOHANTY,Jharkhand Mukti Morcha,719891,6283,726174,1277629.0,56.84,259782,Result Declared,61.0,male
14,3,153,Jharkhand,Eastern Region,10,Singhbhum,4,2024-05-13,JOBA MAJHI,Jharkhand Mukti Morcha,INDIA,GEETA KORA,Bharatiya Janata Party,515989,4175,520164,1007597.0,51.62,168402,Result Declared,60.0,female
14,3,154,Jharkhand,Eastern Region,11,Khunti,4,2024-05-13,KALI CHARAN MUNDA,Indian National Congress,INDIA,ARJUN MUNDA,Bharatiya Janata Party,503997,7650,511647,936682.0,54.62,149675,Result Declared,62.0,male
14,3,155,Jharkhand,Eastern Region,12,Lohardaga,4,2024-05-13,SUKHDEO BHAGAT,Indian National Congress,INDIA,SAMIR ORAON,Bharatiya Janata Party,476112,6926,483038,967125.0,49.95,139138,Result Declared,63.0,male
14,3,156,Jharkhand,Eastern Region,13,Palamau,4,2024-05-13,VISHNU DAYAL RAM,Bharatiya Janata Party,NDA,MAMTA BHUIYAN,Rashtriya Janata Dal,762290,8072,770362,1390738.0,55.39,288807,Result Declared,72.0,male
14,3,157,Jharkhand,Eastern Region,14,Hazaribagh,5,2024-05-20,MANISH JAISWAL,Bharatiya Janata Party,NDA,JAI PRAKASH BHAI PATEL,Indian National Congress,647416,7197,654613,1264667.0,51.76,276686,Result Declared,59.0,male
15,5,158,Karnataka,Southern Region,1,Chikkodi,3,2024-05-07,PRIYANKA SATISH JARKIHOLI,Indian National Congress,INDIA,ANNASAHEB SHANKAR JOLLE,Bharatiya Janata Party,710823,2638,713461,1393093.0,51.21,90834,Result Declared,27.0,female
15,5,159,Karnataka,Southern Region,2,Belgaum,3,2024-05-07,JAGADISH SHETTAR,Bharatiya Janata Party,NDA,MRINAL R HEBBALKAR,Indian National Congress,756471,5558,762029,1383889.0,55.06,178437,Result Declared,68.0,male
15,5,160,Karnataka,Southern Region,3,Bagalkot,3,2024-05-07,GADDIGOUDAR. PARVATAGOUDA. CHANDANAGOUDA.,Bharatiya Janata Party,NDA,SAMYUKTA SHIVANAND PATIL,Indian National Congress,667441,3598,671039,1317561.0,50.93,68399,Result Declared,72.0,male
15,5,161,Karnataka,Southern Region,4,Bijapur,3,2024-05-07,RAMESH JIGAJINAGI,Bharatiya Janata Party,NDA,RAJU ALAGUR.,Indian National Congress,669055,3726,672781,1296114.0,51.91,77229,Result Declared,71.0,male
15,5,162,Karnataka,Southern Region,5,Gulbarga,3,2024-05-07,RADHAKRISHNA,Indian National Congress,INDIA,DR. UMESH G JADHAV,Bharatiya Janata Party,650623,1698,652321,1310477.0,49.78,27205,Result Declared,63.0,male
15,5,163,Karnataka,Southern Region,6,Raichur,3,2024-05-07,G. KUMAR NAIK.,Indian National Congress,INDIA,RAJA AMARESHWARA NAIK.,Bharatiya Janata Party,669413,1553,670966,1299619.0,51.63,79781,Result Declared,60.0,male
15,5,164,Karnataka,Southern Region,7,Bidar,3,2024-05-07,SAGAR ESHWAR KHANDRE,Indian National Congress,INDIA,BHAGWANTH KHUBA,Bharatiya Janata Party,665162,1155,666317,1242322.0,53.63,128875,Result Declared,26.0,male
15,5,165,Karnataka,Southern Region,8,Koppal,3,2024-05-07,K. RAJASHEKAR BASAVARAJ HITNAL,Indian National Congress,INDIA,DR . BASAVARAJ. K. SHARANAPPA,Bharatiya Janata Party,661921,1590,663511,1328936.0,49.93,46357,Result Declared,44.0,male
15,5,166,Karnataka,Southern Region,9,Bellary,3,2024-05-07,E. TUKARAM,Indian National Congress,INDIA,B. SREERAMULU,Bharatiya Janata Party,729581,1264,730845,1389914.0,52.58,98992,Result Declared,57.0,male
15,5,167,Karnataka,Southern Region,10,Haveri,3,2024-05-07,BASAVARAJ BOMMAI,Bharatiya Janata Party,NDA,ANANDSWAMY GADDADEVARMATH,Indian National Congress,702189,3349,705538,1395812.0,50.55,43513,Result Declared,64.0,male
15,5,168,Karnataka,Southern Region,11,Dharwad,3,2024-05-07,PRALHAD JOSHI,Bharatiya Janata Party,NDA,VINOD ASOOTI,Indian National Congress,713649,2582,716231,1366491.0,52.41,97324,Result Declared,61.0,male
15,5,169,Karnataka,Southern Region,12,Uttara Kannada,3,2024-05-07,VISHWESHWAR HEGDE KAGERI,Bharatiya Janata Party,NDA,DR. ANJALI NIMBALKAR,Indian National Congress,777887,4608,782495,1262761.0,61.97,337428,Result Declared,63.0,male
15,5,170,Karnataka,Southern Region,13,Davanagere,3,2024-05-07,DR. PRABHA MALLIKARJUN,Indian National Congress,INDIA,GAYITHRI SIDDESHWARA,Bharatiya Janata Party,631453,1606,633059,1320368.0,47.95,26094,Result Declared,48.0,female
15,5,171,Karnataka,Southern Region,14,Shimoga,3,2024-05-07,B.Y.RAGHAVENDRA,Bharatiya Janata Party,NDA,GEETHA SHIVARAJKUMAR,Indian National Congress,775731,2990,778721,1377224.0,56.54,243715,Result Declared,50.0,male
15,5,172,Karnataka,Southern Region,15,Udupi Chikmagalur,2,2024-04-26,KOTA SRINIVAS POOJARY,Bharatiya Janata Party,NDA,K. JAYAPRAKASH HEGDE,Indian National Congress,728219,4015,732234,1229418.0,59.56,259175,Result Declared,64.0,male
15,5,173,Karnataka,Southern Region,16,Hassan,2,2024-04-26,SHREYAS. M. PATEL,Indian National Congress,INDIA,PRAJWAL REVANNA,Janata Dal  (Secular),670274,2714,672988,1355007.0,49.67,42649,Result Declared,32.0,male
15,5,174,Karnataka,Southern Region,17,Dakshina Kannada,2,2024-04-26,CAPTAIN BRIJESH CHOWTA,Bharatiya Janata Party,NDA,PADMARAJ.R.POOJARY,Indian National Congress,760130,4002,764132,1415770.0,53.97,149208,Result Declared,42.0,male
15,5,175,Karnataka,Southern Region,18,Chitradurga,2,2024-04-26,GOVIND MAKTHAPPA KARJOL,Bharatiya Janata Party,NDA,B.N.CHANDRAPPA,Indian National Congress,681217,3673,684890,1366909.0,50.11,48121,Result Declared,73.0,male
15,5,176,Karnataka,Southern Region,19,Tumkur,2,2024-04-26,V. SOMANNA,Bharatiya Janata Party,NDA,S.P. MUDDAHANUMEGOWDA,Indian National Congress,716709,4237,720946,1303451.0,55.31,175594,Result Declared,72.0,male
15,5,177,Karnataka,Southern Region,20,Mandya,2,2024-04-26,H.D. KUMARASWAMY,Janata Dal  (Secular),NDA,VENKATARAMANE GOWDA (STAR CHANDRU),Indian National Congress,847482,4399,851881,1460267.0,58.34,284620,Result Declared,65.0,male
15,5,178,Karnataka,Southern Region,21,Mysore,2,2024-04-26,YADUVEER KRISHNADATTA CHAMARAJA WADIYAR,Bharatiya Janata Party,NDA,M. LAKSHMANA,Indian National Congress,790391,5112,795503,1484473.0,53.59,139262,Result Declared,32.0,male
15,5,179,Karnataka,Southern Region,22,Chamarajanagar,2,2024-04-26,SUNIL BOSE,Indian National Congress,INDIA,BALARAJ.S,Bharatiya Janata Party,749926,1745,751671,1369797.0,54.87,188706,Result Declared,42.0,male
15,5,180,Karnataka,Southern Region,23,Bangalore Rural,2,2024-04-26,DR C N MANJUNATH,Bharatiya Janata Party,NDA,D K SURESH,Indian National Congress,1075553,3449,1079002,1919540.0,56.21,269647,Result Declared,67.0,male
15,5,181,Karnataka,Southern Region,24,Bangalore North,2,2024-04-26,SHOBHA KARANDLAJE,Bharatiya Janata Party,NDA,PROFESSOR M.V RAJEEV GOWDA,Indian National Congress,982805,3244,986049,1752504.0,56.27,259476,Result Declared,57.0,female
15,5,182,Karnataka,Southern Region,25,Bangalore central,2,2024-04-26,P C MOHAN,Bharatiya Janata Party,NDA,MANSOOR ALI KHAN,Indian National Congress,657236,1679,658915,1316510.0,50.05,32707,Result Declared,60.0,male
15,5,183,Karnataka,Southern Region,26,Bangalore South,2,2024-04-26,TEJASVI SURYA,Bharatiya Janata Party,NDA,SOWMYA REDDY,Indian National Congress,747780,3050,750830,1249342.0,60.1,277083,Result Declared,33.0,male
15,5,184,Karnataka,Southern Region,27,Chikkballapur,2,2024-04-26,DR.K.SUDHAKAR,Bharatiya Janata Party,NDA,M.S. RAKSHA RAMAIAH,Indian National Congress,819588,3031,822619,1530820.0,53.74,163460,Result Declared,50.0,male
15,5,185,Karnataka,Southern Region,28,Kolar,2,2024-04-26,M. MALLESH BABU,Janata Dal  (Secular),NDA,K V GOWTHAM,Indian National Congress,689185,2296,691481,1355228.0,51.02,71388,Result Declared,49.0,male
16,5,186,Kerala,Southern Region,1,Kasaragod,1,2024-04-19,RAJMOHAN UNNITHAN,Indian National Congress,INDIA,M.V BALAKRISHNAN MASTER,Communist Party of India  (Marxist),487637,3022,490659,1112546.0,44.1,100649,Result Declared,70.0,male
16,5,187,Kerala,Southern Region,2,Kannur,1,2024-04-19,K. SUDHAKARAN,Indian National Congress,INDIA,M.V. JAYARAJAN,Communist Party of India  (Marxist),512266,6258,518524,1063855.0,48.74,108982,Result Declared,75.0,male
16,5,188,Kerala,Southern Region,3,Vadakara,1,2024-04-19,SHAFI PARAMBIL,Indian National Congress,INDIA,K K SHAILAJA TEACHER,Communist Party of India  (Marxist),552490,5038,557528,1122947.0,49.65,114506,Result Declared,41.0,male
16,5,189,Kerala,Southern Region,4,Wayanad,1,2024-04-19,RAHUL GANDHI,Indian National Congress,INDIA,ANNIE RAJA,Communist Party of India,642299,5146,647445,1084653.0,59.69,364422,Result Declared,53.0,male
16,5,190,Kerala,Southern Region,5,Kozhikode,1,2024-04-19,M. K. RAGHAVAN,Indian National Congress,INDIA,ELAMARAM KAREEM,Communist Party of India  (Marxist),515608,4813,520421,1090050.0,47.74,146176,Result Declared,71.0,male
16,5,191,Kerala,Southern Region,6,Malappuram,1,2024-04-19,E.T.  MOHAMMED BASHEER,Indian Union Muslim League,INDIA,V. VASEEF,Communist Party of India  (Marxist),640269,3737,644006,1085182.0,59.35,300118,Result Declared,77.0,male
16,5,192,Kerala,Southern Region,7,Ponnani,1,2024-04-19,DR. M.P ABDUSSAMAD SAMADANI,Indian Union Muslim League,INDIA,K.S HAMZA,Communist Party of India  (Marxist),559570,2946,562516,1026296.0,54.81,235760,Result Declared,65.0,male
16,5,193,Kerala,Southern Region,8,Palakkad,1,2024-04-19,V K SREEKANDAN,Indian National Congress,INDIA,A VIJAYARAGHAVAN,Communist Party of India  (Marxist),418072,3097,421169,1035836.0,40.66,75283,Result Declared,54.0,male
16,5,194,Kerala,Southern Region,9,Alathur,1,2024-04-19,K.RADHAKRISHNAN,Communist Party of India  (Marxist),INDIA,RAMYA HARIDAS,Indian National Congress,398818,4629,403447,992268.0,40.66,20111,Result Declared,60.0,male
16,5,195,Kerala,Southern Region,10,Thrissur,1,2024-04-19,SURESH GOPI,Bharatiya Janata Party,NDA,ADV V S SUNILKUMAR,Communist Party of India,409302,3036,412338,1090876.0,37.8,74686,Result Declared,65.0,male
16,5,196,Kerala,Southern Region,11,Chalakudy,1,2024-04-19,BENNY BEHANAN,Indian National Congress,INDIA,PROF C RAVEENDRANATH,Communist Party of India  (Marxist),390216,3955,394171,951287.0,41.44,63754,Result Declared,71.0,male
16,5,197,Kerala,Southern Region,12,Ernakulam,1,2024-04-19,HIBI EDEN,Indian National Congress,INDIA,K. J. SHINE TEACHER,Communist Party of India  (Marxist),478989,3328,482317,910502.0,52.97,250385,Result Declared,40.0,male
16,5,198,Kerala,Southern Region,13,Idukki,1,2024-04-19,ADV. DEAN KURIAKOSE,Indian National Congress,INDIA,ADV. JOICE GEORGE,Communist Party of India  (Marxist),427129,5243,432372,840657.0,51.43,133727,Result Declared,42.0,male
16,5,199,Kerala,Southern Region,14,Kottayam,1,2024-04-19,ADV K FRANCIS GEORGE,Kerala Congress,INDIA,THOMAS CHAZHIKADAN,Kerala Congress  (M),358369,6262,364631,836223.0,43.6,87266,Result Declared,68.0,male
16,5,200,Kerala,Southern Region,15,Alappuzha,1,2024-04-19,K. C VENUGOPAL,Indian National Congress,INDIA,A. M ARIFF,Communist Party of India  (Marxist),398246,6314,404560,1058703.0,38.21,63513,Result Declared,61.0,male
16,5,201,Kerala,Southern Region,16,Mavelikkara,1,2024-04-19,KODIKUNNIL SURESH,Indian National Congress,INDIA,ADV ARUN KUMAR C A,Communist Party of India,362209,7307,369516,894971.0,41.29,10868,Result Declared,60.0,male
16,5,202,Kerala,Southern Region,17,Pathanamthitta,1,2024-04-19,ANTO ANTONY,Indian National Congress,INDIA,DR.T.M.THOMAS ISSAC,Communist Party of India  (Marxist),360957,6666,367623,919569.0,39.98,66119,Result Declared,67.0,male
16,5,203,Kerala,Southern Region,18,Kollam,1,2024-04-19,N K PREMACHANDRAN,Revolutionary Socialist Party,INDIA,M MUKESH,Communist Party of India  (Marxist),437516,6112,443628,915691.0,48.45,150302,Result Declared,63.0,male
16,5,204,Kerala,Southern Region,19,Attingal,1,2024-04-19,ADV ADOOR PRAKASH,Indian National Congress,INDIA,V JOY,Communist Party of India  (Marxist),323273,4778,328051,985341.0,33.29,684,Result Declared,68.0,male
16,5,205,Kerala,Southern Region,20,Thiruvananthapuram,1,2024-04-19,SHASHI THAROOR,Indian National Congress,INDIA,RAJEEV CHANDRASEKHAR,Bharatiya Janata Party,353679,4476,358155,962983.0,37.19,16077,Result Declared,68.0,male
17,1,206,Ladakh,Northern Region,1,Ladakh,5,2024-05-20,MOHMAD HANEEFA,Independent,Others,TSERING NAMGYAL,Indian National Congress,64443,816,65259,135524.0,48.15,27862,Result Declared,55.0,male
18,5,207,Lakshadweep,Southern Region,1,Lakshadweep,1,2024-04-19,MUHAMMED HAMDULLAH SAYEED,Indian National Congress,INDIA,MOHAMMED FAIZAL PP,Nationalist Congress Party – Sharadchandra Pawar,25405,321,25726,49200.0,52.29,2647,Result Declared,41.0,male
19,2,208,Madhya Pradesh,Central Region,1,MORENA,3,2024-05-07,SHIVMANGAL SINGH TOMAR,Bharatiya Janata Party,NDA,NEETU SATYAPAL SINGH SIKARWAR,Indian National Congress,513136,2341,515477,1187331.0,43.41,52530,Result Declared,64.0,male
19,2,209,Madhya Pradesh,Central Region,2,BHIND,3,2024-05-07,SANDHYA RAY,Bharatiya Janata Party,NDA,PHOOL SINGH BARAIYA,Indian National Congress,533462,3603,537065,1049007.0,51.2,64840,Result Declared,50.0,female
19,2,210,Madhya Pradesh,Central Region,3,GWALIOR,3,2024-05-07,BHARAT SINGH KUSHWAH,Bharatiya Janata Party,NDA,PRAVEEN PATHAK,Indian National Congress,668782,2753,671535,1343229.0,49.99,70210,Result Declared,53.0,male
19,2,211,Madhya Pradesh,Central Region,4,GUNA,3,2024-05-07,JYOTIRADITYA M. SCINDIA,Bharatiya Janata Party,NDA,YADVENDRA RAO DESHRAJ SINGH,Indian National Congress,919744,3558,923302,1373766.0,67.21,540929,Result Declared,53.0,male
19,2,212,Madhya Pradesh,Central Region,5,SAGAR,3,2024-05-07,DR. LATA WANKHEDE,Bharatiya Janata Party,NDA,CHANDRA BHUSAN SINGH BUNDELA 'GUDDU RAJA',Indian National Congress,786160,1819,787979,1150549.0,68.49,471222,Result Declared,54.0,female
19,2,213,Madhya Pradesh,Central Region,6,TIKAMGARH,2,2024-04-26,DR. VIRENDRA KUMAR,Bharatiya Janata Party,NDA,KHUMAN URF PANKAJ AHIRWAR,Indian National Congress,713781,1269,715050,1098390.0,65.1,403312,Result Declared,70.0,male
19,2,214,Madhya Pradesh,Central Region,7,DAMOH,2,2024-04-26,RAHUL SINGH LODHI,Bharatiya Janata Party,NDA,TARBAR SINGH LODHI (BANTU BHAIYA),Indian National Congress,708589,1179,709768,1088944.0,65.18,406426,Result Declared,40.0,male
19,2,215,Madhya Pradesh,Central Region,8,KHAJURAHO,2,2024-04-26,VISHNU DATT SHARMA (V.D.SHARMA),Bharatiya Janata Party,NDA,KAMLESH KUMAR,Bahujan Samaj Party,771014,1760,772774,1140570.0,67.75,541229,Result Declared,54.0,male
19,2,216,Madhya Pradesh,Central Region,9,SATNA,2,2024-04-26,GANESH SINGH,Bharatiya Janata Party,NDA,DABBU SIDDHARTH SUKHLAL KUSHWAHA,Indian National Congress,458373,1355,459728,1058972.0,43.41,84949,Result Declared,61.0,male
19,2,217,Madhya Pradesh,Central Region,10,REWA,2,2024-04-26,JANARDAN MISHRA,Bharatiya Janata Party,NDA,NEELAM ABHAY MISHRA,Indian National Congress,475439,2020,477459,918129.0,52.0,193374,Result Declared,67.0,male
19,2,218,Madhya Pradesh,Central Region,11,SIDHI,1,2024-04-19,DR. RAJESH MISHRA,Bharatiya Janata Party,NDA,KAMLESHWAR INDRAJIT KUMAR,Indian National Congress,582664,895,583559,1147264.0,50.87,206416,Result Declared,66.0,male
19,2,219,Madhya Pradesh,Central Region,12,SHAHDOL,1,2024-04-19,SMT. HIMADRI SINGH,Bharatiya Janata Party,NDA,PHUNDE LAL SINGH MARKO,Indian National Congress,709477,1666,711143,1152013.0,61.73,397340,Result Declared,37.0,female
19,2,220,Madhya Pradesh,Central Region,13,JABALPUR,1,2024-04-19,ASHISH DUBEY,Bharatiya Janata Party,NDA,DINESH YADAV,Indian National Congress,788721,1412,790133,1158545.0,68.2,486674,Result Declared,54.0,male
19,2,221,Madhya Pradesh,Central Region,14,MANDLA,1,2024-04-19,FAGGAN SINGH KULASTE,Bharatiya Janata Party,NDA,OMKAR SINGH MARKAM,Indian National Congress,749761,1614,751375,1535632.0,48.93,103846,Result Declared,64.0,male
19,2,222,Madhya Pradesh,Central Region,15,BALAGHAT,1,2024-04-19,BHARTI PARDHI,Bharatiya Janata Party,NDA,SAMRAT ASHOK SINGH SARASWAR,Indian National Congress,709939,2721,712660,1382280.0,51.56,174512,Result Declared,56.0,female
19,2,223,Madhya Pradesh,Central Region,16,CHHINDWARA,1,2024-04-19,BUNTY VIVEK SAHU,Bharatiya Janata Party,NDA,NAKUL KAMALNATH,Indian National Congress,643489,1249,644738,1304827.0,49.41,113618,Result Declared,45.0,male
19,2,224,Madhya Pradesh,Central Region,17,HOSHANGABAD,2,2024-04-26,DARSHAN SINGH CHOUDHARY,Bharatiya Janata Party,NDA,SANJAY SHARMA SANJU BHAIYA,Indian National Congress,810529,1618,812147,1249692.0,64.99,431696,Result Declared,48.0,male
19,2,225,Madhya Pradesh,Central Region,18,VIDISHA,3,2024-05-07,SHIVRAJ SINGH CHOUHAN,Bharatiya Janata Party,NDA,PRATAPBHANU SHARMA,Indian National Congress,1111556,4904,1116460,1455658.0,76.7,821408,Result Declared,65.0,male
19,2,226,Madhya Pradesh,Central Region,19,BHOPAL,3,2024-05-07,ALOK SHARMA,Bharatiya Janata Party,NDA,ADVOCATE ARUN SHRIVASTAVA,Indian National Congress,978285,2824,981109,1498285.0,65.48,501499,Result Declared,56.0,male
19,2,227,Madhya Pradesh,Central Region,20,RAJGARH,3,2024-05-07,RODMAL NAGAR,Bharatiya Janata Party,NDA,DIGVIJAYA SINGH,Indian National Congress,756139,2604,758743,1428997.0,53.1,146089,Result Declared,63.0,male
19,2,228,Madhya Pradesh,Central Region,21,DEWAS,4,2024-05-13,MAHENDRA SINGH SOLANKY,Bharatiya Janata Party,NDA,RAJENDRA RADHAKISHAN MALVIYA,Indian National Congress,925917,3024,928941,1469104.0,63.23,425225,Result Declared,40.0,male
19,2,229,Madhya Pradesh,Central Region,22,UJJAIN,4,2024-05-13,ANIL FIROJIYA,Bharatiya Janata Party,NDA,MAHESH PARMAR,Indian National Congress,834374,1730,836104,1328580.0,62.93,375860,Result Declared,52.0,male
19,2,230,Madhya Pradesh,Central Region,23,MANDSOUR,4,2024-05-13,SUDHEER GUPTA,Bharatiya Janata Party,NDA,DILIP SINGH GURJAR,Indian National Congress,942249,3512,945761,1433492.0,65.98,500655,Result Declared,64.0,male
19,2,231,Madhya Pradesh,Central Region,24,RATLAM,4,2024-05-13,ANITA NAGARSINGH CHOUHAN,Bharatiya Janata Party,NDA,KANTILAL BHURIA,Indian National Congress,793432,2431,795863,1532643.0,51.93,207232,Result Declared,39.0,female
19,2,232,Madhya Pradesh,Central Region,25,DHAR,4,2024-05-13,SAVITRI THAKUR,Bharatiya Janata Party,NDA,RADHESHYAM MUVEL,Indian National Congress,792591,1858,794449,1425044.0,55.75,218665,Result Declared,45.0,female
19,2,233,Madhya Pradesh,Central Region,26,INDORE,4,2024-05-13,SHANKAR LALWANI,Bharatiya Janata Party,NDA,SANJAY S/O LAKSHMAN SOLANKI,Bahujan Samaj Party,1223746,3005,1226751,1561968.0,78.54,1175092,Result Declared,62.0,male
19,2,234,Madhya Pradesh,Central Region,27,KHARGONE,4,2024-05-13,GAJENDRA SINGH PATEL,Bharatiya Janata Party,NDA,PORLAL BATHA KHARTE,Indian National Congress,818291,1572,819863,1558778.0,52.6,135018,Result Declared,49.0,male
19,2,235,Madhya Pradesh,Central Region,28,KHANDWA,4,2024-05-13,GYANESHWAR PATIL,Bharatiya Janata Party,NDA,NARENDRA PATEL,Indian National Congress,861188,1491,862679,1512542.0,57.04,269971,Result Declared,55.0,male
19,2,236,Madhya Pradesh,Central Region,29,BETUL,2,2024-04-26,DURGADAS (D. D.) UIKEY,Bharatiya Janata Party,NDA,RAMU TEKAM,Indian National Congress,846696,1540,848236,1396020.0,60.76,379761,Result Declared,60.0,male
20,4,237,Maharashtra,Western Region,1,Nandurbar,4,2024-05-13,ADV GOWAAL KAGADA PADAVI,Indian National Congress,INDIA,DR HEENA VIJAYKUMAR GAVIT,Bharatiya Janata Party,744879,1119,745998,1393669.0,53.53,159120,Result Declared,31.0,male
20,4,238,Maharashtra,Western Region,2,Dhule,5,2024-05-20,BACHHAV SHOBHA DINESH,Indian National Congress,INDIA,BHAMRE SUBHASH RAMRAO,Bharatiya Janata Party,582492,1374,583866,1219295.0,47.89,3831,Result Declared,64.0,female
20,4,239,Maharashtra,Western Region,3,Jalgaon,4,2024-05-13,SMITA UDAY WAGH,Bharatiya Janata Party,NDA,KARAN BALASAHEB PATIL - PAWAR,Shiv Sena (Uddhav Balasaheb Thackrey),672119,2309,674428,1169553.0,57.67,251594,Result Declared,56.0,female
20,4,240,Maharashtra,Western Region,4,Raver,4,2024-05-13,KHADSE RAKSHA NIKHIL,Bharatiya Janata Party,NDA,SHRIRAM DAYARAM PATIL,Nationalist Congress Party – Sharadchandra Pawar,629558,1321,630879,1171666.0,53.84,272183,Result Declared,36.0,female
20,4,241,Maharashtra,Western Region,5,Buldhana,2,2024-04-26,JADHAV PRATAPRAO GANPATRAO,Shiv Sena,NDA,NARENDRA DAGDU KHEDEKAR,Shiv Sena (Uddhav Balasaheb Thackrey),348289,1578,349867,1109496.0,31.53,29479,Result Declared,63.0,male
20,4,242,Maharashtra,Western Region,6,Akola,2,2024-04-26,ANUP SANJAY DHOTRE,Bharatiya Janata Party,NDA,ABHAY KASHINATH PATIL,Indian National Congress,454972,2058,457030,1173072.0,38.96,40626,Result Declared,39.0,male
20,4,243,Maharashtra,Western Region,7,Amravati,2,2024-04-26,BALWANT BASWANT WANKHADE,Indian National Congress,INDIA,NAVNEET RAVI RANA,Bharatiya Janata Party,524136,2135,526271,1173579.0,44.84,19731,Result Declared,56.0,male
20,4,244,Maharashtra,Western Region,8,Wardha,2,2024-04-26,AMAR SHARADRAO KALE,Nationalist Congress Party – Sharadchandra Pawar,INDIA,RAMDAS CHANDRABHAN TADAS,Bharatiya Janata Party,530761,2345,533106,1095012.0,48.68,81648,Result Declared,50.0,male
20,4,245,Maharashtra,Western Region,9,Ramtek,1,2024-04-19,Shyamkumar (Babalu) Daulat Barve,Indian National Congress,INDIA,RAJU DEONATH PARVE,Shiv Sena,611894,1131,613025,1252512.0,48.94,76768,Result Declared,46.0,male
20,4,246,Maharashtra,Western Region,10,Nagpur,1,2024-04-19,NITIN JAIRAM GADKARI,Bharatiya Janata Party,NDA,VIKAS THAKRE,Indian National Congress,652809,2218,655027,1211321.0,54.08,137603,Result Declared,67.0,male
20,4,247,Maharashtra,Western Region,11,Bhandara Gondiya,1,2024-04-19,DR. PRASHANT YADAORAO PADOLE,Indian National Congress,INDIA,SUNIL BABURAO MENDHE,Bharatiya Janata Party,581678,5735,587413,1235073.0,47.56,37380,Result Declared,45.0,male
20,4,248,Maharashtra,Western Region,12,Gadchiroli - Chimur,1,2024-04-19,DR. KIRSAN NAMDEO,Indian National Congress,INDIA,ASHOK  MAHADEORAO NETE,Bharatiya Janata Party,614610,3182,617792,1166360.0,52.97,141696,Result Declared,65.0,male
20,4,249,Maharashtra,Western Region,13,Chandrapur,1,2024-04-19,DHANORKAR PRATIBHA SURESH ALIAS BALUBHAU,Indian National Congress,INDIA,MUNGANTIWAR SUDHIR SACCHIDANAND,Bharatiya Janata Party,716635,1775,718410,1241304.0,57.88,260406,Result Declared,38.0,female
20,4,250,Maharashtra,Western Region,14,Yavatmal- Washim,2,2024-04-26,SANJAY UTTAMRAO DESHMUKH,Shiv Sena (Uddhav Balasaheb Thackrey),INDIA,RAJSHRITAI HEMANT PATIL (MAHALLE),Shiv Sena,591899,2908,594807,1225530.0,48.53,94473,Result Declared,55.0,male
20,4,251,Maharashtra,Western Region,15,Hingoli,2,2024-04-26,AASHTIKAR PATIL NAGESH BAPURAO,Shiv Sena (Uddhav Balasaheb Thackrey),INDIA,BABURAO KADAM KOHALIKAR,Shiv Sena,490432,2103,492535,1159300.0,42.49,108602,Result Declared,52.0,male
20,4,252,Maharashtra,Western Region,16,Nanded,2,2024-04-26,CHAVAN VASANTRAO BALWANTRAO,Indian National Congress,INDIA,CHIKHALIKAR PRATAPRAO GOVINDRAO,Bharatiya Janata Party,526865,2029,528894,1128254.0,46.88,59442,Result Declared,69.0,male
20,4,253,Maharashtra,Western Region,17,Parbhani,2,2024-04-26,JADHAV SANJAY ( BANDU ) HARIBHAU,Shiv Sena (Uddhav Balasaheb Thackrey),INDIA,JANKAR MAHADEV JAGANNATH,Rashtriya Samaj Paksha,596871,4472,601343,1331176.0,45.17,134061,Result Declared,57.0,male
20,4,254,Maharashtra,Western Region,18,Jalna,4,2024-05-13,KALYAN VAIJINATHRAO KALE,Indian National Congress,INDIA,DANVE RAOSAHEB DADARAO,Bharatiya Janata Party,605504,2393,607897,1363409.0,44.59,109958,Result Declared,61.0,male
20,4,255,Maharashtra,Western Region,19,Aurangabad,1,2024-04-19,BHUMARE SANDIPANRAO ASARAM,Shiv Sena,NDA,IMTIAZ JALEEL SYED,All India Majlis-E-Ittehadul Muslimeen,474434,1696,476130,1302197.0,36.56,134650,Result Declared,62.0,male
20,4,256,Maharashtra,Western Region,20,Dindori,5,2024-05-20,BHASKAR MURLIDHAR BHAGARE,Nationalist Congress Party – Sharadchandra Pawar,INDIA,DR. BHARATI PRAVIN PAWAR,Bharatiya Janata Party,575291,2048,577339,1240910.0,46.53,113199,Result Declared,53.0,male
20,4,257,Maharashtra,Western Region,21,Nashik,5,2024-05-20,RAJABHAU (PARAG) PRAKASH WAJE,Shiv Sena (Uddhav Balasaheb Thackrey),INDIA,GODSE HEMANT TUKARAM,Shiv Sena,614517,2212,616729,1237204.0,49.85,162001,Result Declared,58.0,male
20,4,258,Maharashtra,Western Region,22,Palghar,5,2024-05-20,DR. HEMANT VISHNU SAVARA,Bharatiya Janata Party,NDA,BHARTI BHARAT KAMDI,Shiv Sena (Uddhav Balasaheb Thackrey),600208,1036,601244,1376074.0,43.69,183306,Result Declared,47.0,male
20,4,259,Maharashtra,Western Region,23,Bhiwandi,5,2024-05-20,BALYA MAMA - SURESH GOPINATH MHATRE,Nationalist Congress Party – Sharadchandra Pawar,INDIA,KAPIL MORESHWAR PATIL,Bharatiya Janata Party,498199,1265,499464,1253399.0,39.85,66121,Result Declared,53.0,male
20,4,260,Maharashtra,Western Region,24,Kalyan,5,2024-05-20,DR SHRIKANT EKNATH SHINDE,Shiv Sena,NDA,VAISHALI DAREKAR - RANE,Shiv Sena (Uddhav Balasaheb Thackrey),587921,1715,589636,1045736.0,56.38,209144,Result Declared,37.0,male
20,4,261,Maharashtra,Western Region,25,Thane,5,2024-05-20,NARESH GANPAT MHASKE,Shiv Sena,NDA,RAJAN BABURAO VICHARE,Shiv Sena (Uddhav Balasaheb Thackrey),732109,2122,734231,1309068.0,56.09,217011,Result Declared,54.0,male
20,4,262,Maharashtra,Western Region,26,Mumbai North,5,2024-05-20,PIYUSH GOYAL,Bharatiya Janata Party,NDA,BHUSHAN PATIL,Indian National Congress,678451,1695,680146,1035493.0,65.68,357608,Result Declared,59.0,male
20,4,263,Maharashtra,Western Region,27,Mumbai North West,5,2024-05-20,RAVINDRA DATTARAM WAIKAR,Shiv Sena,NDA,AMOL GAJANAN KIRTIKAR,Shiv Sena (Uddhav Balasaheb Thackrey),451094,1550,452644,954939.0,47.4,48,Result Declared,65.0,male
20,4,264,Maharashtra,Western Region,28,Mumbai North East,5,2024-05-20,SANJAY DINA PATIL,Shiv Sena (Uddhav Balasaheb Thackrey),INDIA,MIHIR CHANDRAKANT KOTECHA,Bharatiya Janata Party,448604,2333,450937,926469.0,48.67,29861,Result Declared,55.0,male
20,4,265,Maharashtra,Western Region,29,Mumbai North Central,5,2024-05-20,GAIKWAD VARSHA EKNATH,Indian National Congress,INDIA,ADV UJWAL NIKAM,Bharatiya Janata Party,444098,1447,445545,910562.0,48.93,16514,Result Declared,49.0,female
20,4,266,Maharashtra,Western Region,30,Mumbai South Central,5,2024-05-20,ANIL YESHWANT DESAI,Shiv Sena (Uddhav Balasaheb Thackrey),INDIA,RAHUL RAMESH SHEWALE,Shiv Sena,393342,1796,395138,794524.0,49.73,53384,Result Declared,66.0,male
20,4,267,Maharashtra,Western Region,31,Mumbai South,5,2024-05-20,ARVIND GANPAT SAWANT,Shiv Sena (Uddhav Balasaheb Thackrey),INDIA,YAMINI YASHWANT JADHAV,Shiv Sena,393735,1920,395655,773113.0,51.18,52673,Result Declared,72.0,male
20,4,268,Maharashtra,Western Region,32,Raigad,3,2024-05-07,TATKARE SUNIL DATTATREY,Nationalist Congress Party,NDA,ANANT GEETE,Shiv Sena (Uddhav Balasaheb Thackrey),506529,1823,508352,1013272.0,50.17,82784,Result Declared,69.0,male
20,4,269,Maharashtra,Western Region,33,Maval,4,2024-05-13,SHRIRANG APPA CHANDU BARNE,Shiv Sena,NDA,SANJOG BHIKU WAGHERE PATIL,Shiv Sena (Uddhav Balasaheb Thackrey),692101,731,692832,1419401.0,48.81,96615,Result Declared,60.0,male
20,4,270,Maharashtra,Western Region,34,Pune,4,2024-05-13,MURLIDHAR MOHOL,Bharatiya Janata Party,NDA,DHANGEKAR RAVINDRA HEMRAJ,Indian National Congress,584171,557,584728,1104572.0,52.94,123038,Result Declared,49.0,male
20,4,271,Maharashtra,Western Region,35,Baramati,3,2024-05-07,SUPRIYA SULE,Nationalist Congress Party – Sharadchandra Pawar,INDIA,SUNETRA AJITDADA PAWAR,Nationalist Congress Party,731400,912,732312,1412349.0,51.85,158333,Result Declared,54.0,female
20,4,272,Maharashtra,Western Region,36,Shirur,4,2024-05-13,DR. AMOL RAMSING KOLHE,Nationalist Congress Party – Sharadchandra Pawar,INDIA,ADHALRAO SHIVAJI DATTATREY,Nationalist Congress Party,697768,924,698692,1374464.0,50.83,140951,Result Declared,43.0,male
20,4,273,Maharashtra,Western Region,37,Ahmednagar,4,2024-05-13,NILESH DNYANDEV LANKE,Nationalist Congress Party – Sharadchandra Pawar,INDIA,DR. SUJAY RADHAKRISHNA VIKHEPATIL,Bharatiya Janata Party,622144,2653,624797,1325477.0,47.14,28929,Result Declared,44.0,male
20,4,274,Maharashtra,Western Region,38,Shirdi,4,2024-05-13,BHAUSAHEB RAJARAM WAKCHAURE,Shiv Sena (Uddhav Balasaheb Thackrey),INDIA,LOKHANDE SADASHIV KISAN,Shiv Sena,475637,1263,476900,1059864.0,45.0,50529,Result Declared,74.0,male
20,4,275,Maharashtra,Western Region,39,Beed,4,2024-05-13,BAJRANG MANOHAR SONWANE,Nationalist Congress Party – Sharadchandra Pawar,INDIA,PANKAJA GOPINATHRAO MUNDE,Bharatiya Janata Party,682532,1418,683950,1522295.0,44.93,6553,Result Declared,53.0,male
20,4,276,Maharashtra,Western Region,40,Osmanabad,3,2024-05-07,OMPRAKASH BHUPALSINH ALIAS PAVAN RAJENIMBALKAR,Shiv Sena (Uddhav Balasaheb Thackrey),INDIA,ARCHANA RANAJAGJITSINH PATIL,Nationalist Congress Party,743597,5155,748752,1281052.0,58.45,329846,Result Declared,40.0,male
20,4,277,Maharashtra,Western Region,41,Latur,3,2024-05-07,DR. KALGE SHIVAJI BANDAPPA,Indian National Congress,INDIA,SUDHAKAR TUKARAM SHRANGARE,Bharatiya Janata Party,607030,1991,609021,1239079.0,49.15,61881,Result Declared,54.0,male
20,4,278,Maharashtra,Western Region,42,Solapur,3,2024-05-07,PRANITI SUSHILKUMAR SHINDE,Indian National Congress,INDIA,RAM VITTHAL SATPUTE,Bharatiya Janata Party,618350,1875,620225,1204485.0,51.49,74197,Result Declared,43.0,female
20,4,279,Maharashtra,Western Region,43,Madha,3,2024-05-07,MOHITE-PATIL DHAIRYASHEEL RAJSINH,Nationalist Congress Party – Sharadchandra Pawar,INDIA,RANJEETSINGH HINDURAO NAIK NIMBALKAR,Bharatiya Janata Party,618566,3647,622213,1273418.0,48.86,120837,Result Declared,46.0,male
20,4,280,Maharashtra,Western Region,44,Sangli,3,2024-05-07,VISHAL (DADA) PRAKASHBAPU PATIL,Independent,Others,SANJAY (KAKA) PATIL,Bharatiya Janata Party,569651,2015,571666,1168744.0,48.91,100053,Result Declared,43.0,male
20,4,281,Maharashtra,Western Region,45,Satara,3,2024-05-07,SHRIMANT CHH UDAYANRAJE PRATAPSINHAMAHARAJ BHONSLE,Bharatiya Janata Party,NDA,SHASHIKANT JAYVANTRAO SHINDE,Nationalist Congress Party – Sharadchandra Pawar,568749,2385,571134,1198004.0,47.67,32771,Result Declared,58.0,male
20,4,282,Maharashtra,Western Region,46,Ratnagiri- Sindhudurg,3,2024-05-07,NARAYAN TATU RANE,Bharatiya Janata Party,NDA,VINAYAK BHAURAO RAUT,Shiv Sena (Uddhav Balasaheb Thackrey),445339,3175,448514,914038.0,49.07,47858,Result Declared,72.0,male
20,4,283,Maharashtra,Western Region,47,Kolhapur,3,2024-05-07,CHHATRAPATI SHAHU SHAHAJI,Indian National Congress,INDIA,SANJAY SADASHIVRAO MANDLIK,Shiv Sena,750323,4199,754522,1393326.0,54.15,154964,Result Declared,76.0,male
20,4,284,Maharashtra,Western Region,48,Hatkanangale,3,2024-05-07,DHAIRYASHEEL SAMBHAJIRAO MANE,Shiv Sena,NDA,SATYAJEET BABASAHEB PATIL (AABA) SARUDKAR,Shiv Sena (Uddhav Balasaheb Thackrey),518334,1856,520190,1296024.0,40.14,13426,Result Declared,43.0,male
21,6,285,Manipur,North Eastern Region,1,Inner Manipur,1,2024-04-19,ANGOMCHA BIMOL AKOIJAM,Indian National Congress,INDIA,THOUNAOJAM BASANTA KUMAR SINGH,Bharatiya Janata Party,370678,3339,374017,796897.0,46.93,109801,Result Declared,57.0,male
21,6,286,Manipur,North Eastern Region,2,Outer Manipur,1,2024-04-19,ALFRED KANNGAM S ARTHUR,Indian National Congress,INDIA,KACHUI TIMOTHY ZIMIK,Naga Peoples Front,381813,3141,384954,796735.0,48.32,85418,Result Declared,50.0,male
22,6,287,Meghalaya,North Eastern Region,1,Shillong,1,2024-04-19,DR. RICKY ANDREW J. SYNGKON,Voice of the People Party,Others,VINCENT H. PALA,Indian National Congress,569156,1922,571078,1037911.0,55.02,371910,Result Declared,52.0,male
22,6,288,Meghalaya,North Eastern Region,2,Tura,1,2024-04-19,SALENG A SANGMA,Indian National Congress,INDIA,AGATHA K SANGMA,National People's Party,382058,1861,383919,674056.0,56.96,155241,Result Declared,45.0,male
23,6,289,Mizoram,North Eastern Region,1,MIZORAM,1,2024-04-19,RICHARD VANLALHMANGAIHA,Zoram People’s Movement,Others,K VANLALVENA,Mizo National Front,206377,2175,208552,491336.0,42.45,68288,Result Declared,45.0,male
25,6,297,Nagaland,North Eastern Region,1,Nagaland,1,2024-04-19,S SUPONGMEREN JAMIR,Indian National Congress,INDIA,DR CHUMBEN MURRY,Nationalist Democratic Progressive Party,399512,2439,401951,760796.0,52.83,50984,Result Declared,61.0,male
24,1,290,NCT OF Delhi,Northern Region,1,Chandni Chowk,6,2024-05-25,PRAVEEN KHANDELWAL,Bharatiya Janata Party,NDA,JAI PRAKASH AGARWAL,Indian National Congress,514958,1538,516496,966102.0,53.46,89325,Result Declared,64.0,male
24,1,291,NCT OF Delhi,Northern Region,2,North-East Delhi,6,2024-05-25,MANOJ TIWARI,Bharatiya Janata Party,NDA,KANHAIYA KUMAR,Indian National Congress,821567,2884,824451,1552731.0,53.1,138778,Result Declared,53.0,male
24,1,292,NCT OF Delhi,Northern Region,3,East Delhi,6,2024-05-25,HARSH MALHOTRA,Bharatiya Janata Party,NDA,KULDEEP KUMAR (MONU),Aam Aadmi Party,663420,1399,664819,1264049.0,52.59,93663,Result Declared,60.0,male
24,1,293,NCT OF Delhi,Northern Region,4,New Delhi,6,2024-05-25,BANSURI SWARAJ,Bharatiya Janata Party,NDA,SOMNATH BHARTI,Aam Aadmi Party,451464,1721,453185,847468.0,53.48,78370,Result Declared,40.0,female
24,1,294,NCT OF Delhi,Northern Region,5,North-West Delhi,6,2024-05-25,YOGENDER CHANDOLIYA,Bharatiya Janata Party,NDA,UDIT RAJ,Indian National Congress,863255,3228,866483,1487207.0,58.26,290849,Result Declared,61.0,male
24,1,295,NCT OF Delhi,Northern Region,6,West Delhi,6,2024-05-25,KAMALJEET SEHRAWAT,Bharatiya Janata Party,NDA,MAHABAL MISHRA,Aam Aadmi Party,838332,4326,842658,1524494.0,55.27,199013,Result Declared,51.0,female
24,1,296,NCT OF Delhi,Northern Region,7,South Delhi,6,2024-05-25,RAMVIR SINGH BIDHURI,Bharatiya Janata Party,NDA,SAHI RAM,Aam Aadmi Party,691184,1648,692832,1295998.0,53.46,124333,Result Declared,71.0,male
26,3,298,Odisha,Eastern Region,1,Bargarh,5,2024-05-20,PRADEEP PUROHIT,Bharatiya Janata Party,NDA,PARINITA MISHRA,Biju Janata Dal,709606,6753,716359,1309864.0,54.69,251667,Result Declared,58.0,male
26,3,299,Odisha,Eastern Region,2,Sundargarh,5,2024-05-20,JUAL ORAM,Bharatiya Janata Party,NDA,DILIP KUMAR TIRKEY,Biju Janata Dal,490655,3627,494282,1155777.0,42.77,138808,Result Declared,63.0,male
26,3,300,Odisha,Eastern Region,3,Sambalpur,6,2024-05-25,DHARMENDRA PRADHAN,Bharatiya Janata Party,NDA,PRANAB PRAKASH DAS,Biju Janata Dal,587827,4335,592162,1196747.0,49.48,119836,Result Declared,54.0,male
26,3,301,Odisha,Eastern Region,4,Keonjhar,6,2024-05-25,ANANTA NAYAK,Bharatiya Janata Party,NDA,DHANURJAYA SIDU,Biju Janata Dal,571133,2790,573923,1256615.0,45.67,97042,Result Declared,55.0,male
26,3,302,Odisha,Eastern Region,5,Mayurbhanj,7,2024-06-01,NABA CHARAN MAJHI,Bharatiya Janata Party,NDA,SUDAM MARNDI,Biju Janata Dal,580579,5392,585971,1174050.0,49.91,219334,Result Declared,62.0,male
26,3,303,Odisha,Eastern Region,6,Balasore,7,2024-06-01,PRATAP CHANDRA SARANGI,Bharatiya Janata Party,NDA,LEKHASRI SAMANTSINGHAR,Biju Janata Dal,561590,2275,563865,1239635.0,45.49,147156,Result Declared,69.0,male
26,3,304,Odisha,Eastern Region,7,Bhadrak,7,2024-06-01,AVIMANYU SETHI,Bharatiya Janata Party,NDA,MANJULATA MANDAL,Biju Janata Dal,569705,3614,573319,1297377.0,44.19,91544,Result Declared,53.0,male
26,3,305,Odisha,Eastern Region,8,Jajpur,7,2024-06-01,RABINDRA NARAYAN BEHERA,Bharatiya Janata Party,NDA,SARMISTHA SETHI,Biju Janata Dal,528959,5280,534239,1161208.0,46.01,1587,Result Declared,61.0,male
26,3,306,Odisha,Eastern Region,9,Dhenkanal,6,2024-05-25,RUDRA NARAYAN PANY,Bharatiya Janata Party,NDA,ABINASH SAMAL,Biju Janata Dal,593907,4814,598721,1191673.0,50.24,76567,Result Declared,64.0,male
26,3,307,Odisha,Eastern Region,10,Bolangir,5,2024-05-20,SANGEETA KUMARI SINGH DEO,Bharatiya Janata Party,NDA,SURENDRA SINGH BHOI,Biju Janata Dal,614196,3548,617744,1400248.0,44.12,132664,Result Declared,62.0,female
26,3,308,Odisha,Eastern Region,11,Kalahandi,4,2024-05-13,MALVIKA DEVI,Bharatiya Janata Party,NDA,LAMBODAR NIAL,Biju Janata Dal,538535,5768,544303,1334244.0,40.79,133813,Result Declared,43.0,female
26,3,309,Odisha,Eastern Region,12,Nabarangpur,4,2024-05-13,BALABHADRA MAJHI,Bharatiya Janata Party,NDA,PRADEEP KUMAR MAJHI,Biju Janata Dal,478330,3066,481396,1242475.0,38.74,87536,Result Declared,63.0,male
26,3,310,Odisha,Eastern Region,13,Kandhamal,5,2024-05-20,SUKANTA KUMAR PANIGRAHI,Bharatiya Janata Party,NDA,ACHYUTANANDA SAMANTA,Biju Janata Dal,413320,3095,416415,996091.0,41.8,21371,Result Declared,57.0,male
26,3,311,Odisha,Eastern Region,14,Cuttack,6,2024-05-25,BHARTRUHARI MAHTAB,Bharatiya Janata Party,NDA,SANTRUPT MISRA,Biju Janata Dal,529271,2330,531601,1120795.0,47.43,57077,Result Declared,66.0,male
26,3,312,Odisha,Eastern Region,15,Kendrapara,7,2024-06-01,BAIJAYANT PANDA,Bharatiya Janata Party,NDA,ANSHUMAN MOHANTY,Biju Janata Dal,612916,2789,615705,1277108.0,48.21,66536,Result Declared,60.0,male
26,3,313,Odisha,Eastern Region,16,Jagatsinghpur,7,2024-06-01,BIBHU PRASAD TARAI,Bharatiya Janata Party,NDA,DR. RAJASHREE MALLICK,Biju Janata Dal,585672,3421,589093,1286287.0,45.8,40696,Result Declared,59.0,male
26,3,314,Odisha,Eastern Region,17,Puri,6,2024-05-25,SAMBIT PATRA,Bharatiya Janata Party,NDA,ARUP MOHAN PATNAIK,Biju Janata Dal,625372,3958,629330,1196938.0,52.58,104709,Result Declared,50.0,male
26,3,315,Odisha,Eastern Region,18,Bhubaneswar,6,2024-05-25,APARAJITA SARANGI,Bharatiya Janata Party,NDA,MANMATH KUMAR ROUTRAY,Biju Janata Dal,509567,2952,512519,1082215.0,47.36,35152,Result Declared,54.0,female
26,3,316,Odisha,Eastern Region,19,Aska,5,2024-05-20,ANITA SUBHADARSHINI,Bharatiya Janata Party,NDA,RANJITA SAHU,Biju Janata Dal,493032,1194,494226,1017914.0,48.55,99974,Result Declared,52.0,female
26,3,317,Odisha,Eastern Region,20,Berhampur,4,2024-05-13,DR. PRADEEP KUMAR PANIGRAHY,Bharatiya Janata Party,NDA,BHRUGU BAXIPATRA,Biju Janata Dal,510585,2517,513102,1042923.0,49.2,165476,Result Declared,,
26,3,318,Odisha,Eastern Region,21,Koraput,4,2024-05-13,SAPTAGIRI SANKAR ULAKA,Indian National Congress,INDIA,KAUSALYA HIKAKA,Biju Janata Dal,469295,2098,471393,1148842.0,41.03,147744,Result Declared,45.0,male
27,5,319,Puducherry,Southern Region,1,PUDUCHERRY,1,2024-04-19,VE VAITHILINGAM,Indian National Congress,INDIA,A NAMASSIVAYAM,Bharatiya Janata Party,424292,1713,426005,807940.0,52.73,136516,Result Declared,73.0,male
28,1,320,Punjab,Northern Region,1,Gurdaspur,7,2024-06-01,SUKHJINDER SINGH RANDHAWA,Indian National Congress,INDIA,DINESH SINGH BABBU,Bharatiya Janata Party,361713,2330,364043,1077826.0,33.78,82861,Result Declared,65.0,male
28,1,321,Punjab,Northern Region,2,Amritsar,7,2024-06-01,GURJEET SINGH AUJLA,Indian National Congress,INDIA,KULDEEP SINGH DHALIWAL,Aam Aadmi Party,254414,767,255181,905656.0,28.18,40301,Result Declared,51.0,male
28,1,322,Punjab,Northern Region,3,Khadoor Sahib,7,2024-06-01,AMRITPAL SINGH,Independent,Others,KULBIR SINGH ZIRA,Indian National Congress,402600,1830,404430,1047165.0,38.62,197120,Result Declared,31.0,male
28,1,323,Punjab,Northern Region,4,Jalandhar,7,2024-06-01,CHARANJIT SINGH CHANNI,Indian National Congress,INDIA,SUSHIL KUMAR RINKU,Bharatiya Janata Party,389509,544,390053,989107.0,39.43,175993,Result Declared,61.0,male
28,1,324,Punjab,Northern Region,5,Hoshiarpur,7,2024-06-01,DR. RAJ KUMAR CHABBEWAL,Aam Aadmi Party,INDIA,YAMINI GOMAR,Indian National Congress,302402,1457,303859,948485.0,32.04,44111,Result Declared,54.0,male
28,1,325,Punjab,Northern Region,6,Anandpur Sahib,7,2024-06-01,MALVINDER SINGH KANG,Aam Aadmi Party,INDIA,VIJAY INDER SINGLA,Indian National Congress,312241,976,313217,1077123.0,29.08,10846,Result Declared,45.0,male
28,1,326,Punjab,Northern Region,7,Ludhiana,7,2024-06-01,AMRINDER SINGH RAJA WARRING,Indian National Congress,INDIA,RAVNEET SINGH BITTU,Bharatiya Janata Party,321424,800,322224,1059157.0,30.42,20942,Result Declared,46.0,male
28,1,327,Punjab,Northern Region,8,Fatehgarh Sahib,7,2024-06-01,AMAR SINGH,Indian National Congress,INDIA,GURPREET SINGH GP,Aam Aadmi Party,331324,1267,332591,974256.0,34.14,34202,Result Declared,70.0,male
28,1,328,Punjab,Northern Region,9,Faridkot,7,2024-06-01,SARABJEET SINGH KHALSA,Independent,Others,KARAMJIT SINGH ANMOL,Aam Aadmi Party,296922,1140,298062,1014455.0,29.38,70053,Result Declared,45.0,male
28,1,329,Punjab,Northern Region,10,Firozpur,7,2024-06-01,SHER SINGH GHUBAYA,Indian National Congress,INDIA,JAGDEEP SINGH KAKA BRAR,Aam Aadmi Party,264712,1914,266626,1125115.0,23.7,3242,Result Declared,61.0,male
28,1,330,Punjab,Northern Region,11,Bathinda,7,2024-06-01,HARSIMRAT KAUR BADAL,Shiromani Akali Dal,Others,GURMEET SINGH KHUDIAN,Aam Aadmi Party,375019,1539,376558,1151170.0,32.71,49656,Result Declared,57.0,female
28,1,331,Punjab,Northern Region,12,Sangrur,7,2024-06-01,GURMEET SINGH MEET HAYER,Aam Aadmi Party,INDIA,SUKHPAL SINGH KHAIRA,Indian National Congress,362791,1294,364085,1009665.0,36.06,172560,Result Declared,35.0,male
28,1,332,Punjab,Northern Region,13,Patiala,7,2024-06-01,DR DHARAMVIRA GANDHI,Indian National Congress,INDIA,DR BALBIR SINGH,Aam Aadmi Party,304672,944,305616,1151743.0,26.54,14831,Result Declared,73.0,male
29,1,333,Rajasthan,Northern Region,1,GANGANAGAR,1,2024-04-19,KULDEEP INDORA,Indian National Congress,INDIA,PRIYANKA BALAN MEGHWAL,Bharatiya Janata Party,719896,6596,726492,1413494.0,51.4,88153,Result Declared,54.0,male
29,1,334,Rajasthan,Northern Region,2,BIKANER,1,2024-04-19,ARJUN RAM MEGHWAL,Bharatiya Janata Party,NDA,GOVINDRAM MEGHWAL,Indian National Congress,561240,5497,566737,1118282.0,50.68,55711,Result Declared,70.0,male
29,1,335,Rajasthan,Northern Region,3,CHURU,1,2024-04-19,RAHUL KASWAN,Indian National Congress,INDIA,DEVENDRA JHAJHARIA,Bharatiya Janata Party,719352,8859,728211,1424645.0,51.12,72737,Result Declared,47.0,male
29,1,336,Rajasthan,Northern Region,4,JHUNJHUNU,1,2024-04-19,BRIJENDRA SINGH OLA,Indian National Congress,INDIA,SHUBHKARAN CHOUDHARY,Bharatiya Janata Party,541203,11965,553168,1118927.0,49.44,18235,Result Declared,72.0,male
29,1,337,Rajasthan,Northern Region,5,SIKAR,1,2024-04-19,AMRARAM,Communist Party of India  (Marxist),INDIA,SUMEDHANAND SARASWATI,Bharatiya Janata Party,645559,13741,659300,1300856.0,50.68,72896,Result Declared,68.0,male
29,1,338,Rajasthan,Northern Region,6,JAIPUR RURAL,1,2024-04-19,RAO RAJENDRA SINGH,Bharatiya Janata Party,NDA,ANIL CHOPRA,Indian National Congress,608189,9688,617877,1262054.0,48.96,1615,Result Declared,65.0,male
29,1,339,Rajasthan,Northern Region,7,JAIPUR,1,2024-04-19,MANJU SHARMA,Bharatiya Janata Party,NDA,PRATAP SINGH KHACHARIYAWAS,Indian National Congress,878643,8207,886850,1463258.0,60.61,331767,Result Declared,64.0,female
29,1,340,Rajasthan,Northern Region,8,ALWAR,1,2024-04-19,BHUPENDER YADAV,Bharatiya Janata Party,NDA,LALIT YADAV,Indian National Congress,624110,7882,631992,1253438.0,50.42,48282,Result Declared,55.0,male
29,1,341,Rajasthan,Northern Region,9,BHARATPUR,1,2024-04-19,SANJNA JATAV,Indian National Congress,INDIA,RAMSWAROOP KOLI,Bharatiya Janata Party,572808,7082,579890,1133000.0,51.18,51983,Result Declared,26.0,female
29,1,342,Rajasthan,Northern Region,10,KARAULI-DHOLPUR,1,2024-04-19,BHAJAN LAL JATAV,Indian National Congress,INDIA,INDU DEVI,Bharatiya Janata Party,525379,4632,530011,988122.0,53.64,98945,Result Declared,55.0,male
29,1,343,Rajasthan,Northern Region,11,DAUSA,1,2024-04-19,MURARI LAL MEENA,Indian National Congress,INDIA,KANHAIYA LAL MEENA,Bharatiya Janata Party,636868,9398,646266,1072734.0,60.24,237340,Result Declared,65.0,male
29,1,344,Rajasthan,Northern Region,12,TONK-SAWAI MADHOPUR,2,2024-04-26,HARISH CHANDRA MEENA,Indian National Congress,INDIA,SUKHBIR SINGH JAUNAPURIA,Bharatiya Janata Party,617137,6626,623763,1226584.0,50.85,64949,Result Declared,69.0,male
29,1,345,Rajasthan,Northern Region,13,AJMER,2,2024-04-26,BHAGIRATH CHOUDHARY,Bharatiya Janata Party,NDA,RAMCHANDRA CHOUDHARY,Indian National Congress,741151,6311,747462,1201179.0,62.23,329991,Result Declared,69.0,male
29,1,346,Rajasthan,Northern Region,14,NAGAUR,1,2024-04-19,HANUMAN BENIWAL,Rashtriya Loktantrik Party,INDIA,JYOTI MIRDHA,Bharatiya Janata Party,591460,5495,596955,1238473.0,48.2,42225,Result Declared,52.0,male
29,1,347,Rajasthan,Northern Region,15,PALI,2,2024-04-26,P. P. CHAUDHARY,Bharatiya Janata Party,NDA,SANGEETA BENIWAL,Indian National Congress,750568,6821,757389,1353842.0,55.94,245351,Result Declared,70.0,male
29,1,348,Rajasthan,Northern Region,16,JODHPUR,2,2024-04-26,GAJENDRA SINGH SHEKHAWAT,Bharatiya Janata Party,NDA,KARAN SINGH UCHIYARDA,Indian National Congress,722978,7078,730056,1383838.0,52.76,115677,Result Declared,56.0,male
29,1,349,Rajasthan,Northern Region,17,BARMER,2,2024-04-26,UMMEDA RAM BENIWAL,Indian National Congress,INDIA,RAVINDRA SINGH BHATI,Independent,699122,5554,704676,1688051.0,41.74,118176,Result Declared,46.0,male
29,1,350,Rajasthan,Northern Region,18,JALORE,2,2024-04-26,LUMBARAM,Bharatiya Janata Party,NDA,VAIBHAV GEHLOT,Indian National Congress,793705,3078,796783,1451126.0,54.91,201543,Result Declared,59.0,male
29,1,351,Rajasthan,Northern Region,19,UDAIPUR,2,2024-04-26,MANNA LAL RAWAT,Bharatiya Janata Party,NDA,TARACHAND MEENA,Indian National Congress,732757,5529,738286,1498376.0,49.27,261608,Result Declared,52.0,male
29,1,352,Rajasthan,Northern Region,20,BANSWARA,2,2024-04-26,RAJ KUMAR ROAT,Bharat Adivasi Party,INDIA,MAHENDRAJEETSINGH MALVIYA,Bharatiya Janata Party,815430,5401,820831,1636852.0,50.15,247054,Result Declared,31.0,male
29,1,353,Rajasthan,Northern Region,21,CHITTORGARH,2,2024-04-26,CHANDRA PRAKASH JOSHI,Bharatiya Janata Party,NDA,ANJANA UDAILAL,Indian National Congress,882334,5868,888202,1498733.0,59.26,389877,Result Declared,48.0,male
29,1,354,Rajasthan,Northern Region,22,RAJSAMAND,2,2024-04-26,MAHIMA KUMARI MEWAR,Bharatiya Janata Party,NDA,DR. DAMODAR GURJAR,Indian National Congress,775243,5960,781203,1213130.0,64.4,392223,Result Declared,52.0,female
29,1,355,Rajasthan,Northern Region,23,BHILWARA,2,2024-04-26,DAMODAR AGARWAL,Bharatiya Janata Party,NDA,C P JOSHI,Indian National Congress,803193,4447,807640,1304395.0,61.92,354606,Result Declared,68.0,male
29,1,356,Rajasthan,Northern Region,24,KOTA,2,2024-04-26,OM BIRLA,Bharatiya Janata Party,NDA,PRAHLAD GUNJAL,Indian National Congress,744396,6100,750496,1500157.0,50.03,41974,Result Declared,62.0,male
29,1,357,Rajasthan,Northern Region,25,JHALAWAR-BARAN,2,2024-04-26,DUSHYANT SINGH,Bharatiya Janata Party,NDA,URMILA JAIN “BHAYA”,Indian National Congress,861850,3526,865376,1421331.0,60.88,370989,Result Declared,53.0,male
30,6,358,Sikkim,North Eastern Region,1,Sikkim,1,2024-04-19,INDRA HANG SUBBA,Sikkim Krantikari Morcha,NDA,BHARAT BASNETT,Citizen Action Party-Sikkim,156836,7560,164396,384893.0,42.71,80830,Result Declared,35.0,male
31,5,359,Tamil Nadu,Southern Region,1,TIRUVALLUR,1,2024-04-19,Sasikanth Senthil,Indian National Congress,INDIA,"Balaganapathy, V. Pon",Bharatiya Janata Party,794608,2348,796956,1417812.0,56.21,572155,Result Declared,44.0,male
31,5,360,Tamil Nadu,Southern Region,2,CHENNAI NORTH,1,2024-04-19,DR.KALANIDHI VEERASWAMY,Dravida Munnetra Kazhagam,INDIA,R. MANOHAR,All India Anna Dravida Munnetra Kazhagam,495733,1600,497333,902489.0,55.11,339222,Result Declared,54.0,male
31,5,361,Tamil Nadu,Southern Region,3,CHENNAI SOUTH,1,2024-04-19,T.SUMATHY (ALIAS) THAMIZHACHI THANGAPANDIAN,Dravida Munnetra Kazhagam,INDIA,DR.TAMILISAI SOUNDARARAJAN,Bharatiya Janata Party,515307,1321,516628,1099321.0,47.0,225945,Result Declared,61.0,female
31,5,362,Tamil Nadu,Southern Region,4,CHENNAI CENTRAL,1,2024-04-19,DAYANIDHI MARAN,Dravida Munnetra Kazhagam,INDIA,VINOJ,Bharatiya Janata Party,412286,1562,413848,730549.0,56.65,244689,Result Declared,57.0,male
31,5,363,Tamil Nadu,Southern Region,5,SRIPERUMBUDUR,1,2024-04-19,T R BAALU,Dravida Munnetra Kazhagam,INDIA,G PREMKUMAR,All India Anna Dravida Munnetra Kazhagam,755671,2940,758611,1440935.0,52.65,487029,Result Declared,82.0,male
31,5,364,Tamil Nadu,Southern Region,6,KANCHEEPURAM,1,2024-04-19,SELVAM. G,Dravida Munnetra Kazhagam,INDIA,RAJASEKAR. E,All India Anna Dravida Munnetra Kazhagam,582978,3066,586044,1259578.0,46.53,221473,Result Declared,49.0,male
31,5,365,Tamil Nadu,Southern Region,7,ARAKKONAM,1,2024-04-19,S JAGATHRATCHAKAN,Dravida Munnetra Kazhagam,INDIA,L VIJAYAN,All India Anna Dravida Munnetra Kazhagam,560578,2638,563216,1163822.0,48.39,306559,Result Declared,76.0,male
31,5,366,Tamil Nadu,Southern Region,8,VELLORE,1,2024-04-19,DM KATHIR ANAND,Dravida Munnetra Kazhagam,INDIA,AC SHANMUGAM,Bharatiya Janata Party,566435,2257,568692,1129458.0,50.35,215702,Result Declared,48.0,male
31,5,367,Tamil Nadu,Southern Region,9,KRISHNAGIRI,1,2024-04-19,GOPINATH K,Indian National Congress,INDIA,JAYAPRAKASH V,All India Anna Dravida Munnetra Kazhagam,491131,1752,492883,1166156.0,42.27,192486,Result Declared,61.0,male
31,5,368,Tamil Nadu,Southern Region,10,DHARMAPURI,1,2024-04-19,MANI. A.,Dravida Munnetra Kazhagam,INDIA,SOWMIYA ANBUMANI,Pattali Makkal Katchi,429301,3366,432667,1247832.0,34.67,21300,Result Declared,55.0,male
31,5,369,Tamil Nadu,Southern Region,11,TIRUVANNAMALAI,1,2024-04-19,"ANNADURAI, C.N.",Dravida Munnetra Kazhagam,INDIA,KALIYAPERUMAL M,All India Anna Dravida Munnetra Kazhagam,543857,3522,547379,1146273.0,47.75,233931,Result Declared,50.0,male
31,5,370,Tamil Nadu,Southern Region,12,ARANI,1,2024-04-19,THARANIVENTHAN M S,Dravida Munnetra Kazhagam,INDIA,"GAJENDRAN, G.V.",All India Anna Dravida Munnetra Kazhagam,497083,3016,500099,1140261.0,43.86,208766,Result Declared,59.0,male
31,5,371,Tamil Nadu,Southern Region,13,VILUPPURAM,1,2024-04-19,RAVIKUMAR. D,Viduthalai Chiruthaigal Katchi,INDIA,BHAGYARAJ. J,All India Anna Dravida Munnetra Kazhagam,474230,2803,477033,1152667.0,41.39,70703,Result Declared,63.0,male
31,5,372,Tamil Nadu,Southern Region,14,KALLAKURICHI,1,2024-04-19,MALAIYARASAN D,Dravida Munnetra Kazhagam,INDIA,KUMARAGURU R,All India Anna Dravida Munnetra Kazhagam,558346,3243,561589,1249568.0,44.94,53784,Result Declared,48.0,male
31,5,373,Tamil Nadu,Southern Region,15,SALEM,1,2024-04-19,SELVAGANAPATHI T M,Dravida Munnetra Kazhagam,INDIA,VIGNESH P,All India Anna Dravida Munnetra Kazhagam,562022,4063,566085,1304844.0,43.38,70357,Result Declared,65.0,male
31,5,374,Tamil Nadu,Southern Region,16,NAMAKKAL,1,2024-04-19,MATHESWARAN V S,Dravida Munnetra Kazhagam,INDIA,TAMILMANI S,All India Anna Dravida Munnetra Kazhagam,457695,4341,462036,1146303.0,40.31,29112,Result Declared,51.0,male
31,5,375,Tamil Nadu,Southern Region,17,ERODE,1,2024-04-19,K E PRAKASH,Dravida Munnetra Kazhagam,INDIA,ASHOK KUMAR,All India Anna Dravida Munnetra Kazhagam,558849,3490,562339,1093423.0,51.43,236566,Result Declared,47.0,male
31,5,376,Tamil Nadu,Southern Region,18,TIRUPPUR,1,2024-04-19,"SUBBARAYAN, K.",Communist Party of India,INDIA,"ARUNACHALAM, P.",All India Anna Dravida Munnetra Kazhagam,470195,2544,472739,1142549.0,41.38,125928,Result Declared,76.0,male
31,5,377,Tamil Nadu,Southern Region,19,NILGIRIS,1,2024-04-19,RAJA A,Dravida Munnetra Kazhagam,INDIA,DR MURUGAN L,Bharatiya Janata Party,470729,2483,473212,1018906.0,46.44,240585,Result Declared,56.0,male
31,5,378,Tamil Nadu,Southern Region,20,COIMBATORE,1,2024-04-19,GANAPATHY RAJKUMAR P,Dravida Munnetra Kazhagam,INDIA,ANNAMALAI K,Bharatiya Janata Party,565428,2772,568200,1372833.0,41.39,118068,Result Declared,58.0,male
31,5,379,Tamil Nadu,Southern Region,21,POLLACHI,1,2024-04-19,ESWARASAMY K,Dravida Munnetra Kazhagam,INDIA,KARTHIKEYAN A,All India Anna Dravida Munnetra Kazhagam,530742,2635,533377,1126045.0,47.37,252042,Result Declared,59.0,male
31,5,380,Tamil Nadu,Southern Region,22,DINDIGUL,1,2024-04-19,SACHITHANANTHAM R,Communist Party of India  (Marxist),INDIA,MOHAMED MUBARAK M A,All India Anna Dravida Munnetra Kazhagam,667391,2758,670149,1149621.0,58.29,443821,Result Declared,53.0,male
31,5,381,Tamil Nadu,Southern Region,23,KARUR,1,2024-04-19,JOTHIMANI. S,Indian National Congress,INDIA,THANGAVEL. L,All India Anna Dravida Munnetra Kazhagam,531829,3077,534906,1132045.0,47.25,166816,Result Declared,48.0,female
31,5,382,Tamil Nadu,Southern Region,24,TIRUCHIRAPPALLI,1,2024-04-19,DURAI VAIKO,Marumalarchi Dravida Munnetra Kazhagam,INDIA,KARUPPAIAH. P,All India Anna Dravida Munnetra Kazhagam,538877,3336,542213,1055964.0,51.35,313094,Result Declared,51.0,male
31,5,383,Tamil Nadu,Southern Region,25,PERAMBALUR,1,2024-04-19,ARUN NEHRU,Dravida Munnetra Kazhagam,INDIA,CHANDRAMOHAN N D,All India Anna Dravida Munnetra Kazhagam,598003,5206,603209,1129226.0,53.42,389107,Result Declared,27.0,male
31,5,384,Tamil Nadu,Southern Region,26,CUDDALORE,1,2024-04-19,M.K. VISHNUPRASAD,Indian National Congress,INDIA,P. SIVAKOZHUNDU,Desiya Murpokku Dravida Kazhagam,450401,4652,455053,1031563.0,44.11,185896,Result Declared,51.0,male
31,5,385,Tamil Nadu,Southern Region,27,CHIDAMBARAM,1,2024-04-19,THIRUMAAVALAVAN THOL,Viduthalai Chiruthaigal Katchi,INDIA,CHANDRAHASAN M,All India Anna Dravida Munnetra Kazhagam,501851,3233,505084,1167071.0,43.28,103554,Result Declared,61.0,male
31,5,386,Tamil Nadu,Southern Region,28,MAYILADUTHURAI,1,2024-04-19,SUDHA R,Indian National Congress,INDIA,BABU P,All India Anna Dravida Munnetra Kazhagam,516534,1925,518459,1087708.0,47.67,271183,Result Declared,46.0,female
31,5,387,Tamil Nadu,Southern Region,29,NAGAPATTINAM,1,2024-04-19,SELVARAJ V,Communist Party of India,INDIA,DR SURSITH SANKAR G,All India Anna Dravida Munnetra Kazhagam,462759,2285,465044,973011.0,47.79,208957,Result Declared,62.0,male
31,5,388,Tamil Nadu,Southern Region,30,THANJAVUR,1,2024-04-19,MURASOLI S,Dravida Munnetra Kazhagam,INDIA,SIVANESAN P,Desiya Murpokku Dravida Kazhagam,498822,3423,502245,1028706.0,48.82,319583,Result Declared,46.0,male
31,5,389,Tamil Nadu,Southern Region,31,SIVAGANGA,1,2024-04-19,KARTI P CHIDAMBARAM,Indian National Congress,INDIA,XAVIERDASS A,All India Anna Dravida Munnetra Kazhagam,425631,2046,427677,1053419.0,40.6,205664,Result Declared,52.0,male
31,5,390,Tamil Nadu,Southern Region,32,MADURAI,1,2024-04-19,VENKATESAN S,Communist Party of India  (Marxist),INDIA,RAAMA SREENIVASAN,Bharatiya Janata Party,428201,2122,430323,986969.0,43.6,209409,Result Declared,54.0,male
31,5,391,Tamil Nadu,Southern Region,33,THENI,1,2024-04-19,THANGA TAMILSELVAN,Dravida Munnetra Kazhagam,INDIA,TTV DHINAKARAN,Amma Makkal Munnettra Kazagam,569110,2383,571493,1141219.0,50.08,278825,Result Declared,63.0,male
31,5,392,Tamil Nadu,Southern Region,34,VIRUDHUNAGAR,1,2024-04-19,MANICKAM TAGORE B,Indian National Congress,INDIA,VIJAYAPRABHAKARAN V,Desiya Murpokku Dravida Kazhagam,382876,2380,385256,1061901.0,36.28,4379,Result Declared,49.0,male
31,5,393,Tamil Nadu,Southern Region,35,RAMANATHAPURAM,1,2024-04-19,NAVASKANI K,Indian Union Muslim League,INDIA,PANNEERSELVAM O S/O OTTAKARATHEVAR,Independent,506690,2974,509664,1109853.0,45.92,166782,Result Declared,44.0,male
31,5,394,Tamil Nadu,Southern Region,36,THOOTHUKKUDI,1,2024-04-19,KANIMOZHI KARUNANIDHI,Dravida Munnetra Kazhagam,INDIA,SIVASAMY VELUMANI R,All India Anna Dravida Munnetra Kazhagam,537879,2850,540729,978526.0,55.26,392738,Result Declared,56.0,female
31,5,395,Tamil Nadu,Southern Region,37,TENKASI,1,2024-04-19,DR RANI SRI KUMAR,Dravida Munnetra Kazhagam,INDIA,DR K KRISHNASAMY,All India Anna Dravida Munnetra Kazhagam,423025,2654,425679,1039119.0,40.97,196199,Result Declared,40.0,female
31,5,396,Tamil Nadu,Southern Region,38,TIRUNELVELI,1,2024-04-19,ROBERT BRUCE C,Indian National Congress,INDIA,NAINAR NAGENTHRAN,Bharatiya Janata Party,499493,2803,502296,1067448.0,47.06,165620,Result Declared,62.0,male
31,5,397,Tamil Nadu,Southern Region,39,KANNIYAKUMARI,1,2024-04-19,VIJAYAKUMAR (Alias) VIJAY VASANTH,Indian National Congress,INDIA,RADHAKRISHNAN P,Bharatiya Janata Party,540267,5981,546248,1029055.0,53.08,179907,Result Declared,40.0,male
32,5,398,Telangana,Southern Region,1,Adilabad,4,2024-05-13,GODAM NAGESH,Bharatiya Janata Party,NDA,ATHRAM SUGUNA,Indian National Congress,558936,9232,568168,1235597.0,45.98,90652,Result Declared,59.0,male
32,5,399,Telangana,Southern Region,2,Peddapalle,4,2024-05-13,VAMSI KRISHNA GADDAM,Indian National Congress,INDIA,SRINIVAS GOMASE,Bharatiya Janata Party,470180,5407,475587,1095295.0,43.42,131364,Result Declared,35.0,male
32,5,400,Telangana,Southern Region,3,Karimnagar,4,2024-05-13,BANDI SANJAY KUMAR,Bharatiya Janata Party,NDA,VELCHALA RAJENDER RAO,Indian National Congress,578827,6289,585116,1312852.0,44.57,225209,Result Declared,52.0,male
32,5,401,Telangana,Southern Region,4,Nizamabad,4,2024-05-13,ARVIND DHARMAPURI,Bharatiya Janata Party,NDA,JEEVANREDDY THATIPARTHI,Indian National Congress,588244,4074,592318,1233581.0,48.02,109241,Result Declared,47.0,male
32,5,402,Telangana,Southern Region,5,Zahirabad,4,2024-05-13,SURESH KUMAR SHETKAR,Indian National Congress,INDIA,B. B. PATIL,Bharatiya Janata Party,523919,4499,528418,1236593.0,42.73,46188,Result Declared,63.0,male
32,5,403,Telangana,Southern Region,6,Medak,4,2024-05-13,MADHAVANENI RAGHUNANDAN RAO,Bharatiya Janata Party,NDA,NEELAM MADHU,Indian National Congress,463777,7440,471217,1386239.0,33.99,39139,Result Declared,59.0,male
32,5,404,Telangana,Southern Region,7,Malkajgiri,4,2024-05-13,EATALA RAJENDER,Bharatiya Janata Party,NDA,PATNAM SUNEETHA MAHENDER REDDY,Indian National Congress,980712,10330,991042,1933843.0,51.25,391475,Result Declared,60.0,male
32,5,405,Telangana,Southern Region,8,Secunderabad,4,2024-05-13,G. KISHAN REDDY,Bharatiya Janata Party,NDA,DANAM NAGENDER,Indian National Congress,468311,4701,473012,1047659.0,45.15,49944,Result Declared,63.0,male
32,5,406,Telangana,Southern Region,9,Hyderabad,4,2024-05-13,ASADUDDIN OWAISI,All India Majlis-E-Ittehadul Muslimeen,Others,MADHAVI LATHA KOMPELLA,Bharatiya Janata Party,659278,2703,661981,1080324.0,61.28,338087,Result Declared,54.0,male
32,5,407,Telangana,Southern Region,10,Chevella,4,2024-05-13,KONDA VISHWESHWAR REDDY,Bharatiya Janata Party,NDA,DR GADDAM RANJITH REDDY,Indian National Congress,798517,11365,809882,1675354.0,48.34,172897,Result Declared,64.0,male
32,5,408,Telangana,Southern Region,11,Mahbubnagar,4,2024-05-13,ARUNA. D. K,Bharatiya Janata Party,NDA,CHALLA VAMSHI CHAND REDDY,Indian National Congress,506747,4000,510747,1226078.0,41.66,4500,Result Declared,64.0,female
32,5,409,Telangana,Southern Region,12,Nagarkurnool,4,2024-05-13,DR.MALLU RAVI,Indian National Congress,INDIA,BHARATH  PRASAD POTHUGANTI,Bharatiya Janata Party,459259,5813,465072,1219223.0,38.14,94414,Result Declared,73.0,male
32,5,410,Telangana,Southern Region,13,Nalgonda,4,2024-05-13,KUNDURU RAGHUVEER,Indian National Congress,INDIA,SAIDI REDDY SHANAMPUDI,Bharatiya Janata Party,772264,12073,784337,1296324.0,60.5,559905,Result Declared,44.0,male
32,5,411,Telangana,Southern Region,14,Bhongir,4,2024-05-13,CHAMALA KIRAN KUMAR REDDY,Indian National Congress,INDIA,DR. BOORA NARSAIAH GOUD,Bharatiya Janata Party,623762,5381,629143,1401396.0,44.89,222170,Result Declared,47.0,male
32,5,412,Telangana,Southern Region,15,Warangal,4,2024-05-13,KADIYAM KAVYA,Indian National Congress,INDIA,AROORI RAMESH,Bharatiya Janata Party,575566,5728,581294,1267946.0,45.85,220339,Result Declared,41.0,female
32,5,413,Telangana,Southern Region,16,Mahabubabad,4,2024-05-13,BALRAM NAIK PORIKA,Indian National Congress,INDIA,KAVITHA MALOTH,Bharat Rashtra Samithi,608505,4269,612774,1108786.0,55.27,349165,Result Declared,60.0,male
32,5,414,Telangana,Southern Region,17,Khammam,4,2024-05-13,RAMASAHAYAM RAGHURAM REDDY,Indian National Congress,INDIA,NAMA NAGESWARA RAO,Bharat Rashtra Samithi,759603,7326,766929,1251283.0,61.29,467847,Result Declared,63.0,male
33,6,415,Tripura,North Eastern Region,1,Tripura West,1,2024-04-19,BIPLAB KUMAR DEB,Bharatiya Janata Party,NDA,ASISH KUMAR SAHA,Indian National Congress,868484,12857,881341,1209809.0,72.85,611578,Result Declared,53.0,male
33,6,416,Tripura,North Eastern Region,2,Tripura East,2,2024-04-26,KRITI DEVI DEBBARMAN,Bharatiya Janata Party,NDA,RAJENDRA REANG,Communist Party of India  (Marxist),768129,9318,777447,1134345.0,68.54,486819,Result Declared,52.0,female
34,2,417,Uttar Pradesh,Central Region,1,Saharanpur,1,2024-04-19,IMRAN MASOOD,Indian National Congress,INDIA,RAGHAV LAKHANPAL,Bharatiya Janata Party,547383,584,547967,1229455.0,44.57,64542,Result Declared,53.0,male
34,2,418,Uttar Pradesh,Central Region,2,Kairana,1,2024-04-19,IQRA CHOUDHARY,Samajwadi Party,INDIA,PRADEEP KUMAR,Bharatiya Janata Party,526887,1126,528013,1079806.0,48.9,69116,Result Declared,29.0,female
34,2,419,Uttar Pradesh,Central Region,3,Muzaffarnagar,1,2024-04-19,HARENDRA SINGH MALIK,Samajwadi Party,INDIA,SANJEEV KUMAR BALYAN,Bharatiya Janata Party,469804,917,470721,1078669.0,43.64,24672,Result Declared,69.0,male
34,2,420,Uttar Pradesh,Central Region,4,Bijnor,1,2024-04-19,CHANDAN CHAUHAN,Rashtriya Lok Dal,NDA,DEEPAK,Samajwadi Party,402604,1889,404493,1024432.0,39.48,37508,Result Declared,35.0,male
34,2,421,Uttar Pradesh,Central Region,5,Nagina,1,2024-04-19,CHANDRASHEKHAR,Aazad Samaj Party (Kanshi Ram),Others,OM KUMAR,Bharatiya Janata Party,511812,740,512552,1001303.0,51.19,151473,Result Declared,36.0,male
34,2,422,Uttar Pradesh,Central Region,6,Moradabad,1,2024-04-19,RUCHI VIRA,Samajwadi Party,INDIA,KUNWAR SARVESH KUMAR,Bharatiya Janata Party,636733,630,637363,1283185.0,49.67,105762,Result Declared,62.0,female
34,2,423,Uttar Pradesh,Central Region,7,Rampur,1,2024-04-19,MOHIBBULLAH,Samajwadi Party,INDIA,GHANSHYAM SINGH LODHI,Bharatiya Janata Party,481252,251,481503,968079.0,49.74,87434,Result Declared,48.0,male
34,2,424,Uttar Pradesh,Central Region,8,Sambhal,3,2024-05-07,ZIA UR REHMAN,Samajwadi Party,INDIA,PARMESHWAR LAL SAINI,Bharatiya Janata Party,570745,416,571161,1194983.0,47.8,121494,Result Declared,35.0,male
34,2,425,Uttar Pradesh,Central Region,9,Amroha,2,2024-04-26,KANWAR SINGH TANWAR,Bharatiya Janata Party,NDA,KUNWAR DANISH ALI,Indian National Congress,475210,1296,476506,1110690.0,42.9,28670,Result Declared,63.0,male
34,2,426,Uttar Pradesh,Central Region,10,Meerut,2,2024-04-26,ARUN GOVIL,Bharatiya Janata Party,NDA,SUNITA VERMA,Samajwadi Party,544375,2094,546469,1182479.0,46.21,10585,Result Declared,72.0,male
34,2,427,Uttar Pradesh,Central Region,11,Baghpat,2,2024-04-26,DR RAJKUMAR SANGWAN,Rashtriya Lok Dal,NDA,AMARPAL,Samajwadi Party,485765,3202,488967,933773.0,52.36,159459,Result Declared,63.0,male
34,2,428,Uttar Pradesh,Central Region,12,Ghaziabad,2,2024-04-26,ATUL GARG,Bharatiya Janata Party,NDA,DOLLY SHARMA,Indian National Congress,853036,1134,854170,1470430.0,58.09,336965,Result Declared,66.0,male
34,2,429,Uttar Pradesh,Central Region,13,Gautam Buddha Nagar,2,2024-04-26,DR. MAHESH SHARMA,Bharatiya Janata Party,NDA,DR. MAHENDRA SINGH NAGAR,Samajwadi Party,855413,2416,857829,1437244.0,59.69,559472,Result Declared,64.0,male
34,2,430,Uttar Pradesh,Central Region,14,Bulandshahr,2,2024-04-26,DR BHOLA SINGH,Bharatiya Janata Party,NDA,SHIVRAM,Indian National Congress,594040,3270,597310,1054399.0,56.65,275134,Result Declared,46.0,male
34,2,431,Uttar Pradesh,Central Region,15,Aligarh,2,2024-04-26,SATISH KUMAR GAUTAM,Bharatiya Janata Party,NDA,BIJENDRA SINGH,Samajwadi Party,500453,1381,501834,1133366.0,44.28,15647,Result Declared,51.0,male
34,2,432,Uttar Pradesh,Central Region,16,Hathras,3,2024-05-07,ANOOP PRADHAN BALMIKI,Bharatiya Janata Party,NDA,JASVEER VALMIKI,Samajwadi Party,552334,2412,554746,1082720.0,51.24,247318,Result Declared,44.0,male
34,2,433,Uttar Pradesh,Central Region,17,Mathura,2,2024-04-26,HEMAMALINI DHARMENDRA DEOL,Bharatiya Janata Party,NDA,MUKESH DHANGAR,Indian National Congress,507535,2529,510064,957046.0,53.3,293407,Result Declared,74.0,female
34,2,434,Uttar Pradesh,Central Region,18,Agra,3,2024-05-07,PROF S P SINGH BAGHEL,Bharatiya Janata Party,NDA,SURESH CHAND KARDAM,Samajwadi Party,597061,2336,599397,1123779.0,53.34,271294,Result Declared,63.0,male
34,2,435,Uttar Pradesh,Central Region,19,Fatehpur Sikri,3,2024-05-07,RAJKUMAR CHAHAR,Bharatiya Janata Party,NDA,RAMNATH SINGH SIKARWAR,Indian National Congress,442862,2795,445657,1034155.0,43.09,43405,Result Declared,56.0,male
34,2,436,Uttar Pradesh,Central Region,20,Firozabad,3,2024-05-07,AKSHAYA YADAV,Samajwadi Party,INDIA,VISHWADEEP SINGH,Bharatiya Janata Party,541861,1176,543037,1107296.0,49.04,89312,Result Declared,37.0,male
34,2,437,Uttar Pradesh,Central Region,21,Mainpuri,3,2024-05-07,DIMPLE YADAV,Samajwadi Party,INDIA,JAYVEER SINGH,Bharatiya Janata Party,596710,1816,598526,1054011.0,56.79,221639,Result Declared,46.0,female
34,2,438,Uttar Pradesh,Central Region,22,Etah,3,2024-05-07,DEVESH SHAKYA,Samajwadi Party,INDIA,RAJVEER SINGH (RAJU BHAIYA),Bharatiya Janata Party,474263,1545,475808,1010381.0,47.09,28052,Result Declared,42.0,male
34,2,439,Uttar Pradesh,Central Region,23,Badaun,3,2024-05-07,ADITYA YADAV,Samajwadi Party,INDIA,DURVIJAY SINGH SHAKYA,Bharatiya Janata Party,501390,465,501855,1091764.0,45.97,34991,Result Declared,35.0,male
34,2,440,Uttar Pradesh,Central Region,24,Aonla,3,2024-05-07,NEERAJ MAURYA,Samajwadi Party,INDIA,DHARMENDRA KASHYAP,Bharatiya Janata Party,491119,1396,492515,1088896.0,45.23,15969,Result Declared,55.0,male
34,2,441,Uttar Pradesh,Central Region,25,Bareilly,3,2024-05-07,CHHATRA PAL SINGH GANGWAR,Bharatiya Janata Party,NDA,PRAVEEN SINGH ARON,Samajwadi Party,565600,1527,567127,1119558.0,50.66,34804,Result Declared,68.0,male
34,2,442,Uttar Pradesh,Central Region,26,Pilibhit,1,2024-04-19,JITIN PRASADA,Bharatiya Janata Party,NDA,BHAGWAT SARAN GANGWAR,Samajwadi Party,605199,1959,607158,1160947.0,52.3,164935,Result Declared,50.0,male
34,2,443,Uttar Pradesh,Central Region,27,Shahjahanpur,3,2024-05-07,ARUN KUMAR SAGAR,Bharatiya Janata Party,NDA,JYOTSNA GOND,Samajwadi Party,591500,1218,592718,1247902.0,47.5,55379,Result Declared,47.0,male
34,2,444,Uttar Pradesh,Central Region,28,Kheri,3,2024-05-07,UTKARSH VERMA 'MADHUR',Samajwadi Party,INDIA,AJAY KUMAR,Bharatiya Janata Party,555277,2088,557365,1213359.0,45.94,34329,Result Declared,38.0,male
34,2,445,Uttar Pradesh,Central Region,29,Dhaurahra,4,2024-05-13,ANAND BHADAURIYA,Samajwadi Party,INDIA,REKHA VERMA,Bharatiya Janata Party,442650,1093,443743,1111847.0,39.91,4449,Result Declared,46.0,male
34,2,446,Uttar Pradesh,Central Region,30,Sitapur,4,2024-05-13,RAKESH RATHOR,Indian National Congress,INDIA,RAJESH VERMA,Bharatiya Janata Party,530467,671,531138,1102015.0,48.2,89641,Result Declared,60.0,male
34,2,447,Uttar Pradesh,Central Region,31,Hardoi,4,2024-05-13,JAI PRAKASH,Bharatiya Janata Party,NDA,USHA VERMA,Samajwadi Party,485745,1053,486798,1100116.0,44.25,27856,Result Declared,66.0,male
34,2,448,Uttar Pradesh,Central Region,32,Misrikh,4,2024-05-13,ASHOK KUMAR RAWAT,Bharatiya Janata Party,NDA,SANGITA RAJVANSHI,Samajwadi Party,473971,1045,475016,1051983.0,45.15,33406,Result Declared,57.0,male
34,2,449,Uttar Pradesh,Central Region,33,Unnao,4,2024-05-13,SWAMI SACHCHIDANAND HARI SAKSHI,Bharatiya Janata Party,NDA,ANNU TANDON,Samajwadi Party,614832,1301,616133,1302271.0,47.31,35818,Result Declared,68.0,male
34,2,450,Uttar Pradesh,Central Region,34,Mohanlalganj,4,2024-05-13,R.K. CHAUDHARY,Samajwadi Party,INDIA,KAUSHAL KISHORE,Bharatiya Janata Party,666560,1309,667869,1377452.0,48.49,70292,Result Declared,65.0,male
34,2,451,Uttar Pradesh,Central Region,35,Lucknow,4,2024-05-13,RAJ NATH SINGH,Bharatiya Janata Party,NDA,RAVIDAS MEHROTRA,Samajwadi Party,610597,2112,612709,1136892.0,53.89,135159,Result Declared,72.0,male
34,2,452,Uttar Pradesh,Central Region,36,Rae Bareli,5,2024-05-20,RAHUL GANDHI,Indian National Congress,INDIA,DINESH PRATAP SINGH,Bharatiya Janata Party,686044,1605,687649,1039219.0,66.17,390030,Result Declared,53.0,male
34,2,453,Uttar Pradesh,Central Region,37,Amethi,5,2024-05-20,KISHORI LAL,Indian National Congress,INDIA,SMRITI IRANI,Bharatiya Janata Party,536680,2548,539228,980671.0,54.99,167196,Result Declared,62.0,male
34,2,454,Uttar Pradesh,Central Region,38,Sultanpur,6,2024-05-25,RAMBHUAL NISHAD,Samajwadi Party,INDIA,MANEKA SANJAY GANDHI,Bharatiya Janata Party,442886,1444,444330,1033387.0,43.0,43174,Result Declared,64.0,male
34,2,455,Uttar Pradesh,Central Region,39,Pratapgarh,6,2024-05-25,SHIV PAL SINGH PATEL (DR. S P SINGH),Samajwadi Party,INDIA,SANGAM LAL GUPTA,Bharatiya Janata Party,439836,2096,441932,947288.0,46.65,66206,Result Declared,68.0,male
34,2,456,Uttar Pradesh,Central Region,40,Farrukhabad,4,2024-05-13,MUKESH RAJPUT,Bharatiya Janata Party,NDA,DR. NAVAL KISHOR SHAKYA,Samajwadi Party,486925,1038,487963,1033794.0,47.2,2678,Result Declared,55.0,male
34,2,457,Uttar Pradesh,Central Region,41,Etawah,4,2024-05-13,JITENDRA KUMAR DOHARE,Samajwadi Party,INDIA,DR RAM SHANKAR KATHERIA,Bharatiya Janata Party,489358,1389,490747,1033784.0,47.47,58419,Result Declared,57.0,male
34,2,458,Uttar Pradesh,Central Region,42,Kannauj,4,2024-05-13,AKHILESH YADAV,Samajwadi Party,INDIA,SUBRAT PATHAK,Bharatiya Janata Party,640207,2085,642292,1217833.0,52.74,170922,Result Declared,50.0,male
34,2,459,Uttar Pradesh,Central Region,43,Kanpur,4,2024-05-13,RAMESH AWASTHI,Bharatiya Janata Party,NDA,ALOK MISRA,Indian National Congress,440609,2446,443055,887396.0,49.93,20968,Result Declared,56.0,male
34,2,460,Uttar Pradesh,Central Region,44,Akbarpur,4,2024-05-13,DEVENDRA SINGH ALIAS BHOLE SINGH,Bharatiya Janata Party,NDA,RAJARAM PAL,Samajwadi Party,514256,3167,517423,1086953.0,47.6,44345,Result Declared,70.0,male
34,2,461,Uttar Pradesh,Central Region,45,Jalaun,5,2024-05-20,NARAYAN DAS AHIRWAR,Samajwadi Party,INDIA,BHANU PRATAP SINGH VERMA,Bharatiya Janata Party,529444,736,530180,1128949.0,46.96,53898,Result Declared,63.0,male
34,2,462,Uttar Pradesh,Central Region,46,Jhansi,5,2024-05-20,ANURAG SHARMA,Bharatiya Janata Party,NDA,"PRADEEP JAIN ""ADITYA""",Indian National Congress,689438,878,690316,1380506.0,50.0,102614,Result Declared,59.0,male
34,2,463,Uttar Pradesh,Central Region,47,Hamirpur,5,2024-05-20,AJENDRA SINGH LODHI,Samajwadi Party,INDIA,KUNWAR PUSHPENDRA SINGH CHANDEL,Bharatiya Janata Party,490003,680,490683,1115299.0,44.0,2629,Result Declared,53.0,male
34,2,464,Uttar Pradesh,Central Region,48,Banda,5,2024-05-20,KRISHNA DEVI SHIVSHANKER PATEL,Samajwadi Party,INDIA,R. K. SINGH PATEL,Bharatiya Janata Party,406018,549,406567,1044132.0,38.94,71210,Result Declared,54.0,female
34,2,465,Uttar Pradesh,Central Region,49,Fatehpur,5,2024-05-20,NARESH CHANDRA UTTAM PATEL,Samajwadi Party,INDIA,NIRANJAN JYOTI,Bharatiya Janata Party,499866,462,500328,1106944.0,45.2,33199,Result Declared,68.0,male
34,2,466,Uttar Pradesh,Central Region,50,Kaushambi,5,2024-05-20,PUSHPENDRA SAROJ,Samajwadi Party,INDIA,VINOD KUMAR SONKAR,Bharatiya Janata Party,509175,612,509787,1009329.0,50.51,103944,Result Declared,25.0,male
34,2,467,Uttar Pradesh,Central Region,51,Phulpur,6,2024-05-25,PRAVEEN PATEL,Bharatiya Janata Party,NDA,AMAR NATH SINGH MAURYA,Samajwadi Party,451380,1220,452600,1014824.0,44.6,4332,Result Declared,45.0,male
34,2,468,Uttar Pradesh,Central Region,52,Allahabad,6,2024-05-25,UJJWAL RAMAN SINGH,Indian National Congress,INDIA,NEERAJ TRIPATHI,Bharatiya Janata Party,461100,1045,462145,947000.0,48.8,58795,Result Declared,51.0,male
34,2,469,Uttar Pradesh,Central Region,53,Barabanki,5,2024-05-20,TANUJ PUNIA,Indian National Congress,INDIA,RAJRANI RAWAT,Bharatiya Janata Party,718528,1399,719927,1290634.0,55.78,215704,Result Declared,39.0,male
34,2,470,Uttar Pradesh,Central Region,54,Faizabad,5,2024-05-20,AWADHESH PRASAD,Samajwadi Party,INDIA,LALLU SINGH,Bharatiya Janata Party,553549,740,554289,1140661.0,48.59,54567,Result Declared,64.0,male
34,2,471,Uttar Pradesh,Central Region,55,Ambedkar Nagar,6,2024-05-25,LALJI VERMA,Samajwadi Party,INDIA,RITESH PANDEY,Bharatiya Janata Party,543721,1238,544959,1177062.0,46.3,137247,Result Declared,68.0,male
34,2,472,Uttar Pradesh,Central Region,56,Baharaich,4,2024-05-13,ANAND KUMAR,Bharatiya Janata Party,NDA,RAMESH CHANDRA,Samajwadi Party,518575,227,518802,1056566.0,49.1,64227,Result Declared,27.0,male
34,2,473,Uttar Pradesh,Central Region,57,Kaiserganj,5,2024-05-20,KARAN BHUSHAN SINGH,Bharatiya Janata Party,NDA,BHAGAT RAM,Samajwadi Party,570436,827,571263,1062099.0,53.79,148843,Result Declared,33.0,male
34,2,474,Uttar Pradesh,Central Region,58,Shrawasti,6,2024-05-25,RAM SHIROMANI VERMA,Samajwadi Party,INDIA,SAKET MISRA,Bharatiya Janata Party,510754,301,511055,1046528.0,48.83,76673,Result Declared,48.0,male
34,2,475,Uttar Pradesh,Central Region,59,Gonda,5,2024-05-20,KIRTIVARDHAN SINGH,Bharatiya Janata Party,NDA,SHREYA VERMA,Samajwadi Party,473691,567,474258,952884.0,49.77,46224,Result Declared,58.0,male
34,2,476,Uttar Pradesh,Central Region,60,Domariyaganj,6,2024-05-25,JAGDAMBIKA PAL,Bharatiya Janata Party,NDA,BHISHMA SHANKAR ALIAS KUSHAL TIWARI,Samajwadi Party,462614,689,463303,1018965.0,45.47,42728,Result Declared,74.0,male
34,2,477,Uttar Pradesh,Central Region,61,Basti,6,2024-05-25,RAM PRASAD CHAUDHARY,Samajwadi Party,INDIA,HARISH CHANDRA ALIAS HARISH DWIVEDI,Bharatiya Janata Party,523487,3518,527005,1082870.0,48.67,100994,Result Declared,70.0,male
34,2,478,Uttar Pradesh,Central Region,62,Sant Kabir Nagar,6,2024-05-25,LAXMIKANT PAPPU NISHAD,Samajwadi Party,INDIA,PRAVIN KUMAR NISHAD,Bharatiya Janata Party,497488,1207,498695,1091202.0,45.7,92170,Result Declared,51.0,male
34,2,479,Uttar Pradesh,Central Region,63,Maharajganj,7,2024-06-01,PANKAJ CHAUDHARY,Bharatiya Janata Party,NDA,VIRENDRA CHAUDHARY,Indian National Congress,590487,823,591310,1210451.0,48.85,35451,Result Declared,59.0,male
34,2,480,Uttar Pradesh,Central Region,64,Gorakhpur,7,2024-06-01,RAVINDRA SHUKLA ALIAS RAVI KISHAN,Bharatiya Janata Party,NDA,KAJAL NISHAD,Samajwadi Party,584512,1322,585834,1154413.0,50.75,103526,Result Declared,55.0,male
34,2,481,Uttar Pradesh,Central Region,65,Kushi Nagar,7,2024-06-01,VIJAY KUMAR DUBAY,Bharatiya Janata Party,NDA,AJAY PRATAP SINGH URF PINTU SAITHWAR,Samajwadi Party,516006,339,516345,1080483.0,47.79,81790,Result Declared,57.0,male
34,2,482,Uttar Pradesh,Central Region,66,Deoria,6,2024-05-25,SHASHANK MANI,Bharatiya Janata Party,NDA,AKHILESH PRATAP SINGH,Indian National Congress,503509,1032,504541,1043308.0,48.36,34842,Result Declared,54.0,male
34,2,483,Uttar Pradesh,Central Region,67,Bansgaon,6,2024-05-25,KAMLESH PASWAN,Bharatiya Janata Party,NDA,SADAL PRASAD,Indian National Congress,427528,1165,428693,944763.0,45.38,3150,Result Declared,47.0,male
34,2,484,Uttar Pradesh,Central Region,68,Lalganj,6,2024-05-25,DAROGA PRASAD SAROJ,Samajwadi Party,INDIA,NEELAM SONKER,Bharatiya Janata Party,437567,2392,439959,1003438.0,43.85,115023,Result Declared,71.0,male
34,2,485,Uttar Pradesh,Central Region,69,Azamgarh,6,2024-05-25,DHARMENDRA YADAV,Samajwadi Party,INDIA,DINESH LAL YADAV “NIRAHUA”,Bharatiya Janata Party,504837,3402,508239,1054520.0,48.2,161035,Result Declared,45.0,male
34,2,486,Uttar Pradesh,Central Region,70,Ghosi,7,2024-06-01,RAJEEV RAI,Samajwadi Party,INDIA,DR. ARVIND RAJBHAR,Suheldev Bharatiya Samaj Party,501407,1724,503131,1150590.0,43.73,162943,Result Declared,54.0,male
34,2,487,Uttar Pradesh,Central Region,71,Salempur,7,2024-06-01,RAMASHANKAR RAJBHAR,Samajwadi Party,INDIA,RAVINDAR KUSHAWAHA,Bharatiya Janata Party,403616,1856,405472,917362.0,44.2,3573,Result Declared,63.0,male
34,2,488,Uttar Pradesh,Central Region,72,Ballia,7,2024-06-01,SANATAN PANDEY,Samajwadi Party,INDIA,NEERAJ SHEKHAR,Bharatiya Janata Party,464473,2595,467068,1007322.0,46.37,43384,Result Declared,61.0,male
34,2,489,Uttar Pradesh,Central Region,73,Jaunpur,6,2024-05-25,BABU SINGH KUSHWAHA,Samajwadi Party,INDIA,KRIPASHANKAR SINGH,Bharatiya Janata Party,506076,3054,509130,1101788.0,46.21,99335,Result Declared,57.0,male
34,2,490,Uttar Pradesh,Central Region,74,Machhlishahr,6,2024-05-25,PRIYA SAROJ,Samajwadi Party,INDIA,BHOLANATH (B.P. SAROJ),Bharatiya Janata Party,449561,1731,451292,1060063.0,42.57,35850,Result Declared,25.0,female
34,2,491,Uttar Pradesh,Central Region,75,Ghazipur,7,2024-06-01,AFZAL ANSARI,Samajwadi Party,INDIA,PARS NATH RAI,Bharatiya Janata Party,537784,2128,539912,1153094.0,46.82,124861,Result Declared,70.0,male
34,2,492,Uttar Pradesh,Central Region,76,Chandauli,7,2024-06-01,BIRENDRA SINGH,Samajwadi Party,INDIA,DR. MAHENDRA NATH  PANDEY,Bharatiya Janata Party,472928,1548,474476,1116499.0,42.5,21565,Result Declared,64.0,male
34,2,493,Uttar Pradesh,Central Region,77,Varanasi,7,2024-06-01,NARENDRA MODI,Bharatiya Janata Party,NDA,AJAY RAI,Indian National Congress,611439,1531,612970,1130143.0,54.24,152513,Result Declared,73.0,male
34,2,494,Uttar Pradesh,Central Region,78,Bhadohi,6,2024-05-25,DR. VINOD KUMAR BIND,Bharatiya Janata Party,NDA,LALITESHPATI TRIPATHI,All India Trinamool Congress,458877,1105,459982,1084993.0,42.39,44072,Result Declared,50.0,male
34,2,495,Uttar Pradesh,Central Region,79,Mirzapur,7,2024-06-01,ANUPRIYA PATEL,Apna Dal (Soneylal),NDA,RAMESH CHAND BIND,Samajwadi Party,470866,765,471631,1105405.0,42.67,37810,Result Declared,43.0,female
34,2,496,Uttar Pradesh,Central Region,80,Robertsganj,7,2024-06-01,CHHOTELAL,Samajwadi Party,INDIA,RINKI SINGH,Apna Dal (Soneylal),465240,608,465848,1009545.0,46.14,129234,Result Declared,51.0,male
35,2,497,Uttarakhand,Central Region,1,Tehri Garhwal,1,2024-04-19,MALA RAJYA LAKSHMI SHAH,Bharatiya Janata Party,NDA,JOT SINGH GUNSOLA,Indian National Congress,455949,6654,462603,862041.0,53.66,272493,Result Declared,73.0,female
35,2,498,Uttarakhand,Central Region,2,Garhwal,1,2024-04-19,ANIL BALUNI,Bharatiya Janata Party,NDA,GANESH GODIYAL,Indian National Congress,418531,13628,432159,737431.0,58.6,163503,Result Declared,53.0,male
35,2,499,Uttarakhand,Central Region,3,Almora,1,2024-04-19,AJAY TAMTA,Bharatiya Janata Party,NDA,PRADEEP TAMTA,Indian National Congress,417535,11632,429167,668497.0,64.2,234097,Result Declared,51.0,male
35,2,500,Uttarakhand,Central Region,4,Nainital-Udhamsingh Nagar,1,2024-04-19,AJAY BHATT,Bharatiya Janata Party,NDA,PRAKASH JOSHI,Indian National Congress,766397,6274,772671,1266016.0,61.03,334548,Result Declared,64.0,male
35,2,501,Uttarakhand,Central Region,5,Haridwar,1,2024-04-19,TRIVENDRA SINGH RAWAT,Bharatiya Janata Party,NDA,VIRENDRA RAWAT,Indian National Congress,648498,5310,653808,1302623.0,50.19,164056,Result Declared,63.0,male
36,3,502,West Bengal,Eastern Region,1,Coochbehar,1,2024-04-19,JAGADISH CHANDRA BARMA BASUNIA,All India Trinamool Congress,INDIA,NISITH PRAMANIK,Bharatiya Janata Party,785747,2628,788375,1623048.0,48.57,39250,Result Declared,60.0,male
36,3,503,West Bengal,Eastern Region,2,Alipurduars,1,2024-04-19,MANOJ TIGGA,Bharatiya Janata Party,NDA,PRAKASH CHIK BARAIK,All India Trinamool Congress,691533,3781,695314,1421389.0,48.92,75447,Result Declared,51.0,male
36,3,504,West Bengal,Eastern Region,3,Jalpaiguri,1,2024-04-19,DR JAYANTA KUMAR ROY,Bharatiya Janata Party,NDA,NIRMAL CHANDRA ROY,All India Trinamool Congress,763236,3332,766568,1578389.0,48.57,86693,Result Declared,56.0,male
36,3,505,West Bengal,Eastern Region,4,Darjeeling,2,2024-04-26,RAJU BISTA,Bharatiya Janata Party,NDA,GOPAL LAMA,All India Trinamool Congress,675324,4007,679331,1327412.0,51.18,178525,Result Declared,38.0,male
36,3,506,West Bengal,Eastern Region,5,Raiganj,2,2024-04-26,KARTICK CHANDRA PAUL,Bharatiya Janata Party,NDA,KALYANI KRISHNA,All India Trinamool Congress,558644,2253,560897,1368471.0,40.99,68197,Result Declared,49.0,male
36,3,507,West Bengal,Eastern Region,6,Balurghat,2,2024-04-26,SUKANTA MAJUMDAR,Bharatiya Janata Party,NDA,BIPLAB MITRA,All India Trinamool Congress,572925,2071,574996,1237308.0,46.47,10386,Result Declared,44.0,male
36,3,508,West Bengal,Eastern Region,7,Maldaha Uttar,3,2024-05-07,KHAGEN MURMU,Bharatiya Janata Party,NDA,PRASUN BANERJEE,All India Trinamool Congress,525109,1914,527023,1417589.0,37.18,77708,Result Declared,64.0,male
36,3,509,West Bengal,Eastern Region,8,Maldaha Dakshin,3,2024-05-07,ISHA KHAN CHOUDHURY,Indian National Congress,INDIA,SREERUPA MITRA CHAUDHURY (NIRBHAYA DIDI),Bharatiya Janata Party,570966,1429,572395,1369789.0,41.79,128368,Result Declared,53.0,male
36,3,510,West Bengal,Eastern Region,9,Jangipur,3,2024-05-07,KHALILUR RAHAMAN,All India Trinamool Congress,INDIA,MURTOJA HOSSAIN BOKUL,Indian National Congress,543449,978,544427,1369633.0,39.75,116637,Result Declared,64.0,male
36,3,511,West Bengal,Eastern Region,10,Baharampur,4,2024-05-13,PATHAN YUSUF,All India Trinamool Congress,INDIA,ADHIR RANJAN CHOWDHURY,Indian National Congress,523630,886,524516,1384770.0,37.88,85022,Result Declared,41.0,male
36,3,512,West Bengal,Eastern Region,11,Murshidabad,3,2024-05-07,ABU TAHER KHAN,All India Trinamool Congress,INDIA,MD SALIM,Communist Party of India  (Marxist),681674,768,682442,1541559.0,44.27,164215,Result Declared,62.0,male
36,3,513,West Bengal,Eastern Region,12,Krishnanagar,4,2024-05-13,MAHUA MOITRA,All India Trinamool Congress,INDIA,AMRITA ROY,Bharatiya Janata Party,624711,4078,628789,1425712.0,44.1,56705,Result Declared,49.0,female
36,3,514,West Bengal,Eastern Region,13,Ranaghat,4,2024-05-13,JAGANNATH SARKAR,Bharatiya Janata Party,NDA,MUKUT MANI ADHIKARI,All India Trinamool Congress,778046,4350,782396,1540632.0,50.78,186899,Result Declared,58.0,male
36,3,515,West Bengal,Eastern Region,14,Bangaon,5,2024-05-20,SHANTANU THAKUR,Bharatiya Janata Party,NDA,BISWAJIT DAS S/O LATE BIJAY KRISHNA DAS,All India Trinamool Congress,716952,2553,719505,1493108.0,48.19,73693,Result Declared,42.0,male
36,3,516,West Bengal,Eastern Region,15,Barrackpur,5,2024-05-20,PARTHA BHOWMICK,All India Trinamool Congress,INDIA,ARJUN SINGH,Bharatiya Janata Party,518486,1745,520231,1141860.0,45.56,64438,Result Declared,60.0,male
36,3,517,West Bengal,Eastern Region,16,Dum dum,7,2024-06-01,SOUGATA RAY,All India Trinamool Congress,INDIA,SILBHADRA DATTA,Bharatiya Janata Party,526289,2290,528579,1260046.0,41.95,70660,Result Declared,76.0,male
36,3,518,West Bengal,Eastern Region,17,Barasat,7,2024-06-01,KAKOLI GHOSH DASTIDAR,All India Trinamool Congress,INDIA,SWAPAN MAJUMDER,Bharatiya Janata Party,689513,2497,692010,1532601.0,45.15,114189,Result Declared,65.0,female
36,3,519,West Bengal,Eastern Region,18,Basirhat,7,2024-06-01,SK NURUL ISLAM,All India Trinamool Congress,INDIA,REKHA PATRA,Bharatiya Janata Party,801542,2220,803762,1523401.0,52.76,333547,Result Declared,61.0,male
36,3,520,West Bengal,Eastern Region,19,Joynagar,7,2024-06-01,PRATIMA MONDAL,All India Trinamool Congress,INDIA,ASHOK KANDARY,Bharatiya Janata Party,891053,3259,894312,1482631.0,60.32,470219,Result Declared,40.0,female
36,3,521,West Bengal,Eastern Region,20,Mathurapur,7,2024-06-01,BAPI HALDAR,All India Trinamool Congress,INDIA,ASHOK PURKAIT,Bharatiya Janata Party,752486,3245,755731,1496024.0,50.52,201057,Result Declared,37.0,male
36,3,522,West Bengal,Eastern Region,21,Diamond harbour,7,2024-06-01,ABHISHEK BANERJEE,All India Trinamool Congress,INDIA,ABHIJIT DAS (BOBBY),Bharatiya Janata Party,1043493,4737,1048230,1530817.0,68.48,710930,Result Declared,36.0,male
36,3,523,West Bengal,Eastern Region,22,Jadavpur,7,2024-06-01,SAYANI GHOSH,All India Trinamool Congress,INDIA,DR. ANIRBAN GANGULY,Bharatiya Janata Party,714049,3850,717899,1566509.0,45.83,258201,Result Declared,31.0,female
36,3,524,West Bengal,Eastern Region,23,Kolkata Dakshin,7,2024-06-01,MALA ROY,All India Trinamool Congress,INDIA,DEBASREE CHAUDHURI,Bharatiya Janata Party,612725,2549,615274,1243477.0,49.48,187231,Result Declared,66.0,female
36,3,525,West Bengal,Eastern Region,24,Kolkata Uttar,7,2024-06-01,BANDYOPADHYAY SUDIP,All India Trinamool Congress,INDIA,TAPAS ROY,Bharatiya Janata Party,453177,1519,454696,958433.0,47.44,92560,Result Declared,75.0,male
36,3,526,West Bengal,Eastern Region,25,Howrah,5,2024-05-20,PRASUN BANERJEE,All India Trinamool Congress,INDIA,DR RATHIN CHAKRAVARTY,Bharatiya Janata Party,625229,1264,626493,1271796.0,49.26,169442,Result Declared,54.0,male
36,3,527,West Bengal,Eastern Region,26,Uluberia,5,2024-05-20,SAJDA AHMED,All India Trinamool Congress,INDIA,ARUNUDAY PAULCHOWDHURY,Bharatiya Janata Party,722586,2036,724622,1390794.0,52.1,218673,Result Declared,62.0,female
36,3,528,West Bengal,Eastern Region,27,Srerampur,5,2024-05-20,KALYAN BANERJEE,All India Trinamool Congress,INDIA,KABIR SHANKAR BOSE,Bharatiya Janata Party,671865,2105,673970,1476532.0,45.65,174830,Result Declared,67.0,male
36,3,529,West Bengal,Eastern Region,28,Hooghly,5,2024-05-20,RACHNA BANERJEE,All India Trinamool Congress,INDIA,LOCKET CHATTERJEE,Bharatiya Janata Party,700120,2624,702744,1517511.0,46.31,76853,Result Declared,51.0,female
36,3,530,West Bengal,Eastern Region,29,Arambagh,5,2024-05-20,BAG MITALI,All India Trinamool Congress,INDIA,ARUP KANTI DIGAR,Bharatiya Janata Party,710432,2155,712587,1559079.0,45.71,6399,Result Declared,47.0,female
36,3,531,West Bengal,Eastern Region,30,Tamluk,6,2024-05-25,ABHIJIT GANGOPADHYAY,Bharatiya Janata Party,NDA,DEBANGSHU BHATTACHARYA,All India Trinamool Congress,761183,4401,765584,1577319.0,48.54,77733,Result Declared,61.0,male
36,3,532,West Bengal,Eastern Region,31,Kanthi,6,2024-05-25,ADHIKARI SOUMENDU,Bharatiya Janata Party,NDA,UTTAM BARIK SON OF LATE BIRENDRA BARIK,All India Trinamool Congress,757906,5289,763195,1530997.0,49.85,47764,Result Declared,41.0,male
36,3,533,West Bengal,Eastern Region,32,Ghatal,6,2024-05-25,ADHIKARI DEEPAK (DEV),All India Trinamool Congress,INDIA,DR. HIRANMOY CHATTOPADHYAYA,Bharatiya Janata Party,834558,3432,837990,1600556.0,52.36,182868,Result Declared,41.0,male
36,3,534,West Bengal,Eastern Region,33,Jhargram,6,2024-05-25,KALIPADA SAREN (KHERWAL),All India Trinamool Congress,INDIA,DR. PRANAT TUDU,Bharatiya Janata Party,740132,3346,743478,1490843.0,49.87,174048,Result Declared,66.0,male
36,3,535,West Bengal,Eastern Region,34,Medinipur,6,2024-05-25,JUNE MALIAH,All India Trinamool Congress,INDIA,AGNIMITRA PAUL,Bharatiya Janata Party,699562,2630,702192,1481563.0,47.4,27191,Result Declared,54.0,female
36,3,536,West Bengal,Eastern Region,35,Purulia,6,2024-05-25,JYOTIRMAY SINGH MAHATO,Bharatiya Janata Party,NDA,SHANTIRAM MAHATO,All India Trinamool Congress,576246,2243,578489,1434018.0,40.34,17079,Result Declared,39.0,male
36,3,537,West Bengal,Eastern Region,36,Bankura,6,2024-05-25,ARUP CHAKRABORTY,All India Trinamool Congress,INDIA,DR. SUBHAS SARKAR,Bharatiya Janata Party,637465,4348,641813,1447674.0,44.33,32778,Result Declared,68.0,male
36,3,538,West Bengal,Eastern Region,37,Bishnupur,6,2024-05-25,KHAN SAUMITRA,Bharatiya Janata Party,NDA,SUJATA MONDAL,All India Trinamool Congress,677320,2810,680130,1513872.0,44.93,5567,Result Declared,43.0,male
36,3,539,West Bengal,Eastern Region,38,Bardhaman Purba,4,2024-05-13,DR. SHARMILA SARKAR,All India Trinamool Congress,INDIA,ASIM KUMAR SARKAR,Bharatiya Janata Party,717881,2421,720302,1497310.0,48.11,160572,Result Declared,45.0,female
36,3,540,West Bengal,Eastern Region,39,Bardhaman-Durgapur,4,2024-05-13,AZAD KIRTI JHA,All India Trinamool Congress,INDIA,DILIP GHOSH,Bharatiya Janata Party,717069,3598,720667,1501773.0,47.99,137981,Result Declared,65.0,male
36,3,541,West Bengal,Eastern Region,40,Asansol,4,2024-05-13,SHATRUGHAN PRASAD SINHA,All India Trinamool Congress,INDIA,SURENDRAJEET SINGH AHLUWALIA,Bharatiya Janata Party,603105,2540,605645,1301540.0,46.53,59564,Result Declared,77.0,male
36,3,542,West Bengal,Eastern Region,41,Bolpur,4,2024-05-13,ASIT KUMAR MAL,All India Trinamool Congress,INDIA,PIYA SAHA,Bharatiya Janata Party,851209,4424,855633,1528470.0,55.98,327253,Result Declared,69.0,male
36,3,543,West Bengal,Eastern Region,42,Birbhum,4,2024-05-13,SATABDI ROY,All India Trinamool Congress,INDIA,DEBTANU BHATTACHARYA,Bharatiya Janata Party,714972,2989,717961,1527432.0,47.0,197650,Result Declared,55.0,female
