result_id,candidate_serial_no,candidate_name,party_id,constituency_id,evm_votes,postal_votes,total_votes,vote_share
1,1,GUMMA THANUJA RANI,745,2,471470,5535,477005,40.96
2,2,KOTHAPALLI GEETHA,159,2,417113,9312,426425,36.62
3,3,APPALANARASA PACHIPENTA,228,2,119016,4113,123129,10.57
4,4,AVASHYA LAHARI . VARAM,122,2,24858,892,25750,2.21
5,5,SAMAREDDY BALAKRISHNA,283,2,9493,42,9535,0.82
6,6,NIMMAKA JAYARAJU,283,2,8798,664,9462,0.81
7,7,ATHIDHI,283,2,8121,15,8136,0.7
8,8,CHANTI BADNAINA,303,2,7205,47,7252,0.62
9,9,MOTTADAM . RAJABABU,132,2,6370,396,6766,0.58
10,10,RANJITH KUMAR PALAKA,283,2,6000,47,6047,0.52
11,11,RAMBABU JALLI,701,2,4933,26,4959,0.43
12,12,MANDALA GIRIDHARA RAO,283,2,4931,36,4967,0.43
13,13,VUYAKA NIREEKSHAN  (V. CHENCHU),286,2,4500,42,4542,0.39
14,14,NOTA,472,2,50205,265,50470,4.33
15,1,KINJARAPU RAMMOHAN NAIDU,699,3,734501,19827,754328,61.05
16,2,TILAK PERADA,745,3,420394,6033,426427,34.51
17,3,PEDADA PARAMESWARA RAO,290,3,6724,448,7172,0.58
18,4,SANAPALA SRAVAN KUMAR,283,3,5950,8,5958,0.48
19,5,NAIDUGARI RAJASEKHAR,122,3,4661,81,4742,0.38
20,6,VABA YOGESWARA RAO,283,3,3472,126,3598,0.29
21,7,BETHA VIVEKANANDA MAHARAJ,283,3,2523,13,2536,0.21
22,8,YEDDU LAKSHMINARAYANA,283,3,1598,7,1605,0.13
23,9,BORUBADRA CHANDRAKALA,145,3,1315,42,1357,0.11
24,10,IPPILI SEETHARAJU,303,3,1080,50,1130,0.09
25,11,KAYA DURGARAO,460,3,811,7,818,0.07
26,12,CHELLURI DANIYAL,283,3,796,20,816,0.07
27,13,BOMMALI TIRUPATI RAO,514,3,589,5,594,0.05
28,14,NOTA,472,3,24498,107,24605,1.99
29,1,APPALANAIDU KALISETTI,699,4,729284,13829,743113,57.2
30,2,BELLANA CHANDRASEKHAR,745,4,487691,6071,493762,38
31,3,BOBBILI SRINU,290,4,10270,353,10623,0.82
32,4,PEERUBANDI PRAKASH RAO,122,4,7985,53,8038,0.62
33,5,VELURI VENKATA TRINADHARAO,283,4,4146,6,4152,0.32
34,6,ALLU SRIRAMULU,283,4,3396,5,3401,0.26
35,7,SIYYADULA YELLA RAO,283,4,3105,2,3107,0.24
36,8,SRINIVASA RAO SAMBHANA,740,4,1758,3,1761,0.14
37,9,MARISERLA KRISHNAMURTHY NAIDU,283,4,1617,12,1629,0.13
38,10,VANGAPANDU MAHESWARA RAO,437,4,1544,9,1553,0.12
39,11,CHINNAM ARUNA KUMAR,313,4,1401,10,1411,0.11
40,12,ATCHIYYA NAIDU SAMIREDDY,618,4,1059,11,1070,0.08
41,13,ADINARAYANA TADDI,283,4,855,1,856,0.07
42,14,P V A ANANDA SAGAR,283,4,787,4,791,0.06
43,15,SAKHINETI ANANTHA RAJU,514,4,715,10,725,0.06
44,16,NOTA,472,4,23097,153,23250,1.79
45,1,SRIBHARAT MATHUKUMILI,699,5,893884,13583,907467,65.42
46,2,JHANSI LAKSHMI. BOTCHA.,745,5,397821,5399,403220,29.07
47,3,P. SATYA REDDY,290,5,29430,837,30267,2.18
48,4,K.A. PAUL,500,5,7529,167,7696,0.55
49,5,PEDAPENKI SIVA PRASADA RAO,122,5,6006,85,6091,0.44
50,6,BIKKAVOLU. CHALAMAJI,460,5,4883,1,4884,0.35
51,7,V.N. SATYA NARAYANA,569,5,2534,3,2537,0.18
52,8,ARUNA SRI MURALA,283,5,1991,2,1993,0.14
53,9,VASUPILLI SURESH,283,5,1931,2,1933,0.14
54,10,SONDI KRISHNA.,283,5,1811,7,1818,0.13
55,11,ANDUKURI VIJAYA BHASKAR,286,5,1098,11,1109,0.08
56,12,DR. GANAPATHI KONGARAPU.,592,5,944,6,950,0.07
57,13,BANNA. RAMESH,234,5,941,7,948,0.07
58,14,P. SATYA VANI,514,5,875,7,882,0.06
59,15,DURGA PRASAD. GUNTU,203,5,760,7,767,0.06
60,16,CHAPPIDI RAMU,283,5,756,1,757,0.05
61,17,M.G.M. KHAN,283,5,738,4,742,0.05
62,18,SHANKAR DEVARA YADAV,283,5,656,5,661,0.05
63,19,VENU MADHAV KARRI,283,5,646,1,647,0.05
64,20,DR. ACHUTHA BALAJI YADAV (MURAPALA),145,5,628,10,638,0.05
65,21,THOTA VENKATA SAI MUKUND,499,5,628,5,633,0.05
66,22,PIDIDHI APPARAO,283,5,576,4,580,0.04
67,23,G.A.N. ANAND,283,5,543,-,543,0.04
68,24,VADDI. HARI GANESH,283,5,518,2,520,0.04
69,25,JANARDHAN PONNADA.,283,5,499,1,500,0.04
70,26,GANAPATHI. JAGADEESWARA RAO (JAGADEESH),308,5,494,6,500,0.04
71,27,JALADI VIJAYA KUMARI,618,5,463,3,466,0.03
72,28,CHINTADA SURYAM,437,5,443,5,448,0.03
73,29,GANDIKOTA RAJESH,461,5,392,1,393,0.03
74,30,KOLLI NAGA RAJU,283,5,322,7,329,0.02
75,31,METTA RAMA RAO,283,5,320,6,326,0.02
76,32,LAGUDU. GOVINDA RAO,283,5,293,1,294,0.02
77,33,MALLA SRAVANI,283,5,271,2,273,0.02
78,34,NOTA,472,5,5171,142,5313,0.38
79,1,C.M.RAMESH,159,6,750027,12042,762069,57.5
80,2,BUDI MUTYALA NAIDU,745,6,459762,5777,465539,35.13
81,3,VEGI VENKATESH,290,6,24833,818,25651,1.94
82,4,PALAKA SREERAMA MURTHY,122,6,19082,75,19157,1.45
83,5,VANKAYALA RAMACHANDRA RAO,283,6,4001,1,4002,0.3
84,6,LOVARAJU SIDDHA,283,6,3845,7,3852,0.29
85,7,KRISHNA SWAROOP VADLAMURI,234,6,3549,8,3557,0.27
86,8,GARA SURYA RAO,283,6,3116,8,3124,0.24
87,9,APPALA RAJU NAMMI,145,6,2589,30,2619,0.2
88,10,NAGESWARA RAO PETLA,283,6,2179,5,2184,0.16
89,11,ADARI SARAT CHANDRA,303,6,1886,27,1913,0.14
90,12,VIJAYA LAKSHMI KARRI,514,6,1578,13,1591,0.12
91,13,DR. THUMMAPALA HARI  SHANKAR,283,6,1567,9,1576,0.12
92,14,JUNNURI J SRINIVAS,283,6,1195,6,1201,0.09
93,15,APPALANAIDU TUMMAGUNTA,283,6,1055,7,1062,0.08
94,16,NOTA,472,6,26084,151,26235,1.98
95,1,TANGELLA UDAY SRINIVAS  (TEA TIME UDAY),331,7,718971,10728,729699,54.87
96,2,CHALAMALASETTY SUNIL,745,7,495188,5020,500208,37.62
97,3,MALLIPUDI MANGAPATI PALLAM RAJU,290,7,20258,851,21109,1.59
98,4,UDAY,460,7,15578,125,15703,1.18
99,5,KANDREGULA NARASIMHAM,122,7,11916,63,11979,0.9
100,6,DR ANUSHA YADAV,145,7,9818,36,9854,0.74
101,7,TANGELLA SRINIVASU,350,7,6516,43,6559,0.49
102,8,YEDIDA VARA PRASAD KUMAR,592,7,3924,3,3927,0.3
103,9,BUGATHA BANGARRAO,229,7,2816,7,2823,0.21
104,10,SUDHA VEERA GANESH,283,7,2645,2,2647,0.2
105,11,BHAVANI SANKAR PRASAD MERLA,283,7,1963,6,1969,0.15
106,12,YENUGUPALLI KRISHNA,313,7,1762,18,1780,0.13
107,13,BODDETI APPARAO,283,7,1687,-,1687,0.13
108,14,NEELAKANTAM DONAM,283,7,1401,11,1412,0.11
109,15,PASUPULETI S.V.S.BHUSHANAM,283,7,1222,5,1227,0.09
110,16,NOTA,472,7,17105,115,17220,1.29
111,1,G M HARISH (BALAYOGI),699,8,786149,10832,796981,61.25
112,2,RAPAKA VARAPRASADA RAO,745,8,450362,4423,454785,34.95
113,3,GOUTHAM JANGA,290,8,14523,559,15082,1.16
114,4,DORABABU YALLA,122,8,5202,186,5388,0.41
115,5,KATRU NAGA BABU,700,8,3736,5,3741,0.29
116,6,VADDI LALITH KUMAR,283,8,2974,3,2977,0.23
117,7,MAKEY DAVY PRASAD,283,8,2104,7,2111,0.16
118,8,GUDE VENKATESWARULU,283,8,1741,4,1745,0.13
119,9,RAMESH JILLELLA,350,8,866,6,872,0.07
120,10,YALANGI RAMESH,313,8,738,2,740,0.06
121,11,MATHA KRISHNA,514,8,718,1,719,0.06
122,12,GIDDI JNANA PRAKASA RAO,590,8,717,9,726,0.06
123,13,YADLA RAJESH,382,8,628,7,635,0.05
124,14,KAPA KALYAN,592,8,579,2,581,0.04
125,15,PATHURI RAMESH,487,8,502,3,505,0.04
126,16,NOTA,472,8,13418,100,13518,1.04
127,1,DAGGUBATI PURANDHESHWARI,159,9,718641,7874,726515,54.82
128,2,DR. GUDURI SRINIVAS,745,9,483172,4204,487376,36.77
129,3,GIDUGU RUDRARAJU,290,9,31441,1067,32508,2.45
130,4,GANESWARA RAO PARAMATA,122,9,20277,132,20409,1.54
131,5,BATTULA BALARAMAKRISHNA,460,9,16930,78,17008,1.28
132,6,SALOPANTULA RAGHAVENDRA RAO,283,9,3261,17,3278,0.25
133,7,DR. MEDISI RATNARAO ALIAS VINAY,283,9,3109,6,3115,0.24
134,8,MOHANARAO SINGULURI,303,9,2818,15,2833,0.21
135,9,MEDA SRINIVASA RAO,569,9,2422,7,2429,0.18
136,10,BOMMANABOINA VSR MURTHY,283,9,2173,6,2179,0.16
137,11,BHANU CHANDAR KURUVELLA,283,9,1955,3,1958,0.15
138,12,JALLI BALA NAVEENA,283,9,1250,4,1254,0.09
139,13,NOTA,472,9,24302,133,24435,1.84
140,1,BHUPATHI RAJU SRINIVASA VARMA (B.J.P.VARMA),159,10,699382,7961,707343,57.46
141,2,UMABALA GUDURI,745,10,426037,4504,430541,34.98
142,3,K.B.R.NAIDU,290,10,34298,915,35213,2.86
143,4,PRASANNA KUMAR UNDURTHI,283,10,6350,14,6364,0.52
144,5,MEDAPATI VENKATA VARAHALA REDDY,283,10,5966,3,5969,0.48
145,6,SIRRA RAJU,122,10,5945,69,6014,0.49
146,7,BALAGAM NAYAKAR,283,10,5232,8,5240,0.43
147,8,NALLI RAJESH,283,10,4684,-,4684,0.38
148,9,KETHA SREENU,283,10,3140,5,3145,0.26
149,10,OLETY NAGENDRA KRISHNA,313,10,3112,4,3116,0.25
150,11,ADDEPALLI VEERA VENKAT SUBBA RAO,283,10,2781,2,2783,0.23
151,12,ANAND CHANDULAL JASTI,283,10,2726,-,2726,0.22
152,13,GANJI PURNIMA,592,10,1645,4,1649,0.13
153,14,GEDALA LAXMANA RAO,283,10,1525,2,1527,0.12
154,15,ADDANKI DORABABU,283,10,1388,5,1393,0.11
155,16,GOTTUMUKKALA SHIVAJI,283,10,1378,6,1384,0.11
156,17,ADINARAYANA DUPPANAPUDI,283,10,1002,5,1007,0.08
157,18,MANNE LEELA RAMA NARENDRA,514,10,922,8,930,0.08
158,19,RAMA DURGA PRASAD THOLETI,283,10,919,1,920,0.07
159,20,RUKHMINI,283,10,683,3,686,0.06
160,21,ADABALA SIVA,283,10,682,1,683,0.06
161,22,NOTA,472,10,7554,123,7677,0.62
162,1,PUTTA MAHESH KUMAR,699,11,737644,8707,746351,54
163,2,KARUMURI SUNIL KUMAR,745,11,559318,5176,564494,40.84
164,3,KAVURI LAVANYA,290,11,19820,1006,20826,1.51
165,4,AJAY BABU BODA,460,11,12197,13,12210,0.88
166,5,NITTA AKHILA DHARANI PAL,122,11,6664,68,6732,0.49
167,6,BOKINALA KOTESWARA RAO,283,11,2253,10,2263,0.16
168,7,RUDRAPAKA RATNA RAO (R.R.R),86,11,1523,3,1526,0.11
169,8,KANDAVALLI JEEVA DEVA DAYAKAR,283,11,1172,8,1180,0.09
170,9,AGASTEEN KOMMINA,283,11,1001,3,1004,0.07
171,10,DR. MENDEM SANTHOSH KUMAR (PEDDA BABULU),382,11,777,9,786,0.06
172,11,RAJESWARA RAO KONDRU,146,11,729,3,732,0.05
173,12,GODUGUPATI VEERA RAGHAVULU,514,11,710,5,715,0.05
174,13,BYRABOYINA MALYADRI,145,11,705,10,715,0.05
175,14,NOTA,472,11,22371,144,22515,1.63
176,1,BALASHOWRY VALLABHANENI,331,12,712149,12290,724439,55.22
177,2,SIMHADRI CHANDRA SEKHAR RAO,745,12,495211,6049,501260,38.21
178,3,GOLLU KRISHNA,290,12,31130,695,31825,2.43
179,4,BAAL SHOURI CHODABATHINA,350,12,10518,623,11141,0.85
180,5,DEVAMANI DEVARAPALLI,122,12,9911,117,10028,0.76
181,6,KOMMARAJU SIVA NARASIMHA RAO,59,12,5245,9,5254,0.4
182,7,VALLABHANENI NAGA PAVAN KUMAR,283,12,5206,14,5220,0.4
183,8,MARADANI K R SWAMY,308,12,2206,8,2214,0.17
184,9,GANDHI  DHANEKULA,283,12,1989,2,1991,0.15
185,10,PAMULA BALA SOWRYAMMA,283,12,1576,6,1582,0.12
186,11,ANUSHA YERUVA,283,12,1233,2,1235,0.09
187,12,GUDAVALLI VENKATA KEDARESWARA RAO,283,12,1102,9,1111,0.08
188,13,JOGI VEERANJANEYULU,283,12,1020,2,1022,0.08
189,14,DAMODARA RAO GUDAVALLI,283,12,928,2,930,0.07
190,15,APPARAO ENNETI,283,12,625,1,626,0.05
191,16,NOTA,472,12,12008,118,12126,0.92
192,1,KESINENI SIVANATH (CHINNI),699,13,784722,9432,794154,58.21
193,2,KESINENI SRINIVAS  (NANI),745,13,505637,6432,512069,37.53
194,3,BHARGAV VALLURU,290,13,23498,608,24106,1.77
195,4,KRISHNA KISHORE YANAMANDRA,461,13,7710,168,7878,0.58
196,5,VENKATA ASHOK PAPPURI,283,13,6672,-,6672,0.49
197,6,DEVARAPALLI MALLIKARJUNA RAO (MAHESH),283,13,3199,-,3199,0.23
198,7,MEKA VENKATESWARA RAO,122,13,2184,49,2233,0.16
199,8,ANIL KUMAR MADDINENI,283,13,1240,-,1240,0.09
200,9,BARRE SREENIVASARAO (JAI BHEEM SRINIVAS),701,13,609,6,615,0.05
201,10,SYED KHAMURUNNISA,460,13,600,1,601,0.04
202,11,CHAGANTIPATI GANGADHAR GANDHI,514,13,486,3,489,0.04
203,12,DATLA LURTHU MERI,313,13,409,8,417,0.03
204,13,PERAM SIVA NAGESWARA RAO,593,13,365,3,368,0.03
205,14,DEVARASETTY RAVEENDRA BABU,86,13,328,3,331,0.02
206,15,GUJJULA LALITHA,667,13,323,4,327,0.02
207,16,N DASARADHA RAMI REDDY,60,13,268,1,269,0.02
208,17,CHINTHALACHERUVU HEMALATHA,308,13,239,5,244,0.02
209,18,NOTA,472,13,9038,155,9193,0.67
210,1,DR CHANDRA SEKHAR PEMMASANI,699,14,851020,13928,864948,60.68
211,2,KILARI VENKATA ROSAIAH,745,14,513563,6690,520253,36.5
212,3,JANGALA AJAY KUMAR,227,14,8317,320,8637,0.61
213,4,SIVAREDDY. ENDREDDY,461,14,5628,1,5629,0.39
214,5,TENALI PRAKASH,122,14,4172,100,4272,0.3
215,6,SIKHAKOLLI HEMA GOWRI SHANKAR,350,14,1959,5,1964,0.14
216,7,SAMUDRALA CHINNA KOTAIAH,313,14,1748,5,1753,0.12
217,8,UMAR BHASHA SHAIK,328,14,1273,2,1275,0.09
218,9,SYED. SAIDA,460,14,1216,6,1222,0.09
219,10,AMBATI CHALAMAIAH,514,14,1029,2,1031,0.07
220,11,PILLI BABU RAO,283,14,688,4,692,0.05
221,12,HARI VENKATA SATISH  KURNALA,303,14,540,2,542,0.04
222,13,VISHNU REDDY LANKIREDDY,130,14,461,-,461,0.03
223,14,EMANI. CHANDRASEKHAR RAO,462,14,409,5,414,0.03
224,15,SHAIK. KHAJAVALI,283,14,387,4,391,0.03
225,16,CHALLAPALLI RATAN RAJU,724,14,374,4,378,0.03
226,17,KANNEBOYINA VAMSI KRISHNA YADAV,283,14,368,7,375,0.03
227,18,MOHAMMAD KHAJA MOINUDDIN CHISTI PASHA,85,14,353,5,358,0.03
228,19,GAYATRI AUDHIPUDI,283,14,350,7,357,0.03
229,20,ASHOK ANAND GALI,283,14,335,-,335,0.02
230,21,SHAIK ASLAM AKTHER,283,14,334,1,335,0.02
231,22,PATHAN KHAJA (BASHA),701,14,328,4,332,0.02
232,23,AMARTHALURI VENKATESWARA RAO.,418,14,308,4,312,0.02
233,24,DR. RAYAPUDI RAJESH VIJAY KUMAR,288,14,306,4,310,0.02
234,25,BURAGA RATNAM,396,14,304,12,316,0.02
235,26,VANKAYALAPATI VENKATA SIVA RAMANJANEYULU,283,14,268,-,268,0.02
236,27,SIVA PARVATHI,283,14,262,4,266,0.02
237,28,BOMMASANI MUTYALA RAO,75,14,200,7,207,0.01
238,29,SRIKRISHNA AKKISETTI,283,14,179,-,179,0.01
239,30,MADAVARAPU NAGA RAJU,283,14,172,-,172,0.01
240,31,NOTA,472,14,7210,177,7387,0.52
241,1,LAVU SRIKRISHNA DEVARAYALU,699,15,798097,9899,807996,53.88
242,2,ANIL KUMAR POLUBOINA,745,15,642186,6081,648267,43.23
243,3,GARNEPUDI ALEXANDER SUDHAKAR,290,15,17520,526,18046,1.2
244,4,ORSU PREMARAJU,122,15,5276,33,5309,0.35
245,5,KUCHIPUDI JOHN BABU,313,15,2328,8,2336,0.16
246,6,GARLAPATI SUBHASH PREM,599,15,1243,2,1245,0.08
247,7,YAMPATI VEERANJANEYA REDDY,283,15,1056,1,1057,0.07
248,8,SUBBARAO CHALLA,283,15,1051,-,1051,0.07
249,9,ABDUL RAJAK SHAIK,283,15,718,5,723,0.05
250,10,KOTA POTHURAJU,514,15,667,3,670,0.04
251,11,P VENKATESH,301,15,385,3,388,0.03
252,12,PASUPULETI PICHAIAH,449,15,353,3,356,0.02
253,13,PAPPULA SAMBASIVA RAO,460,15,331,1,332,0.02
254,14,DOCTOR GODA RAMESH KUMAR,350,15,305,4,309,0.02
255,15,THOKALA NAGA RAJU,59,15,277,8,285,0.02
256,16,NOTA,472,15,11120,79,11199,0.75
257,1,KRISHNA PRASAD TENNETI,699,16,706757,10736,717493,55.16
258,2,NANDIGAM SURESH BABU,745,16,503816,5646,509462,39.17
259,3,J.D. SEELAM,290,16,41673,1586,43259,3.33
260,4,DOKKA JAGAN MOHANA RAO,122,16,6774,83,6857,0.53
261,5,NALAMALA TIRUPATI RAO,461,16,2888,76,2964,0.23
262,6,BUSSA. NAGARAJU,283,16,1311,7,1318,0.1
263,7,GADDE. VIJAYA LAKSHMI,283,16,1046,5,1051,0.08
264,8,KATTAPOGU. VIJAY KUMAR,514,16,893,4,897,0.07
265,9,KONDRU KIRAN KUMAR,283,16,791,6,797,0.06
266,10,KATTA ANAND BABU,283,16,704,25,729,0.06
267,11,MERUGUPALA SADASIVA RAO,286,16,669,4,673,0.05
268,12,KATTA HEMANAND,283,16,547,2,549,0.04
269,13,PARRE. KOTAIAH,313,16,408,4,412,0.03
270,14,PALADUG VIJENDRA RAO (BAHUJAN),382,16,294,12,306,0.02
271,15,CHINNAM MURALIDHAR,75,16,252,3,255,0.02
272,16,NOTA,472,16,13599,124,13723,1.06
273,1,MAGUNTA SREENIVASULU REDDY,699,17,689829,12065,701894,49.35
274,2,DR CHEVIREDDY BHASKAR REDD,745,17,644052,7643,651695,45.82
275,3,EDA SUDHAKARA REDDY,290,17,25803,919,26722,1.88
276,4,DHARANIKOTA LAKSHMI NARAYANA,122,17,6238,76,6314,0.44
277,5,BUCHI EDUKONDALU,283,17,3046,2,3048,0.21
278,6,PODILI RAMBABU,283,17,3035,38,3073,0.22
279,7,ORSU VEENA,303,17,2242,25,2267,0.16
280,8,BONTHA RANGA REDDY,283,17,1923,-,1923,0.14
281,9,BODDU KRANTHI KUMAR,283,17,1797,1,1798,0.13
282,10,MOHAN GOUD J V,283,17,1442,5,1447,0.1
283,11,U MADHU BABU,283,17,1006,2,1008,0.07
284,12,KARATAPU RAJU,283,17,730,5,735,0.05
285,13,JAGADEESH RAYAPATI,283,17,713,12,725,0.05
286,14,DEVIREDDY BALANJANEYULU,283,17,710,6,716,0.05
287,15,HARI PRASAD TUPAKULA,283,17,706,5,711,0.05
288,16,PASAM VENKATESWARLU YADAV,618,17,699,44,743,0.05
289,17,SURYA TEJA KOTA,514,17,674,9,683,0.05
290,18,AKUMALLA MALLIKARJUNA REDDY,283,17,575,-,575,0.04
291,19,VESHAPOGU GURAVABABU,283,17,457,4,461,0.03
292,20,KOMMU YOHANU,382,17,454,7,461,0.03
293,21,SESHUBABU GUDDANTI,283,17,449,-,449,0.03
294,22,SINGAMNENI SREEKANTH,283,17,407,3,410,0.03
295,23,YARRA DASARADHARAMAIAH,283,17,394,-,394,0.03
296,24,KOTA VAMSI KRISHNA,283,17,365,-,365,0.03
297,25,K PAVAN KALYAN,350,17,362,30,392,0.03
298,26,NOTA,472,17,13066,139,13205,0.93
299,1,DR BYREDDY SHABARI,699,18,689417,11714,701131,49.92
300,2,POCHA BRAHMANANDA REDDY,745,18,583155,6001,589156,41.95
301,3,J LAKSHMI NARASIMHA YADAV,290,18,54920,1284,56204,4
302,4,P GURUVAIAH,283,18,8190,1,8191,0.58
303,5,A CHINNA MOULALI,122,18,7768,63,7831,0.56
304,6,HAFIZ ATAULLAH KHAN,664,18,6858,74,6932,0.49
305,7,KOMMUSANI PEDDA KAMBAGIRI SWAMY,283,18,4633,-,4633,0.33
306,8,GAGGERA VENKATA RAMANAIAH,283,18,3027,4,3031,0.22
307,9,DUMAVATH SWAMY NAIK,283,18,2348,10,2358,0.17
308,10,KUNUKUNTLA RAMUDU,283,18,1408,5,1413,0.1
309,11,E ANIL KUMAR,283,18,1332,2,1334,0.09
310,12,C SURENDRA NATHA REDDY,283,18,1267,1,1268,0.09
311,13,BRAHMANANDA REDDY K,283,18,1261,11,1272,0.09
312,14,UPPU SUBBARAYUDU,301,18,785,6,791,0.06
313,15,NAGESWARA RAO,283,18,678,2,680,0.05
314,16,VIJAYA BHASKAR REDDYPOGU,283,18,641,-,641,0.05
315,17,YELAMPALLE GOVARDHAN REDDY,59,18,638,4,642,0.05
316,18,BHUMA VEERA BHADRA REDDY,460,18,630,16,646,0.05
317,19,PANDU RANGA YADAV SIDDAPU,618,18,594,11,605,0.04
318,20,CHANDINI REDDY VAKATI,382,18,546,10,556,0.04
319,21,B C RAMANADHA AREDDY,283,18,472,-,472,0.03
320,22,GAJULA SHALIMIYA,91,18,468,18,486,0.03
321,23,KULURU RAMA KRISHNA REDDY,465,18,428,2,430,0.03
322,24,CH P MALLESWARUDU,283,18,417,4,421,0.03
323,25,I V PAKKIR REDDY,283,18,408,2,410,0.03
324,26,V MADHUSUDHANA REDDY,283,18,399,2,401,0.03
325,27,BUSHAKU MAHESWARA REDDY,283,18,390,-,390,0.03
326,28,U P MUNI REDDY,283,18,376,-,376,0.03
327,29,GOGULA SUGUNAMMA,308,18,375,4,379,0.03
328,30,BELLAMKONDA SREENIVASULU,283,18,352,1,353,0.03
329,31,BALIJA SHIVA KUMAR,283,18,288,-,288,0.02
330,32,NOTA,472,18,10538,159,10697,0.76
331,1,BASTIPATI NAGARAJU PANCHALINGALA,699,19,650335,8579,658914,49.51
332,2,B Y RAMAIAH,745,19,543801,3815,547616,41.15
333,3,P.G.RAMPULLAIAH YADAV LUCKY-2,290,19,68972,1401,70373,5.29
334,4,MANCHALA LAKSHMI NARAYANA,122,19,8533,56,8589,0.65
335,5,BOYA SURESH,283,19,5891,9,5900,0.44
336,6,T. BEECHUPALLI,283,19,5125,2,5127,0.39
337,7,VIJAYA BHASKAR .REDDYPOGU,283,19,3504,4,3508,0.26
338,8,PAGADALA KODANDA,283,19,3070,6,3076,0.23
339,9,DEVARAPOGU MADDILETY,283,19,2576,6,2582,0.19
340,10,PRAKASH REDDY RALAMPADU,283,19,2222,3,2225,0.17
341,11,JAHANGIR AHMED,664,19,2058,16,2074,0.16
342,12,DR. REDDYPOGU PRAVEEN KUMAR,283,19,1847,9,1856,0.14
343,13,ABDUL SATTAR  A.S.R,91,19,1565,36,1601,0.12
344,14,VALMIKI ARJUNA,145,19,1385,5,1390,0.1
345,15,URUKUNDU VADDE,283,19,1284,11,1295,0.1
346,16,MALLEPOGU NAGANNA,667,19,1162,2,1164,0.09
347,17,SUNKARA SREEDHAR,303,19,1149,14,1163,0.09
348,18,TARIGOPULA RAJABABU,75,19,1032,1,1033,0.08
349,19,AMRUTH KUMAR SALKAPURAM,382,19,777,6,783,0.06
350,20,NOTA,472,19,10394,117,10511,0.79
351,1,AMBICA G LAKSHMINARAYANA VALMIKI,699,20,755862,12383,768245,53.33
352,2,MALAGUNDLA SANKAR NARAYANA,745,20,573769,5921,579690,40.24
353,3,MALLIKARJUNA VAJJALA,290,20,41954,1263,43217,3
354,4,G.V.RAMANA REDDY,283,20,6436,3,6439,0.45
355,5,BANASI NARAYANAPPA,122,20,6280,116,6396,0.44
356,6,V.MURALI PRASAD REDDY,283,20,5775,3,5778,0.4
357,7,DR.NALLANI RAMESH NAIDU,86,20,4862,127,4989,0.35
358,8,M.SURENDRA,514,20,2927,8,2935,0.2
359,9,U.C.VENKATASUBBAIAH,301,20,2533,7,2540,0.18
360,10,P.CHOWDESWARI,283,20,1514,4,1518,0.11
361,11,VADLA KESAVAIAH,283,20,1488,6,1494,0.1
362,12,B.RAGHAVENDRA PRASAD,283,20,1317,1,1318,0.09
363,13,KETHIREDDY RAGHUNATHAREDDY,283,20,1086,5,1091,0.08
364,14,LOKANATH GOWD SURAGOWINI,283,20,1085,6,1091,0.08
365,15,SREERANGARAJULA GOPINATH ROYAL,283,20,903,1,904,0.06
366,16,SHAIK.NIZAM,618,20,749,4,753,0.05
367,17,RAMAVTH CHINNA RAMAPPA NAIK,313,20,735,10,745,0.05
368,18,KURUBA MALLIKARJUNA.S.,62,20,574,4,578,0.04
369,19,B.NAGAMUTHYALU,667,20,566,4,570,0.04
370,20,SRINIVASA RAJU.O,201,20,489,5,494,0.03
371,21,DURGA PRASAD D BYATARAYANAJI,222,20,439,5,444,0.03
372,22,NOTA,472,20,9014,185,9199,0.64
373,1,B K PARTHASARATHI,699,21,713013,12521,725534,51.23
374,2,J SHANTHA,745,21,587406,5701,593107,41.88
375,3,B A SAMAD SHAHEEN,290,21,53989,1070,55059,3.89
376,4,BHAGYA R S,122,21,7949,66,8015,0.57
377,5,PRATHAP REDDY GORLA,283,21,5380,64,5444,0.38
378,6,H D HANUMANTHE GOWD,283,21,2270,8,2278,0.16
379,7,ANJINAPPA GARI SREENIVASULU,599,21,2045,6,2051,0.14
380,8,S N SURESH,283,21,1611,20,1631,0.12
381,9,DASAGANIPALLI KULLAYAPPA,283,21,1317,11,1328,0.09
382,10,ASHOK,667,21,1282,10,1292,0.09
383,11,T SUDHAKAR REDDY,283,21,1227,10,1237,0.09
384,12,S RAGHUNATHA REDDY,283,21,693,17,710,0.05
385,13,BUDILI DHANUNJAYA,449,21,679,3,682,0.05
386,14,NOTA,472,21,17826,145,17971,1.27
387,1,Y. S. AVINASH REDDY,745,22,598406,6737,605143,45.78
388,2,CHADIPIRALLA BHUPESH SUBBARAMI REDDY,699,22,532358,10090,542448,41.03
389,3,Y.S. SHARMILA REDDY,290,22,136395,4644,141039,10.67
390,4,PANDITI. GURAPPA.,122,22,3790,20,3810,0.29
391,5,VENU GOPAL RACHINENI,569,22,3500,70,3570,0.27
392,6,CHINNAPUREDDY GOPALA KRISHNA REDDY,283,22,2414,16,2430,0.18
393,7,KUNCHAM. VENKATA SUBBA REDDY,588,22,2329,4,2333,0.18
394,8,L. KHAJA HUSSAIN,283,22,1087,1,1088,0.08
395,9,ANKIREDDY. SURESH KUMAR REDDY.,59,22,752,3,755,0.06
396,10,KAKARLA SHANMUKHA REDDY,283,22,633,14,647,0.05
397,11,PALLE RAMESH,313,22,619,5,624,0.05
398,12,CHAN BASHA. S,91,22,432,7,439,0.03
399,13,J. V. RAMANA,301,22,414,20,434,0.03
400,14,MALIKIREDDY. HANUMANTHA REDDY,328,22,358,11,369,0.03
401,15,NOTA,472,22,16660,186,16846,1.27
402,1,PRABHAKAR REDDY VEMIREDDY,699,23,750771,15431,766202,55.7
403,2,VENUMBAKA VIJAYASAI REDDY,745,23,514375,5925,520300,37.82
404,3,KOPPULA RAJU,290,23,53264,1580,54844,3.99
405,4,BHASKAR NASINA,122,23,5710,101,5811,0.42
406,5,VIVEKA MANNEPALLI,599,23,2794,10,2804,0.2
407,6,KOPPALA RAGHU,283,23,2010,5,2015,0.15
408,7,GAJULA SOMA SEKHAR,303,23,1775,4,1779,0.13
409,8,SHAIK MUZIBUR RAHAMAN,514,23,1315,15,1330,0.1
410,9,SHAIK MAHABOOB BASHA (MABU),592,23,1228,5,1233,0.09
411,10,MALLEPALLY RAGHU,460,23,1104,1,1105,0.08
412,11,SHAIK SHAFI AHMED,59,23,1037,-,1037,0.08
413,12,NAKKA DINESH,145,23,576,24,600,0.04
414,13,TALARI VENKATAIAH,313,23,553,5,558,0.04
415,14,PUNGANURU PRASANNA GANAPATHI,515,23,452,2,454,0.03
416,15,NOTA,472,23,15454,123,15577,1.13
417,1,GURUMOORTHY MADDILA,745,24,626702,5526,632228,45.73
418,2,VARA PRASAD RAO VELAGAPALLI,159,24,608494,9165,617659,44.67
419,3,CHINTA MOHAN,290,24,63790,1733,65523,4.74
420,4,PENUMURU. GURAPPA,122,24,10300,206,10506,0.76
421,5,KATTAMANCHI. PRABHAKAR,283,24,5796,6,5802,0.42
422,6,M UMADEVI,332,24,5387,38,5425,0.39
423,7,ALLAM.RAJA,283,24,4948,22,4970,0.36
424,8,VIJAY KUMAR G.SRKR,382,24,4108,194,4302,0.31
425,9,ANJAIAH.P,592,24,3657,9,3666,0.27
426,10,V.C. NAVEEN GUPTA,283,24,1723,8,1731,0.13
427,11,A. VARAPRASAD,350,24,1668,30,1698,0.12
428,12,SYAMDHAN KURAPATI,34,24,1567,1,1568,0.11
429,13,C. PUNYAMURTHY,711,24,1511,4,1515,0.11
430,14,KARRA SIVA,514,24,1501,9,1510,0.11
431,15,VELURU. THEJOVATHI,618,24,1362,27,1389,0.1
432,16,C. DAVID,287,24,1237,2,1239,0.09
433,17,K. JEEVARATHNAM,283,24,1203,1,1204,0.09
434,18,DASARI. GOWTHAM,283,24,1077,10,1087,0.08
435,19,VIJAYA KUMAR.G,283,24,797,4,801,0.06
436,20,A. MADHU,307,24,711,-,711,0.05
437,21,B. BHARANI BAS,78,24,688,-,688,0.05
438,22,Y. MAHESH,283,24,615,7,622,0.04
439,23,PRASAD PATIBANDLA,283,24,607,1,608,0.04
440,24,NOTA,472,24,15909,209,16118,1.17
441,1,P V MIDHUN REDDY,745,25,639111,5733,644844,48.38
442,2,NALLARI KIRAN KUMAR REDDY,159,25,557030,11743,568773,42.67
443,3,SHAIK BASHEED,290,25,52229,1071,53300,4
444,4,ABBAVARAM UGENDRA,122,25,12306,57,12363,0.93
445,5,POOLA REDDY SEKHAR,283,25,6097,3,6100,0.46
446,6,NAGARAJU JETTI,283,25,5984,15,5999,0.45
447,7,PRADEEP PENAMADU,59,25,5671,1,5672,0.43
448,8,CHOUDVARAM SUBBANARASAIAH,283,25,4731,4,4735,0.36
449,9,PULI SREENIVASULU,283,25,4613,3,4616,0.35
450,10,SREENIVASULU MARRIPATI,283,25,4436,7,4443,0.33
451,11,AKBAR M BASHA,91,25,2394,17,2411,0.18
452,12,SANGARAJU NAGESWARA RAJU,283,25,1523,12,1535,0.12
453,13,MADA RAJA,301,25,1415,-,1415,0.11
454,14,BATTHALA RAMANAIAH,303,25,1360,6,1366,0.1
455,15,DODDAPANENI RAJA NAIDU,283,25,1315,3,1318,0.1
456,16,MAYANA MOHAMMED SALMAN KHAN,382,25,1069,2,1071,0.08
457,17,KASTURI OBAIAH NAIDU,283,25,885,2,887,0.07
458,18,ASADI VENKATADRI,283,25,689,2,691,0.05
459,19,NOTA,472,25,11324,76,11400,0.86
460,1,DAGGUMALLA PRASADA RAO,699,26,765536,12535,778071,54.84
461,2,REDDEPPA.N .,745,26,552469,5123,557592,39.3
462,3,MOTUKUR JAGAPATHI,290,26,29431,719,30150,2.12
463,4,THOGURU VIJAYA KUMAR,122,26,13389,122,13511,0.95
464,5,YUGANDAR . KONDA,283,26,6889,84,6973,0.49
465,6,K.MUNI KRISHNA,283,26,3954,2,3956,0.28
466,7,P.JANAKI RAMA RAO ( BABU),448,26,2822,11,2833,0.2
467,8,PETA.MOHAN .,283,26,2365,1,2366,0.17
468,9,C.SUDHAKAR,283,26,1934,1,1935,0.14
469,10,N.CHANDRABABU,283,26,1878,7,1885,0.13
470,11,MADASI SUDHARSHAN,283,26,1575,3,1578,0.11
471,12,D.MAHESH,283,26,1109,10,1119,0.08
472,13,P.MADHU,283,26,902,4,906,0.06
473,14,N.BHUPATHI,283,26,862,32,894,0.06
474,15,A. PURNA CHANDRA,283,26,856,1,857,0.06
475,16,PALLIPATTU.ABHINAV VISHNU,618,26,670,6,676,0.05
476,17,N.GANGAIAH .,283,26,547,5,552,0.04
477,18,T NARESH,283,26,532,2,534,0.04
478,19,BANDAPALLI RAMESH,283,26,490,3,493,0.03
479,20,NOTA,472,26,11812,164,11976,0.84
480,1,KIREN RIJIJU,159,27,196415,9002,205417,51.38
481,2,NABAM TUKI,290,27,100100,4579,104679,26.18
482,3,TECHI RANA,283,27,31106,2208,33314,8.33
483,4,TOKO SHEETAL,254,27,27670,2860,30530,7.64
484,5,BIMPAK SIGA,283,27,10569,949,11518,2.88
485,6,RUHI TAGUNG,283,27,7559,262,7821,1.96
486,7,LEKI NORBU,283,27,2139,132,2271,0.57
487,8,TANIA JUNE,283,27,1920,38,1958,0.49
488,9,NOTA,472,27,2133,163,2296,0.57
489,1,TAPIR GAO,159,28,140715,4866,145581,45.01
490,2,BOSIRAM SIRAM,290,28,109433,5727,115160,35.6
491,3,TAMAT GAMOH,283,28,26691,912,27603,8.53
492,4,SOTAI KRI,283,28,13227,986,14213,4.39
493,5,OMAK NITIK,283,28,9074,295,9369,2.9
494,6,BANDEY MILI,102,28,6419,203,6622,2.05
495,7,NOTA,472,28,4654,241,4895,1.51
496,1,JOYANTA BASUMATARY,710,29,484681,4314,488995,39.39
497,2,KAMPA BORGOYARI,220,29,432768,4644,437412,35.23
498,3,GARJAN MASHAHARY,290,29,112624,1112,113736,9.16
499,4,BINITA DEKA,254,29,93266,923,94189,7.59
500,5,PRITHVIRAJ NARAYAN DEV MECH,283,29,33636,101,33737,2.72
501,6,GAURI SANKAR SARANIA,70,29,23362,157,23519,1.89
502,7,RANJAY KR BRAHMA,283,29,8782,48,8830,0.71
503,8,LALIT PEGU,735,29,7891,41,7932,0.64
504,9,JYOTISH KUMAR DAS,283,29,5944,162,6106,0.49
505,10,PANKAJ ISLARY,283,29,4473,35,4508,0.36
506,11,TRIPTINA RABHA,283,29,4425,115,4540,0.37
507,12,AJOY NARZARY,283,29,4032,48,4080,0.33
508,13,NOTA,472,29,13662,250,13912,1.12
509,1,RAKIBUL HUSSAIN,290,30,1468549,3336,1471885,59.99
510,2,MOHAMMED BADRUDDIN AJMAL,72,30,458202,1207,459409,18.72
511,3,ZABED ISLAM,104,30,435822,2772,438594,17.88
512,4,S. M. JIAUL HAQUE,154,30,11978,128,12106,0.49
513,5,FARUK KHAN,283,30,10986,8,10994,0.45
514,6,BISWAJIT RAY,283,30,7615,88,7703,0.31
515,7,ALAKESH ROY,283,30,6950,40,6990,0.28
516,8,HAFIZ BURHANUDDIN,704,30,6934,6,6940,0.28
517,9,RADHARANI BISWAS,273,30,6137,150,6287,0.26
518,10,TAHIDUR RAHMAN,735,30,5384,8,5392,0.22
519,11,SHUKUR ALI,105,30,4749,43,4792,0.2
520,12,SURAT ZAMAN MONDAL,667,30,3984,31,4015,0.16
521,13,REJAUL KARIM,593,30,3481,5,3486,0.14
522,14,NOTA,472,30,14912,103,15015,0.61
523,1,PHANI BHUSAN CHOUDHURY,104,31,853642,6471,860113,51.02
524,2,DEEP BAYAN,290,31,635411,2351,637762,37.83
525,3,MANORANJAN TALUKDAR,228,31,95020,1118,96138,5.7
526,4,ABUL KALAM AZAD,70,31,16359,73,16432,0.97
527,5,DEWAN MOHIBUL ISLAM,283,31,9930,11,9941,0.59
528,6,SAMEJ UDDIN,220,31,9515,177,9692,0.57
529,7,DULU AHMED,283,31,9275,63,9338,0.55
530,8,MATIAR RAHMAN,283,31,7920,15,7935,0.47
531,9,JAGANNATH RAY,283,31,5474,74,5548,0.33
532,10,SHAJAHAN ALI KHAN,735,31,4441,7,4448,0.26
533,11,AYNAL HAQUE,283,31,3174,18,3192,0.19
534,12,CHITRALEKHA DAS,667,31,3060,71,3131,0.19
535,13,AMZAD ALI,593,31,2657,22,2679,0.16
536,14,ABUBAKKAR SIDDIQUE,583,31,2463,14,2477,0.15
537,15,NOTA,472,31,16888,229,17117,1.02
538,1,DILIP SAIKIA,159,32,864583,3804,868387,47.95
539,2,MADHAB RAJBANGSHI,290,32,538032,1343,539375,29.78
540,3,DURGADAS BORO,220,32,309040,1534,310574,17.15
541,4,DANIEL MARDI,283,32,14277,14,14291,0.79
542,5,AROON BAROOA,146,32,12519,44,12563,0.69
543,6,SWARNA DEVI,254,32,11067,45,11112,0.61
544,7,LALIT PEGU,735,32,10887,28,10915,0.6
545,8,JITENDRA CHALIHA,667,32,7421,31,7452,0.41
546,9,ABUL KASEM,593,32,4956,17,4973,0.27
547,10,BIREN BASAK,154,32,4605,18,4623,0.26
548,11,ABDUL HAMED,583,32,3721,10,3731,0.21
549,12,NOTA,472,32,23086,118,23204,1.28
550,1,BIJULI KALITA  MEDHI,159,33,891901,2986,894887,55.95
551,2,MIRA BORTHAKUR GOSWAMI,290,33,642353,1444,643797,40.25
552,3,DIPAK KR BORO,735,33,8494,54,8548,0.53
553,4,COLONEL GOKUL CHANDRA SINGHA,283,33,7644,34,7678,0.48
554,5,AMITABH SARMA,252,33,7508,19,7527,0.47
555,6,KAZI NEKIB  AHMED,283,33,6753,8,6761,0.42
556,7,SAMAD CHOUDHURY,154,33,5081,14,5095,0.32
557,8,SHEJON GOYARY,118,33,4826,21,4847,0.3
558,9,NOTA,472,33,20139,110,20249,1.27
559,1,AMARSING TISSO,159,34,332440,2180,334620,49.01
560,2,J. I. KATHAR,283,34,185864,1153,187017,27.39
561,3,JOY RAM ENGLENG,290,34,123055,964,124019,18.16
562,4,JOHN BARNARD SANGMA,254,34,11241,38,11279,1.65
563,5,JOTSON BEY,108,34,9561,72,9633,1.41
564,6,NOTA,472,34,16127,132,16259,2.38
565,1,KRIPANATH MALLAH,159,35,541220,3873,545093,47.53
566,2,HAFIZ RASHID AHMED CHOUDHURY,290,35,524390,2343,526733,45.93
567,3,SAHABUL ISLAM CHOUDHURY,72,35,29070,135,29205,2.55
568,4,JIBESH DEB,283,35,7105,4,7109,0.62
569,5,DEBOJYOTI NATH,283,35,5900,7,5907,0.52
570,6,AHAD UDDIN,583,35,4186,6,4192,0.37
571,7,BINAY KRISHNA ROY,283,35,3621,7,3628,0.32
572,8,DILIP KUMAR,283,35,2623,7,2630,0.23
573,9,ROSID AHMED LASKAR,283,35,2600,1,2601,0.23
574,10,MUZAKKIR HASAN LASKAR,283,35,2287,4,2291,0.2
575,11,ABDUL BASIT TAPADAR,283,35,1912,11,1923,0.17
576,12,GOPAL CHANDRA PAUL,283,35,1650,7,1657,0.14
577,13,MD. NAZRUL ISLAM LASKAR,283,35,1382,-,1382,0.12
578,14,SAHEL AHMED,283,35,1110,1,1111,0.1
579,15,ABDUL GOFFAR TALUKDAR,283,35,1094,1,1095,0.1
580,16,SAFIKUR RAHMAN HAZARI,283,35,1031,-,1031,0.09
581,17,PRAJJWAL SUDIP DEB,667,35,994,7,1001,0.09
582,18,ABDUL KALAM MAZUMDER,283,35,975,-,975,0.09
583,19,ALIM UDDIN MAZUMDER,283,35,881,1,882,0.08
584,20,ABDUL HAMEED,283,35,841,1,842,0.07
585,21,DEBASHISH GHOSH,129,35,800,17,817,0.07
586,22,RASHID AHMED CHOUDHURY,283,35,719,2,721,0.06
587,23,ABDUS  SUBHAN TAPADAR,283,35,568,3,571,0.05
588,24,ROKIBUL HUSSAIN CHOUDHURY,283,35,539,6,545,0.05
589,25,NOTA,472,35,2851,89,2940,0.26
590,1,PARIMAL SUKLABAIDYA,159,36,647572,4833,652405,59.89
591,2,SURYA KANTA SARKAR,290,36,386453,1641,388094,35.62
592,3,RADHESHYAM BISWAS,70,36,20384,109,20493,1.88
593,4,RAJU DAS,283,36,4580,17,4597,0.42
594,5,PROBASH CHANDRA SARKAR,667,36,4494,40,4534,0.42
595,6,ANANTA MOHAN ROY,283,36,3113,30,3143,0.29
596,7,RAJIB DAS,118,36,1843,24,1867,0.17
597,8,BARINDRA KUMAR DAS,129,36,1575,18,1593,0.15
598,9,NOTA,472,36,12598,102,12700,1.17
599,1,PRADYUT BORDOLOI,290,37,786620,2230,788850,50.89
600,2,SURESH BORAH,159,37,573579,3040,576619,37.2
601,3,AMINUL ISLAM,72,37,137033,307,137340,8.86
602,4,SIKHA SARMA,283,37,6569,51,6620,0.43
603,5,SAMSUL ALAM,283,37,5048,21,5069,0.33
604,6,BIPAD BHANJAN SARKAR,283,37,4878,7,4885,0.32
605,7,ANUPAM BARUAH,309,37,4290,29,4319,0.28
606,8,NIKHIL DEKARAJA,283,37,3601,26,3627,0.23
607,9,RABBUL HAQUE,583,37,2547,12,2559,0.17
608,10,ABU SHAMA,283,37,2216,22,2238,0.14
609,11,ABU EUSUF MD RAIHAN UDDIN,283,37,2019,11,2030,0.13
610,12,SANTANU MUKHERJEE,154,37,1993,17,2010,0.13
611,13,SAIFUL ISLAM CHOUDHURY,105,37,1823,14,1837,0.12
612,14,NOTA,472,37,11910,85,11995,0.77
613,1,KAMAKHYA PRASAD TASA,159,38,892766,4277,897043,55.04
614,2,ROSELINA TIRKEY,290,38,646123,1973,648096,39.76
615,3,DILUWARA BEGUM CHOWDHURY,283,38,11719,24,11743,0.72
616,4,BINOD GOGOI,283,38,10625,54,10679,0.66
617,5,ANIMA DEKA GUPTA,735,38,8641,32,8673,0.53
618,6,TRIDIV JYOTI BHUYAN,283,38,8091,37,8128,0.5
619,7,ABDUL HOQUE,283,38,6395,46,6441,0.4
620,8,JYOTISKA RANJAN GOSWAMI,283,38,4494,44,4538,0.28
621,9,SAILEN CH MALAKAR,154,38,3698,22,3720,0.23
622,10,SALIM AHMED,105,38,3243,23,3266,0.2
623,11,SALEH AHMED MAZUMDAR,593,38,3160,19,3179,0.2
624,12,NOTA,472,38,24212,219,24431,1.5
625,1,RANJIT DUTTA,159,39,771018,4770,775788,60.21
626,2,PREMLAL GANJU,290,39,412553,1827,414380,32.16
627,3,RISHIRAJ KAUNDINYA,8,39,32771,277,33048,2.56
628,4,RAJU DEURI,220,39,19775,117,19892,1.54
629,5,PRADIP BHANDARI,283,39,8136,69,8205,0.64
630,6,KAMESWAR SWARGIARY,735,39,7320,62,7382,0.57
631,7,RINKU ROY,254,39,6780,43,6823,0.53
632,8,ALAM ALI,118,39,4186,16,4202,0.33
633,9,NOTA,472,39,18535,213,18748,1.46
634,1,PRADAN BARUAH,159,40,659307,3815,663122,54.75
635,2,UDAY SHANKAR HAZARIKA,290,40,458720,3145,461865,38.13
636,3,DHIREN KACHARI,227,40,19562,69,19631,1.62
637,4,GHANA KANTA CHUTIA,70,40,14055,142,14197,1.17
638,5,BIKRAM RAMCHIARY,283,40,10218,75,10293,0.85
639,6,GOBIN BISWAKARMA,283,40,7461,65,7526,0.62
640,7,DEBA NATH PAIT,283,40,6143,20,6163,0.51
641,8,PALLAB PEGU,667,40,6051,86,6137,0.51
642,9,BIREN BAILUNG,735,40,5329,30,5359,0.44
643,10,NOTA,472,40,16716,205,16921,1.4
644,1,SARBANANDA SONOWAL,159,41,691153,2609,693762,54.27
645,2,LURINJYOTI GOGOI,106,41,412793,1648,414441,32.42
646,3,MANOJ DHANOWAR,8,41,137618,246,137864,10.78
647,4,NOTA,472,41,32163,92,32255,2.52
648,1,GAURAV GOGOI,290,42,743194,8577,751771,54.04
649,2,TOPON KUMAR GOGOI,159,42,602019,5359,607378,43.66
650,3,ARUN CHANDRA HANDIQUE,252,42,8998,88,9086,0.65
651,4,RAJ KUMAR DUWARA,283,42,8315,55,8370,0.6
652,5,NOTA,472,42,14477,78,14555,1.05
653,1,SUNIL KUMAR,334,43,522495,927,523422,47.5
654,2,DEEPAK YADAV,540,43,422959,1788,424747,38.55
655,3,PRAVESH KUMAR MISHRA @ ANUP,283,43,23195,30,23225,2.11
656,4,DINESH AGRAWAL,283,43,19787,23,19810,1.8
657,5,DURGESH SINGH CHAUHAN,122,43,18739,77,18816,1.71
658,6,CHANDRESHWAR MISHRA,283,43,13590,8,13598,1.23
659,7,SHAFI MOHAMMAD MIYA,21,43,13419,13,13432,1.22
660,8,PARSHURAM SAH,283,43,12142,8,12150,1.1
661,9,NABA KUMAR SARANIA (HIRA BHAI),254,43,11420,3,11423,1.04
662,10,SHAMBHU PRASAD,283,43,10478,20,10498,0.95
663,11,NOTA,472,43,30673,36,30709,2.79
664,1,DR.SANJAY JAISWAL,159,44,578959,1462,580421,53.43
665,2,MADAN MOHAN TIWARI,290,44,441363,2490,443853,40.86
666,3,SANJAY KUMAR,729,44,13139,6,13145,1.21
667,4,UPENDRA RAM,122,44,10913,49,10962,1.01
668,5,MOHAMMAD SOAIB,283,44,8992,2,8994,0.83
669,6,RAUSHAN KUMAR SRIVASTAVA,283,44,8496,9,8505,0.78
670,7,MD. KALAM SAI,283,44,4922,3,4925,0.45
671,8,NAFISH AHMAD,283,44,4163,-,4163,0.38
672,9,NOTA,472,44,11223,65,11288,1.04
673,1,RADHA MOHAN SINGH,159,45,540598,1595,542193,50.5
674,2,DR RAJESH KUMAR,728,45,451118,2788,453906,42.28
675,3,MOHAMMAD AJMER ALAM,283,45,13030,17,13047,1.22
676,4,VIJAY KUMAR SAHANI,546,45,8158,27,8185,0.76
677,5,RAJESH SINGH,283,45,7176,6,7182,0.67
678,6,GYANTI DEVI,492,45,6963,45,7008,0.65
679,7,PAWAN KUMAR,208,45,4895,19,4914,0.46
680,8,MUNESHWAR TIWARI,283,45,4017,5,4022,0.37
681,9,RAJESH KUMAR S/O GAGANLAL SAHNI,283,45,3930,4,3934,0.37
682,10,RAJESH KUMAR S/O VISHUN SAH,283,45,3489,3,3492,0.33
683,11,NAWAL KISHOR PRASAD,729,45,3449,15,3464,0.32
684,12,NIKESH KUMAR,283,45,2539,14,2553,0.24
685,13,NOTA,472,45,19729,59,19788,1.84
686,1,LOVELY ANAND,334,46,475709,903,476612,45.15
687,2,RITU JAISWAL,540,46,445482,1987,447469,42.39
688,3,AKHILESHWAR SHRIVAISHANV,283,46,29014,80,29094,2.76
689,4,KANHAIYA KUMAR,283,46,20585,7,20592,1.95
690,5,RANA RANJIT,65,46,11947,32,11979,1.13
691,6,SUDHIR KUMAR SINGH,729,46,9096,6,9102,0.86
692,7,VIJENDRA THAKUR,122,46,8865,23,8888,0.84
693,8,UPENDRA SAHANI,546,46,6332,6,6338,0.6
694,9,MAMTA KUMARI,621,46,5431,4,5435,0.51
695,10,MOHAMMAD MAHTAB ALAM,611,46,4867,4,4871,0.46
696,11,JAGDISH PRASAD,127,46,2950,5,2955,0.28
697,12,DILIP KUMAR MISHRA,491,46,2097,2,2099,0.2
698,13,NOTA,472,46,30130,38,30168,2.86
699,1,DEVESH CHANDRA THAKUR,334,47,514940,779,515719,47.14
700,2,ARJUN RAY,540,47,463107,1256,464363,42.45
701,3,SAIQUA NAWAZ AZMAT,283,47,28911,1,28912,2.64
702,4,SHYAM NANDAN KISHOR PRASAD,283,47,11173,15,11188,1.02
703,5,BHOLA SINGH,122,47,8773,37,8810,0.81
704,6,UPENDRA SAHANI,546,47,8446,8,8454,0.77
705,7,CHANDRIKA PRASAD,283,47,7109,5,7114,0.65
706,8,VINOD SAH,283,47,4477,4,4481,0.41
707,9,KRISHNA KISHORE,283,47,3280,-,3280,0.3
708,10,MUSHAHID RAZA,239,47,2190,2,2192,0.2
709,11,UMESH KUMAR YADAV,283,47,2126,2,2128,0.19
710,12,RAJENDRA MAHTO,369,47,1976,5,1981,0.18
711,13,ANAND KUMAR,283,47,1787,9,1796,0.16
712,14,ABDUL SAMAD,283,47,1439,2,1441,0.13
713,15,NOTA,472,47,32102,31,32133,2.94
714,1,ASHOK KUMAR YADAV,159,48,552705,723,553428,53.85
715,2,MD ALI ASHRAF FATMI,540,48,400909,574,401483,39.07
716,3,SHIV BODHAN SAHU,283,48,13365,5,13370,1.3
717,4,BIKASH KUMAR,122,48,7197,26,7223,0.7
718,5,PRIYE RANJAN,283,48,7046,4,7050,0.69
719,6,VAIDYANATH YADAV,487,48,4980,3,4983,0.48
720,7,SARFARAJ ALAM,50,48,4620,3,4623,0.45
721,8,MD WAQUAR SIDDIQUI,65,48,4492,6,4498,0.44
722,9,MOHAN SHARMA,546,48,4460,4,4464,0.43
723,10,ABU BAKAR RAHMANI,231,48,2095,2,2097,0.2
724,11,UDAY MANDAL,621,48,1998,9,2007,0.2
725,12,KUL BHUSHAN PRASAD,397,48,1780,3,1783,0.17
726,13,NOTA,472,48,20691,28,20719,2.02
727,1,RAMPRIT MANDAL,334,49,532138,894,533032,48.73
728,2,SUMAN KUMAR MAHASETH,728,49,347989,874,348863,31.9
729,3,GULAB YADAV,122,49,73532,352,73884,6.76
730,4,RAM PRASAD RAUT,283,49,25993,17,26010,2.38
731,5,GANGA PRASAD YADAV,283,49,18064,10,18074,1.65
732,6,GAURI SHANKAR SAHU,283,49,14307,18,14325,1.31
733,7,RAJIV KUMAR JHA,283,49,12488,25,12513,1.14
734,8,BABLU KUMAR,3,49,11638,35,11673,1.07
735,9,VIDYA NAND RAM,736,49,10843,19,10862,0.99
736,10,VIJAY KUMAR MANDAL,667,49,8556,21,8577,0.78
737,11,NOTA,472,49,35846,82,35928,3.28
738,1,DILESHWAR KAMAIT,334,50,592922,2116,595038,48.33
739,2,CHANDRAHAS CHAUPAL,540,50,422037,3198,425235,34.54
740,3,BAIDYA NATH MEHTA,283,50,51325,327,51652,4.2
741,4,YOG NARAYAN SINGH,283,50,27447,7,27454,2.23
742,5,VINDESHWARI PRASAD,283,50,18450,7,18457,1.5
743,6,KIRAN DEVI,122,50,17961,118,18079,1.47
744,7,MOHD KALIM KHAN,546,50,14064,14,14078,1.14
745,8,UMESH PRASAD SAH,306,50,12971,43,13014,1.06
746,9,RAJ KUMAR YADAV,729,50,10795,11,10806,0.88
747,10,RAMESH KUMAR ANAND,506,50,9439,12,9451,0.77
748,11,ABDUL MATIN,283,50,7177,17,7194,0.58
749,12,BAMBAM KUMAR,283,50,7000,6,7006,0.57
750,13,NITISH KUMAR,283,50,5894,21,5915,0.48
751,14,AJAY KUMAR SAH,283,50,5330,21,5351,0.43
752,15,SHIV HARI AGRAWAL,140,50,3770,2,3772,0.31
753,16,NOTA,472,50,18444,168,18612,1.51
754,1,PRADEEP KUMAR SINGH,159,51,599118,1028,600146,47.91
755,2,SHAHNAWAZ,540,51,578904,1148,580052,46.31
756,3,SHATRUGHAN PRASAD SUMAN,283,51,13697,49,13746,1.1
757,4,MD GHOUSUL AZAM,122,51,12672,18,12690,1.01
758,5,MD. MOBINUL HAQUE,283,51,12005,3,12008,0.96
759,6,MD. ISMAIL,165,51,7353,1,7354,0.59
760,7,AKHILESH KUMAR,283,51,5086,34,5120,0.41
761,8,MUSHTAK ALAM,283,51,4897,2,4899,0.39
762,9,ZAWED AKHTAR,704,51,3037,4,3041,0.24
763,10,NOTA,472,51,13438,66,13504,1.08
764,1,MOHAMMAD JAWED,290,52,402470,380,402850,35
765,2,MUJAHID ALAM,334,52,342795,363,343158,29.81
766,3,AKHTARUL IMAN,65,52,309011,253,309264,26.87
767,4,BIDESHI RISHIDEV,283,52,11815,3,11818,1.03
768,5,VISHWANATH TUDU,283,52,11300,2,11302,0.98
769,6,MD GUFRAN JAMALI,283,52,9992,1,9993,0.87
770,7,HASIRUL,283,52,9522,2,9524,0.83
771,8,BABUL ALAM,122,52,7575,4,7579,0.66
772,9,RAVI KUMAR ROY,283,52,7299,3,7302,0.63
773,10,SHAHABUZZAMA BHARTIYA,573,52,6055,-,6055,0.53
774,11,CHHOTE LAL MAHTO,283,52,3758,5,3763,0.33
775,12,MOHAMMAD KAUSAR PERWEZ,283,52,3525,-,3525,0.31
776,13,NOTA,472,52,24953,13,24966,2.17
777,1,TARIQ ANWAR,290,53,565025,2067,567092,48.41
778,2,DULAL CHANDRA GOSWAMI,334,53,516199,1030,517229,44.15
779,3,GOPAL KUMAR MAHTO,122,53,14452,46,14498,1.24
780,4,GYANESHWAR SOREN,283,53,12307,10,12317,1.05
781,5,KHALID MOBARAK,283,53,10828,43,10871,0.93
782,6,RAJ KUMAR MANDAL,546,53,8473,14,8487,0.72
783,7,VISHNU SINGH,133,53,6303,37,6340,0.54
784,8,MARANG HANSADA,487,53,5875,14,5889,0.5
785,9,BINDU KUMARI,611,53,5866,18,5884,0.5
786,10,NOTA,472,53,22866,73,22939,1.96
787,1,RAJESH RANJAN ALIAS PAPPU YADAV,283,54,566867,689,567556,47.46
788,2,SANTOSH KUMAR,334,54,543313,396,543709,45.47
789,3,BIMA BHARTI,540,54,27017,103,27120,2.27
790,4,ARUN DAS,122,54,10595,24,10619,0.89
791,5,SATYENDRA YADAV,283,54,8457,2,8459,0.71
792,6,NOMAN ALAM,283,54,7693,-,7693,0.64
793,7,KISHOR KUMAR YADAV,59,54,6846,8,6854,0.57
794,8,NOTA,472,54,23819,15,23834,1.99
795,1,DINESH CHANDRA YADAV,334,55,639758,891,640649,52.96
796,2,DA KUMAR CHANDRADEEP,540,55,464982,1133,466115,38.53
797,3,SURESHWAR PODDAR,3,55,15423,11,15434,1.28
798,4,MD ARSHAD HUSSAIN,122,55,12947,44,12991,1.07
799,5,JAWAHAR LAL JAISWAL,667,55,11320,2,11322,0.94
800,6,UCHESHWAR PANDIT,613,55,11127,22,11149,0.92
801,7,PRO KAMESHWAR YADAV,157,55,10665,9,10674,0.88
802,8,AJABLAL MEHTA,742,55,8720,16,8736,0.72
803,9,NOTA,472,55,32557,68,32625,2.7
804,1,GOPAL JEE THAKUR,159,56,565706,924,566630,55.33
805,2,LALIT KUMAR YADAV,540,56,387408,1066,388474,37.93
806,3,SAROJ CHAUDHARY,426,56,18018,7,18025,1.76
807,4,DURGANANDA MAHAVIR NAYAK,122,56,8259,9,8268,0.81
808,5,MITHILESH MAHTO,283,56,6983,9,6992,0.68
809,6,KISHOR KUMAR DAS,50,56,5716,5,5721,0.56
810,7,RAJNISH KUMAR,349,56,3634,4,3638,0.36
811,8,RANJEET KUMAR RAM,736,56,2529,3,2532,0.25
812,9,NOTA,472,56,23881,23,23904,2.33
813,1,RAJ BHUSHAN CHOUDHARY,159,57,618569,1180,619749,55.71
814,2,AJAY NISHAD,290,57,383759,1063,384822,34.59
815,3,ALOK KUMAR SINH,283,57,17225,-,17225,1.55
816,4,AWADHESH PRASAD SINGH,283,57,15617,1,15618,1.4
817,5,JITENDRA KUMAR,283,57,8692,8,8700,0.78
818,6,NILIMA KUMARI,283,57,7309,1,7310,0.66
819,7,VIJAYESH KUMAR,122,57,6530,17,6547,0.59
820,8,AJAY SAHNI,283,57,5157,1,5158,0.46
821,9,SUNITA KUMARI,127,57,4791,1,4792,0.43
822,10,MOHAMMAD ANZARUL HASAN,65,57,4121,10,4131,0.37
823,11,MD HAIDAR,283,57,3897,-,3897,0.35
824,12,MUKESH KUMAR,283,57,3225,-,3225,0.29
825,13,SUDHIR KUMAR OJHA,208,57,2890,3,2893,0.26
826,14,SABINA KHATOON,291,57,2445,8,2453,0.22
827,15,SANDIP KUMAR,349,57,1968,3,1971,0.18
828,16,ARVIND KUMAR CHAUDHARY,667,57,1852,5,1857,0.17
829,17,AJITANSH GAUR,703,57,1840,3,1843,0.17
830,18,SANJAY KUMAR,283,57,1811,1,1812,0.16
831,19,BASKIT KUMAR SHARMA,283,57,1778,1,1779,0.16
832,20,SONELAL PASWAN,283,57,1730,1,1731,0.16
833,21,MANORANJAN KUMAR,283,57,1595,3,1598,0.14
834,22,NAND KISHORE SHARMA,97,57,1521,1,1522,0.14
835,23,ABHAY KUMAR,621,57,1170,4,1174,0.11
836,24,PRABHAKAR RANJAN,252,57,1115,1,1116,0.1
837,25,RAJU SINGH,283,57,984,-,984,0.09
838,26,SAROJ KUMAR CHAUDHARY,283,57,965,-,965,0.09
839,27,NOTA,472,57,7539,49,7588,0.68
840,1,VEENA DEVI,385,58,566225,818,567043,48.38
841,2,VIJAY KUMAR SHUKLA,540,58,476199,1210,477409,40.73
842,3,VIKKY KUMAR,283,58,34253,3,34256,2.92
843,4,SHAMBHU KUMAR SINGH,122,58,21367,69,21436,1.83
844,5,RAJ NARAYAN YADAV,283,58,9614,2,9616,0.82
845,6,PARAMHANS SINGH,283,58,5316,1,5317,0.45
846,7,HARI NARAYAN RAM,729,58,5097,3,5100,0.44
847,8,RAMESHWAR MAHTO,208,58,4141,9,4150,0.35
848,9,KUMAR SHISHIR,283,58,3903,4,3907,0.33
849,10,MUHAMAD AVAS,283,58,3758,-,3758,0.32
850,11,ABHA RAY,487,58,3263,11,3274,0.28
851,12,NARESH RAM,667,58,2998,11,3009,0.26
852,13,VINOD KUMAR SHARMA,349,58,2929,5,2934,0.25
853,14,ANIKET RAJ,573,58,2018,7,2025,0.17
854,15,BALENDRA TIWARY,275,58,1360,6,1366,0.12
855,16,NOTA,472,58,27420,40,27460,2.34
856,1,DR. ALOK KUMAR SUMAN,334,59,510329,1537,511866,48.15
857,2,PREM NATH CHANCHAL ALIAS CHANCHAL PASWAN,728,59,383065,1621,384686,36.19
858,3,DINANATH MANJHI,65,59,29900,92,29992,2.82
859,4,SUJEET KUMAR RAM,122,59,29145,127,29272,2.75
860,5,ANIL RAM,283,59,12988,14,13002,1.22
861,6,SATYENDRA BAITHA,283,59,12253,16,12269,1.15
862,7,BHOLA HARIJAN,283,59,11138,2,11140,1.05
863,8,RAM KUMAR MANJHI,254,59,8531,9,8540,0.8
864,9,NAMI RAM,283,59,6716,-,6716,0.63
865,10,SURENDRA RAM,203,59,6673,39,6712,0.63
866,11,JITENDRA RAM,119,59,5942,27,5969,0.56
867,12,NOTA,472,59,42713,150,42863,4.03
868,1,VIJAYLAKSHMI DEVI,334,60,385625,883,386508,38.73
869,2,HENA SHAHAB,283,60,293084,567,293651,29.42
870,3,AWADH BIHARI CHOUDHARY,540,60,198063,760,198823,19.92
871,4,SATYENDRA KUSHWAHA,283,60,21558,7,21565,2.16
872,5,JEEWAN KUMAR,283,60,18489,101,18590,1.86
873,6,DILIP KU SINGH,122,60,12032,80,12112,1.21
874,7,SANJAY KUMAR SAH,194,60,8851,28,8879,0.89
875,8,DR. RAVINDRA NATH SHUKLA,283,60,8681,12,8693,0.87
876,9,DEVKANT MISHRA,283,60,6162,19,6181,0.62
877,10,PRAMOD KUMAR,283,60,5666,2,5668,0.57
878,11,PRAKASH MANI TIWARI,283,60,4503,6,4509,0.45
879,12,MAHENDRA SINGH ALIAS MAHENDRA RAI,283,60,3920,2,3922,0.39
880,13,DILIP KUMAR SINGH,283,60,1947,6,1953,0.2
881,14,NOTA,472,60,26925,39,26964,2.7
882,1,"JANARDAN SINGH ""SIGRIWAL""",159,61,527974,1559,529533,52.22
883,2,AAKASH KUMAR SINGH,290,61,425887,995,426882,42.09
884,3,TRIBHUWAN RAM,487,61,14830,8,14838,1.46
885,4,MADHUSUDAN SINGH,122,61,13359,43,13402,1.32
886,5,AKHILESHWAR PRASAD SINGH,65,61,7750,17,7767,0.77
887,6,NOTA,472,61,21662,25,21687,2.14
888,1,RAJIV PRATAP RUDY,159,62,470234,1518,471752,46.18
889,2,ROHINI ACHARYA,540,62,456763,1328,458091,44.84
890,3,LAXAMAN PRAO YADAV,283,62,22041,2,22043,2.16
891,4,SHAK NAUSHAD,283,62,16101,2,16103,1.58
892,5,AVINASH KUMAR,122,62,14708,62,14770,1.45
893,6,RAGHWENDRA PRATAP SINGH,283,62,5165,2,5167,0.51
894,7,GAJENDRA PRASAD CHAURSIYA,335,62,5025,5,5030,0.49
895,8,SHATRUDHAN TIWARY,208,62,3661,26,3687,0.36
896,9,MOHAMAD SALIM,283,62,3148,3,3151,0.31
897,10,ARTI KUMARI,283,62,3009,14,3023,0.3
898,11,PRABHAT KUMAR,283,62,2302,4,2306,0.23
899,12,BARUN KUMAR DAS,254,62,1770,5,1775,0.17
900,13,GYANI KUMAR SHARMA,153,62,1699,5,1704,0.17
901,14,RAJESH KUSHWAHA,193,62,1486,3,1489,0.15
902,15,NOTA,472,62,11382,35,11417,1.12
903,1,CHIRAG PASWAN,385,63,613106,2612,615718,53.29
904,2,SHIV CHANDRA RAM,540,63,442553,3060,445613,38.57
905,3,SURENDRA KUMAR PASWAN,283,63,17241,4,17245,1.49
906,4,SHASHI SWARAJ,122,63,8591,88,8679,0.75
907,5,HARIWANSH PASWAN,283,63,7113,4,7117,0.62
908,6,SHAILENDRA KUMAR,283,63,6153,8,6161,0.53
909,7,ASHOK KUMAR,621,63,4701,20,4721,0.41
910,8,RANDHIR PASWAN,283,63,2671,4,2675,0.23
911,9,RAJ KUMAR PASWAN,741,63,1983,7,1990,0.17
912,10,DHARMENDRA KUMAR,349,63,1971,7,1978,0.17
913,11,MADHUSUDHAN PASWAN,283,63,1793,8,1801,0.16
914,12,RAJESH KUMAR RAUSHAN,667,63,1694,7,1701,0.15
915,13,MEGHNATH PASWAN,283,63,1680,-,1680,0.15
916,14,BALENDRA DAS,340,63,1308,10,1318,0.11
917,15,NOTA,472,63,36836,91,36927,3.2
918,1,NITYANAND RAI,159,64,515159,806,515965,49.51
919,2,ALOK KUMAR MEHTA,540,64,454870,993,455863,43.75
920,3,SANJAY PASWAN,283,64,16961,2,16963,1.63
921,4,MOHAN KUMAR MAURYA,122,64,7081,20,7101,0.68
922,5,RAKESH KUMAR,283,64,5953,4,5957,0.57
923,6,SANTHOSH RAI,546,64,4423,3,4426,0.42
924,7,NARENDRA GIRI,283,64,3150,1,3151,0.3
925,8,KISHOR KUMAR,283,64,2209,-,2209,0.21
926,9,AMARESH RAY,283,64,2140,3,2143,0.21
927,10,ANSHU KUMAR,669,64,1749,7,1756,0.17
928,11,RAMPUKAR RAY,667,64,1299,7,1306,0.13
929,12,NIKKI JHA,302,64,1006,14,1020,0.1
930,13,MANOJ KUMAR,345,64,937,2,939,0.09
931,14,NOTA,472,64,23246,23,23269,2.23
932,1,SHAMBHAVI,385,65,579095,691,579786,52.97
933,2,SUNNY HAZARI,290,65,391558,977,392535,35.86
934,3,SHASHI BHUSHAN DAS,283,65,25953,4,25957,2.37
935,4,RAVI RAUSHAN KUMAR,283,65,16151,4,16155,1.48
936,5,RAM LAKHAN  MAHTO,122,65,12698,34,12732,1.16
937,6,PINKU PASWAN,546,65,12426,11,12437,1.14
938,7,MUKESH CHAUPAL,283,65,5574,5,5579,0.51
939,8,JIBACHH KUMAR HAJARI,283,65,4686,8,4694,0.43
940,9,RATAN BIHARI,239,65,3411,8,3419,0.31
941,10,VIDYA NAND RAM,736,65,3110,2,3112,0.28
942,11,AMRITA KUMARI,283,65,2849,3,2852,0.26
943,12,LAL BABU MAHTO,648,65,2665,1,2666,0.24
944,13,NOTA,472,65,32645,23,32668,2.98
945,1,GIRIRAJ SINGH,159,66,646912,2419,649331,50.15
946,2,ABDHESH KUMAR ROY,227,66,564310,3541,567851,43.86
947,3,INDRAJEET KUMAR ROY,283,66,12947,6,12953,1
948,4,RAJNISH KUMAR MUKHIYA,546,66,10846,26,10872,0.84
949,5,ADV CHANDAN KUMAR DAS,122,66,8362,91,8453,0.65
950,6,RAM BADAN RAI,369,66,6599,45,6644,0.51
951,7,MD SHAHNAWAZ HASSAN,283,66,6144,8,6152,0.48
952,8,ARUN KUMAR,283,66,4030,15,4045,0.31
953,9,RAJ KUMAR SAH,50,66,3329,21,3350,0.26
954,10,RAMUDGAR,667,66,2633,7,2640,0.2
955,11,NOTA,472,66,22283,99,22382,1.73
956,1,RAJESH VERMA,385,67,537331,1326,538657,50.73
957,2,SANJAY KUMAR,228,67,375988,1538,377526,35.55
958,3,RUPAM DEVI,283,67,27370,25,27395,2.58
959,4,SONU KUMAR,283,67,24478,5,24483,2.31
960,5,PINKESH KUMAR,537,67,19487,8,19495,1.84
961,6,DR RAVI KUMAR,122,67,13894,159,14053,1.32
962,7,AJAY KUMAR,546,67,8256,54,8310,0.78
963,8,PRIYADARSHEE DINKAR,283,67,7892,12,7904,0.74
964,9,DINANATH CHANDRAVANSHI,283,67,6142,20,6162,0.58
965,10,CHANDRA KISHOR THAKUR,12,67,2806,43,2849,0.27
966,11,ASIF IMAM,3,67,2434,9,2443,0.23
967,12,KANCHAN MALA,276,67,1478,28,1506,0.14
968,13,NOTA,472,67,31056,55,31111,2.93
969,1,AJAY KUMAR MANDAL,334,68,534923,1108,536031,50.38
970,2,AJEET SHARMA,290,68,430025,1138,431163,40.52
971,3,POONAM SINGH,122,68,12547,99,12646,1.19
972,4,HARERAM YADAV,283,68,12255,3,12258,1.15
973,5,DEEPAK KUMAR SINGH,546,68,7654,16,7670,0.72
974,6,CHHOTE LAL KUMAR,283,68,6677,6,6683,0.63
975,7,RAMESH TUDU,283,68,6629,5,6634,0.62
976,8,UMESH PRASAD YADAV,487,68,5105,21,5126,0.48
977,9,DEEPAK KUMAR,667,68,3758,5,3763,0.35
978,10,MUKESH KUMAR,50,68,3670,11,3681,0.35
979,11,DAYARAM MANDAL,388,68,3509,10,3519,0.33
980,12,OM PRAKASH PODDAR,283,68,3091,13,3104,0.29
981,13,NOTA,472,68,31771,32,31803,2.99
982,1,GIRIDHARI YADAV,334,69,505674,1004,506678,49.96
983,2,JAI PRAKASH NARAYAN YADAV,540,69,401567,1267,402834,39.72
984,3,NARESH YADAV,283,69,14936,3,14939,1.47
985,4,JAY PRAKASH YADAV,546,69,12254,23,12277,1.21
986,5,AMRIT TANTI,180,69,9615,55,9670,0.95
987,6,NARESH KUMAR PRIYADARSHI,283,69,8103,22,8125,0.8
988,7,GANESH KUMAR KUSHAWAHA,621,69,7627,18,7645,0.75
989,8,UTTAM KUMAR SINGH,12,69,6874,37,6911,0.68
990,9,KAVINDRA PANDIT,667,69,5226,20,5246,0.52
991,10,UMAKANT YADAV,283,69,4932,9,4941,0.49
992,11,NOTA,472,69,34808,81,34889,3.44
993,1,RAJIV RANJAN SINGH ALIAS LALAN SINGH,334,70,547814,2332,550146,48.3
994,2,KUMARI ANITA,540,70,467412,1864,469276,41.2
995,3,SHANKAR PRASAD BIND,283,70,21016,7,21023,1.85
996,4,PRIYADARSHI PIYUSH,283,70,15718,13,15731,1.38
997,5,A. K. SINGH ‘ASHOK’,283,70,13809,16,13825,1.21
998,6,KUMAR NAVNEET HIMANSHU,122,70,12143,137,12280,1.08
999,7,KULDIP YADAV,276,70,9455,31,9486,0.83
1000,8,NEETISH KUMAR,283,70,7470,37,7507,0.66
1001,9,PRAVAL KUMAR,283,70,5366,9,5375,0.47
1002,10,RAVINDRA MANDAL,667,70,4893,20,4913,0.43
1003,11,ADITYA SINGH MADHUKAR,283,70,4124,16,4140,0.36
1004,12,PANKAJ KUMAR,283,70,3410,18,3428,0.3
1005,13,NOTA,472,70,21920,31,21951,1.93
1006,1,KAUSHALENDRA KUMAR,334,71,557054,2368,559422,48.88
1007,2,DR. SANDEEP SAURAV,229,71,388052,2256,390308,34.11
1008,3,SUDHIR KUMAR,635,71,25286,5,25291,2.21
1009,4,SURENDRA PRASAD,55,71,18571,5,18576,1.62
1010,5,SHASHI KUMAR,611,71,18472,8,18480,1.61
1011,6,PRAMOD KUMAR NIRALA,122,71,15233,99,15332,1.34
1012,7,AJEET KUMAR,283,71,14746,4,14750,1.29
1013,8,VINAY PRATAP SINGH,576,71,9593,9,9602,0.84
1014,9,SANJAY RAJESH,369,71,7878,9,7887,0.69
1015,10,SUDHIR DAS,283,71,6804,2,6806,0.59
1016,11,KANHAIYA LAL YADAV,302,71,6665,27,6692,0.58
1017,12,SANYUKTA KUMARI,283,71,6232,6,6238,0.55
1018,13,AJIT KUMAR,283,71,5515,5,5520,0.48
1019,14,SHYAM SUNDAR PRASAD,283,71,3922,10,3932,0.34
1020,15,RAMESH KUMAR,439,71,3840,5,3845,0.34
1021,16,KISLAY KUMAR,283,71,3599,3,3602,0.31
1022,17,KESHO JAMADAR,487,71,3369,18,3387,0.3
1023,18,SURENDER SINGH,283,71,3341,4,3345,0.29
1024,19,DILIP KUMAR,429,71,2724,5,2729,0.24
1025,20,NAND KISHOR PARASAD,494,71,2456,12,2468,0.22
1026,21,NISHA RANJAN,621,71,2397,18,2415,0.21
1027,22,SHASHIRANJAN SUMAN,283,71,2331,9,2340,0.2
1028,23,GHANSHYAM PRASAD SINGH,283,71,2108,2,2110,0.18
1029,24,KUMAR HARI CHARAN SINGH YADAV,165,71,1971,9,1980,0.17
1030,25,MUNNA KUMAR,631,71,1937,12,1949,0.17
1031,26,MUNNA KUMAR,617,71,1867,13,1880,0.16
1032,27,PAWAN KUMAR,283,71,1595,2,1597,0.14
1033,28,PUJA DEVI,283,71,1491,14,1505,0.13
1034,29,CHANDRA KISHOR PRASAD YADAV,283,71,1177,1,1178,0.1
1035,30,NOTA,472,71,19110,107,19217,1.68
1036,1,RAVI SHANKAR PRASAD,159,72,587212,1058,588270,54.7
1037,2,ANSHUL AVIJIT,290,72,433818,606,434424,40.39
1038,3,RAKESH SHARMA,283,72,9942,1,9943,0.92
1039,4,NEERAJ KUMAR,122,72,5912,16,5928,0.55
1040,5,AWADHESH PRASAD,283,72,4973,1,4974,0.46
1041,6,ENG UMESH RAJAK,487,72,4664,8,4672,0.43
1042,7,SANJAY KUMAR URF SANJAY BALMIKI,283,72,4643,-,4643,0.43
1043,8,DHARMVIR KUMAR BHASKAR,283,72,2415,1,2416,0.22
1044,9,AMIT KUMAR ALBELA,283,72,2050,3,2053,0.19
1045,10,MAHESH KUMAR,621,72,2003,-,2003,0.19
1046,11,DHANJAY KUMAR,546,72,1969,2,1971,0.18
1047,12,GULAB PRASAD,399,72,1923,2,1925,0.18
1048,13,SUMIT RANJAN SINHA,36,72,1715,1,1716,0.16
1049,14,MAHBOOB ALAM ANSARI,165,72,1635,3,1638,0.15
1050,15,DR RAKESH DUTTA MISHRA,157,72,1238,2,1240,0.12
1051,16,SAROJ KUMAR SUMAN,667,72,1078,-,1078,0.1
1052,17,SHAHID ALAM,349,72,1040,3,1043,0.1
1053,18,NOTA,472,72,5532,27,5559,0.52
1054,1,MISHA BHARTI,540,73,612147,1136,613283,49.86
1055,2,RAM KRIPAL YADAV,159,73,526608,1501,528109,42.93
1056,3,DR S P SHARMA,279,73,15139,1,15140,1.23
1057,4,HARIKESHWAR RAM,122,73,10931,34,10965,0.89
1058,5,VINDU DEVI,546,73,10741,3,10744,0.87
1059,6,SHIV KUMAR SINGH,97,73,9011,5,9016,0.73
1060,7,SANJAY KUMAR SINGH,208,73,4753,-,4753,0.39
1061,8,MD FAROOQUE RAZA,65,73,4010,13,4023,0.33
1062,9,RAM NIRANJAN ROY,527,73,3914,1,3915,0.32
1063,10,MRITUNJAY KUMAR,131,73,3483,-,3483,0.28
1064,11,DURGESH NANDAN SINGH,283,73,3104,2,3106,0.25
1065,12,NAGESHWAR PRASAD,487,73,2048,3,2051,0.17
1066,13,SUBHASH KUMAR,193,73,1979,-,1979,0.16
1067,14,NITESH KUMAR PATEL,26,73,1816,1,1817,0.15
1068,15,RANJAN KUMAR,283,73,1807,2,1809,0.15
1069,16,NIRAJ KUMAR,283,73,1767,4,1771,0.14
1070,17,KUNAL KUMAR,268,73,1607,7,1614,0.13
1071,18,KHUSHBOO KUMARI,50,73,1479,4,1483,0.12
1072,19,ANIL DAS,180,73,1465,4,1469,0.12
1073,20,ANIL KUMAR CHAND,667,73,1421,3,1424,0.12
1074,21,MADHURI KUMARI,59,73,1301,1,1302,0.11
1075,22,JAWAHAR SINGH,198,73,1235,2,1237,0.1
1076,23,NOTA,472,73,5573,33,5606,0.46
1077,1,SUDAMA PRASAD,229,74,526564,2818,529382,48.28
1078,2,R. K. SINGH,159,74,464736,4838,469574,42.82
1079,3,VIRENDRA KUMAR SINGH,283,74,23630,5,23635,2.16
1080,4,SHIV DAS SINGH,283,74,13373,6,13379,1.22
1081,5,LAL BADSAH SINGH,122,74,10631,195,10826,0.99
1082,6,KRISHNA PASWAN,191,74,8709,40,8749,0.8
1083,7,RANDHIR LAL,283,74,5765,1,5766,0.53
1084,8,NAVNIT KUMAR,283,74,4764,9,4773,0.44
1085,9,RAM SARE SINGH,487,74,2531,10,2541,0.23
1086,10,DHARMATMA SHARMA,667,74,2449,18,2467,0.22
1087,11,RAMJEE SINGH,735,74,2435,5,2440,0.22
1088,12,ASHOK TIWARY,283,74,2263,32,2295,0.21
1089,13,MANMOHAN SINGH,528,74,2055,42,2097,0.19
1090,14,SUMITRA DEVI,302,74,1640,34,1674,0.15
1091,15,NOTA,472,74,16864,99,16963,1.55
1092,1,SUDHAKAR SINGH,540,75,435062,3283,438345,40.82
1093,2,MITHILESH TIWARI,159,75,405795,2459,408254,38.02
1094,3,ANIL KUMAR,122,75,114312,402,114714,10.68
1095,4,ANAND MISHRA S/O- PARAM HANS MISHRA,283,75,46527,882,47409,4.42
1096,5,DADAN YADAV,283,75,15653,183,15836,1.47
1097,6,SUDHAKAR MISHRA,283,75,12742,7,12749,1.19
1098,7,SUNIL KUMAR DUBY,283,75,7757,2,7759,0.72
1099,8,RAM SWAROOP CHAUHAN,283,75,5506,10,5516,0.51
1100,9,RAJU SINGH,119,75,4322,17,4339,0.4
1101,10,AANAND MISRA S/O MADAN KUMAR MISRA,283,75,2697,137,2834,0.26
1102,11,BHAGWAN SINGH YADAV,283,75,2045,8,2053,0.19
1103,12,NIRANJAN KUMAR RAY,283,75,1667,2,1669,0.16
1104,13,HEM LATA,302,75,1554,16,1570,0.15
1105,14,AKHILESH KUMAR PANDEY,283,75,1089,6,1095,0.1
1106,15,NOTA,472,75,9572,45,9617,0.9
1107,1,MANOJ KUMAR,290,76,509977,3027,513004,46.76
1108,2,SHIVESH KUMAR,159,76,492177,1670,493847,45.01
1109,3,SANTOSH KUMAR,122,76,45491,107,45598,4.16
1110,4,SHIV SHANKAR RAM,283,76,8009,10,8019,0.73
1111,5,SANTOSH KUMAR KHARWAR,181,76,4817,5,4822,0.44
1112,6,BANARSI DAS,487,76,4498,-,4498,0.41
1113,7,AMIT KUMAR AMBEDKAR,119,76,2823,11,2834,0.26
1114,8,PUNAM DEVI,349,76,2634,20,2654,0.24
1115,9,UJARAN MUSAHAR,321,76,2616,4,2620,0.24
1116,10,NANDLAL RAM,573,76,1956,4,1960,0.18
1117,11,NOTA,472,76,17160,59,17219,1.57
1118,1,RAJA RAM SINGH,229,77,378922,1659,380581,36.89
1119,2,PAWAN SINGH,283,77,273546,1177,274723,26.63
1120,3,UPENDRA KUSHWAHA,559,77,253088,788,253876,24.61
1121,4,DHEERAJ KUMAR SINGH,122,77,23549,108,23657,2.29
1122,5,RAJA RAM SINGH,283,77,21357,26,21383,2.07
1123,6,PRIYANKA PRASAD CHOUDHARY,65,77,10983,23,11006,1.07
1124,7,AJEET KUMAR SINGH,487,77,9634,19,9653,0.94
1125,8,VIKASH VINAYAK,321,77,7661,3,7664,0.74
1126,9,INDRA RAJ ROUSHAN,283,77,6315,9,6324,0.61
1127,10,PRADEEP KUMAR JOSHI,523,77,5891,28,5919,0.57
1128,11,AVADHESH PASAWAN,148,77,5527,58,5585,0.54
1129,12,RAJESHWAR PASWAN,53,77,5003,3,5006,0.49
1130,13,PRAYAG PASWAN,667,77,4641,5,4646,0.45
1131,14,NOTA,472,77,21548,47,21595,2.09
1132,1,SURENDRA PRASAD YADAV,540,78,440352,2683,443035,47.88
1133,2,CHANDESHWAR PRASAD,334,78,299044,1400,300444,32.47
1134,3,ARUN KUMAR,122,78,85696,684,86380,9.33
1135,4,MINTA DEVI,283,78,16112,11,16123,1.74
1136,5,MUNILAL YADAV,283,78,13021,8,13029,1.41
1137,6,ASHUTOSH KUMAR,536,78,12954,259,13213,1.43
1138,7,DEEPAK KUMAR,302,78,8944,26,8970,0.97
1139,8,BUDDHADEV SAV,283,78,5765,8,5773,0.62
1140,9,NARESH KUMAR,283,78,5709,3,5712,0.62
1141,10,CHANDESHWAR PRASAD,283,78,5356,22,5378,0.58
1142,11,PIYUSH SINGH,659,78,4611,7,4618,0.5
1143,12,RAJ KISHOR SHARMA,208,78,3230,13,3243,0.35
1144,13,KAPIL CHAUHAN,321,78,2954,10,2964,0.32
1145,14,ASHUTOSH VINAY KUMAR,532,78,2895,14,2909,0.31
1146,15,UMA SHANKAR VERMA,667,78,2509,15,2524,0.27
1147,16,NOTA,472,78,10960,95,11055,1.19
1148,1,ABHAY KUMAR SINHA,540,79,463845,1722,465567,49.22
1149,2,SUSHIL KUMAR SINGH,159,79,384819,1637,386456,40.86
1150,3,SUNESH KUMAR,122,79,20232,77,20309,2.15
1151,4,PRATIBHA RANI,487,79,12265,43,12308,1.3
1152,5,RAJ BALLABH SINGH,283,79,11150,9,11159,1.18
1153,6,RAMJIT SINGH,546,79,9237,6,9243,0.98
1154,7,SURESH PRASAD VERMA,283,79,6704,7,6711,0.71
1155,8,MOHAMMAD WALIULLAH KHAN,283,79,6591,13,6604,0.7
1156,9,SHAILESH RAHI,53,79,4892,4,4896,0.52
1157,10,NOTA,472,79,22566,61,22627,2.39
1158,1,JITAN RAM MANJHI,280,80,492732,2228,494960,51.36
1159,2,KUMAR SARVJEET,540,80,390469,2679,393148,40.8
1160,3,SUSHMA KUMARI,122,80,12234,142,12376,1.28
1161,4,DEVENDRA PRATAP,283,80,9209,2,9211,0.96
1162,5,DHEERENDRA PRASAD,399,80,5616,13,5629,0.58
1163,6,GIRIDHAR SAPERA,704,80,4708,19,4727,0.49
1164,7,RANU KUMAR CHAUDHARY,283,80,4495,10,4505,0.47
1165,8,RANJAN KUMAR,283,80,4233,1,4234,0.44
1166,9,AYUSH KUMAR,283,80,4098,5,4103,0.43
1167,10,SURENDRA MANJHI,546,80,3023,12,3035,0.31
1168,11,AMRESH KUMAR,283,80,2800,21,2821,0.29
1169,12,ASHOK KUMAR PASWAN,283,80,2692,9,2701,0.28
1170,13,ARUN KUMAR,283,80,2531,23,2554,0.27
1171,14,SHEO SHANKAR,193,80,2370,14,2384,0.25
1172,15,NOTA,472,80,17177,111,17288,1.79
1173,1,VIVEK THAKUR,159,81,408537,2071,410608,47.2
1174,2,SHRAWAN KUMAR,540,81,340562,2376,342938,39.42
1175,3,BINOD YADAV,283,81,39391,128,39519,4.54
1176,4,GUNJAN KUMAR,283,81,29444,238,29682,3.41
1177,5,RANJIT KUMAR,122,81,16240,76,16316,1.88
1178,6,ANAND KUMAR VERMA,135,81,7727,9,7736,0.89
1179,7,GAUTAM KUMAR BABLOO,131,81,5886,3,5889,0.68
1180,8,GANAURI PANDIT,487,81,4558,32,4590,0.53
1181,9,NOTA,472,81,12555,37,12592,1.45
1182,1,ARUN BHARTI,385,82,508179,867,509046,51.98
1183,2,ARCHANA KUMARI,540,82,395696,868,396564,40.5
1184,3,SUBHASH PASWAN,283,82,13841,34,13875,1.42
1185,4,SAKALDEO DAS,122,82,12313,53,12366,1.26
1186,5,SRAWON KUMAR,546,82,8604,21,8625,0.88
1187,6,JAGDISH PRASAD,398,82,6532,10,6542,0.67
1188,7,SANTOSH KUMAR DAS,667,82,6025,8,6033,0.62
1189,8,NOTA,472,82,26148,34,26182,2.67
1190,1,SHRIPAD YESSO NAIK,159,97,253812,3514,257326,56.43
1191,2,RAMAKANT KHALAP,290,97,140191,1120,141311,30.99
1192,3,TUKARAM BHARAT PARAB,598,97,45460,233,45693,10.02
1193,4,MILAN R VAINGANKAR,122,97,1600,25,1625,0.36
1194,5,MR SAKHARAM NAIK,50,97,1404,13,1417,0.31
1195,6,SHAKEEL JAMAL SHAIKH,283,97,800,7,807,0.18
1196,7,THOMAS AUGUSTINE FERNANDES,283,97,746,13,759,0.17
1197,8,ADV VISHAL NAIK,283,97,744,8,752,0.16
1198,9,NOTA,472,97,6297,31,6328,1.39
1199,1,CAPTAIN  VIRIATO FERNANDES,290,98,216022,1814,217836,48.35
1200,2,PALLAVI SHRINIVAS DEMPO,159,98,201806,2495,204301,45.35
1201,3,RUBERT PEREIRA,598,98,18718,167,18885,4.19
1202,4,DR SWETA GAONKAR,122,98,1545,36,1581,0.35
1203,5,DEEPKUMAR D MAPARI,283,98,1309,8,1317,0.29
1204,6,DR KALIDAS VAINGANKAR,283,98,707,13,720,0.16
1205,7,ALEXY FERNANDES,283,98,526,16,542,0.12
1206,8,HARISHCHANDRA SUDHAKAR NAIK,230,98,487,14,501,0.11
1207,9,NOTA,472,98,4804,33,4837,1.07
1208,1,CHAVDA VINOD LAKHAMSHI,159,99,656979,2595,659574,60.23
1209,2,NITESH PARBATBHAI LALAN (MATANG),290,99,389384,1408,390792,35.68
1210,3,VIJAY BHACHRA,122,99,6075,36,6111,0.56
1211,4,VANAZARA HIRABEN DALPATBHAI,283,99,5145,6,5151,0.47
1212,5,BABULAL LADHA CHAVDA,283,99,3348,6,3354,0.31
1213,6,KAVITABEN DINESHBHAI MACHCHHOYA,283,99,3342,24,3366,0.31
1214,7,DEVABHAI MITHABHAI GOHIL,568,99,2087,14,2101,0.19
1215,8,SHAMLIA VIRJI CHAKU,281,99,1560,13,1573,0.14
1216,9,ARVIND ASHOK SANGHELA,264,99,1509,17,1526,0.14
1217,10,BOCHIYA BHIMJI BHIKHA,642,99,1491,6,1497,0.14
1218,11,RAMJIBHAI JAKHUBHAI DAFDA,600,99,1357,13,1370,0.13
1219,12,NOTA,472,99,18604,138,18742,1.71
1220,1,GENIBEN NAGAJI THAKOR,290,100,667072,4811,671883,48.83
1221,2,DR. REKHABEN HITESHBHAI CHAUDHARI,159,100,635760,5717,641477,46.62
1222,3,MANSUNGBHAI MASHRUBHAI PARMAR,122,100,9900,29,9929,0.72
1223,4,RATHOD MAVJI BHEMAJI,283,100,7690,6,7696,0.56
1224,5,SHRIMALI ASHOKBHAI BALCHANDBHAI,283,100,5473,8,5481,0.4
1225,6,JASUBHAI GAMAR,132,100,4615,11,4626,0.34
1226,7,PATEL PIYUSHBHAI KARSHANBHAI,175,100,3503,10,3513,0.26
1227,8,BAJAG LASHABHAI LAVAJIBHAI,283,100,2994,15,3009,0.22
1228,9,PRAVINBHAI ISHVARBHAI CHAUHAN,682,100,1822,1,1823,0.13
1229,10,IBRAHIMBHAI PARASANI,283,100,1588,3,1591,0.12
1230,11,PARMAR CHHAGANCHANDRARAJ,283,100,1369,5,1374,0.1
1231,12,CHETANKUMAR KESHAVLAL OZA,283,100,1321,13,1334,0.1
1232,13,NOTA,472,100,22034,133,22167,1.61
1233,1,DABHI  BHARATSINHJI  SHANKARJI,159,101,585591,6356,591947,49.61
1234,2,CHANDANJI TALAJI THAKOR,290,101,555134,4937,560071,46.94
1235,3,BALVANT CHHATRALIYA,122,101,5811,54,5865,0.49
1236,4,SOYAB HASAM BHORANIYA,283,101,5473,1,5474,0.46
1237,5,THAKOR KISHANBHAI KALUBHAI,283,101,2909,7,2916,0.24
1238,6,SHARMA RAKESHBHAI,573,101,2765,9,2774,0.23
1239,7,GHAGHA MASIHULLAH ABDULHAMID,664,101,2305,7,2312,0.19
1240,8,CHANDURA DHANJIBHAI LAXAMANBHAI,283,101,2135,25,2160,0.18
1241,9,ABDULHAQ ISMAIL NEDARIYA,283,101,1510,14,1524,0.13
1242,10,ABDULKUDDUS,283,101,1358,2,1360,0.11
1243,11,NOTA,472,101,16382,340,16722,1.4
1244,1,HARIBHAI PATEL,159,102,675614,10792,686406,63.74
1245,2,RAMJI THAKOR,290,102,352578,5782,358360,33.28
1246,3,AMRUTLAL MAKWANA,122,102,9710,164,9874,0.92
1247,4,CHAUHAN PRAKASHKUMAR TRIBHOVANDAS,54,102,3866,16,3882,0.36
1248,5,PATEL MANUBHAI SHANKARLAL,283,102,3597,75,3672,0.34
1249,6,ZALA VIKRAMSINH BANESINH,520,102,2949,58,3007,0.28
1250,7,NOTA,472,102,11002,624,11626,1.08
1251,1,SHOBHANABEN MAHENDRASINH BARAIYA,159,103,670929,6389,677318,53.36
1252,2,CHAUDHARI TUSHAR AMARSINH,290,103,515902,5734,521636,41.09
1253,3,PARMAR RAMESHCHANDRA NANJIBHAI,122,103,9850,117,9967,0.79
1254,4,SOLANKI CHHAGANBHAI KEVLABHAI,283,103,7539,12,7551,0.59
1255,5,VIJAYSINH NAVALSINH CHAUHAN,283,103,6692,29,6721,0.53
1256,6,BHAVNABA NARENDRASINH PARMAR,283,103,5365,94,5459,0.43
1257,7,ANILKUMAR NIRANJANKUMAR MUNDADA,383,103,5225,22,5247,0.41
1258,8,MUSTAKBHAI JAMALBHAI SANGHANI,283,103,3196,7,3203,0.25
1259,9,KATARA VARUNKUMAR KALYANSINH,265,103,2717,56,2773,0.22
1260,10,RAKESHSINH MAHOBATSINH ZALA,185,103,1882,69,1951,0.15
1261,11,PANDOR KAUSHIKKUMAR SHANKARBHAI,283,103,1782,45,1827,0.14
1262,12,ASHOK L VAGHELA,283,103,1673,15,1688,0.13
1263,13,KANUBHAI KHIMJIBHAI GADHAVI,283,103,1467,38,1505,0.12
1264,14,THAKOR INDIRABEN JITENDRASINH,300,103,1402,34,1436,0.11
1265,15,NOTA,472,103,20665,411,21076,1.66
1266,1,AMIT SHAH,159,104,999984,10988,1010972,76.48
1267,2,SONAL RAMANBHAI PATEL,290,104,261411,4845,266256,20.14
1268,3,MOHAMMEDANISH DESAI,122,104,7272,122,7394,0.56
1269,4,SHAHNAWAZKHAN SULTANKHAN PATHAN,283,104,2325,7,2332,0.18
1270,5,MALEK MAKBUL SHAKIB,283,104,2052,6,2058,0.16
1271,6,THAKOR JITENDRASINH JASHAVANTSINH,300,104,1949,60,2009,0.15
1272,7,PARIKH RAJIVBHAI KALABHAI,283,104,1719,32,1751,0.13
1273,8,MANSURI SUHANA,283,104,1437,16,1453,0.11
1274,9,MAURYA SUMITRA DEVNARIAN,503,104,1205,12,1217,0.09
1275,10,UMADIYA ALIBHAI RAJABHAI,283,104,1004,5,1009,0.08
1276,11,RAHUL CHIMANBHAI MEHTA,600,104,982,19,1001,0.08
1277,12,PATHAN IMTIYAJKHAN,283,104,786,56,842,0.06
1278,13,BAGVAN BAHADURSHAH GULMOHAMMAD,283,104,755,16,771,0.06
1279,14,NAVSADALAM IBRAHIMBHAI MALEK,283,104,726,6,732,0.06
1280,15,NOTA,472,104,21233,772,22005,1.66
1281,1,HASMUKHBHAI PATEL (H.S.PATEL),159,105,763028,7431,770459,68.28
1282,2,HIMMATSINH PRAHLADSINH PATEL,290,105,303713,4991,308704,27.36
1283,3,MAKWANA JAYANTIBHAI KANJIBHAI,122,105,10235,247,10482,0.93
1284,4,BRIJESH SHARMA,283,105,4514,12,4526,0.4
1285,5,HARSHAD BABUBHAI NANDOLIYA,283,105,3554,17,3571,0.32
1286,6,MAHESHKUMAR SOMABHAI THAKOR,283,105,3005,28,3033,0.27
1287,7,KALPESHBHAI  SHETE,265,105,2927,10,2937,0.26
1288,8,PATANI VISHNUBHAI NATAVARBHAI,283,105,2377,43,2420,0.21
1289,9,ZALA SANJAYKUMAR MAHOBATSINH,283,105,2310,56,2366,0.21
1290,10,DASHARATHBHAI KANTILAL PANCHAL,283,105,1474,6,1480,0.13
1291,11,PRAMOD SAHDEVBHAI GUDADE,682,105,1275,4,1279,0.11
1292,12,RAJESH HARIRAM MAURYA,503,105,1199,13,1212,0.11
1293,13,INGOLE ROOPESHBHAI BABUBHAI,283,105,1153,16,1169,0.1
1294,14,DHANANJAY GIRJASHANKAR RAJPUT,185,105,1083,37,1120,0.1
1295,15,MANISH KUMAR DUBEY,677,105,898,11,909,0.08
1296,16,CHAUHAN MOHAMADFARUK  AHEMADHASANBHAI,283,105,771,7,778,0.07
1297,17,HITENDRABHAI PATEL,5,105,722,20,742,0.07
1298,18,PIYUSHBHAI BHAVSAR,739,105,642,7,649,0.06
1299,19,NOTA,472,105,9911,592,10503,0.93
1300,1,DINESHBHAI MAKWANA (ADVOCATE),159,106,606545,5159,611704,63.28
1301,2,BHARAT YOGENDRA MAKWANA,290,106,321972,3295,325267,33.65
1302,3,ANILKUMAR VASANTBHAI VAGHELA,122,106,9448,152,9600,0.99
1303,4,BHITORA BHAVESHKUMAR CHIMANLAL,263,106,2443,15,2458,0.25
1304,5,SHANKARBHAI KHUSHALBHAI RATHOD,236,106,2345,44,2389,0.25
1305,6,VEDUBHAI KAUTIKBHAI SIRASAT,324,106,1214,7,1221,0.13
1306,7,NOTA,472,106,13604,403,14007,1.45
1307,1,CHANDUBHAI CHHAGANBHAI SHIHORA,159,107,664093,5656,669749,59.2
1308,2,RUTVIKBHAI LAVJIBHAI MAKWANA,290,107,403461,4671,408132,36.07
1309,3,DABHI ASHOKBHAI SUKHABHAI,122,107,11885,151,12036,1.06
1310,4,VINODBHAI BABUBHAI SATROTIYA,283,107,5940,6,5946,0.53
1311,5,KOLI RAMESHBHAI VIRSANGBHAI VAGHELA,283,107,5173,16,5189,0.46
1312,6,CHAVDA NILESHBHAI MANSUKHBHAI,520,107,4103,26,4129,0.36
1313,7,ZALA DEVRAJBHAI BABUBHAI,283,107,2442,21,2463,0.22
1314,8,J.K.PATEL,283,107,2308,59,2367,0.21
1315,9,DEVENDRA MOHANDAS MAHANT,265,107,2042,9,2051,0.18
1316,10,GEDIYA KRUSHANAVADAN HARIPRASADBHAI,283,107,1435,24,1459,0.13
1317,11,ANANDBHAI PACHANBHAI RATHOD,283,107,1241,8,1249,0.11
1318,12,DILIPBHAI PARSHOTTAMBHAI MAKWANA,469,107,1222,35,1257,0.11
1319,13,ASHOK PALAJIBHAI RATHOD,283,107,1087,4,1091,0.1
1320,14,PATEL MADHUSUDAN BALDEVBHAI,424,107,948,12,960,0.08
1321,15,NOTA,472,107,12799,500,13299,1.18
1322,1,PARSHOTTAMBHAI RUPALA,159,108,850846,7138,857984,67.37
1323,2,DHANANI PARESH,290,108,368964,4760,373724,29.35
1324,3,CHAMANBHAI NAGJIBHAI SAVSANI,122,108,10356,109,10465,0.82
1325,4,AJAGIYA NIRALBHAI AMRUTLAL,283,108,3674,6,3680,0.29
1326,5,BHAVESHBHAI KANTILAL PIPALIYA,283,108,2846,10,2856,0.22
1327,6,BHAVESH UPENDRABHAI ACHARYA,283,108,2806,34,2840,0.22
1328,7,PRAKASH GOVINDBHAI SINDHAV,283,108,2355,34,2389,0.19
1329,8,ZALA NAYAN J.,283,108,2321,29,2350,0.18
1330,9,JIGNESHBHAI MAHAJAN,283,108,1322,10,1332,0.1
1331,10,NOTA,472,108,15288,634,15922,1.25
1332,1,DR. MANSUKH MANDAVIYA,159,109,625962,7156,633118,68.15
1333,2,LALIT VASOYA,290,109,245677,4081,249758,26.89
1334,3,N. P. RATHOD,122,109,10560,362,10922,1.18
1335,4,NATHABHAI BHURABHAI ODEDRA,283,109,7164,132,7296,0.79
1336,5,LAKHANSI ODEDARA,729,109,3130,33,3163,0.34
1337,6,SOLANKI JATIN DHIRUBHAI,283,109,2469,17,2486,0.27
1338,7,SODHA HUSHENBHAI ALIBHAI,283,109,2432,3,2435,0.26
1339,8,RATHOD CHANDUBHAI MOHANBHAI,283,109,1705,24,1729,0.19
1340,9,SHEKHAVA NILESHKUMAR RAMJIBHAI,618,109,1587,22,1609,0.17
1341,10,SIDHHAPARA HARSUKHLAL JIVANBHAI,383,109,1059,13,1072,0.12
1342,11,MAHEMUDBHAI SAIYAD,283,109,1023,6,1029,0.11
1343,12,JETHAVA BIPINKUMAR BHIKHALAL,283,109,786,11,797,0.09
1344,13,NOTA,472,109,13004,559,13563,1.46
1345,1,POONAMBEN HEMATBHAI MAADAM,159,110,618120,1929,620049,58.98
1346,2,ADVOCATE J. P. MARAVIYA,290,110,380949,1092,382041,36.34
1347,3,JAYSUKH NATHUBHAI PINGALSUR,122,110,11429,33,11462,1.09
1348,4,KANZARIYA RANCHHODBHAI NARANBHAI,729,110,6973,29,7002,0.67
1349,5,VIJAYSINH PRAVINSINH JADEJA,283,110,4817,17,4834,0.46
1350,6,RATHOD PUNJABHAI PALABHAI,283,110,3727,5,3732,0.36
1351,7,BHURALAL MEGHJIBHAI PARMAR,283,110,1923,5,1928,0.18
1352,8,GHUGHA ALARAKHABHAI ISHAKBHAI,283,110,1582,3,1585,0.15
1353,9,KHIRA YUSUF SIDIKBHAI,283,110,1368,3,1371,0.13
1354,10,NANJI AMARSHI BATHWAR,283,110,1365,5,1370,0.13
1355,11,ANWAR NOORMAMAD SANGHAR,283,110,1299,-,1299,0.12
1356,12,PARESHBHAI PARSOTTAMBHAI MUNGARA,562,110,1266,4,1270,0.12
1357,13,POPATPUTRA RAFIK ABUBAKAR,283,110,1133,5,1138,0.11
1358,14,NADEEM MAHAMMAD HALA,283,110,1069,1,1070,0.1
1359,15,NOTA,472,110,10972,112,11084,1.05
1360,1,CHUDASAMA RAJESHBHAI NARANBHAI,159,111,578516,5533,584049,54.67
1361,2,JOTVA HIRABHAI ARJANBHAI,290,111,444156,4399,448555,41.99
1362,3,MAKADIA JAYANTILAL MALDEBHAI,122,111,7132,150,7282,0.68
1363,4,VADHER DANSING CHINABHAI,283,111,5161,28,5189,0.49
1364,5,DEVENDRABHAI DHANJIBHAI MOTIVARAS,283,111,2302,7,2309,0.22
1365,6,BORICHANGAR BHAVESH DALPATRAI,283,111,1884,24,1908,0.18
1366,7,DAKI NATHABHAI MENSIBHAI,283,111,1329,15,1344,0.13
1367,8,ISHWAR RAMBHAI SOLANKI,600,111,1150,21,1171,0.11
1368,9,ALPESHKUMAR CHANDULAL TRAMBADIYA,383,111,943,21,964,0.09
1369,10,GORDHANBHAI MANGABHAI GOHEL,283,111,758,17,775,0.07
1370,11,AARAB HASAM SUMRA,283,111,689,5,694,0.06
1371,12,NOTA,472,111,13434,579,14013,1.31
1372,1,BHARATBHAI MANUBHAI SUTARIYA,159,112,577820,3052,580872,66.28
1373,2,JENNY THUMMAR,290,112,258231,1573,259804,29.64
1374,3,CHAUHAN RAVAJIBHAI MULABHAI,122,112,7486,57,7543,0.86
1375,4,SANKHAT VIKRAMBHAI VISABHAI,259,112,4958,51,5009,0.57
1376,5,BAVKUBHAI AMARUBHAI VALA,283,112,3733,44,3777,0.43
1377,6,BHAVESHBHAI JENTIBHAI RANK,283,112,3663,8,3671,0.42
1378,7,PUNJABHAI BAVBHAI DAFDA,283,112,2598,23,2621,0.3
1379,8,PRITESH CHAUHAN (LALU),283,112,1759,21,1780,0.2
1380,9,NOTA,472,112,11125,224,11349,1.29
1381,1,NIMUBEN JAYANTIBHAI BAMBHANIYA (NIMUBEN BAMBHANIYA),159,113,707428,9455,716883,68.46
1382,2,UMESHBHAI NARANBHAI MAKWANA,8,113,256902,4692,261594,24.98
1383,3,RATHOD DINESHBHAI LAKHABHAI,122,113,9989,141,10130,0.97
1384,4,ANILBHAI NARENDRABHAI CHAVDA,682,113,7574,45,7619,0.73
1385,5,PARMAR RAJESHKUMAR PREMJIBHAI,469,113,6456,37,6493,0.62
1386,6,KALANIYA SAGARBHAI POPATBHAI,18,113,6039,48,6087,0.58
1387,7,SANJAYBHAI MAGANBHAI MAKAWANA,283,113,4131,22,4153,0.4
1388,8,HARSH GOKLANI,283,113,3593,41,3634,0.35
1389,9,SHRI MULSHANKARBHAI RAGHURAMBHAI CHAUHAN,283,113,3386,20,3406,0.33
1390,10,SHRI TIDABHAI DEVSHIBHAI,264,113,2641,44,2685,0.26
1391,11,BHUPATBHAI MOHANBHAI VALA,600,113,2370,24,2394,0.23
1392,12,NARESHBHAI NARANBHAI RATHOD,283,113,1745,20,1765,0.17
1393,13,BRAHMAKSHTRIYA BHAGVATIBEN KHETSINH,283,113,1562,62,1624,0.16
1394,14,NOTA,472,113,17717,1048,18765,1.79
1395,1,MITESH PATEL (BAKABHAI),159,114,607394,5090,612484,52.44
1396,2,AMIT CHAVDA,290,114,516453,6092,522545,44.74
1397,3,SURESHBHAI DHULABHAI PATEL,122,114,5778,53,5831,0.5
1398,4,BHOI ASHISHKUMAR THAKORBHAI,283,114,5525,17,5542,0.47
1399,5,KEYURBHAI PRAVINBHAI PATEL (BAKABHAI),283,114,2290,8,2298,0.2
1400,6,DHEERAJKUMAR KSHATRIYA,258,114,1723,24,1747,0.15
1401,7,BHATT SUNILKUMAR NARENDRABHAI,600,114,1584,8,1592,0.14
1402,8,NOTA,472,114,15679,251,15930,1.36
1403,1,DEVUSINH CHAUHAN,159,115,738609,5826,744435,63.31
1404,2,KALUSINH DABHI,290,115,381656,5021,386677,32.88
1405,3,SODHA SANJAYKUMAR PARVATSINH,283,115,6123,16,6139,0.52
1406,4,BHAILALBHAI KALUBHAI PANDAV,122,115,6055,97,6152,0.52
1407,5,PARMAR HITESHKUMAR PARSOTTAMBHAI,283,115,2730,11,2741,0.23
1408,6,UPENDRAKUMAR VALLAVBHAI PATEL,283,115,2703,12,2715,0.23
1409,7,PATEL ANILKUMAR BHAILALBHAI,562,115,2493,30,2523,0.21
1410,8,SAIYAD KADARI MOHAMMAD SABIR ANVAR HUSAIN,184,115,1812,26,1838,0.16
1411,9,INDIRADEVI HIRALAL VORA,258,115,1126,9,1135,0.1
1412,10,KAMLESHBHAI POPATBHAI PATEL,185,115,933,16,949,0.08
1413,11,IMRANBHAI VANKAWALA,600,115,924,4,928,0.08
1414,12,KANTIYA DASRATH HARJIVANBHAI,469,115,789,3,792,0.07
1415,13,NOTA,472,115,18444,380,18824,1.6
1416,1,RAJPALSINH MAHENDRASINH JADAV,159,116,785830,8749,794579,70.22
1417,2,GULABSINH SOMSINH CHAUHAN,290,116,279396,5841,285237,25.21
1418,3,HASMUKHKUMAR GANPATSINH RATHOD,283,116,10376,23,10399,0.92
1419,4,JITESHKUMAR GHANSHYAMBHAI SEVAK,243,116,8350,39,8389,0.74
1420,5,MANOJSINH RANAJITSINH RATHOD,283,116,3984,29,4013,0.35
1421,6,LAXMANBHAI GALABHAI BARIYA,9,116,3108,97,3205,0.28
1422,7,TASLIM MOHAMMEDRAFIK DURVESH,283,116,3051,14,3065,0.27
1423,8,PANDOR KAUSHIKKUMAR SHANKARBHAI,283,116,2486,21,2507,0.22
1424,9,NOTA,472,116,19629,474,20103,1.78
1425,1,JASWANTSINH SUMANBHAI BHABHOR,159,117,685734,2981,688715,61.59
1426,2,DR. PRABHABEN KISHORSINH TAVIYAD,290,117,352238,2800,355038,31.75
1427,3,MEDA DEVENDRAKUMAR LAXMANBHAI,283,117,11068,7,11075,0.99
1428,4,BHABHOR DHULABHAI DITABHAI,122,117,8621,11,8632,0.77
1429,5,BARIYA MANILAL HIRABHAI,283,117,6576,12,6588,0.59
1430,6,DAMOR VESTABHAI JOKHANABHAI,283,117,4374,26,4400,0.39
1431,7,DAMOR MANABHAI BHAVSINGBHAI,283,117,3144,29,3173,0.28
1432,8,JAGDISHBHAI MANILAL MEDA,168,117,3053,9,3062,0.27
1433,9,PASAYA NAVALSINH MULABHAI,602,117,2667,6,2673,0.24
1434,10,NOTA,472,117,34774,164,34938,3.12
1435,1,DR. HEMANG JOSHI,159,118,865825,7364,873189,72.04
1436,2,PADHIYAR  JASHPALSINH MAHENDRASINH (BAPU),290,118,287570,3493,291063,24.01
1437,3,JADAV AMITKUMAR RAMJIBHAI,122,118,7473,56,7529,0.62
1438,4,RAJESH RATHOD,283,118,5416,53,5469,0.45
1439,5,ANILBHAI SHARMA,272,118,3436,17,3453,0.28
1440,6,DR. RAHUL VASUDEVBHAI VYAS,283,118,2731,21,2752,0.23
1441,7,PARMAR MAYURSINH ARVINDSINH,283,118,2122,86,2208,0.18
1442,8,NILKANTHKUMAR MANSUKHLAL MISTRI,283,118,1748,8,1756,0.14
1443,9,PARMAR HEMANTKUMAR ARVINDBHAI,283,118,1388,23,1411,0.12
1444,10,TAPAN DASGUPTA,667,118,1252,23,1275,0.11
1445,11,ATUL GAMECHI,283,118,1061,23,1084,0.09
1446,12,PARTHIV VIJAYKUMAR DAVE,600,118,1052,5,1057,0.09
1447,13,NILESH JAGANNATH VASAIKAR,283,118,840,18,858,0.07
1448,14,DOSHI HARDIK BIPINBHAI,650,118,643,14,657,0.05
1449,15,NOTA,472,118,17823,565,18388,1.52
1450,1,JASHUBHAI BHILUBHAI RATHVA,159,119,791727,4862,796589,62.84
1451,2,SUKHRAMBHAI HARIYABHAI RATHWA,290,119,394433,3379,397812,31.38
1452,3,BHIL SOMABHAI GOKALBHAI,122,119,16021,72,16093,1.27
1453,4,RATHVA FURAKANBHAI BALJIBHAI,409,119,11091,70,11161,0.88
1454,5,TADVI RANCHHODBHAI,150,119,8292,52,8344,0.66
1455,6,RATHVA MUKESHBHAI NURABHAI,283,119,8032,33,8065,0.64
1456,7,NOTA,472,119,29394,261,29655,2.34
1457,1,MANSUKHBHAI DHANJIBHAI VASAVA,159,120,605489,2668,608157,50.72
1458,2,CHAITARBHAI DAMJIBHAI VASAVA,8,120,518419,4042,522461,43.58
1459,3,DILIPBHAI CHHOTUBHAI VASAVA,132,120,9981,33,10014,0.84
1460,4,SAJID YAKUB MUNSHI,283,120,9934,3,9937,0.83
1461,5,VASAVA CHETANBHAI KANJIBHAI,122,120,6312,12,6324,0.53
1462,6,NAVINBHAI BHIKHABHAI PATEL,283,120,3440,13,3453,0.29
1463,7,YUSUF VALI HASANALI,283,120,3245,2,3247,0.27
1464,8,GITABEN MANUBHAI MACHHI,409,120,2750,14,2764,0.23
1465,9,MITESHBHAI THAKORBHAI PADHIYAR,283,120,2451,8,2459,0.21
1466,10,MIRZA AABIDBEG YASINBEG,283,120,2043,7,2050,0.17
1467,11,ISMAIL AHMAD PATEL,283,120,1887,15,1902,0.16
1468,12,NARAYANBHAI LILADHARJI RAVAL,283,120,1574,9,1583,0.13
1469,13,DHARMESHKUMAR VISHNUBHAI VASAVA,283,120,1324,6,1330,0.11
1470,14,NOTA,472,120,23151,132,23283,1.94
1471,1,PARBHUBHAI NAGARBHAI VASAVA,159,121,757787,6163,763950,57.04
1472,2,CHAUDHARY SIDDHARTH AMARSINH,290,121,526054,7643,533697,39.85
1473,3,REKHABEN HARSINGBHAI CHAUDHARI,122,121,15872,272,16144,1.21
1474,4,NOTA,472,121,24762,780,25542,1.91
1475,1,MUKESHKUMAR CHANDRAKAANT DALAL ( Uncontested ),159,122,-,-,-,-
1476,1,C R PATIL,159,123,1023366,7699,1031065,77.05
1477,2,NAISHADHBHAI BHUPATBHAI  DESAI,290,123,254567,2947,257514,19.24
1478,3,MALKHAN RAMKISHOR VARMA,122,123,8076,57,8133,0.61
1479,4,KIRIT L. SURATI,283,123,4190,21,4211,0.31
1480,5,RAJU VARDE,283,123,3139,45,3184,0.24
1481,6,RAMZAN MANSURI (SENIOR JOURNALIST),383,123,2652,1,2653,0.2
1482,7,KADIR MAHEBOOB SAIYED,664,123,2527,11,2538,0.19
1483,8,SHEKH MOHMMAD NISHAR (MUNNABHAI GARAGE),283,123,1481,2,1483,0.11
1484,9,DR. KANUBHAI KHADADIYA,667,123,1470,15,1485,0.11
1485,10,SUMANBEN  KHUSHWA (HANSIKA RAJPUT),638,123,1397,29,1426,0.11
1486,11,ADVOCATE NAVINKUMAR SHANKERBHAI PATEL,283,123,1091,4,1095,0.08
1487,12,MOHAMMAD HANIF SHAH,258,123,1089,8,1097,0.08
1488,13,CHANDANSINGH SHIVBADANSINGH THAKUR,283,123,1070,17,1087,0.08
1489,14,KAZI AYAZ HUSNUDDIN,283,123,775,8,783,0.06
1490,15,NOTA,472,123,19653,809,20462,1.53
1491,1,DHAVAL LAXMANBHAI  PATEL,159,124,760935,3291,764226,56.13
1492,2,ANANTKUMAR HASMUKHBHAI PATEL,290,124,547307,6215,553522,40.66
1493,3,MANAKBHAI JATRUBHAI SHANKAR,122,124,7487,12,7499,0.55
1494,4,RAMANBHAI KARSHANBHAI PATEL,283,124,6732,13,6745,0.5
1495,5,JAYANTIBHAI KHANDUBHAI SHALUA,729,124,4763,11,4774,0.35
1496,6,CHIRAGKUMAR BHARATBHAI  PATEL,283,124,3431,9,3440,0.25
1497,7,UMESHBHAI MAGANBHAI PATEL,121,124,2813,19,2832,0.21
1498,8,NOTA,472,124,18169,204,18373,1.35
1499,1,VARUN CHAUDHRY,290,125,662592,1065,663657,49.28
1500,2,BANTO KATARIA,159,125,613786,835,614621,45.64
1501,3,PAWAN RANDHAWA,122,125,23535,48,23583,1.75
1502,4,GURPREET SINGH,292,125,8902,84,8986,0.67
1503,5,KAMAL KUMAR BARARA,21,125,8741,13,8754,0.65
1504,6,KIRAN PUNIA,338,125,6055,37,6092,0.45
1505,7,RAKESH KUMAR,270,125,3110,1,3111,0.23
1506,8,BALJEET SINGH,146,125,2459,43,2502,0.19
1507,9,MEHAR SINGH CHALIA,252,125,2383,14,2397,0.18
1508,10,GULAB SINGH NARWAL,487,125,1683,7,1690,0.13
1509,11,SURAJ KUMAR,119,125,1501,5,1506,0.11
1510,12,MOHAR SINGH STATION MASTER (RETD.),283,125,1257,6,1263,0.09
1511,13,BETA MAM CHAND RATTUWALA,175,125,1248,3,1251,0.09
1512,14,DR. NITESH CHOPRA (HONEY),210,125,854,3,857,0.06
1513,15,NOTA,472,125,6427,25,6452,0.48
1514,1,NAVEEN JINDAL,159,126,540677,1498,542175,44.96
1515,2,DR SUSHIL GUPTA,8,126,511770,1384,513154,42.55
1516,3,ABHAY SINGH CHAUTALA,292,126,78362,346,78708,6.53
1517,4,DEEPAK MEHRA,122,126,20864,80,20944,1.74
1518,5,JAI KUMAR  SAINI HAMIDPUR,283,126,8090,3,8093,0.67
1519,6,PALA RAM SAINI,338,126,6159,23,6182,0.51
1520,7,SATBIR KASHYAP,551,126,3251,12,3263,0.27
1521,8,KHAZAN SINGH SEHGAL,655,126,2824,35,2859,0.24
1522,9,MAHAVIR SINGH,252,126,2779,4,2783,0.23
1523,10,INDERJEET KAMBOJ,487,126,2107,6,2113,0.18
1524,11,PANDIT ANIL UPADHYAY,283,126,2053,3,2056,0.17
1525,12,ADV ASHWINI SHARMA HRITTWAL,283,126,2027,2,2029,0.17
1526,13,COMRADE OM PARKASH SHASTRI,667,126,1806,6,1812,0.15
1527,14,SURENDER SINGH,283,126,1599,-,1599,0.13
1528,15,AMIT MALIK,283,126,1503,3,1506,0.12
1529,16,PATASHO DEVI EX-SARPANCH,283,126,1379,-,1379,0.11
1530,17,DR MAHESH CHAND GAUR,283,126,1338,2,1340,0.11
1531,18,JAI PARKASH SHARMA,283,126,1152,2,1154,0.1
1532,19,VARUN GUPTA,283,126,1129,5,1134,0.09
1533,20,SATNAM BHAZIGAR,397,126,1063,3,1066,0.09
1534,21,NARESH KUMAR,621,126,1028,4,1032,0.09
1535,22,SATISH DHULL,149,126,991,6,997,0.08
1536,23,ADVOCATE PARDEEP SAINI,532,126,958,2,960,0.08
1537,24,SEWA SINGH,283,126,717,1,718,0.06
1538,25,ER VISHAL KUMAR,283,126,715,-,715,0.06
1539,26,COMRADE RAMESH KHATKAR,283,126,714,3,717,0.06
1540,27,OM PARKASH INDAL,259,126,675,3,678,0.06
1541,28,PHOOL SINGH,283,126,625,1,626,0.05
1542,29,SUNNY KASHYAP TEORA,283,126,576,-,576,0.05
1543,30,RAMDIYA,283,126,553,3,556,0.05
1544,31,MANGAT RAM,283,126,509,-,509,0.04
1545,32,NOTA,472,126,2420,19,2439,0.2
1546,1,SELJA,290,127,732298,1525,733823,54.17
1547,2,ASHOK TANWAR,159,127,464472,854,465326,34.35
1548,3,SANDEEP LOT VALMIKI,292,127,92279,174,92453,6.82
1549,4,RAMESH KHATAK,338,127,20049,31,20080,1.48
1550,5,LILU RAM ASAKHERA,122,127,10120,31,10151,0.75
1551,6,RAHUL CHOUHAN,283,127,6159,1,6160,0.45
1552,7,KARNAIL SINGH ODHAN,283,127,4152,14,4166,0.31
1553,8,SATPAL LADWAL,283,127,3413,-,3413,0.25
1554,9,MISTRI DAULAT RAM ROLAN,487,127,3058,3,3061,0.23
1555,10,JOGINDER RAM,283,127,2140,2,2142,0.16
1556,11,RAN SINGH PANWAR,283,127,1548,2,1550,0.11
1557,12,RAJINDER KUMAR,149,127,1239,3,1242,0.09
1558,13,BAGDAWAT RAM,283,127,1221,3,1224,0.09
1559,14,JASVIR SINGH,283,127,1128,8,1136,0.08
1560,15,NAVEEN KUMAR COMMANDO,283,127,1113,3,1116,0.08
1561,16,SUKHDEV SINGH SANDHU,283,127,993,6,999,0.07
1562,17,DR. RAJESH MEHANDIA,121,127,931,-,931,0.07
1563,18,DHARAMPAL VARTIA,397,127,916,3,919,0.07
1564,19,SURENDER KUMAR PHULAN,283,127,614,3,617,0.05
1565,20,NOTA,472,127,4106,17,4123,0.3
1566,1,JAI PARKASH (J P) S/O HARIKESH,290,128,567194,3230,570424,48.58
1567,2,RANJIT SINGH,159,128,504944,2099,507043,43.19
1568,3,DESH RAJ,122,128,25892,123,26015,2.22
1569,4,SUNAINA CHAUTALA,292,128,22171,132,22303,1.9
1570,5,NAINA SINGH CHAUTALA,338,128,21910,122,22032,1.88
1571,6,PARDEEP DAHIYA,283,128,3607,1,3608,0.31
1572,7,JAI PRAKASH (J.P.) S/O UMA DUTT,283,128,3267,6,3273,0.28
1573,8,JILE SINGH,283,128,3196,-,3196,0.27
1574,9,POONAM MOR,283,128,1237,4,1241,0.11
1575,10,ISHWAR JHAJHRIA,283,128,1121,1,1122,0.1
1576,11,ATMA RAM BISHNOI,283,128,1091,6,1097,0.09
1577,12,KULBIR,283,128,1041,-,1041,0.09
1578,13,CHANDER MOHAN,283,128,995,3,998,0.09
1579,14,ADVOCATE PARDEEP SIHMAR,487,128,871,5,876,0.07
1580,15,AJIT SINGH,283,128,794,2,796,0.07
1581,16,DEV GIRI,560,128,719,7,726,0.06
1582,17,DINESH KUMAR,283,128,699,4,703,0.06
1583,18,MASTER VIJENDER JITPURA,667,128,654,3,657,0.06
1584,19,RAJENDER KUMAR,283,128,485,1,486,0.04
1585,20,NEERAJ KUMAR “CHHATTAR”,149,128,419,4,423,0.04
1586,21,MANDEEP,283,128,404,1,405,0.03
1587,22,JAGAT SINGH,726,128,374,8,382,0.03
1588,23,PARJAPATI RAKESH DHUWARIA,283,128,372,2,374,0.03
1589,24,RANDHIR SINGH,283,128,352,1,353,0.03
1590,25,SURENDER KUMAR,283,128,326,-,326,0.03
1591,26,SURENDER,283,128,308,-,308,0.03
1592,27,VIJAY SINGH,283,128,270,2,272,0.02
1593,28,YOGESH BOORA,283,128,267,2,269,0.02
1594,29,NOTA,472,128,3333,33,3366,0.29
1595,1,MANOHAR LAL,159,129,737282,2003,739285,54.93
1596,2,DIVYANSHU BUDHIRAJA,290,129,504437,2271,506708,37.65
1597,3,INDER SINGH,122,129,32410,98,32508,2.42
1598,4,MARATHA VIRENDER VERMA,456,129,28984,167,29151,2.17
1599,5,DEVENDER KADIAN,338,129,11399,68,11467,0.85
1600,6,MANOJ BANSAL,283,129,4000,4,4004,0.3
1601,7,GULSHAN KASHYAP,283,129,2987,7,2994,0.22
1602,8,ASHOK KATARIA,627,129,2898,6,2904,0.22
1603,9,HARJEET SINGH VIRK,655,129,1857,9,1866,0.14
1604,10,SONIA,283,129,1846,5,1851,0.14
1605,11,MANISH,283,129,1587,-,1587,0.12
1606,12,LEENA KOHLI,283,129,1281,11,1292,0.1
1607,13,NITIN GEHLOT,487,129,1252,1,1253,0.09
1608,14,BALWAN SINGH,283,129,1186,2,1188,0.09
1609,15,VINEET CHOUDHARY,149,129,1018,2,1020,0.08
1610,16,ROOP SINGH,532,129,766,3,769,0.06
1611,17,SAWAMI AGNIVESH,283,129,748,4,752,0.06
1612,18,AZAD SINGH PUNIA,283,129,703,2,705,0.05
1613,19,ASHOK KUMAR,283,129,631,2,633,0.05
1614,20,NOTA,472,129,3925,30,3955,0.29
1615,1,SATPAL BRAHAMCHARI,290,130,546163,2519,548682,48.82
1616,2,MOHAN LAL BADOLI,159,130,525069,1797,526866,46.88
1617,3,UMESH KUMAR,122,130,12742,80,12822,1.14
1618,4,ANOOP SINGH,292,130,11384,139,11523,1.03
1619,5,BHUPENDER SINGH MALIK,338,130,7716,104,7820,0.7
1620,6,SANT DHARAMVEER CHOTIVALA,283,130,2150,4,2154,0.19
1621,7,RAMESH,283,130,1651,-,1651,0.15
1622,8,NARESH KASHYAP,7,130,1622,36,1658,0.15
1623,9,SATPAL,283,130,1215,2,1217,0.11
1624,10,GAUBHAGAT SUMIT LATHER,283,130,877,5,882,0.08
1625,11,DR. KAMLESH KUMAR SAINI,283,130,863,3,866,0.08
1626,12,ROHTASH,283,130,775,2,777,0.07
1627,13,BALBIR SINGH,667,130,765,3,768,0.07
1628,14,ASHWANI,283,130,694,1,695,0.06
1629,15,SANJAY DASS,283,130,569,3,572,0.05
1630,16,JAGBEER,283,130,521,3,524,0.05
1631,17,SUNIL KUMAR,532,130,456,11,467,0.04
1632,18,RADHEY SHYAM,487,130,438,3,441,0.04
1633,19,RAKESH,621,130,407,3,410,0.04
1634,20,NIRMAL SINGH,283,130,317,1,318,0.03
1635,21,SURENDER SINGH,283,130,295,1,296,0.03
1636,22,RAKESH DHARIWAL,556,130,214,1,215,0.02
1637,23,NOTA,472,130,2287,33,2320,0.21
1638,1,DEEPENDER SINGH HOODA,290,131,778259,5319,783578,62.76
1639,2,DR. ARVIND KUMAR SHARMA,159,131,435028,3252,438280,35.11
1640,3,RAVINDER,338,131,6209,41,6250,0.5
1641,4,RAKESH SINGH,528,131,2706,8,2714,0.22
1642,5,BISHAMBAR KUMAR,283,131,2394,-,2394,0.19
1643,6,KALAWATI,283,131,2135,15,2150,0.17
1644,7,PARVEEN KUMAR,283,131,1927,1,1928,0.15
1645,8,UDEVIR,283,131,1530,2,1532,0.12
1646,9,VINOD KUMAR,487,131,805,4,809,0.06
1647,10,ASHOK KUMAR,283,131,627,2,629,0.05
1648,11,VISHESH BAMEL,149,131,613,5,618,0.05
1649,12,JAIKARAN MANDAUTHI,667,131,600,7,607,0.05
1650,13,JAGBIR SINGH,146,131,574,19,593,0.05
1651,14,SATISH KUMAR,283,131,524,-,524,0.04
1652,15,SURENDER,7,131,447,23,470,0.04
1653,16,MANISHA,283,131,410,21,431,0.03
1654,17,ARVIND KUMAR SHARMA,283,131,360,7,367,0.03
1655,18,SATISH KUMAR,252,131,359,4,363,0.03
1656,19,ARVIND,283,131,330,-,330,0.03
1657,20,ADVOCATE ADITYA DHANKHAR,673,131,275,12,287,0.02
1658,21,MASTER RANDHIR SINGH,283,131,267,2,269,0.02
1659,22,MANJEET,283,131,267,2,269,0.02
1660,23,SANJAY,283,131,210,2,212,0.02
1661,24,YOGESH SHARMA,283,131,190,-,190,0.02
1662,25,VINAY,283,131,156,3,159,0.01
1663,26,LALIT KUMAR,283,131,129,2,131,0.01
1664,27,NOTA,472,131,2321,41,2362,0.19
1665,1,DHARAMBIR SINGH,159,132,582735,5929,588664,49.74
1666,2,RAO DAN SINGH,290,132,541926,5228,547154,46.24
1667,3,BAHADUR SINGH,338,132,15076,189,15265,1.29
1668,4,SUNIL KUMAR SHARMA,122,132,6239,97,6336,0.54
1669,5,SUBHASH,528,132,4663,32,4695,0.4
1670,6,HEMANT,283,132,3876,5,3881,0.33
1671,7,SEEMA,283,132,2961,18,2979,0.25
1672,8,VED PRAKASH,283,132,1897,3,1900,0.16
1673,9,ANAND KUMAR,146,132,1642,26,1668,0.14
1674,10,YOGBIR SINGH,283,132,1473,5,1478,0.12
1675,11,VARSHA,283,132,993,60,1053,0.09
1676,12,BALWAN,487,132,854,3,857,0.07
1677,13,ROHTASH,667,132,637,3,640,0.05
1678,14,JAI SINGH,283,132,442,9,451,0.04
1679,15,BHARAT BHUSHAN,210,132,440,3,443,0.04
1680,16,ENGINEER MAHAVIR SINGH YADAV,283,132,406,9,415,0.04
1681,17,JAGDISH,283,132,219,10,229,0.02
1682,18,NOTA,472,132,5188,99,5287,0.45
1683,1,RAO INDERJIT SINGH,159,133,805161,3175,808336,50.48
1684,2,RAJ BABBAR,290,133,731696,1561,733257,45.79
1685,3,RAHUL YADAV FAZILPURIA,338,133,13214,64,13278,0.83
1686,4,VIJAY KHATANA,122,133,8900,46,8946,0.56
1687,5,SORAB KHAN,292,133,4897,20,4917,0.31
1688,6,AJAY KUMAR,283,133,3527,1,3528,0.22
1689,7,ASHOK JANGRA,283,133,3002,3,3005,0.19
1690,8,AZAD SINGH,283,133,2744,1,2745,0.17
1691,9,AKSHAT GAIT,283,133,2549,1,2550,0.16
1692,10,LAL CHAND YADAV,146,133,2214,8,2222,0.14
1693,11,SAMAY SINGH,283,133,1885,2,1887,0.12
1694,12,DHARMENDER THAKRAN,683,133,1402,6,1408,0.09
1695,13,VIJAY YADAV,325,133,1120,-,1120,0.07
1696,14,ISHWAR SINGH SUTHANI,487,133,1110,4,1114,0.07
1697,15,COMRADE SARWAN KUMAR GUPTA,667,133,1066,8,1074,0.07
1698,16,VANDNA GULIYA,600,133,980,20,1000,0.06
1699,17,SAMPOORN ANAND,560,133,911,4,915,0.06
1700,18,KUSHESHWAR  BHAGAT,283,133,794,-,794,0.05
1701,19,SINGH RAM,283,133,789,2,791,0.05
1702,20,ANWAR,664,133,572,6,578,0.04
1703,21,FAUJI JAI KAWAR TYAGI (DIXIT),283,133,469,5,474,0.03
1704,22,AKASH VYAS,210,133,436,3,439,0.03
1705,23,VISHNU,283,133,436,1,437,0.03
1706,24,NOTA,472,133,6377,40,6417,0.4
1707,1,KRISHAN PAL,159,134,787332,1237,788569,53.6
1708,2,MAHENDER PRATAP SINGH,290,134,614908,747,615655,41.84
1709,3,KISHAN THAKUR,122,134,25164,42,25206,1.71
1710,4,SUNIL TEWATIA,292,134,8057,28,8085,0.55
1711,5,NALIN HOODA,338,134,5335,26,5361,0.36
1712,6,SAWATANTAR SINGH CHAUHAN,326,134,2951,4,2955,0.2
1713,7,NEERAJ JATAV,283,134,2104,4,2108,0.14
1714,8,HARI SHANKER RAJVANS,31,134,1584,-,1584,0.11
1715,9,ATUL,283,134,1456,2,1458,0.1
1716,10,PANDIT SUMIT KUMAR SHARMA,1,134,1439,5,1444,0.1
1717,11,BRIJABALA,487,134,1370,10,1380,0.09
1718,12,SHYAM SUNDER SINGH,210,134,1247,-,1247,0.08
1719,13,MAHESH PRATAP SHARMA,586,134,1237,3,1240,0.08
1720,14,SATAY DEO YADAV,221,134,953,2,955,0.06
1721,15,RANDHEER SINGH ALIAS DHEERU KHATANA,48,134,919,5,924,0.06
1722,16,SUNIL KUMAR,283,134,888,1,889,0.06
1723,17,BHARAT BHUSHAN KOLI,520,134,807,1,808,0.05
1724,18,SHIV NARAYAN BABA DUBEY,375,134,769,2,771,0.05
1725,19,GYAN CHAND BAINSLA,625,134,751,5,756,0.05
1726,20,RAJESH GAUTAM,283,134,662,1,663,0.05
1727,21,SWAMI RAJENDRA DEV JI,283,134,660,3,663,0.05
1728,22,GIRRAJ,283,134,612,2,614,0.04
1729,23,LEKHRAM DABANG,283,134,610,5,615,0.04
1730,24,SHAKILA HUSSAIN,395,134,547,4,551,0.04
1731,25,NOTA,472,134,6808,13,6821,0.46
1732,1,DR RAJEEV BHARDWAJ,159,135,622482,10311,632793,61.03
1733,2,ANAND SHARMA,290,135,374346,6552,380898,36.74
1734,3,REKHA CHAUDHARY,122,135,7478,275,7753,0.75
1735,4,ADVOCATE SANJAY SHARMA,283,135,2304,15,2319,0.22
1736,5,DR KEHAR SINGH,283,135,2129,49,2178,0.21
1737,6,JEEVAN KUMAR,50,135,1441,35,1476,0.14
1738,7,NARAIN SINGH DOGRA,271,135,1125,46,1171,0.11
1739,8,BHUVNESH KUMAR,531,135,701,55,756,0.07
1740,9,DEV RAJ BHARDWAJ,572,135,588,19,607,0.06
1741,10,ACHAL SINGH,283,135,491,54,545,0.05
1742,11,NOTA,472,135,6260,112,6372,0.61
1743,1,KANGNA RANAUT,159,136,527463,9559,537022,52.87
1744,2,VIKRAMADITYA SINGH,290,136,453760,8507,462267,45.51
1745,3,DR. PRAKASH CHAND BHARDWAJ,122,136,4320,73,4393,0.43
1746,4,NARENDER KUMAR,531,136,2422,25,2447,0.24
1747,5,RAKHEE GUPTA,283,136,1014,37,1051,0.1
1748,6,SUBHASH MOHAN SNEHI,283,136,963,11,974,0.1
1749,7,VINAY KUMAR,50,136,674,16,690,0.07
1750,8,MAHESH  SAINI,271,136,641,13,654,0.06
1751,9,DINESH KUMAR BHATI,283,136,375,6,381,0.04
1752,10,ASHUTOSH MAHANT,283,136,260,26,286,0.03
1753,11,NOTA,472,136,5586,59,5645,0.56
1754,1,ANURAG SINGH THAKUR,159,137,593055,14013,607068,57.97
1755,2,SATPAL RAIZADA,290,137,414828,9883,424711,40.55
1756,3,HEM RAJ,122,137,2694,64,2758,0.26
1757,4,JAGDEEP KUMAR,531,137,1738,26,1764,0.17
1758,5,SURENDER KUMAR GAUTAM,283,137,1401,9,1410,0.13
1759,6,SUBEDAR MAJOR KULWANT SINGH PATIAL,146,137,1176,63,1239,0.12
1760,7,NAND LAL,283,137,978,41,1019,0.1
1761,8,SUMIT RANA,50,137,666,9,675,0.06
1762,9,RAMESH CHAND SARTHI,283,137,544,16,560,0.05
1763,10,ARUN ANKESH SYAL,252,137,412,21,433,0.04
1764,11,GARIB DASS KATOCH,283,137,210,36,246,0.02
1765,12,GOPI CHAND ATTARI,283,137,168,34,202,0.02
1766,13,NOTA,472,137,5100,78,5178,0.49
1767,1,Suresh Kumar Kashyap,159,138,513936,5812,519748,53.58
1768,2,Vinod Sultanpuri,290,138,423388,4909,428297,44.16
1769,3,Anil Kumar Manget,122,138,6379,121,6500,0.67
1770,4,Suresh Kumar,531,138,4766,48,4814,0.5
1771,5,Madan Lal,50,138,4633,43,4676,0.48
1772,6,NOTA,472,138,5876,54,5930,0.61
1773,1,PRIYANKA SATISH JARKIHOLI,290,158,710823,2638,713461,51.21
1774,2,ANNASAHEB SHANKAR JOLLE,159,158,618168,4459,622627,44.69
1775,3,KALLOLIKAR SHAMBHU KRISHNA,283,158,25351,115,25466,1.83
1776,4,SAMMED SARADAR VARDHAMANE,283,158,5351,2,5353,0.38
1777,5,SHRENIK ANNASAHEB JANGATE,283,158,5179,2,5181,0.37
1778,6,APPASAHEB SHRIPATI KURANE,641,158,4635,19,4654,0.33
1779,7,VILAS MANNUR,283,158,4143,7,4150,0.3
1780,8,SATTEPPA DASHARATH KALELI,146,158,1304,15,1319,0.09
1781,9,YASIN SHIRAJUDDIN PATAKI,283,158,1279,2,1281,0.09
1782,10,KASHINATH KALLAPPA KURANI,283,158,1097,11,1108,0.08
1783,11,MAHESH ASHOK KASAR,283,158,1002,7,1009,0.07
1784,12,MOHAN GURAPPA MOTANNAVAR,283,158,938,8,946,0.07
1785,13,KUMAR SAMBHAJI DONGARE,368,158,930,11,941,0.07
1786,14,PAVANKUMAR BABURAV MALAGE,115,158,655,11,666,0.05
1787,15,DR|| KADAYYA HIREMATH (SWAMIJI),283,158,642,5,647,0.05
1788,16,BHIMASEN DATTU SANADI,283,158,614,5,619,0.04
1789,17,GAJANAN L. PUJARI,283,158,591,9,600,0.04
1790,18,JITENDRA SUBHASH NERLE,283,158,452,5,457,0.03
1791,19,NOTA,472,158,2571,37,2608,0.19
1792,1,JAGADISH SHETTAR,159,159,756471,5558,762029,55.06
1793,2,MRINAL R HEBBALKAR,290,159,580897,2695,583592,42.17
1794,3,MAHADEV PATIL,283,159,9425,78,9503,0.69
1795,4,BASAPPA GURUSIDDAPPA KUMBAR,368,159,5406,35,5441,0.39
1796,5,ASHOK APPAYA APPUGOL,122,159,4350,57,4407,0.32
1797,6,RAVI SHIVAPPA PADASALAGI,283,159,3911,15,3926,0.28
1798,7,VIJAY S METHRANI,283,159,2804,4,2808,0.2
1799,8,PRAJAAKEEYA MALLAPPA CHOGALA (PREM),713,159,1413,20,1433,0.1
1800,9,LAXMAN JADAGANNAVAR,667,159,1287,15,1302,0.09
1801,10,NITIN ASHOK MHADAGUT,283,159,1286,24,1310,0.09
1802,11,PUNDALIK ITNAL,283,159,1062,37,1099,0.08
1803,12,ASHOK P HANAJI,283,159,668,11,679,0.05
1804,13,ASHPAKAHMAD USTAD,283,159,622,12,634,0.05
1805,14,NOTA,472,159,5683,43,5726,0.41
1806,1,GADDIGOUDAR. PARVATAGOUDA. CHANDANAGOUDA.,159,160,667441,3598,671039,50.93
1807,2,SAMYUKTA SHIVANAND PATIL,290,160,600741,1899,602640,45.74
1808,3,NAGARAJ. S. KALKUTAGAR,283,160,5628,1,5629,0.43
1809,4,PARASHURAM. LAXMAN. NEELANAIK,283,160,5084,6,5090,0.39
1810,5,ANTHOSH SAVVASE,713,160,4909,14,4923,0.37
1811,6,JYOTI GULEDGUDDA,283,160,4636,9,4645,0.35
1812,7,M. B. SIDAGONI,122,160,4453,26,4479,0.34
1813,8,DR. MUTTU. S. SURAKOD. (MADAR),283,160,3131,4,3135,0.24
1814,9,PRASHANT RAO,283,160,1909,5,1914,0.15
1815,10,DATTATREYA DASHARATHA TAVARE,283,160,1607,13,1620,0.12
1816,11,AMBROSE D' MELLO,283,160,1203,2,1205,0.09
1817,12,KENGANAL. MALLIKARJUN. BHIMAPPA,283,160,1189,18,1207,0.09
1818,13,MALLIKARJUN H. T.,667,160,1137,7,1144,0.09
1819,14,RAJESAB BURANSAB. MASALI,283,160,988,4,992,0.08
1820,15,SHARANAPPA MALLAPPA KOTLANNAVAR,283,160,830,2,832,0.06
1821,16,RAVI SHIVAPPA PADASALAGI,283,160,654,2,656,0.05
1822,17,SAIYYAD IMAMSAB JAKALI,705,160,546,4,550,0.04
1823,18,ABDULAZIZ KALADAGI PENDARI,283,160,524,5,529,0.04
1824,19,MUTTAPPA MUDAKAPPA HIREKUMBI,516,160,509,9,518,0.04
1825,20,SAGAR. BASAPPA. KUMBAR,368,160,494,5,499,0.04
1826,21,S. M. MARIGOUDAR,240,160,451,3,454,0.03
1827,22,SHANKAR. VENKAPPA. NAIKAR.,592,160,431,10,441,0.03
1828,23,NOTA,472,160,3398,22,3420,0.26
1829,1,RAMESH JIGAJINAGI,159,161,669055,3726,672781,51.91
1830,2,RAJU ALAGUR.,290,161,593277,2275,595552,45.95
1831,3,GANAPATI  RATHOD (HANJAGI),368,161,7652,39,7691,0.59
1832,4,BHOVI TARABAI,283,161,4342,11,4353,0.34
1833,5,RAMJI YAMANAPPA BUDDHAPRIYA,439,161,2414,12,2426,0.19
1834,6,NAGAJYOTI.B.N.,667,161,2375,17,2392,0.18
1835,7,RAJAKUMAR APPANNA HONNAKATTI,573,161,1784,10,1794,0.14
1836,8,JITENDRA.ASHOK. KAMBLE,592,161,1605,18,1623,0.13
1837,9,NOTA,472,161,7482,20,7502,0.58
1838,1,RADHAKRISHNA,290,162,650623,1698,652321,49.78
1839,2,DR. UMESH G JADHAV,159,162,622615,2501,625116,47.7
1840,3,HUCHESHWARA WATHAR GOUR,122,162,7871,17,7888,0.6
1841,4,SUNDAR,283,162,3675,2,3677,0.28
1842,5,JYOTI RAMESH CHAVAN,283,162,2787,18,2805,0.21
1843,6,SHARANAPPA (PINTU),283,162,1879,5,1884,0.14
1844,7,TARABAI BHOVI,283,162,1546,4,1550,0.12
1845,8,RAMESH BHIMSING CHAVAN,283,162,1332,2,1334,0.1
1846,9,ANAND SINNUR,283,162,1271,9,1280,0.1
1847,10,NAGENDRA RAO,713,162,1211,15,1226,0.09
1848,11,S.M.SHARMA,667,162,1136,8,1144,0.09
1849,12,RAJKUMAR,213,162,702,7,709,0.05
1850,13,VIJAY JADHAV,368,162,555,5,560,0.04
1851,14,B. VIJAYKUMAR CHINCHANSOORKAR,497,162,548,6,554,0.04
1852,15,NOTA,472,162,8416,13,8429,0.64
1853,1,G. KUMAR NAIK.,290,163,669413,1553,670966,51.63
1854,2,RAJA AMARESHWARA NAIK.,159,163,588833,2352,591185,45.49
1855,3,S. NARASANNA GOUDA NAYAKA,122,163,9275,14,9289,0.71
1856,4,BASAVA PRABHU. MEDA,368,163,5173,8,5181,0.4
1857,5,AMARESH,283,163,4459,6,4465,0.34
1858,6,YALLAMMA DALAPATHI,283,163,3629,5,3634,0.28
1859,7,MEDHAR SHAMRAO,187,163,2625,15,2640,0.2
1860,8,RAMALINGAPPA,667,163,2404,5,2409,0.19
1861,9,NOTA,472,163,9825,25,9850,0.76
1862,1,SAGAR ESHWAR KHANDRE,290,164,665162,1155,666317,53.63
1863,2,BHAGWANTH KHUBA,159,164,535766,1676,537442,43.26
1864,3,AMBADAS SOPANRAO HULSURE,115,164,5300,2,5302,0.43
1865,4,PUTARAJ,122,164,4541,13,4554,0.37
1866,5,DR. DINKAR MORE,283,164,4105,11,4116,0.33
1867,6,SRI ROPH ABDUL GANI,283,164,3101,3,3104,0.25
1868,7,SHIVRAJ ADIVEPPA SATWAR,283,164,3076,3,3079,0.25
1869,8,RAMVILAS RAMULALJI NAVANDAR,283,164,2694,-,2694,0.22
1870,9,RIYAZ AHMED,283,164,1710,1,1711,0.14
1871,10,MOHD. SHAFEEQ UR RAHAMAN,71,164,1684,10,1694,0.14
1872,11,JAIRAJ KASHAPPA BUKKA ADVOCATE,283,164,1493,-,1493,0.12
1873,12,BALBHEEM UNNE,283,164,1462,8,1470,0.12
1874,13,WASEEMUDDIN,283,164,1169,1,1170,0.09
1875,14,MAHESH GORNALKAR,592,164,974,7,981,0.08
1876,15,DILIP KADWAD,283,164,791,7,798,0.06
1877,16,GOPAL M.P. GARAMPALLI,283,164,765,2,767,0.06
1878,17,RAMESH J CHAVAN,368,164,471,1,472,0.04
1879,18,RAMCHANDRA NARAYAN KACHAVE,379,164,468,4,472,0.04
1880,19,NOTA,472,164,4674,12,4686,0.38
1881,1,K. RAJASHEKAR BASAVARAJ HITNAL,290,165,661921,1590,663511,49.93
1882,2,DR . BASAVARAJ. K. SHARANAPPA,159,165,614866,2288,617154,46.44
1883,3,MALLIKARJUN HADAPAD,283,165,7310,4,7314,0.55
1884,4,SHANKARA,122,165,7031,12,7043,0.53
1885,5,KARADI BASAVARAJ,283,165,5868,9,5877,0.44
1886,6,RUKMINI,283,165,5279,3,5282,0.4
1887,7,SURESH. GOUDA MUNDINAMANE,283,165,4641,1,4642,0.35
1888,8,NAGARAJ KALAL,283,165,1992,2,1994,0.15
1889,9,KALAPPA YACHRAPPA BADIGER VISHWAKARMA,283,165,1967,15,1982,0.15
1890,10,PA.YA. GANESH,283,165,1892,3,1895,0.14
1891,11,HANAMESH . S . H. SHAKHAPUR,283,165,1247,1,1248,0.09
1892,12,KAREEMPASHA GACHCHINMANI.,283,165,1233,5,1238,0.09
1893,13,ANNOJI RAO. G,641,165,1113,4,1117,0.08
1894,14,SHARANAPPA,667,165,1097,9,1106,0.08
1895,15,NIRUPADI K GOMARSI,368,165,891,9,900,0.07
1896,16,RAMZANBEE,71,165,800,6,806,0.06
1897,17,D DURGA PRASAD BYATARAYANAJI,222,165,798,1,799,0.06
1898,18,C. SHARANA BASAPPA,594,165,770,6,776,0.06
1899,19,IMAMSAB JANGLISAB MULLA,283,165,728,5,733,0.06
1900,20,NOTA,472,165,3496,23,3519,0.26
1901,1,E. TUKARAM,290,166,729581,1264,730845,52.58
1902,2,B. SREERAMULU,159,166,629813,2040,631853,45.46
1903,3,VALMIKI KRISHNAPPA,122,166,5901,10,5911,0.43
1904,4,C. CHANNAVEERA,368,166,3794,3,3797,0.27
1905,5,CONDUCTOR PAMPAPATHI,283,166,2458,2,2460,0.18
1906,6,VEERESH,283,166,1862,8,1870,0.13
1907,7,A. DEVADAS,667,166,1739,2,1741,0.13
1908,8,MANJUNATHA GOSAL,497,166,1319,3,1322,0.1
1909,9,ARUN.S.HIREHAL,283,166,1281,1,1282,0.09
1910,10,G. SWAMY,459,166,940,4,944,0.07
1911,11,NOTA,472,166,7871,18,7889,0.57
1912,1,BASAVARAJ BOMMAI,159,167,702189,3349,705538,50.55
1913,2,ANANDSWAMY GADDADEVARMATH,290,167,660191,1834,662025,47.43
1914,3,SUNANDA KARIYAPPA SHIRHATTI,283,167,4705,2,4707,0.34
1915,4,KHAJAMOHIDDIN GUDAGERI,666,167,3398,3,3401,0.24
1916,5,GANGADHAR BADIGER,667,167,2264,6,2270,0.16
1917,6,RUDRAPPA BASAPPA KUMBAR,283,167,1352,4,1356,0.1
1918,7,BASAVARAJ B HADI,283,167,1065,6,1071,0.08
1919,8,PRAJAKEEYA SACHINKUMAR KARJEKANNAVAR,713,167,1058,14,1072,0.08
1920,9,DR. G H IMRAPUR,283,167,930,23,953,0.07
1921,10,JAGADISH YALLAPPA BANKAPURA,283,167,660,14,674,0.05
1922,11,TANU CHIKKANNA YADAV,368,167,628,8,636,0.05
1923,12,H K NARASIMHAPPA,616,167,445,1,446,0.03
1924,13,VISHWANATH SHEERI,252,167,401,-,401,0.03
1925,14,RASHEEDA BEGUM,289,167,396,1,397,0.03
1926,15,NOTA,472,167,10831,34,10865,0.78
1927,1,PRALHAD JOSHI,159,168,713649,2582,716231,52.41
1928,2,VINOD ASOOTI,290,168,617616,1291,618907,45.29
1929,3,SHAKEELAHMAD.D.MULLA,283,168,5866,6,5872,0.43
1930,4,S. S. PATIL,283,168,5153,8,5161,0.38
1931,5,RAJU ANANTSA NAIKWADI,283,168,3601,-,3601,0.26
1932,6,JAVEED AHAMED BELGAUMKAR.,439,168,3551,7,3558,0.26
1933,7,SHARANABASAV GONAVAR,667,168,1148,19,1167,0.09
1934,8,BALANAGOUDRA MALLIKARJUNAGOUDA,283,168,986,1,987,0.07
1935,9,TAKAPPA YALLAPPA KALAL,497,168,901,4,905,0.07
1936,10,BUGADI BASAVALINGAPPA IRAPPA,713,168,796,4,800,0.06
1937,11,NAGARAJ. KARENNAVAR.,368,168,553,2,555,0.04
1938,12,PRAVEEN H. H.,283,168,545,3,548,0.04
1939,13,DR. GURAPPA H IMRAPUR,283,168,510,4,514,0.04
1940,14,BANKAPUR SHOUKATALI,705,168,464,9,473,0.03
1941,15,VINOD DASHARATH GHODKE,506,168,409,2,411,0.03
1942,16,VENKATESH PRASAD. H,288,168,334,3,337,0.02
1943,17,MOHAMMED ISMAIL MUKTI,172,168,313,4,317,0.02
1944,18,NOTA,472,168,6126,21,6147,0.45
1945,1,VISHWESHWAR HEGDE KAGERI,159,169,777887,4608,782495,61.97
1946,2,DR. ANJALI NIMBALKAR,290,169,443296,1771,445067,35.25
1947,3,RAJSHEKHAR. SHANKAR. HINDALAGI.,283,169,5384,13,5397,0.43
1948,4,GANAPATI HEGDE,667,169,4427,45,4472,0.35
1949,5,NIRANJAN UDAYSINH SIRDESAI,283,169,4116,53,4169,0.33
1950,6,NAGARAJ. ANANT. SHIRALI.,283,169,2860,22,2882,0.23
1951,7,CHIDANAND  HANUMANTHAPPA HARIJAN,283,169,1707,14,1721,0.14
1952,8,PRAJAAKEEYA SUNIL,713,169,1523,43,1566,0.12
1953,9,VINAYAK NAIK,368,169,1230,33,1263,0.1
1954,10,K. P. PATIL,283,169,901,55,956,0.08
1955,11,KRISHNA BALEGAR,283,169,897,23,920,0.07
1956,12,ARAVIND GOWDA,283,169,872,32,904,0.07
1957,13,AVINASH. NARAYAN. PATIL.,283,169,761,12,773,0.06
1958,14,NOTA,472,169,10151,25,10176,0.81
1959,1,DR. PRABHA MALLIKARJUN,290,170,631453,1606,633059,47.95
1960,2,GAYITHRI SIDDESHWARA,159,170,604531,2434,606965,45.97
1961,3,G.B.VINAY KUMAR,283,170,42624,283,42907,3.25
1962,4,T.JABEENA AAPA,283,170,5127,1,5128,0.39
1963,5,D. HANUMANTHAPPA,122,170,4462,13,4475,0.34
1964,6,TASLIM BANU,283,170,4140,1,4141,0.31
1965,7,T.CHANDRU,283,170,3043,-,3043,0.23
1966,8,G.M.GAYITRI SIDDESHI,283,170,2453,11,2464,0.19
1967,9,PARAVEEJ.H,283,170,1867,2,1869,0.14
1968,10,ESHWARA SHENGA,713,170,1424,6,1430,0.11
1969,11,A.K.GANESH,283,170,1054,1,1055,0.08
1970,12,M.C.SREENIVAS,172,170,968,5,973,0.07
1971,13,SYED ZABIULLA.K,283,170,843,1,844,0.06
1972,14,ANABERU THIPPESWAMY,667,170,842,7,849,0.06
1973,15,SALEEM S,283,170,799,-,799,0.06
1974,16,MOHAMED HAYATH.M,283,170,721,1,722,0.05
1975,17,ABDUL NAZEER AHAMMED,283,170,651,1,652,0.05
1976,18,RASHEED KHAN,283,170,599,1,600,0.05
1977,19,M.G.SRIKANTH,459,170,555,6,561,0.04
1978,20,M.P. KHALANDAR,231,170,536,3,539,0.04
1979,21,PEDDAPPA S,283,170,506,2,508,0.04
1980,22,G.M.BARKATH ALI BASHA,283,170,470,1,471,0.04
1981,23,K.S. VEERBHADRAPPA,368,170,466,9,475,0.04
1982,24,VEERESH.S (LION VEERESH),518,170,457,1,458,0.03
1983,25,DODDESH.H.S,330,170,439,1,440,0.03
1984,26,BARKATH ALI,283,170,409,2,411,0.03
1985,27,MANJU. MARIKOPPA,283,170,376,2,378,0.03
1986,28,RUDRESHA.K.H,612,170,346,2,348,0.03
1987,29,RAVINAIK. B,283,170,317,3,320,0.02
1988,30,MAHABUB BASHA,283,170,308,-,308,0.02
1989,31,NOTA,472,170,3165,11,3176,0.24
1990,1,B.Y.RAGHAVENDRA,159,171,775731,2990,778721,56.54
1991,2,GEETHA SHIVARAJKUMAR,290,171,533622,1384,535006,38.85
1992,3,K. S. ESHWARAPPA,283,171,29959,91,30050,2.18
1993,4,BANDI,283,171,7265,1,7266,0.53
1994,5,RAVIKUMARA N.,283,171,4551,1,4552,0.33
1995,6,POOJA N. ANNAIAH,283,171,3454,3,3457,0.25
1996,7,A.D. SHIVAPPA,122,171,2772,7,2779,0.2
1997,8,N. V. NAVEEN KUMAR,283,171,1992,1,1993,0.14
1998,9,ARUNA KANAHALLI,713,171,1475,3,1478,0.11
1999,10,E.H. NAYAK,283,171,953,1,954,0.07
2000,11,JOHN BENNY,283,171,863,4,867,0.06
2001,12,GANESH. B (BELLI),283,171,736,11,747,0.05
2002,13,D.S. ESHWARAPPA,283,171,687,8,695,0.05
2003,14,KUNAJE MANJUNATHA GOWDA,283,171,671,12,683,0.05
2004,15,S.K PRABHU,368,171,611,6,617,0.04
2005,16,SHIVARUDRAIAH SWAMY,283,171,599,-,599,0.04
2006,17,IMTIYAZ A. ATTAR,283,171,440,2,442,0.03
2007,18,MOHAMMED YUSUF KHAN,738,171,403,1,404,0.03
2008,19,G. JAYADEVA,283,171,367,1,368,0.03
2009,20,CHANDRASHEKAR. H C,283,171,352,5,357,0.03
2010,21,P. SRIPATHI. BHAT,283,171,343,1,344,0.02
2011,22,SANDESH SHETTY. A,283,171,292,1,293,0.02
2012,23,H SURESH POOJARI,283,171,219,1,220,0.02
2013,24,NOTA,472,171,4311,21,4332,0.31
2014,1,KOTA SRINIVAS POOJARY,159,172,728219,4015,732234,59.56
2015,2,K. JAYAPRAKASH HEGDE,290,172,470769,2290,473059,38.48
2016,3,K.T. RADHAKRISHNA,122,172,5378,39,5417,0.44
2017,4,SUDHEER KANCHAN MARAKALA,283,172,2281,5,2286,0.19
2018,5,SACHIN B.K,713,172,1299,34,1333,0.11
2019,6,M. K. DAYANANDA,507,172,1049,20,1069,0.09
2020,7,VIJAY KUMAR M. G,283,172,943,13,956,0.08
2021,8,SUPREETH KUMAR POOJARY KATEEL,330,172,670,20,690,0.06
2022,9,SHABAREESH,371,172,560,5,565,0.05
2023,10,L. RANGANATH GOWDA,368,172,536,4,540,0.04
2024,11,NOTA,472,172,11235,34,11269,0.92
2025,1,SHREYAS. M. PATEL,290,173,670274,2714,672988,49.67
2026,2,PRAJWAL REVANNA,333,173,626536,3803,630339,46.52
2027,3,GANGADHAR BAHUJAN,122,173,12068,105,12173,0.9
2028,4,DEVARAJ M.Y,368,173,6033,24,6057,0.45
2029,5,H D REVANNA,512,173,4256,16,4272,0.32
2030,6,BASAVARAJU J.D (EX-ARMY),283,173,3983,80,4063,0.3
2031,7,SANTHOSH B.N,283,173,3444,5,3449,0.25
2032,8,HEMANTH GAVEESH,283,173,3277,4,3281,0.24
2033,9,PRATHAPA K.A,713,173,3213,37,3250,0.24
2034,10,S.K. NINGARAJA,115,173,1710,20,1730,0.13
2035,11,B.N. SURESHA (SURESHGOWDA),283,173,1409,9,1418,0.1
2036,12,SIDDABHOVI,283,173,940,47,987,0.07
2037,13,SHIVARAJ. B,596,173,843,5,848,0.06
2038,14,R.G. SATHISHA RAMEDEVARAPURA,283,173,823,46,869,0.06
2039,15,K.R. GANGADHARAPPA,283,173,734,8,742,0.05
2040,16,NOTA,472,173,8470,71,8541,0.63
2041,1,CAPTAIN BRIJESH CHOWTA,159,174,760130,4002,764132,53.97
2042,2,PADMARAJ.R.POOJARY,290,174,612103,2821,614924,43.43
2043,3,KANTHAPPA ALANGAR,122,174,4202,30,4232,0.3
2044,4,DURGA PRASAD,371,174,2578,14,2592,0.18
2045,5,SUPREETH KUMAR POOJARY  KATEEL,283,174,1884,17,1901,0.13
2046,6,MAXIM PINTO,283,174,1654,36,1690,0.12
2047,7,PRAJAAKEEYA MANOHARA,713,174,964,7,971,0.07
2048,8,DEEPAK RAJESH COELHO,283,174,950,26,976,0.07
2049,9,RANJINI. M,368,174,758,18,776,0.05
2050,10,NOTA,472,174,23515,61,23576,1.67
2051,1,GOVIND MAKTHAPPA KARJOL,159,175,681217,3673,684890,50.11
2052,2,B.N.CHANDRAPPA,290,175,634152,2617,636769,46.58
2053,3,ASHOKA CHAKRAVARTHI,122,175,7679,26,7705,0.56
2054,4,NARASIMHARAJU. C.N.,368,175,4932,18,4950,0.36
2055,5,SRINIVASAPURADA SRINIVASABABU PAVAGADA,283,175,4539,9,4548,0.33
2056,6,"B. VENKATESHA, SHILPI",283,175,4196,5,4201,0.31
2057,7,MANJUNATHA SWAMY T,283,175,2652,24,2676,0.2
2058,8,BHUTHARAJA. V.S.,283,175,2386,11,2397,0.18
2059,9,RAGHU KUMAR .S,283,175,2318,19,2337,0.17
2060,10,RAMESH NAIK .T.,713,175,2187,19,2206,0.16
2061,11,NAGARAJAPPA,283,175,1674,5,1679,0.12
2062,12,K  NARASHIMAMURTHY,283,175,1385,12,1397,0.1
2063,13,SUDHAKARA .R,283,175,1201,10,1211,0.09
2064,14,TULASI.H,283,175,1065,17,1082,0.08
2065,15,GANESH.,283,175,1048,45,1093,0.08
2066,16,SHABAREESH.,371,175,1014,4,1018,0.07
2067,17,SUJATHA .D.,667,175,996,18,1014,0.07
2068,18,DR M.P. DARAKESWARAIAH,283,175,982,10,992,0.07
2069,19,AMRUTH RAJA.,283,175,804,30,834,0.06
2070,20,B.T. RAMASUBBAIAH,289,175,718,2,720,0.05
2071,21,NOTA,472,175,3156,34,3190,0.23
2072,1,V. SOMANNA,159,176,716709,4237,720946,55.31
2073,2,S.P. MUDDAHANUMEGOWDA,290,176,543064,2288,545352,41.84
2074,3,J.K. SAMI,283,176,6761,14,6775,0.52
2075,4,RAJASIMHA J. N.,122,176,5521,33,5554,0.43
2076,5,S.N. SWAMY,667,176,4582,9,4591,0.35
2077,6,RANGANATHA. R.S,283,176,3129,3,3132,0.24
2078,7,MALLIKARJUNAIAH,283,176,1872,8,1880,0.14
2079,8,SIDDARAMEGOWDA T. B,283,176,1644,2,1646,0.13
2080,9,PRADEEP KUMAR DODDAMUDDEGOWDA,368,176,1606,12,1618,0.12
2081,10,H.L. MOHAN KUMAR,283,176,890,3,893,0.07
2082,11,PRAKASH. R.A. JAIN,283,176,859,4,863,0.07
2083,12,NEELAKANTESHA. H S,283,176,710,9,719,0.06
2084,13,R. PUSHPA,283,176,622,7,629,0.05
2085,14,B. DEVARAJ,283,176,491,8,499,0.04
2086,15,R. NARAYANAPPA,283,176,483,24,507,0.04
2087,16,DR. H.B.M. HIREMATH,363,176,477,-,477,0.04
2088,17,KAPANIGOWDA.,283,176,451,20,471,0.04
2089,18,BASAVARAJU. H.R,448,176,433,6,439,0.03
2090,19,NOTA,472,176,6426,34,6460,0.5
2091,1,H.D. KUMARASWAMY,333,177,847482,4399,851881,58.34
2092,2,VENKATARAMANE GOWDA (STAR CHANDRU),290,177,564778,2483,567261,38.85
2093,3,CHANDAN GOWDA. K,283,177,12310,84,12394,0.85
2094,4,SHIVASHANKARA. S,122,177,6903,61,6964,0.48
2095,5,RAMAIAH. D,283,177,3796,14,3810,0.26
2096,6,RANJITHA. N,283,177,2897,12,2909,0.2
2097,7,CHANDRASHEKARA. K.R (CHANDRU KEELARA),368,177,1465,11,1476,0.1
2098,8,BUDAYYA. B.P,370,177,1358,12,1370,0.09
2099,9,LOKESHA. S (AARYA LOKESH),713,177,1151,12,1163,0.08
2100,10,BEERESH. C.T (SAINIKA BEERESH),283,177,919,12,931,0.06
2101,11,N.BASAVARAJU,283,177,802,41,843,0.06
2102,12,H.D. REVANNA,512,177,584,6,590,0.04
2103,13,CHANNAMAYIGOWDA,283,177,496,1,497,0.03
2104,14,S.ARVIND,283,177,440,2,442,0.03
2105,15,NOTA,472,177,7706,30,7736,0.53
2106,1,YADUVEER KRISHNADATTA CHAMARAJA WADIYAR,159,178,790391,5112,795503,53.59
2107,2,M. LAKSHMANA,290,178,653739,2502,656241,44.21
2108,3,RANGASWAMY. M,283,178,4301,5,4306,0.29
2109,4,KADAMBA NAA AMBARISH,365,178,4069,11,4080,0.27
2110,5,A. S. SATHISH,283,178,3736,10,3746,0.25
2111,6,RAMAMURTHY. M,283,178,3601,4,3605,0.24
2112,7,RAJU,283,178,1940,9,1949,0.13
2113,8,PRAJAKEEYA LEELA SHIVAKUMAR,713,178,1724,30,1754,0.12
2114,9,COMRADE SUNIL T. R,667,178,1538,22,1560,0.11
2115,10,H. K. KRISHNA,370,178,1479,10,1489,0.1
2116,11,HARISH GOWDA,666,178,967,9,976,0.07
2117,12,P. S. YADURAPPA,283,178,874,4,878,0.06
2118,13,AMBEDKAR. C. J,283,178,821,14,835,0.06
2119,14,DARSHAN K PONNETI,283,178,761,3,764,0.05
2120,15,M. S. PRAVEEN,368,178,735,5,740,0.05
2121,16,CHRISTOPHER RAJ KUMAR,283,178,533,11,544,0.04
2122,17,DR. H. M. NANJUNDASWAMY,616,178,519,4,523,0.04
2123,18,A. G. RAMACHANDRA RAO,651,178,487,3,490,0.03
2124,19,NOTA,472,178,4446,44,4490,0.3
2125,1,SUNIL BOSE,290,179,749926,1745,751671,54.87
2126,2,BALARAJ.S,159,179,561056,1909,562965,41.1
2127,3,M.KRISHNA MURTHY,122,179,15819,84,15903,1.16
2128,4,C.M.KRISHNA,249,179,8074,15,8089,0.59
2129,5,G.D.RAJAGOPAL (H.D.KOTE),283,179,3949,5,3954,0.29
2130,6,SUMA.S,667,179,3821,5,3826,0.28
2131,7,MAHADEVASWAMY B M (PAMPI),283,179,3414,7,3421,0.25
2132,8,H.K.SWAMY HARADANAHALLI,283,179,3206,2,3208,0.23
2133,9,PATAS PRADEEP KUMAR.M,283,179,1969,17,1986,0.14
2134,10,KADAMBA. NAA. AMBARISH,283,179,1738,5,1743,0.13
2135,11,NINGARAJU.S,365,179,1406,5,1411,0.1
2136,12,KANDALLI MAHESH,368,179,1249,3,1252,0.09
2137,13,NINGARAJ.G,283,179,1236,11,1247,0.09
2138,14,PRASANNA KUMAR.B,367,179,972,6,978,0.07
2139,15,NOTA,472,179,8094,49,8143,0.59
2140,1,DR C N MANJUNATH,159,180,1075553,3449,1079002,56.21
2141,2,D K SURESH,290,180,807459,1896,809355,42.16
2142,3,ABHISHEK K,713,180,6191,11,6202,0.32
2143,4,SURESH M N,283,180,3231,5,3236,0.17
2144,5,HEMAVATHI K,667,180,1768,6,1774,0.09
2145,6,J T PRAKASH,283,180,1468,4,1472,0.08
2146,7,N KRISHNAPPA,514,180,1396,6,1402,0.07
2147,8,C N MANJUNATHA,115,180,1350,50,1400,0.07
2148,9,KUMAR L,172,180,1052,14,1066,0.06
2149,10,MAHAMAD MUSADIK PASHA,368,180,817,4,821,0.04
2150,11,NARASIMHAMURTHY J P,283,180,809,4,813,0.04
2151,12,SURESH S,370,180,792,6,798,0.04
2152,13,VASIST J,231,180,546,38,584,0.03
2153,14,MOHAMMAD DASTAGEER,738,180,486,-,486,0.03
2154,15,H V CHANDRASHEKAR,724,180,473,7,480,0.03
2155,16,NOTA,472,180,10633,16,10649,0.55
2156,1,SHOBHA KARANDLAJE,159,181,982805,3244,986049,56.27
2157,2,PROFESSOR M.V RAJEEV GOWDA,290,181,725190,1383,726573,41.46
2158,3,GOVINDAIAH,122,181,4614,17,4631,0.26
2159,4,SANTHOSH M,713,181,3450,11,3461,0.2
2160,5,UDAYA SHANKAR.G,497,181,2676,2,2678,0.15
2161,6,LAKSHMI SRIHARI.J.N.,283,181,2091,3,2094,0.12
2162,7,DILIP KUMAR I.S.,283,181,1896,7,1903,0.11
2163,8,K.M.MAHADEVA,283,181,1716,4,1720,0.1
2164,9,K.V.NANJUNDASWAMY,283,181,1363,2,1365,0.08
2165,10,SHOBHA,283,181,1272,8,1280,0.07
2166,11,Y.R.KALLESHWARI,616,181,1072,5,1077,0.06
2167,12,NIRMALA H.L,667,181,972,5,977,0.06
2168,13,H.R.NATARAJ,283,181,857,4,861,0.05
2169,14,BHASKAR ANKALAMADUGU SHIVAREDDY,283,181,831,-,831,0.05
2170,15,SHIVAKUMAR. B,368,181,813,4,817,0.05
2171,16,SUDHA.  V,283,181,650,7,657,0.04
2172,17,KRISHNAIAH,572,181,556,3,559,0.03
2173,18,HEBBAL VENKATESH.J,592,181,422,3,425,0.02
2174,19,"GLOBE STAR J. JAI SIMHA VARMA, B E.",256,181,356,3,359,0.02
2175,20,SHOBAN BABU  V,288,181,315,5,320,0.02
2176,21,PARASAPPA BHEEMAPPA GAJJERI,518,181,313,-,313,0.02
2177,22,NOTA,472,181,13499,55,13554,0.77
2178,1,P C MOHAN,159,182,657236,1679,658915,50.05
2179,2,MANSOOR ALI KHAN,290,182,625368,840,626208,47.57
2180,3,SATISH CHANDRA. M.,122,182,3071,16,3087,0.23
2181,4,JAYALAKSHMI SUNDARA RAJAN,283,182,2755,6,2761,0.21
2182,5,SURESH BABU. M. C,713,182,1735,4,1739,0.13
2183,6,K. MANJUNATHA,283,182,1552,4,1556,0.12
2184,7,S. M. KRISHNA,283,182,1466,8,1474,0.11
2185,8,MURUGESH. R,283,182,1162,-,1162,0.09
2186,9,UMA. V.,283,182,820,7,827,0.06
2187,10,PRAKASH. K,368,182,766,13,779,0.06
2188,11,H. P. SHIVAPRAKASH,667,182,700,7,707,0.05
2189,12,MODI SAIFULLA,283,182,688,7,695,0.05
2190,13,ABHAYA SHEELA.,572,182,625,10,635,0.05
2191,14,KARTHIK. K,734,182,594,7,601,0.05
2192,15,T.R. JAGANNATHA RAO,172,182,456,4,460,0.03
2193,16,VASANTH KUMAR ERAPPA,283,182,439,-,439,0.03
2194,17,C.M. SHABAZ KHAN,738,182,428,1,429,0.03
2195,18,WHITEFIELD MURUGESH .C,594,182,376,2,378,0.03
2196,19,B. KRISHNA PRASAD,506,182,324,3,327,0.02
2197,20,MUKTHAR ALI KHAN,366,182,314,-,314,0.02
2198,21,SYED ASIF BUKHARI,283,182,286,-,286,0.02
2199,22,RANJITH VISHWA,616,182,270,4,274,0.02
2200,23,RUMAN SHARIFFE,283,182,170,1,171,0.01
2201,24,YALLAPPA.,283,182,158,2,160,0.01
2202,25,NOTA,472,182,12103,23,12126,0.92
2203,1,TEJASVI SURYA,159,183,747780,3050,750830,60.1
2204,2,SOWMYA REDDY,290,183,472754,993,473747,37.92
2205,3,ARUN PRASAD.A,122,183,2416,9,2425,0.19
2206,4,TINTISHA HEMACHANDRA SAGAR,283,183,1962,6,1968,0.16
2207,5,VATAL NAGARAJ,364,183,1857,10,1867,0.15
2208,6,KEMPEGOWDA,459,183,1390,3,1393,0.11
2209,7,TEJASWINI DHANANJAY,283,183,1147,3,1150,0.09
2210,8,BALAKRISHNA.M.,713,183,1106,4,1110,0.09
2211,9,JAYAPAL.D,283,183,940,2,942,0.08
2212,10,RANJITH GOWDA,283,183,859,1,860,0.07
2213,11,V.RAJKUMAR VCK,283,183,738,2,740,0.06
2214,12,RAGHUPATHI BHAT,368,183,737,1,738,0.06
2215,13,DR HARISH GOWDA,283,183,555,8,563,0.05
2216,14,CHETAN CHAMAN,231,183,490,2,492,0.04
2217,15,A . RAJ.,283,183,473,4,477,0.04
2218,16,K. C. JANARDHAN,283,183,444,8,452,0.04
2219,17,KANTHAKUMAR.R.,283,183,393,10,403,0.03
2220,18,KARAVALI MANJUNATH. BE,572,183,308,2,310,0.02
2221,19,C M. SHABAZ KHAN,738,183,295,2,297,0.02
2222,20,ASGAR A MOHIN.S.M.,283,183,266,3,269,0.02
2223,21,SUBRAHMANYA KUMAR KUNTIKANAMATA,283,183,234,3,237,0.02
2224,22,DR.R.SHEKAR THIRUMAVALVAN,283,183,214,1,215,0.02
2225,23,NOTA,472,183,7830,27,7857,0.63
2226,1,DR.K.SUDHAKAR,159,184,819588,3031,822619,53.74
2227,2,M.S. RAKSHA RAMAIAH,290,184,657489,1670,659159,43.06
2228,3,MUNIVENKATAPPA M.P,228,184,4546,11,4557,0.3
2229,4,MAHADEV. P,122,184,4428,12,4440,0.29
2230,5,RAJANNA,283,184,3759,5,3764,0.25
2231,6,RAJA REDDY,283,184,3377,4,3381,0.22
2232,7,KALAVATHI. N,667,184,2736,8,2744,0.18
2233,8,VALASAPALLI UTAPPA,283,184,2152,10,2162,0.14
2234,9,VENKATESHMURTHY.V,713,184,2015,5,2020,0.13
2235,10,D. SUDHAKARA,283,184,1678,11,1689,0.11
2236,11,SUDHAKAR. N,283,184,1581,10,1591,0.1
2237,12,G N RAVI,283,184,1462,3,1465,0.1
2238,13,BHASKAR ANKALAMADUGU SHIVAREDDY,283,184,1363,4,1367,0.09
2239,14,CHANDRASHEKAR. H.C,283,184,1270,12,1282,0.08
2240,15,MOHITH NARASIMHAMURTHY,283,184,1222,7,1229,0.08
2241,16,V.N. NARASIMHAMURTHY VADIGERE,283,184,1212,6,1218,0.08
2242,17,G.N. VENKATESH B.A.L.L.B,283,184,1199,8,1207,0.08
2243,18,DEVARAJ CORONA WARRIOR,283,184,1168,9,1177,0.08
2244,19,G SUBRAMANI SHETTY,368,184,869,3,872,0.06
2245,20,DR. M.R. RANGANATHA,283,184,850,7,857,0.06
2246,21,NAGESH. S,248,184,843,7,850,0.06
2247,22,T.R. NARAYANA RAO,288,184,757,5,762,0.05
2248,23,"C.V.  LOKESH GOWDA, B.E",283,184,691,10,701,0.05
2249,24,D. CHINNAPPA,283,184,616,3,619,0.04
2250,25,SANDESH.G,283,184,588,6,594,0.04
2251,26,NASURULLA,283,184,579,4,583,0.04
2252,27,K. VENKATESH,283,184,469,5,474,0.03
2253,28,T VENKATA SIVUDU,283,184,434,6,440,0.03
2254,29,G N. KODANDAREDDY,283,184,399,2,401,0.03
2255,30,NOTA,472,184,6545,51,6596,0.43
2256,1,M. MALLESH BABU,333,185,689185,2296,691481,51.02
2257,2,K V GOWTHAM,290,185,618700,1393,620093,45.76
2258,3,SUMAN H N,283,185,6484,3,6487,0.48
2259,4,HOLUR SRINIVASA,283,185,6159,4,6163,0.45
2260,5,S B SURESHA,122,185,4688,44,4732,0.35
2261,6,K R DEVARAJA,235,185,4588,9,4597,0.34
2262,7,DR M. VENKATASWAMY,283,185,3336,18,3354,0.25
2263,8,R RANJITHKUMAR,283,185,2116,2,2118,0.16
2264,9,S N NARAYANASWAMY V,283,185,1971,14,1985,0.15
2265,10,D GOPALAKRISHNA,666,185,1661,8,1669,0.12
2266,11,DEVARAJA A ALUSURUDINNE,713,185,1343,11,1354,0.1
2267,12,M S BADARINARAYANA,283,185,1104,12,1116,0.08
2268,13,MAHESH A V,368,185,1035,30,1065,0.08
2269,14,THIMMARAYAPPA,594,185,856,8,864,0.06
2270,15,R RAJENDRA,283,185,750,1,751,0.06
2271,16,M MUNIGANGAPPA,283,185,595,9,604,0.04
2272,17,M  C HALLI VENU,724,185,514,7,521,0.04
2273,18,KRISHNAIAH N,283,185,438,5,443,0.03
2274,19,NOTA,472,185,5798,33,5831,0.43
2275,1,RAJMOHAN UNNITHAN,290,186,487637,3022,490659,44.1
2276,2,M.V BALAKRISHNAN MASTER,228,186,385969,4041,390010,35.06
2277,3,M.L ASHWINI,159,186,217996,1562,219558,19.73
2278,4,SUKUMARI M,122,186,1599,13,1612,0.14
2279,5,RAJESWARI K.R,283,186,886,11,897,0.08
2280,6,MANOHARAN K,283,186,777,27,804,0.07
2281,7,ANEESH PAYYANNUR,283,186,744,15,759,0.07
2282,8,BALAKRISHNAN N,283,186,594,34,628,0.06
2283,9,N KESHAVA NAYAK,283,186,480,27,507,0.05
2284,10,NOTA,472,186,7037,75,7112,0.64
2285,1,K. SUDHAKARAN,290,187,512266,6258,518524,48.74
2286,2,M.V. JAYARAJAN,228,187,402614,6928,409542,38.5
2287,3,C. RAGHUNATH,159,187,118352,1524,119876,11.27
2288,4,RAMACHANDRAN BAVILEERI,146,187,2606,43,2649,0.25
2289,5,K. SUDHAKARAN S/O. KRISHNAN,283,187,990,19,1009,0.09
2290,6,SUDHAKARAN. K S/O. P GOPALAN,283,187,893,3,896,0.08
2291,7,JOY JOHN PATTAR MADATHIL,283,187,616,2,618,0.06
2292,8,JAYARAJ,283,187,478,10,488,0.05
2293,9,JAYARAJAN S/O. VELAYUDHAN,283,187,421,4,425,0.04
2294,10,VADI HAREENDRAN,283,187,289,54,343,0.03
2295,11,C. BALAKRISHNAN YADAV,283,187,279,25,304,0.03
2296,12,NARAYANA KUMAR,283,187,263,45,308,0.03
2297,13,NOTA,472,187,8718,155,8873,0.83
2298,1,SHAFI PARAMBIL,290,188,552490,5038,557528,49.65
2299,2,K K SHAILAJA TEACHER,228,188,437333,5689,443022,39.45
2300,3,PRAPHUL KRISHNAN,159,188,110701,1278,111979,9.97
2301,4,SHAFI T P,283,188,3715,49,3764,0.34
2302,5,K K SHYLAJA,283,188,1164,15,1179,0.1
2303,6,KUNHIKANNAN PAYYOLI,283,188,867,2,869,0.08
2304,7,SHYLAJA,283,188,661,19,680,0.06
2305,8,SHAFI,283,188,399,23,422,0.04
2306,9,SYLAJA P,283,188,319,7,326,0.03
2307,10,MURALIDHARAN,283,188,261,8,269,0.02
2308,11,NOTA,472,188,2855,54,2909,0.26
2309,1,RAHUL GANDHI,290,189,642299,5146,647445,59.69
2310,2,ANNIE RAJA,227,189,280594,2429,283023,26.09
2311,3,K SURENDRAN,159,189,139868,1177,141045,13
2312,4,P.R KRISHNANKUTTY,122,189,1946,27,1973,0.18
2313,5,SATHYAN K.P,283,189,1017,42,1059,0.1
2314,6,SINOJ A.C,283,189,885,18,903,0.08
2315,7,PRASEETHA AZHIKODE,283,189,814,26,840,0.08
2316,8,AJEEB MUHAMMED,283,189,796,8,804,0.07
2317,9,P RADHAKRISHNAN,283,189,555,7,562,0.05
2318,10,NOTA,472,189,6932,67,6999,0.65
2319,1,M. K. RAGHAVAN,290,190,515608,4813,520421,47.74
2320,2,ELAMARAM KAREEM,228,190,369884,4361,374245,34.33
2321,3,M. T. RAMESH,159,190,178692,1974,180666,16.57
2322,4,ARAMUKHAN,122,190,1684,31,1715,0.16
2323,5,ARAVINDAKSHAN NAIR M. K.,146,190,1290,15,1305,0.12
2324,6,RAGHAVAN S/O NARAYANAN NAIR,283,190,1057,39,1096,0.1
2325,7,T. RAGHAVAN S/O VELLANKUTTY,283,190,1009,9,1018,0.09
2326,8,N. RAGHAVAN S/O DAMU,283,190,753,29,782,0.07
2327,9,SUBHA,283,190,705,7,712,0.07
2328,10,DR. M. JYOTHIRAJ,667,190,641,12,653,0.06
2329,11,ABDUL KAREEM S/O MAHAMMOOD,283,190,536,5,541,0.05
2330,12,ABDUL KAREEM S/O AYAMMATH KUTTY,283,190,285,2,287,0.03
2331,13,ABDUL KAREEM K. S/O ASSAIN,283,190,257,36,293,0.03
2332,14,NOTA,472,190,6236,80,6316,0.58
2333,1,E.T.  MOHAMMED BASHEER,298,191,640269,3737,644006,59.35
2334,2,V. VASEEF,228,191,341510,2378,343888,31.69
2335,3,DR. ABDUL SALAM,159,191,84529,832,85361,7.87
2336,4,T. KRISHNAN,122,191,1392,25,1417,0.13
2337,5,P.C. NARAYANAN,116,191,1304,5,1309,0.12
2338,6,NASEEF ALI MULLAPPALLI,283,191,1154,14,1168,0.11
2339,7,ABDULSALAM S/O MUHAMMED HAJI,283,191,771,12,783,0.07
2340,8,THRISSUR NAZEER,283,191,459,25,484,0.04
2341,9,NOTA,472,191,6650,116,6766,0.62
2342,1,DR. M.P ABDUSSAMAD SAMADANI,298,192,559570,2946,562516,54.81
2343,2,K.S HAMZA,228,192,324562,2194,326756,31.84
2344,3,ADV. NIVEDIDA,159,192,123733,1065,124798,12.16
2345,4,ABDUSSAMED MALAYAMPALLI,283,192,1634,19,1653,0.16
2346,5,VINOD,122,192,1449,28,1477,0.14
2347,6,HAMSA S/O MOIDUTTY,283,192,952,26,978,0.1
2348,7,BINDHU W/O DEVARAJAN,283,192,826,21,847,0.08
2349,8,HAMZA KADAVANDI,283,192,707,3,710,0.07
2350,9,NOTA,472,192,6499,62,6561,0.64
2351,1,V K SREEKANDAN,290,193,418072,3097,421169,40.66
2352,2,A VIJAYARAGHAVAN,228,193,342798,3088,345886,33.39
2353,3,C KRISHNAKUMAR,159,193,249568,2210,251778,24.31
2354,4,K T PADMINI,122,193,2102,30,2132,0.21
2355,5,ANNA KURIAKOSE,283,193,1416,17,1433,0.14
2356,6,N S K PURAM SASIKUMAR,283,193,1151,26,1177,0.11
2357,7,RAJESH K SON OF VELANKUTTY,283,193,1033,23,1056,0.1
2358,8,RAJESH M SON OF MANI C,283,193,947,6,953,0.09
2359,9,SIDHEEK IRUPPASSERY,283,193,913,26,939,0.09
2360,10,C RAJAMANICKAM,283,193,516,4,520,0.05
2361,11,NOTA,472,193,8724,69,8793,0.85
2362,1,K.RADHAKRISHNAN,228,194,398818,4629,403447,40.66
2363,2,RAMYA HARIDAS,290,194,379231,4105,383336,38.63
2364,3,DR T N SARASU,159,194,186441,1789,188230,18.97
2365,4,HARI ARUMBIL,122,194,2835,36,2871,0.29
2366,5,KRISHNANKUTTY KUNISSERY,283,194,2323,28,2351,0.24
2367,6,NOTA,472,194,11918,115,12033,1.21
2368,1,SURESH GOPI,159,195,409302,3036,412338,37.8
2369,2,ADV V S SUNILKUMAR,227,195,334462,3190,337652,30.95
2370,3,K MURALEEDHARAN,290,195,324810,3314,328124,30.08
2371,4,ADV P K NARAYANAN,122,195,1985,34,2019,0.19
2372,5,SUNILKUMAR SON OF PRABHAKARAN,283,195,1930,22,1952,0.18
2373,6,DIVAKARAN PALLATH,470,195,812,7,819,0.08
2374,7,M S JAFARGHAN,283,195,689,9,698,0.06
2375,8,PRATHAPAN,283,195,685,24,709,0.06
2376,9,JOSHI VILLADOM,283,195,460,33,493,0.05
2377,10,NOTA,472,195,6046,26,6072,0.56
2378,1,BENNY BEHANAN,290,196,390216,3955,394171,41.44
2379,2,PROF C RAVEENDRANATH,228,196,327382,3035,330417,34.73
2380,3,K A UNNIKRISHNAN,144,196,105706,694,106400,11.18
2381,4,ADV CHARLY PAUL,706,196,105020,622,105642,11.11
2382,5,ROSILIN CHACKO,122,196,2377,33,2410,0.25
2383,6,BOSCO KALAMASSERY,283,196,1071,16,1087,0.11
2384,7,SUBRAN K R,283,196,789,10,799,0.08
2385,8,DR M PRADEEPAN,667,196,688,6,694,0.07
2386,9,ARUN EDATHADAN,283,196,662,24,686,0.07
2387,10,T S CHANDRAN,283,196,481,50,531,0.06
2388,11,JOHNSON K C,283,196,379,8,387,0.04
2389,12,NOTA,472,196,8021,42,8063,0.85
2390,1,HIBI EDEN,290,197,478989,3328,482317,52.97
2391,2,K. J. SHINE TEACHER,228,197,230059,1873,231932,25.47
2392,3,DR. K. S. RADHAKRISHNAN,159,197,143573,927,144500,15.87
2393,4,ADV. ANTONY JUDY,706,197,39658,150,39808,4.37
2394,5,VAYALAR JAYAKUMAR,122,197,1480,18,1498,0.16
2395,6,SANDEEP RAJENDRAPRASAD,283,197,734,18,752,0.08
2396,7,CYRILL SKARIA,283,197,663,27,690,0.08
2397,8,PRATHAPAN,116,197,414,5,419,0.05
2398,9,BRAHMAKUMAR,667,197,409,3,412,0.05
2399,10,ROHIT KRISHNAN,283,197,408,8,416,0.05
2400,11,NOTA,472,197,7715,43,7758,0.85
2401,1,ADV. DEAN KURIAKOSE,290,198,427129,5243,432372,51.43
2402,2,ADV. JOICE GEORGE,228,198,295975,2670,298645,35.53
2403,3,ADV. SANGEETHA VISWANATHAN,144,198,90663,660,91323,10.86
2404,4,ADV. RUSSEL JOY,122,198,4397,40,4437,0.53
2405,5,JOMON JOHN,283,198,1764,55,1819,0.22
2406,6,SAJI @ SHAJI,724,198,1493,15,1508,0.18
2407,7,P.K. SAJEEVAN,283,198,1025,9,1034,0.12
2408,8,NOTA,472,198,9468,51,9519,1.13
2409,1,ADV K FRANCIS GEORGE,372,199,358369,6262,364631,43.6
2410,2,THOMAS CHAZHIKADAN,373,199,272418,4947,277365,33.17
2411,3,THUSHAR VELLAPPALLY,144,199,163227,1819,165046,19.74
2412,4,VIJU CHERIAN,122,199,7075,148,7223,0.86
2413,5,P O PETER,615,199,1581,56,1637,0.2
2414,6,V P KOCHUMON,667,199,1551,44,1595,0.19
2415,7,JOSSIN K JOSEPH,283,199,1397,92,1489,0.18
2416,8,CHANDRABOSE P,283,199,1071,16,1087,0.13
2417,9,M M SCARIA,283,199,913,14,927,0.11
2418,10,JOEMON JOSEPH SRAMPICKAL A P J JUMAN V S,283,199,875,18,893,0.11
2419,11,ROBY MATTAPPALLY,283,199,697,42,739,0.09
2420,12,SANTHOSH PULICKAL,283,199,686,24,710,0.08
2421,13,SUNIL ALANCHERIL,283,199,499,28,527,0.06
2422,14,MAN HOUSE MANMADHAN,283,199,403,18,421,0.05
2423,15,NOTA,472,199,11804,129,11933,1.43
2424,1,K. C VENUGOPAL,290,200,398246,6314,404560,38.21
2425,2,A. M ARIFF,228,200,335596,5451,341047,32.21
2426,3,SOBHA SURENDRAN,159,200,295841,3807,299648,28.3
2427,4,MURALEEDHARAN KONCHERILLAM,122,200,1578,48,1626,0.15
2428,5,ARJUNAN,667,200,1301,18,1319,0.12
2429,6,VAYALAR RAJEEVAN,116,200,674,1,675,0.06
2430,7,ADV.K.M SHAJAHAN,283,200,627,55,682,0.06
2431,8,SHAJAHAN V.A.     S/O ABDUL AZEES,283,200,553,23,576,0.05
2432,9,SATHEESH SHENOI,283,200,473,9,482,0.05
2433,10,JAYAKRISHNAN P,283,200,329,56,385,0.04
2434,11,JYOTHI ABRAHAM,283,200,328,10,338,0.03
2435,12,NOTA,472,200,7252,113,7365,0.7
2436,1,KODIKUNNIL SURESH,290,201,362209,7307,369516,41.29
2437,2,ADV ARUN KUMAR C A,227,201,352708,5940,358648,40.07
2438,3,BAIJU KALASALA,144,201,140830,2154,142984,15.98
2439,4,C MONICHEN,283,201,4893,81,4974,0.56
2440,5,SANTHOSH PALATHUMPADAN,122,201,4183,123,4306,0.48
2441,6,SURESH NOORANAD,80,201,1441,64,1505,0.17
2442,7,K BIMALJI,667,201,1336,34,1370,0.15
2443,8,MANTHARA VELAYUDHAN,283,201,910,19,929,0.1
2444,9,KOZHUVASSERIL SURESH,283,201,836,20,856,0.1
2445,10,NOTA,472,201,9640,243,9883,1.1
2446,1,ANTO ANTONY,290,202,360957,6666,367623,39.98
2447,2,DR.T.M.THOMAS ISSAC,228,202,297888,3616,301504,32.79
2448,3,ANIL K.ANTONY,159,202,231172,3234,234406,25.49
2449,4,ADV.P.K.GEETHAKRISHNAN,122,202,3918,54,3972,0.43
2450,5,JOY P.MATHEW,486,202,1173,8,1181,0.13
2451,6,K.C.THOMAS,283,202,1080,21,1101,0.12
2452,7,ADV.HARIKUMAR M.K.,80,202,735,27,762,0.08
2453,8,ANOOP V.,283,202,557,52,609,0.07
2454,9,NOTA,472,202,8268,143,8411,0.91
2455,1,N K PREMACHANDRAN,599,203,437516,6112,443628,48.45
2456,2,M MUKESH,228,203,288861,4465,293326,32.03
2457,3,KRISHNAKUMAR G,159,203,160956,2254,163210,17.82
2458,4,VIPINLAL VIDHYADHARAN,122,203,2163,31,2194,0.24
2459,5,PREMACHANDRAN NAIR,283,203,1713,21,1734,0.19
2460,6,GOKULAM SURESH KUMAR,283,203,1369,5,1374,0.15
2461,7,PRADEEP KOTTARAKKARA,146,203,793,42,835,0.09
2462,8,TWINKLE PRABHAKARAN,667,203,689,19,708,0.08
2463,9,JOSE SARANATH,80,203,553,6,559,0.06
2464,10,BRO NOUSHAD  SHERIFF J,283,203,545,34,579,0.06
2465,11,P KRISHNAMMAL,418,203,537,12,549,0.06
2466,12,N JAYARAJAN,283,203,407,42,449,0.05
2467,13,NOTA,472,203,6437,109,6546,0.71
2468,1,ADV ADOOR PRAKASH,290,204,323273,4778,328051,33.29
2469,2,V JOY,228,204,321715,5652,327367,33.22
2470,3,V  MURALEEDHARAN,159,204,307710,4069,311779,31.64
2471,4,SURABHI S,122,204,4485,39,4524,0.46
2472,5,PRAKASH P L,283,204,1762,52,1814,0.18
2473,6,SANTHOSH K,283,204,1146,58,1204,0.12
2474,7,PRAKASH S,283,204,745,66,811,0.08
2475,8,NOTA,472,204,9681,110,9791,0.99
2476,1,SHASHI THAROOR,290,205,353679,4476,358155,37.19
2477,2,RAJEEV CHANDRASEKHAR,159,205,337920,4158,342078,35.52
2478,3,PANNIAN RAVINDRAN,227,205,244433,3215,247648,25.72
2479,4,ADV RAJENDRAN,122,205,2315,37,2352,0.24
2480,5,ADV SHINE LAL M P,283,205,1446,37,1483,0.15
2481,6,J J RUSSELL,283,205,1348,17,1365,0.14
2482,7,S MINI,667,205,1098,11,1109,0.12
2483,8,M S SUBI,283,205,588,11,599,0.06
2484,9,CHALAI MOHANAN,283,205,396,4,400,0.04
2485,10,NANDAVANAM SUSEELAN,283,205,391,29,420,0.04
2486,11,SHAJU PALIYODU,283,205,348,40,388,0.04
2487,12,SASI KONGAPALLY,283,205,228,5,233,0.02
2488,13,NOTA,472,205,6684,69,6753,0.7
2489,1,SHIVMANGAL SINGH TOMAR,159,208,513136,2341,515477,43.41
2490,2,NEETU SATYAPAL SINGH SIKARWAR,290,208,461808,1139,462947,38.99
2491,3,RAMESH GARG,122,208,179492,177,179669,15.13
2492,4,NEERAJ CHANDSORIYA,21,208,7534,10,7544,0.64
2493,5,RAJENDRA PRASAD KUSHWAH,283,208,2392,10,2402,0.2
2494,6,ER. SURAJ KUSHWAH,283,208,2279,6,2285,0.19
2495,7,RAMNIWASH,283,208,1970,3,1973,0.17
2496,8,RAM SUNDER SHARMA,283,208,1762,5,1767,0.15
2497,9,RAMSEVAK SAKHWAR,283,208,1630,2,1632,0.14
2498,10,HARIKANTH,283,208,1623,-,1623,0.14
2499,11,RAJKUMARI,283,208,1435,6,1441,0.12
2500,12,ANOOP NAGAR,283,208,1308,9,1317,0.11
2501,13,RAJENDRA SINGH GURJER,283,208,1199,11,1210,0.1
2502,14,PIYUSH BRAJESH RAJORIYA,283,208,572,3,575,0.05
2503,15,PRABHU JATAV,283,208,547,8,555,0.05
2504,16,NOTA,472,208,4899,15,4914,0.41
2505,1,SANDHYA RAY,159,209,533462,3603,537065,51.2
2506,2,PHOOL SINGH BARAIYA,290,209,470169,2056,472225,45.02
2507,3,DEVASHISH JARARIYA,122,209,20322,143,20465,1.95
2508,4,UMESH GARG,283,209,5057,15,5072,0.48
2509,5,REKHA SHAKYA,283,209,2645,22,2667,0.25
2510,6,HARIMOHAN,283,209,2598,12,2610,0.25
2511,7,RAKESH,283,209,2345,24,2369,0.23
2512,8,NOTA,472,209,6486,48,6534,0.62
2513,1,BHARAT SINGH KUSHWAH,159,210,668782,2753,671535,49.99
2514,2,PRAVEEN PATHAK,290,210,599077,2248,601325,44.77
2515,3,KALYAN SINGH KANSANA,122,210,33308,157,33465,2.49
2516,4,ARCHANA SINGH RATHORE,573,210,5873,19,5892,0.44
2517,5,BHARAT PAL,21,210,4138,25,4163,0.31
2518,6,ER. MAHENDRA PRATAP SINGH PAL,283,210,3777,6,3783,0.28
2519,7,RAKESH DHAKAD,283,210,3218,2,3220,0.24
2520,8,YASHDEV SHARMA,283,210,2568,3,2571,0.19
2521,9,DEEPAK KUMAR BANSAL (RANG WALE),283,210,2448,-,2448,0.18
2522,10,SHREE NARESH CHANDRA SHARMA,283,210,2215,1,2216,0.16
2523,11,GAJENDRA SINGH,283,210,1343,5,1348,0.1
2524,12,ANJALI MONU RAWAT,478,210,1272,7,1279,0.1
2525,13,ADVOCATE MUKESH KUMAR KORI,283,210,1130,4,1134,0.08
2526,14,RAM PRAKASH SINGH PAL,524,210,1059,12,1071,0.08
2527,15,CHANDAN RATHORE,479,210,1053,6,1059,0.08
2528,16,DR. P. D. AGARWAL SR. MEDICAL CONSULTANT,283,210,1016,5,1021,0.08
2529,17,AMIT PARIHAR,283,210,877,6,883,0.07
2530,18,COMRADE RACHNA AGRAWAL,667,210,798,5,803,0.06
2531,19,MUNESH NAGAR,726,210,667,5,672,0.05
2532,20,NOTA,472,210,3309,32,3341,0.25
2533,1,JYOTIRADITYA M. SCINDIA,159,211,919744,3558,923302,67.21
2534,2,YADVENDRA RAO DESHRAJ SINGH,290,211,380909,1464,382373,27.83
2535,3,DHANIRAM CHAUDHARY,122,211,30105,130,30235,2.2
2536,4,KANCHHEDI LAL KUSHWAHA,402,211,5850,6,5856,0.43
2537,5,ADVOCATE KARANSINGH JATAV,21,211,5474,11,5485,0.4
2538,6,HEMANT SINGH KUSHWAHA,283,211,3450,3,3453,0.25
2539,7,RAKESH,283,211,3051,1,3052,0.22
2540,8,MAHENDRA JAIN BHAIYAN,283,211,1990,9,1999,0.15
2541,9,MOHAN,283,211,1883,3,1886,0.14
2542,10,GAJANAND KUSHWAH,283,211,1595,2,1597,0.12
2543,11,MANISH SHRIVASTAVA,667,211,1342,6,1348,0.1
2544,12,MANMOHAN,283,211,1143,6,1149,0.08
2545,13,KISAN LAL AHIRWAR,283,211,1033,11,1044,0.08
2546,14,MOHAMMAD JAVED ANSARI,549,211,983,-,983,0.07
2547,15,D.S. CHAUHAN (ADVOCATE),573,211,913,2,915,0.07
2548,16,NOTA,472,211,9055,34,9089,0.66
2549,1,DR. LATA WANKHEDE,159,212,786160,1819,787979,68.49
2550,2,CHANDRA BHUSAN SINGH BUNDELA 'GUDDU RAJA',290,212,316059,698,316757,27.53
2551,3,BHAGWATI PRASAD JATAV,122,212,16592,44,16636,1.45
2552,4,BHEEKAM SINGH KUSHWAHA,402,212,5778,6,5784,0.5
2553,5,RAM BHJAN BANSAL,621,212,3149,4,3153,0.27
2554,6,MOHAMAD AARIF MAKRANI,283,212,2888,-,2888,0.25
2555,7,SANGRAM SINGH YADAV,283,212,2819,5,2824,0.25
2556,8,DHARMENDRA BANPURIYA,283,212,1621,3,1624,0.14
2557,9,TOSHMANI PANTHI (KANNA),283,212,1293,6,1299,0.11
2558,10,SURESH BANSAL,210,212,1147,4,1151,0.1
2559,11,LAXMI KUSHWAHA,489,212,947,5,952,0.08
2560,12,DR. RAMAVATAR SHARMA,667,212,924,4,928,0.08
2561,13,AHIRWAR RAJKUMAR THEKEDAAR,283,212,914,3,917,0.08
2562,14,NOTA,472,212,7641,16,7657,0.67
2563,1,DR. VIRENDRA KUMAR,159,213,713781,1269,715050,65.1
2564,2,KHUMAN URF PANKAJ AHIRWAR,290,213,311134,604,311738,28.38
2565,3,AHIRWAR DALLURAM,122,213,32604,69,32673,2.97
2566,4,AHIRWAR PANKAJ,573,213,10147,11,10158,0.92
2567,5,SARJU PRASAD,283,213,5993,4,5997,0.55
2568,6,N.R. PRAJAPATI,28,213,5475,9,5484,0.5
2569,7,BABULAL KHANGAR,283,213,4452,7,4459,0.41
2570,8,NOTA,472,213,12816,15,12831,1.17
2571,1,RAHUL SINGH LODHI,159,214,708589,1179,709768,65.18
2572,2,TARBAR SINGH LODHI (BANTU BHAIYA),290,214,302828,514,303342,27.86
2573,3,ENGINEER GOVERDHAN RAJ,122,214,21379,25,21404,1.97
2574,4,BHAIYA VIJAY PATEL (KURMI) TIRGARH BALE,210,214,12200,17,12217,1.12
2575,5,MANU SINGH MARAVI,132,214,7871,16,7887,0.72
2576,6,RAHUL BHAIYA S/O RAM PRATAP,283,214,6273,12,6285,0.58
2577,7,RAHUL BHAIYA S/O JEEVAN LAL,283,214,5556,5,5561,0.51
2578,8,VEDRAM KURMI,283,214,4054,3,4057,0.37
2579,9,RAJESH SINGH SOYAM,260,214,3172,18,3190,0.29
2580,10,RAKESH KUMAR AHIRWAR,283,214,2044,7,2051,0.19
2581,11,NANDAN KUMAR AHIRWAL,283,214,1848,5,1853,0.17
2582,12,NEELESH SONI,283,214,1277,1,1278,0.12
2583,13,DURGA MOUSI,283,214,1120,4,1124,0.1
2584,14,TARVAR SINGH LODHI,283,214,1092,2,1094,0.1
2585,15,NOTA,472,214,7820,13,7833,0.72
2586,1,VISHNU DATT SHARMA (V.D.SHARMA),159,215,771014,1760,772774,67.75
2587,2,KAMLESH KUMAR,122,215,231163,382,231545,20.3
2588,3,R. B. PRAJAPATI (RAJA BHAIYA) EX.I.A.S.,59,215,50033,182,50215,4.4
2589,4,MOHAMMAD IMRAN,546,215,17853,20,17873,1.57
2590,5,PENTER SUNMAN SINGH LODHI,283,215,10005,6,10011,0.88
2591,6,KAPIL GUPTA BHARTIYA,50,215,7540,24,7564,0.66
2592,7,LAXMI PRASAD,283,215,6752,12,6764,0.59
2593,8,NANDKISHOR,487,215,6019,8,6027,0.53
2594,9,PANKAJ MAURYA (KUSHWAHA),260,215,4730,10,4740,0.42
2595,10,BITIAYA AHIRWAR,283,215,4018,8,4026,0.35
2596,11,FIROJKHAN,283,215,3708,5,3713,0.33
2597,12,GIRAN SINGH,210,215,3485,7,3492,0.31
2598,13,KESHKALI,547,215,2861,11,2872,0.25
2599,14,PANNA LAL TRIPATHI AD.,295,215,2794,3,2797,0.25
2600,15,NOTA,472,215,16134,23,16157,1.42
2601,1,GANESH SINGH,159,216,458373,1355,459728,43.41
2602,2,DABBU SIDDHARTH SUKHLAL KUSHWAHA,290,216,373982,797,374779,35.39
2603,3,NARAYAN TRIPATHI,122,216,185303,315,185618,17.53
2604,4,DURGESH KUMAR VISHWAKARMA,283,216,5919,2,5921,0.56
2605,5,RAHUL DAHIYA,283,216,4276,1,4277,0.4
2606,6,CHHEDI LAL PRAJAPATI (PANDA  BABA),283,216,4060,1,4061,0.38
2607,7,CHANDRABHAN KOL,283,216,3393,5,3398,0.32
2608,8,"SAFI ULLA ""DBBU BHAI""",283,216,2612,2,2614,0.25
2609,9,ADV. ASHOK SAKET,116,216,2396,3,2399,0.23
2610,10,AZEEZ AHMED QURAISHY,416,216,2078,4,2082,0.2
2611,11,MASTER JI AJIT KUMAR JAYSWAL,487,216,1887,4,1891,0.18
2612,12,KALIM AHMAD BACHCHA,283,216,1622,8,1630,0.15
2613,13,SUKHLAL VERMA RATNESH,283,216,1616,1,1617,0.15
2614,14,ASHOK KUMAR GUPTA,210,216,1259,6,1265,0.12
2615,15,NANKU YADAV,41,216,1254,5,1259,0.12
2616,16,RISHABH SINGH,283,216,1068,5,1073,0.1
2617,17,ASHOK BAUDH,283,216,945,2,947,0.09
2618,18,HARI SHANKAR TIWARI (LOHA WALA),158,216,935,10,945,0.09
2619,19,RANJANA MISHRA,474,216,905,10,915,0.09
2620,20,NOTA,472,216,2538,15,2553,0.24
2621,1,JANARDAN MISHRA,159,217,475439,2020,477459,52
2622,2,NEELAM ABHAY MISHRA,290,217,283187,898,284085,30.94
2623,3,ADV. ABHISHEK MASTER BUDDHSEN PATEL,122,217,117089,132,117221,12.77
2624,4,DAYASHANKAR PANDEY,283,217,4609,1,4610,0.5
2625,5,ROSHAN LAL KOL,283,217,4110,12,4122,0.45
2626,6,ER. DEVENDRA SINGH,636,217,4065,11,4076,0.44
2627,7,ER. RAM KUMAR SONI,283,217,3868,5,3873,0.42
2628,8,RAM GOPAL SINGH,487,217,3502,7,3509,0.38
2629,9,PRASSAN JEET SINGH,283,217,3306,7,3313,0.36
2630,10,JANARDAN MISHRA,283,217,2274,21,2295,0.25
2631,11,RANJAN GUPTA,525,217,2151,9,2160,0.24
2632,12,VIPIN SINGH PATEL,534,217,1799,7,1806,0.2
2633,13,ARUNENDRA NARAYAN PANDEY,283,217,1550,1,1551,0.17
2634,14,ARUN TIWARI 'MINTU',283,217,1113,-,1113,0.12
2635,15,NOTA,472,217,6916,20,6936,0.76
2636,1,DR. RAJESH MISHRA,159,218,582664,895,583559,50.87
2637,2,KAMLESHWAR INDRAJIT KUMAR,290,218,376336,807,377143,32.87
2638,3,AJAY PRATAP SINGH,260,218,50897,65,50962,4.44
2639,4,PUJAN RAM SAKET (BABBU),122,218,33617,39,33656,2.93
2640,5,LAXMAN SINGH BAIS,283,218,30634,28,30662,2.67
2641,6,SANJAY NAMDEO,227,218,20284,6,20290,1.77
2642,7,BHAGWAN PRASAD TIWARI,283,218,7330,1,7331,0.64
2643,8,SUNIL TIWARI,283,218,5694,5,5699,0.5
2644,9,SHYAMLAL VAISH,210,218,5340,3,5343,0.47
2645,10,KAILASH PRASAD VERMA,283,218,5289,2,5291,0.46
2646,11,MAHENDRA BHAIYA,283,218,4658,-,4658,0.41
2647,12,DASHRATH PRASAD BAIS,283,218,4131,-,4131,0.36
2648,13,"NARAYAN DAS SHAH ""MULNIWASI""",487,218,3791,1,3792,0.33
2649,14,DADDI YADAV,283,218,3301,4,3305,0.29
2650,15,SMT. TARA DEVI SINGH,547,218,2701,6,2707,0.24
2651,16,RAMSAHAY SAHU,16,218,2430,2,2432,0.21
2652,17,RAMVISHAL KOL,573,218,2079,8,2087,0.18
2653,18,NOTA,472,218,4212,4,4216,0.37
2654,1,SMT. HIMADRI SINGH,159,219,709477,1666,711143,61.73
2655,2,PHUNDE LAL SINGH MARKO,290,219,312833,970,313803,27.24
2656,3,ANIL SINGH DHURVEY,260,219,35186,92,35278,3.06
2657,4,DHANI RAM KOL,122,219,21792,62,21854,1.9
2658,5,SAMAR SHAH SINGH GOND,227,219,19861,22,19883,1.73
2659,6,KESHKALI BAIGA,283,219,10042,29,10071,0.87
2660,7,GUNJAN SINGH,283,219,7460,19,7479,0.65
2661,8,RAVIKARAN SINGH DHURVE,210,219,4964,11,4975,0.43
2662,9,AMRIT LAL SINGH UIKEY,487,219,4701,21,4722,0.41
2663,10,DR. DURGA WATI BHARIA,225,219,3425,19,3444,0.3
2664,11,NOTA,472,219,19341,20,19361,1.68
2665,1,ASHISH DUBEY,159,220,788721,1412,790133,68.2
2666,2,DINESH YADAV,290,220,302892,567,303459,26.19
2667,3,RAKESH CHOUDHARY,122,220,21389,27,21416,1.85
2668,4,FOJI VIJAY HALDKAR (EX-ARMY),283,220,7028,15,7043,0.61
2669,5,MAHAVEER JAIN,283,220,6463,5,6468,0.56
2670,6,ADVOCATE UDAY KUMAR SAHU,260,220,4832,16,4848,0.42
2671,7,"ER. PRAVIN GAJBHIYE ""DADA""",283,220,3437,3,3440,0.3
2672,8,POORNESH KUMAR JAIN,283,220,2822,1,2823,0.24
2673,9,SWATANATRA SAMAJ SEVI VINAY CHAKRAVARTI,283,220,2488,3,2491,0.22
2674,10,JAGDISH SINGH LODHI,210,220,1871,4,1875,0.16
2675,11,DINESH YADAV,283,220,1480,4,1484,0.13
2676,12,DR. DHAI AKSHAR,283,220,1399,1,1400,0.12
2677,13,ASHOK RANA,520,220,1226,2,1228,0.11
2678,14,SANTOSH KUMAR KUSHWAHA,283,220,1202,2,1204,0.1
2679,15,DASAI RAM KOL,6,220,1099,1,1100,0.09
2680,16,COMRADE SACHIN JAIN,667,220,868,8,876,0.08
2681,17,GULAB SINGH,283,220,821,8,829,0.07
2682,18,LAL SINGH,572,220,748,4,752,0.06
2683,19,RAMKUMAR PASI,114,220,684,6,690,0.06
2684,20,NOTA,472,220,4964,22,4986,0.43
2685,1,FAGGAN SINGH KULASTE,159,221,749761,1614,751375,48.93
2686,2,OMKAR SINGH MARKAM,290,221,645759,1770,647529,42.17
2687,3,MAHESH KUMAR WATTEE,260,221,37686,111,37797,2.46
2688,4,INDAR SINGH UIKEY,122,221,16587,30,16617,1.08
2689,5,CHANDRA SINGH KUSHRAM,210,221,15533,25,15558,1.01
2690,6,SITAR MARKAM,283,221,10365,10,10375,0.68
2691,7,RAKESH SINGH THAKUR,283,221,10340,6,10346,0.67
2692,8,DR. BHAW SINGH TEKAM,283,221,6393,8,6401,0.42
2693,9,CHARAN SINGH DHURWEY,132,221,4269,18,4287,0.28
2694,10,ADVOCATE-DEV SINGH KUMRE,283,221,4205,12,4217,0.27
2695,11,GHUR SINGH SALLAM,283,221,3959,12,3971,0.26
2696,12,KALIYA BAI KAKODIA,283,221,2990,11,3001,0.2
2697,13,ASHOK SARAIYA,283,221,2717,10,2727,0.18
2698,14,RAMKUMAR INWATI [ADVOCATE],663,221,2499,11,2510,0.16
2699,15,NOTA,472,221,18887,34,18921,1.23
2700,1,BHARTI PARDHI,159,222,709939,2721,712660,51.56
2701,2,SAMRAT ASHOK SINGH SARASWAR,290,222,536333,1815,538148,38.93
2702,3,KANKAR MUNJARE,122,222,52883,251,53134,3.84
2703,4,BHUVAN SINGH KORAM,283,222,13028,46,13074,0.95
2704,5,NANDLAL UIKEY,260,222,12338,84,12422,0.9
2705,6,D.L. MANESHWAR,487,222,9994,23,10017,0.72
2706,7,DHANENDRA DEV PAWAR BANWARI SETH,283,222,7185,60,7245,0.52
2707,8,MAHADEV NAGDEVE,283,222,7181,11,7192,0.52
2708,9,RAJKUMAR NAGESHWER,283,222,6723,5,6728,0.49
2709,10,MOHAN RAUT,525,222,3537,5,3542,0.26
2710,11,PRIYANKA SANJAY BHANDARKAR,210,222,2906,20,2926,0.21
2711,12,ADVOCATE SATYAPRAKASH SHULKE (LODHI),401,222,1929,3,1932,0.14
2712,13,DILEEP CHHABDA,283,222,1733,17,1750,0.13
2713,14,NOTA,472,222,11479,31,11510,0.83
2714,1,BUNTY VIVEK SAHU,159,223,643489,1249,644738,49.41
2715,2,NAKUL KAMALNATH,290,223,529931,1189,531120,40.7
2716,3,DEVIRAM URF DEV RAVEN BHALAVI,260,223,55854,134,55988,4.29
2717,4,UMAKANT BANDEWAR,122,223,11802,21,11823,0.91
2718,5,KAPIL SONI,533,223,9634,4,9638,0.74
2719,6,SIRAJ SHEKH,283,223,9567,1,9568,0.73
2720,7,PAWANSHAH SARYAM,283,223,6612,9,6621,0.51
2721,8,SUBHASH SHUKLA,283,223,5768,1,5769,0.44
2722,9,RAJENDRA DONGRE,283,223,4628,4,4632,0.35
2723,10,GOVIND BHALAVI,283,223,4022,7,4029,0.31
2724,11,MOHD. PARVEZ QURESHI,283,223,3818,10,3828,0.29
2725,12,AJAY BARKADE,283,223,2491,4,2495,0.19
2726,13,KUSHWAHA RAJESH TANTRIK,33,223,1695,3,1698,0.13
2727,14,""" PRAKASH ALIAS BANTY "" PARTETI",522,223,1652,2,1654,0.13
2728,15,FOGAL BANSOD,592,223,1322,1,1323,0.1
2729,16,NOTA,472,223,9887,16,9903,0.76
2730,1,DARSHAN SINGH CHOUDHARY,159,224,810529,1618,812147,64.99
2731,2,SANJAY SHARMA SANJU BHAIYA,290,224,379868,583,380451,30.44
2732,3,RAMGOVIND BARUAA,122,224,15344,43,15387,1.23
2733,4,PANDIT DIVYENDRA BRIJMOHAN DUBEY ADVOCATE,175,224,6157,11,6168,0.49
2734,5,RAKESH RAMPRASAD RICKY,283,224,5071,8,5079,0.41
2735,6,SARJERAO SAHARE,283,224,4487,6,4493,0.36
2736,7,PATRAKAR TILAK JATAV,283,224,2257,3,2260,0.18
2737,8,YUVRAJ GAVADE,283,224,2205,10,2215,0.18
2738,9,JYOTI SURESH JHARIYA,283,224,2033,13,2046,0.16
2739,10,MAKHAN SINGH LODHI,210,224,1651,6,1657,0.13
2740,11,MUKESH YADAV,283,224,1578,10,1588,0.13
2741,12,PANDIT BRAJESH KHEMARIYA,283,224,1251,9,1260,0.1
2742,13,NOTA,472,224,14927,14,14941,1.2
2743,1,SHIVRAJ SINGH CHOUHAN,159,225,1111556,4904,1116460,76.7
2744,2,PRATAPBHANU SHARMA,290,225,293537,1515,295052,20.27
2745,3,KISHAN LAL LADIYA,122,225,10734,82,10816,0.74
2746,4,KAMLESH KUMAR GOUR,309,225,8167,11,8178,0.56
2747,5,DHOOLSINGH DHAMMA,283,225,3417,7,3424,0.24
2748,6,SATYENDRA SINGH SISODIYA,283,225,2921,4,2925,0.2
2749,7,DHARMVIR BHARTI,50,225,2809,10,2819,0.19
2750,8,ABDUL RASHID,283,225,1679,3,1682,0.12
2751,9,BHAI MUNSHILAL SILAWAT,509,225,1114,3,1117,0.08
2752,10,ABDUL JABBAR,283,225,1076,6,1082,0.07
2753,11,SEEMA SHARMA,636,225,1065,8,1073,0.07
2754,12,DHARMENDRA SINGH PANWAR (GOLU BHAIYA),600,225,1025,1,1026,0.07
2755,13,BHEEKAM SINGH KUSHWAHA,402,225,720,4,724,0.05
2756,14,NOTA,472,225,9218,62,9280,0.64
2757,1,ALOK SHARMA,159,226,978285,2824,981109,65.48
2758,2,ADVOCATE ARUN SHRIVASTAVA,290,226,478698,912,479610,32.01
2759,3,BHANU PRATAP SINGH,122,226,13255,50,13305,0.89
2760,4,DEENDAYAL AHIRWAR URF DEENU BHAIYA,283,226,3639,2,3641,0.24
2761,5,JAY SINGH,283,226,2509,1,2510,0.17
2762,6,BHARTI YADAV,283,226,1833,6,1839,0.12
2763,7,ANKIT RAI,283,226,1100,1,1101,0.07
2764,8,DHANRAJ SHENDE,592,226,788,2,790,0.05
2765,9,AJAY KUMAR PATHAK,224,226,787,3,790,0.05
2766,10,MOHAMMAD ASHRAF,283,226,777,1,778,0.05
2767,11,BABULAL SEN,431,226,718,2,720,0.05
2768,12,SANJAY KUMAR SAROJ,413,226,621,1,622,0.04
2769,13,BALRAM SINGH TAUMAR,210,226,587,1,588,0.04
2770,14,RAMPRASAD PATEL,378,226,572,3,575,0.04
2771,15,MUDIT CHAURASIA,45,226,541,3,544,0.04
2772,16,MUDIT BHATNAGAR,667,226,537,3,540,0.04
2773,17,R.K. MAHAJAN,283,226,527,2,529,0.04
2774,18,ABDUL TAHIR ADVOCATE (BABLU RAJNIKANT)  S/O SAEED PAHELWAN ANSARI,118,226,473,-,473,0.03
2775,19,MAITHILI SHARAN GUPTA,283,226,447,1,448,0.03
2776,20,RAJESH KEER,283,226,427,-,427,0.03
2777,21,AKSHAY GOTHI,478,226,403,4,407,0.03
2778,22,HITENDRA SHAHARE (BABA),283,226,318,-,318,0.02
2779,23,NOTA,472,226,6573,48,6621,0.44
2780,1,RODMAL NAGAR,159,227,756139,2604,758743,53.1
2781,2,DIGVIJAYA SINGH,290,227,610602,2052,612654,42.87
2782,3,DR. RAJENDRA SURYAVANSHI,122,227,13902,40,13942,0.98
2783,4,ASHOK PAWAR,622,227,6597,17,6614,0.46
2784,5,JITENDRA SINGH,453,227,5051,12,5063,0.35
2785,6,DINESH RAZAWAT,21,227,4170,9,4179,0.29
2786,7,RODMAL,283,227,3733,11,3744,0.26
2787,8,ANIL JAIN,283,227,3069,20,3089,0.22
2788,9,RADHESHYAM MALVIYA,283,227,2796,3,2799,0.2
2789,10,SUNEEL BHEEL,283,227,2703,10,2713,0.19
2790,11,VISHAL SONI (ADVOCATE),175,227,2544,16,2560,0.18
2791,12,JAGDISH KARPENTER,283,227,1730,4,1734,0.12
2792,13,ANIL,283,227,1414,4,1418,0.1
2793,14,RAMCHARAN PIRJAPATI,386,227,1292,2,1294,0.09
2794,15,BABU SINGH,607,227,1186,5,1191,0.08
2795,16,NOTA,472,227,7248,12,7260,0.51
2796,1,MAHENDRA SINGH SOLANKY,159,228,925917,3024,928941,63.23
2797,2,RAJENDRA RADHAKISHAN MALVIYA,290,228,502548,1168,503716,34.29
2798,3,RAJENDRASINGH CHOKHUTIYA,122,228,11162,41,11203,0.76
2799,4,RAMPRASAD,21,228,7201,19,7220,0.49
2800,5,NITIN VERMA,283,228,2756,5,2761,0.19
2801,6,ADVOCATE VIDAYARAJ MALAVIY,664,228,2026,5,2031,0.14
2802,7,ENG. DEEPAK RAMESH CHANDRA VICHITRA,283,228,1585,10,1595,0.11
2803,8,HEMRAJ POONAMCHANDRA BAMNIYA,509,228,1236,12,1248,0.08
2804,9,NOTA,472,228,10365,24,10389,0.71
2805,1,ANIL FIROJIYA,159,229,834374,1730,836104,62.93
2806,2,MAHESH PARMAR,290,229,459531,713,460244,34.64
2807,3,ADVOCATE PRAKASH CHOUHAN,122,229,9502,16,9518,0.72
2808,4,DR. HEMANT PARMAR,215,229,4973,3,4976,0.37
2809,5,SURESH BAGARI,283,229,2786,5,2791,0.21
2810,6,MAHESH PARMAR,283,229,2468,8,2476,0.19
2811,7,GANGA MALVIYA,283,229,1288,7,1295,0.1
2812,8,ANIL,283,229,979,2,981,0.07
2813,9,ISHWARLAL VARSHI,283,229,860,3,863,0.06
2814,10,NOTA,472,229,9310,22,9332,0.7
2815,1,SUDHEER GUPTA,159,230,942249,3512,945761,65.98
2816,2,DILIP SINGH GURJAR,290,230,443622,1484,445106,31.05
2817,3,KANHAIYALAL MALVIYA,122,230,10456,56,10512,0.73
2818,4,ISMAIL KHAN MAIV,283,230,8810,16,8826,0.62
2819,5,SUSHIL,283,230,3432,7,3439,0.24
2820,6,SAEED AHAMAD,283,230,3165,2,3167,0.22
2821,7,MURALIDHAR,283,230,2682,14,2696,0.19
2822,8,VIJAY RANN,283,230,2314,9,2323,0.16
2823,9,NOTA,472,230,11615,47,11662,0.81
2824,1,ANITA NAGARSINGH CHOUHAN,159,231,793432,2431,795863,51.93
2825,2,KANTILAL BHURIA,290,231,586904,1727,588631,38.41
2826,3,ENGINEER BALUSINGH GAMAD,132,231,52525,234,52759,3.44
2827,4,RAMCHANDRA SOLANKI,122,231,15159,13,15172,0.99
2828,5,SURAJ BHABHAR,283,231,10060,2,10062,0.66
2829,6,RANGLA KALESH,283,231,7331,4,7335,0.48
2830,7,KASNA RANA PARGI,283,231,7311,5,7316,0.48
2831,8,SUMITRA MEDA,283,231,6927,3,6930,0.45
2832,9,RAMESHWAR SINGAR,283,231,4603,4,4607,0.3
2833,10,MOHANSINGH NINGWAL,207,231,4503,4,4507,0.29
2834,11,SHEETAL BARELA,37,231,3929,1,3930,0.26
2835,12,UDESINGH MACHAR,592,231,3795,1,3796,0.25
2836,13,NOTA,472,231,31697,38,31735,2.07
2837,1,SAVITRI THAKUR,159,232,792591,1858,794449,55.75
2838,2,RADHESHYAM MUVEL,290,232,574756,1028,575784,40.4
2839,3,DHUMSINGH MANDLOI MACHHAR,122,232,14926,30,14956,1.05
2840,4,JITENDRA MUNIYA,132,232,10586,35,10621,0.75
2841,5,SUNIL AJRAWAT,283,232,5400,8,5408,0.38
2842,6,SHIVAJI PATEL KALMI,283,232,4694,6,4700,0.33
2843,7,VIKRAM VASUNIYA,332,232,3464,11,3475,0.24
2844,8,NOTA,472,232,15612,39,15651,1.1
2845,1,SHANKAR LALWANI,159,233,1223746,3005,1226751,78.54
2846,2,SANJAY S/O LAKSHMAN SOLANKI,122,233,51486,173,51659,3.31
2847,3,PAWAN KUMAR,50,233,15182,28,15210,0.97
2848,4,ABHAY JAIN,283,233,8379,13,8392,0.54
2849,5,LAVISH DILIP KHANDELWAL,283,233,8231,7,8238,0.53
2850,6,COMRADE AJEET SINGH,667,233,7148,31,7179,0.46
2851,7,AYAZ ALI,283,233,7074,22,7096,0.45
2852,8,ENG. ARJUN PARIHAR,283,233,3823,8,3831,0.25
2853,9,BASANT GEHLOT,323,233,3663,13,3676,0.24
2854,10,RAVI SIRWAIYA,283,233,2615,6,2621,0.17
2855,11,MUDIT CHAURASIA,283,233,2601,8,2609,0.17
2856,12,PARMANAND TOLANI,283,233,2399,4,2403,0.15
2857,13,DESH BHAKT ANKIT GUPTA,283,233,1957,12,1969,0.13
2858,14,ADVOCATE PANKAJ GUPTE,283,233,1652,8,1660,0.11
2859,15,NOTA,472,233,218355,319,218674,14
2860,1,GAJENDRA SINGH PATEL,159,234,818291,1572,819863,52.6
2861,2,PORLAL BATHA KHARTE,290,234,683651,1194,684845,43.93
2862,3,DEVISINGH NARGAVE,227,234,14680,6,14686,0.94
2863,4,SHOBHARAM DAWAR,122,234,12047,22,12069,0.77
2864,5,NARSINGH SOLANKI,283,234,9052,6,9058,0.58
2865,6,NOTA,472,234,18237,20,18257,1.17
2866,1,GYANESHWAR PATIL,159,235,861188,1491,862679,57.04
2867,2,NARENDRA PATEL,290,235,591540,1168,592708,39.19
2868,3,MUNNALAL S/O DHANNALAL TEJI,122,235,11796,22,11818,0.78
2869,4,ABHINESH SINGH,535,235,9295,4,9299,0.61
2870,5,LAXMI NARAYAN KATARE,283,235,4902,3,4905,0.32
2871,6,MANOJ KUMAR VISHWAMBHARNATH AGRAWAL,283,235,4346,1,4347,0.29
2872,7,MAHESH PAWAR,487,235,3701,8,3709,0.25
2873,8,SHIVAM SEN,283,235,3479,2,3481,0.23
2874,9,RAVINDRA SONVANE,283,235,2679,6,2685,0.18
2875,10,PRAKASH RATHOR BANJARA,11,235,2368,2,2370,0.16
2876,11,NARAYAN SUKHADEV PAL,175,235,1699,3,1702,0.11
2877,12,NOTA,472,235,12817,22,12839,0.85
2878,1,DURGADAS (D. D.) UIKEY,159,236,846696,1540,848236,60.76
2879,2,RAMU TEKAM,290,236,467810,665,468475,33.56
2880,3,ARJUN ASHOK BHALAVI,122,236,26559,38,26597,1.91
2881,4,ANIL UIKEY,132,236,10552,24,10576,0.76
2882,5,BHURELAL CHOTELAL BETHEKAR,283,236,7800,11,7811,0.56
2883,6,BHAGCHARAN WARKADE,283,236,5957,11,5968,0.43
2884,7,SUNER UIKEY,260,236,4172,14,4186,0.3
2885,8,BARSKAR SUBHASH KORAKU,681,236,3831,18,3849,0.28
2886,9,NOTA,472,236,20309,13,20322,1.46
2887,1,ADV GOWAAL KAGADA PADAVI,290,237,744879,1119,745998,53.53
2888,2,DR HEENA VIJAYKUMAR GAVIT,159,237,585847,1031,586878,42.11
2889,3,ANANDA SUKALAL KOLI,122,237,10628,16,10644,0.76
2890,4,SUSHILKUMAR JAHANGIR PAWARA,283,237,8878,9,8887,0.64
2891,5,NIRMALA VASAVE,487,237,6923,24,6947,0.5
2892,6,ROHIDAS GEMAJI VALVI,283,237,4941,6,4947,0.35
2893,7,HEMANT MANSARAM KOLI,718,237,4062,19,4081,0.29
2894,8,DEEPAKKUMAR MADHUKAR SHIRSATH,283,237,3567,4,3571,0.26
2895,9,RAVINDRA RANJIT VALVI,132,237,2608,17,2625,0.19
2896,10,JALAMSING SUTUM PAWAR,283,237,2583,4,2587,0.19
2897,11,GITANJALI SHASHIKANT KOLI,283,237,2372,9,2381,0.17
2898,12,NOTA,472,237,14108,15,14123,1.01
2899,1,BACHHAV SHOBHA DINESH,290,238,582492,1374,583866,47.89
2900,2,BHAMRE SUBHASH RAMRAO,159,238,577778,2257,580035,47.57
2901,3,BHARAT BABURAO JADHAV,283,238,19695,18,19713,1.62
2902,4,ZAHOOR AHAMAD MOHAMAD YUSUF (JAM JAM),122,238,4955,18,4973,0.41
2903,5,SANJAY RAMESHWAR SHARMA,283,238,3741,5,3746,0.31
2904,6,SHAFEEQUE AHEMAD MD. RAFEEQUE,283,238,3706,1,3707,0.3
2905,7,NAMDEO ROHIDAS YELAVE,146,238,3659,24,3683,0.3
2906,8,ADV SACHIN UMAJI NIKAM,283,238,3657,3,3660,0.3
2907,9,RAJ CHAVAN,283,238,3443,9,3452,0.28
2908,10,MOHAMMAD ISMAIL JUMMAN,283,238,1084,1,1085,0.09
2909,11,SURESH JAGANNATH BRAHMANKAR (SURESH BAPU),283,238,1035,3,1038,0.09
2910,12,PATIL SHIVAJI NATHU,59,238,994,7,1001,0.08
2911,13,SHAIKH MOHAMMAD ZAID SHAMIM AHMED,737,238,946,5,951,0.08
2912,14,MOHAMMAD AAMEEN MOHAMMAD FARUQUE,283,238,833,2,835,0.07
2913,15,MUQEEM MEENA NAGRI,215,238,773,8,781,0.06
2914,16,IRFAN. MO. ISHAK (NADIR),283,238,763,-,763,0.06
2915,17,MALAY PRAKASH PATIL,283,238,734,2,736,0.06
2916,18,ABDUL HAFEEZ ABDUL HAQUE,283,238,576,1,577,0.05
2917,19,NOTA,472,238,4661,32,4693,0.38
2918,1,SMITA UDAY WAGH,159,239,672119,2309,674428,57.67
2919,2,KARAN BALASAHEB PATIL - PAWAR,658,239,421213,1621,422834,36.15
2920,3,YUVRAJ JADHAV (SAMBHA AAPPA),718,239,21062,115,21177,1.81
2921,4,EX-HAVILDAR ISHWAR DAYARAM MORE,606,239,7479,69,7548,0.65
2922,5,VILAS SHANKAR TAYADE,122,239,6310,71,6381,0.55
2923,6,LALIT (BANTI) SHARMA,283,239,4189,3,4192,0.36
2924,7,KARAN PAWAR,283,239,3954,29,3983,0.34
2925,8,ADVOCATE VIJAY BABULAL DANEJ,283,239,3400,4,3404,0.29
2926,9,MUKESH MULCHAND KOLI,283,239,3358,12,3370,0.29
2927,10,MAHENDRA DEVRAM KOLI,283,239,2462,14,2476,0.21
2928,11,AHMAD KHAN,283,239,1889,12,1901,0.16
2929,12,ABDUL SHAKUR DESHPANDE,283,239,1593,13,1606,0.14
2930,13,ADV. NAMDEO PANDURANG KOLI,283,239,1212,12,1224,0.1
2931,14,PATIL SANDIP YUVRAJ,283,239,1098,12,1110,0.09
2932,15,NOTA,472,239,13878,41,13919,1.19
2933,1,KHADSE RAKSHA NIKHIL,159,240,629558,1321,630879,53.84
2934,2,SHRIRAM DAYARAM PATIL,456,240,358030,666,358696,30.61
2935,3,ER. SANJAY PANDIT BRAMHANE,718,240,59001,119,59120,5.05
2936,4,EKNATH NAGO SALUNKE,283,240,43957,25,43982,3.75
2937,5,GULAB DAYARAM BHIL,132,240,9622,22,9644,0.82
2938,6,MAMTA ALIAS MUMTAJ BHIKARI TADVI,283,240,7874,10,7884,0.67
2939,7,VIJAY RAMKRUSHNA KALE,122,240,7551,26,7577,0.65
2940,8,VASANT SHANKAR KOLTE,283,240,6713,5,6718,0.57
2941,9,PRAVIN LAXMAN PATIL,283,240,6087,5,6092,0.52
2942,10,YUVRAJ DEVSING BARELA,283,240,5131,4,5135,0.44
2943,11,ASHOK BABURAO JADHAV,487,240,4686,4,4690,0.4
2944,12,SHRIRAM SITARAM PATIL,283,240,4264,5,4269,0.36
2945,13,JITENDRA PANDURANG PATIL,283,240,3582,5,3587,0.31
2946,14,SANJAY PRALHAD KANDELKAR,283,240,2954,7,2961,0.25
2947,15,SAGAR PRABHAKAR PATIL,283,240,2932,3,2935,0.25
2948,16,SANJAYKUMAR LAXMAN WANKHEDE,595,240,2277,5,2282,0.19
2949,17,ANIL PITAMBAR WAGH (SIR),283,240,2265,13,2278,0.19
2950,18,PROF. DR. ASHISH SUBHASH JADHAV,283,240,1919,8,1927,0.16
2951,19,BHIVRAJ RAMDAS RAYSINGE,283,240,1807,2,1809,0.15
2952,20,KOMALBAI BAPURAO PATIL,283,240,1424,5,1429,0.12
2953,21,SHAIKH AABID SHAIKH BASHIR,283,240,1035,5,1040,0.09
2954,22,AMIT HARIBHAU KOLTE,283,240,980,1,981,0.08
2955,23,DR. YOGENDRA VITTHAL KOLTE,283,240,900,2,902,0.08
2956,24,SHRIRAM OMKAR PATIL,283,240,743,6,749,0.06
2957,25,NOTA,472,240,4073,27,4100,0.35
2958,1,JADHAV PRATAPRAO GANPATRAO,657,241,348289,1578,349867,31.53
2959,2,NARENDRA DAGDU KHEDEKAR,658,241,319415,973,320388,28.88
2960,3,RAVIKANT CHANDRADAS TUPKAR,283,241,249042,921,249963,22.53
2961,4,VASANTRAO RAJARAM MAGAR,718,241,98093,348,98441,8.87
2962,5,ASHOK WAMAN HIWALE,283,241,15414,22,15436,1.39
2963,6,SANDEEP RAMRAO SHELKE,283,241,12993,57,13050,1.18
2964,7,GAUTAM KISANRAO MAGHADE,122,241,8125,93,8218,0.74
2965,8,ASLAM SHAH HASAN SHAH,403,241,6117,36,6153,0.55
2966,9,NANDU JAGANNATH LAWANGE,283,241,5696,17,5713,0.51
2967,10,MACHHINDRA SHESHRAV MAGHADE,666,241,5247,11,5258,0.47
2968,11,MOHAMMAD HASAN INAMDAR,423,241,4966,12,4978,0.45
2969,12,GAJANAN JANARDAN DHANDE,283,241,4841,13,4854,0.44
2970,13,DINKAR TUKARAM SAMBARE,283,241,4550,14,4564,0.41
2971,14,BALASAHEB RAMCHANDRA INGLE,283,241,3911,20,3931,0.35
2972,15,PRATAP PANDHARINATH PATIL,283,241,2547,14,2561,0.23
2973,16,SANTOSH BHIMRAO INGLE,592,241,2524,6,2530,0.23
2974,17,MADHAVRAO SAKHARAM BANSODE,121,241,2441,14,2455,0.22
2975,18,VIKAS BHAI NANDAVE,215,241,2322,9,2331,0.21
2976,19,UDDHAV ONKAR ATOLE,283,241,1946,22,1968,0.18
2977,20,REKHA KAILAS POPHALKAR,283,241,1533,7,1540,0.14
2978,21,PROF SUMANTAI TIRPUDE,487,241,1505,6,1511,0.14
2979,22,NOTA,472,241,3750,36,3786,0.34
2980,1,ANUP SANJAY DHOTRE,159,242,454972,2058,457030,38.96
2981,2,ABHAY KASHINATH PATIL,290,242,414557,1847,416404,35.5
2982,3,AMBEDKAR PRAKASH YASHWANT,718,242,275490,1257,276747,23.59
2983,4,ADV NAJIB SHAIKH,291,242,3288,12,3300,0.28
2984,5,KASHINATH VISHWANATH DHAMODE,122,242,2737,23,2760,0.24
2985,6,MURLIDHAR LALSING PAWAR,283,242,2058,8,2066,0.18
2986,7,ADHAU RAVIKANT RAMKRUSHNA,351,242,1710,24,1734,0.15
2987,8,AACHARYADIP SUBHASHCHANDRA GANOJE,283,242,1610,8,1618,0.14
2988,9,UJWALA VINAYAK RAUT,283,242,1298,8,1306,0.11
2989,10,DHARMENDRA CHANDRAPRAKASH KOTHARI,283,242,1236,4,1240,0.11
2990,11,DILIP SHATRUGHAN MHAISANE,283,242,860,2,862,0.07
2991,12,ASHOK KISANRAO THORAT,283,242,573,8,581,0.05
2992,13,MOHMMAD AJAZ MOHMMAD TAHER,110,242,564,4,568,0.05
2993,14,BABAN MAHADEV SAYAM,339,242,535,2,537,0.05
2994,15,PRITI PRAMOD SADANSHIV,595,242,528,8,536,0.05
2995,16,NOTA,472,242,5752,31,5783,0.49
2996,1,BALWANT BASWANT WANKHADE,290,243,524136,2135,526271,44.84
2997,2,NAVNEET RAVI RANA,159,243,504806,1734,506540,43.16
2998,3,DINESH GANESHDAS BUB,497,243,84985,315,85300,7.27
2999,4,ANANDRAJ YASHWANT AMBEDKAR,597,243,18713,80,18793,1.6
3000,5,KISHOR BHIMRAO LABADE,283,243,4522,2,4524,0.39
3001,6,SANJAYKUMAR FATTESINGH GADGE,122,243,4485,28,4513,0.38
3002,7,SUMITRA SAHEBRAO GAIKWAD,283,243,2686,4,2690,0.23
3003,8,ARUN YASHWANTRAO BHAGAT,283,243,2086,2,2088,0.18
3004,9,KISHOR DNYANESHWAR TAYDE,283,243,2070,2,2072,0.18
3005,10,SURAJ DHANRAJ NAGDVANE,283,243,1815,3,1818,0.15
3006,11,GAUTAM ALIAS ANANTA RAMDAS INGALE,283,243,1570,-,1570,0.13
3007,12,PRAMOD RAMKRUSHNA CHOURPAGAR,283,243,1306,1,1307,0.11
3008,13,ANIL THAWARE ALIAS DR. ANILKUMAR NAGBUDDHA,283,243,1206,-,1206,0.1
3009,14,SURESH PUNDLIK MESHRAM,283,243,1051,1,1052,0.09
3010,15,SATISH YASHWANTRAO GEDAM,283,243,942,1,943,0.08
3011,16,MANOHAR KRUSHNAJI KURHADE,283,243,871,-,871,0.07
3012,17,DIGAMBAR WAMAN BHAGAT,439,243,760,2,762,0.06
3013,18,ENGI. AVINASH HARISHCHANDRA DHANAWATE,487,243,725,5,730,0.06
3014,19,HIMMAT BHIMRAO DHOLE,283,243,668,2,670,0.06
3015,20,SUSHAMA GAJANAN AWACHAR,351,243,656,3,659,0.06
3016,21,GANESH NANAJI RAMTEKE,50,243,624,5,629,0.05
3017,22,MANKAR DNYANESHWAR KASHIRAO,283,243,538,1,539,0.05
3018,23,TARA SURESH WANKHADE,283,243,526,1,527,0.04
3019,24,SHRIKRUSHNA SAKHARAMJI KSHIRSAGAR,283,243,508,2,510,0.04
3020,25,ADV. RAJU MADHUKARRAO KALANE,115,243,495,-,495,0.04
3021,26,BHARAT CHAMPATRAO YANGAD,283,243,441,-,441,0.04
3022,27,VARSHA BHAGAWANTRAO BHAGAT,283,243,440,3,443,0.04
3023,28,NARENDRA BABULAL KATHANE,239,243,422,-,422,0.04
3024,29,PRABHAKAR PANDURANG BHATKAR,283,243,365,-,365,0.03
3025,30,ADV. PRUTHVISAMRAT MUKINDRAO DIPWANSH,283,243,335,2,337,0.03
3026,31,BHAURAO SAMPATRAO WANKHADE,59,243,328,1,329,0.03
3027,32,GHAZI SAADUDDIN ZAHEER AHMED,583,243,325,6,331,0.03
3028,33,RAVI GUNWANTRAO WANKHADE,283,243,286,2,288,0.02
3029,34,SONALI SANJAY MESHRAM,283,243,270,2,272,0.02
3030,35,SANDEEP BABULAL MESHRAM,283,243,257,-,257,0.02
3031,36,RAJESH TULSHIRAM KHADE,283,243,239,-,239,0.02
3032,37,RAJU MAHADEVRAO SONONE,283,243,230,2,232,0.02
3033,38,NOTA,472,243,2517,27,2544,0.22
3034,1,AMAR SHARADRAO KALE,456,244,530761,2345,533106,48.68
3035,2,RAMDAS CHANDRABHAN TADAS,159,244,449599,1859,451458,41.23
3036,3,DR. MOHAN RAMRAOJI  RAIKWAR,122,244,20653,142,20795,1.9
3037,4,PROF. RAJENDRA GULABRAO  SALUNKHE,718,244,15408,84,15492,1.41
3038,5,ASIF,283,244,15176,6,15182,1.39
3039,6,KISHOR BABA PAVAR,283,244,12917,3,12920,1.18
3040,7,SUHAS V. THAKARE,283,244,7639,9,7648,0.7
3041,8,AKSHAY MEHARE BHARTIYA,50,244,5446,21,5467,0.5
3042,9,MAROTI GULABRAO UIKE,260,244,4651,21,4672,0.43
3043,10,ADV. BHASKAR MAROTRAO  NEWARE,283,244,4021,11,4032,0.37
3044,11,JAGADISH UDDVRAO  WANKHADE,283,244,2338,11,2349,0.21
3045,12,POOJA PANKAJ TADAS,283,244,2121,14,2135,0.19
3046,13,ANIL K. GHUSHE,283,244,1967,4,1971,0.18
3047,14,ASHISH LEKHIRAM IZANKAR,721,244,1819,9,1828,0.17
3048,15,VIJAY DNYANESHWARRAO  SHRIRAO,283,244,1723,15,1738,0.16
3049,16,ARVIND SHAMRAO LILLORE,283,244,1475,1,1476,0.13
3050,17,RAMRAO BAJIRAO GHODASKAR,59,244,1418,20,1438,0.13
3051,18,KRUSHNA SUBHASHRAO FULKARI,389,244,1342,1,1343,0.12
3052,19,UMESH SOMAJI WAWARE,403,244,1231,15,1246,0.11
3053,20,KRUSHNA ANNAJI KALODE,272,244,1052,9,1061,0.1
3054,21,RAMESH SINHA,283,244,799,-,799,0.07
3055,22,DR. MORESHWAR RAMJI NAGRALE,590,244,792,5,797,0.07
3056,23,DIXITA ANAND,239,244,731,5,736,0.07
3057,24,RAHUL T. BHOYAR,283,244,685,4,689,0.06
3058,25,NOTA,472,244,4583,51,4634,0.42
3059,1,Shyamkumar (Babalu) Daulat Barve,290,245,611894,1131,613025,48.94
3060,2,RAJU DEONATH PARVE,657,245,535234,1023,536257,42.81
3061,3,SANDIP SAHADEO MESHRAM,122,245,26003,95,26098,2.08
3062,4,KISHORE  UTTAMRAO GAJBHIYE,283,245,24324,59,24383,1.95
3063,5,AJAY BAKARAM CHAVAN,283,245,6021,5,6026,0.48
3064,6,SANVIDHAN G LOKHANDE,128,245,5810,4,5814,0.46
3065,7,ROSHANI ATUL GAJBHIYE,260,245,5108,29,5137,0.41
3066,8,GOWARDHAN DEORAO KUMBHARE,729,245,3750,16,3766,0.3
3067,9,ARVIND SHIVAJI TANDEKAR,283,245,3208,7,3215,0.26
3068,10,SANJAY VASANTRAO BORKAR,403,245,1983,9,1992,0.16
3069,11,SHANKAR CHINTAMAN CHAHANDE,718,245,1858,26,1884,0.15
3070,12,ADV BHIMRAO SHENDE,121,245,1811,7,1818,0.15
3071,13,GAIKWAD MANJUSHA SACHIN,50,245,1760,13,1773,0.14
3072,14,ASHISH BHAURAO SARODE,215,245,1600,20,1620,0.13
3073,15,PRAMOD SHRIPAT KHOBRAGADE,80,245,1337,3,1340,0.11
3074,16,UMESH RAJU  KHADSE,522,245,1223,6,1229,0.1
3075,17,SIDDHARTH GADIJI PATIL,487,245,975,2,977,0.08
3076,18,PREMKUMAR DASHRATH GAJBHARE,283,245,921,4,925,0.07
3077,19,RIDDHESHWAR ANANDRAO BELEY,592,245,908,5,913,0.07
3078,20,BHOJRAJ TUKARAM SARODE,351,245,881,7,888,0.07
3079,21,VILAS SHRIPAT KHADSE,283,245,857,3,860,0.07
3080,22,SUBHASH LOKHANDE,283,245,849,1,850,0.07
3081,23,KARTIK GENDLALJI DOKE,283,245,844,3,847,0.07
3082,24,ADV ULHAS SHALIKRAM DUPARE,283,245,780,1,781,0.06
3083,25,LAROKAR SURESH PUNDLIK,283,245,693,5,698,0.06
3084,26,SUNIL UTTAMRAO SALVE,283,245,649,2,651,0.05
3085,27,GOWARDHAN NAMDEO SOMDEVE,283,245,509,2,511,0.04
3086,28,VILAS GANESH ZODAPE,283,245,402,5,407,0.03
3087,29,NOTA,472,245,7769,58,7827,0.62
3088,1,NITIN JAIRAM GADKARI,159,246,652809,2218,655027,54.08
3089,2,VIKAS THAKRE,290,246,515941,1483,517424,42.72
3090,3,YOGIRAJ ALIAS YOGESH PATIRAM LANJEWAR,122,246,19164,78,19242,1.59
3091,4,KIVINSUKA VIRENDRA SURYAVANSHI,239,246,2055,4,2059,0.17
3092,5,ADARSH RAVISHANKAR THAKUR,283,246,1749,1,1750,0.14
3093,6,ADV ULHAS SHALIKRAM DUPARE,283,246,1346,2,1348,0.11
3094,7,FAHIM SHAMIM KHAN,423,246,1072,1,1073,0.09
3095,8,SURAJ BALRAM MISHRA,381,246,814,3,817,0.07
3096,9,TEKRAJ BELKHODE,283,246,803,5,808,0.07
3097,10,GARUDADRI ANAND KUMAR,50,246,719,1,720,0.06
3098,11,DHANU WALTHARE,283,246,690,2,692,0.06
3099,12,VIJAY MANKAR,80,246,606,4,610,0.05
3100,13,ADV. SANTOSH RAMKRISHNA LANJEWAR,59,246,565,2,567,0.05
3101,14,VISHESH VASANTA FUTANE,121,246,559,3,562,0.05
3102,15,GUNWANT HARICHANDRA SOMKUWAR,146,246,465,6,471,0.04
3103,16,SHRIDHAR NARAYAN SALVE,215,246,447,4,451,0.04
3104,17,SUNIL WANKHEDE,522,246,320,2,322,0.03
3105,18,DIPAK LAXMANRAO MASKE,118,246,267,3,270,0.02
3106,19,NARAYAN TUKARAM CHOUDHARI,667,246,251,-,251,0.02
3107,20,SANTOSH TULSHIRAM CHAVHAN,283,246,242,-,242,0.02
3108,21,SUSHIL PATIL,283,246,236,1,237,0.02
3109,22,SACHIN RAMKRUSHNARAO WAGHADE,283,246,202,-,202,0.02
3110,23,PRAFUL MANIKCHAND BHANGE,283,246,201,-,201,0.02
3111,24,VINAYAK BHAURAO AWCHAT,283,246,190,-,190,0.02
3112,25,BABITA RAJU AWASTHI,283,246,179,3,182,0.02
3113,26,SAHIL BALCHAND TURKAR,283,246,129,-,129,0.01
3114,27,NOTA,472,246,5434,40,5474,0.45
3115,1,DR. PRASHANT YADAORAO PADOLE,290,247,581678,5735,587413,47.56
3116,2,SUNIL BABURAO MENDHE,159,247,546222,3811,550033,44.53
3117,3,KUMBHALKAR SANJAY BHAIYY,122,247,25104,358,25462,2.06
3118,4,SANJAY GAJANAN KEWAT,718,247,24528,330,24858,2.01
3119,5,SEWAKBHAU NIRDHAN WAGHAYE,283,247,12899,204,13103,1.06
3120,6,AJAYKUMAR BHARTIYA,50,247,3998,59,4057,0.33
3121,7,SUMIT VIJAY PANDE,283,247,3719,-,3719,0.3
3122,8,VIRENDRAKUMAR KASTURCHAND JAISWAL,283,247,2382,7,2389,0.19
3123,9,DEVILAL SUKHRAM NEPALE,487,247,2000,9,2009,0.16
3124,10,DR. AKASH MADHUKAR JIBHAKATE,283,247,1972,9,1981,0.16
3125,11,VILAS BABURAO LENDE,389,247,1624,25,1649,0.13
3126,12,VILAS JIYALAL RAUT,283,247,1611,5,1616,0.13
3127,13,BENIRAM RAMCHAND FULBANDHE,283,247,1482,15,1497,0.12
3128,14,PRADEEP  DHOBALE,283,247,1163,33,1196,0.1
3129,15,SURYAKIRAN ISHWAR NANDAGAWALI,283,247,1132,30,1162,0.09
3130,16,ITWALE SHARAD MARTAND,283,247,1020,8,1028,0.08
3131,17,TULSIRAM URKUDA GEDAM,283,247,831,11,842,0.07
3132,18,CHAITRAM DASHARATH KOKASE,283,247,780,11,791,0.06
3133,19,NOTA,472,247,10106,162,10268,0.83
3134,1,DR. KIRSAN  NAMDEO,290,248,614610,3182,617792,52.97
3135,2,ASHOK  MAHADEORAO NETE,159,248,474376,1720,476096,40.82
3136,3,GONNADE  YOGESH  NAMDEORAO,122,248,18930,125,19055,1.63
3137,4,HITESH PANDURANG MADAVI,718,248,15824,98,15922,1.37
3138,5,VINOD GURUDAS MADAVI,283,248,6107,19,6126,0.53
3139,6,KODAPE VILAS SHAMARAO,283,248,4396,6,4402,0.38
3140,7,SUHAS UMESH KUMRE,215,248,2851,21,2872,0.25
3141,8,KARAN SURESH SAYAM,283,248,2772,17,2789,0.24
3142,9,BARIKRAO DHARMAJI MADAVI,121,248,2527,28,2555,0.22
3143,10,DHIRAJ PURUSHOTTAM SHEDMAKE,339,248,2141,33,2174,0.19
3144,11,NOTA,472,248,16507,70,16577,1.42
3145,1,DHANORKAR PRATIBHA SURESH ALIAS BALUBHAU,290,249,716635,1775,718410,57.88
3146,2,MUNGANTIWAR SUDHIR SACCHIDANAND,159,249,456943,1061,458004,36.9
3147,3,BELE RAJESH WARLUJI,718,249,21934,46,21980,1.77
3148,4,RAJENDRA HARISHCHANDRA RAMTEKE,122,249,9145,43,9188,0.74
3149,5,SANJAY NILKANTH GAWANDE,283,249,5087,1,5088,0.41
3150,6,DIWAKAR HARIJI URADE,283,249,3221,3,3224,0.26
3151,7,NAMDEO MANIKRAO SHEDMAKE,260,249,2238,18,2256,0.18
3152,8,SEWAKDAS KAWDUJI BARKE,487,249,1997,1,1998,0.16
3153,9,AWACHIT SHAMRAO SAYAM,339,249,1886,20,1906,0.15
3154,10,MILIND PRALHAD DAHIWALE,283,249,1759,2,1761,0.14
3155,11,ASHOK RANAJI RATHOD,351,249,1660,10,1670,0.13
3156,12,VIKAS UTTAMRAO LASANTE,632,249,1518,2,1520,0.12
3157,13,VIDYASAGAR KALIDAS KASARLAWAR,215,249,1426,-,1426,0.11
3158,14,VANITA JITENDRA RAUT,42,249,1054,3,1057,0.09
3159,15,PURNIMA DILIP GHONMODE,121,249,967,6,973,0.08
3160,16,NOTA,472,249,10821,22,10843,0.87
3161,1,SANJAY UTTAMRAO DESHMUKH,658,250,591899,2908,594807,48.53
3162,2,RAJSHRITAI HEMANT PATIL (MAHALLE),657,250,498514,1820,500334,40.83
3163,3,ANIL JAYRAM RATHOD,623,250,56175,215,56390,4.6
3164,4,HARISING (HARIBHAU) NASARU RATHOD,122,250,17256,140,17396,1.42
3165,5,SANGITA DINESH CHAVHAN,283,250,7169,11,7180,0.59
3166,6,RAMDAS BAJIRAO GHODAM,283,250,6776,5,6781,0.55
3167,7,VINOD PANJABRAO NANDAGAVALI,283,250,6291,7,6298,0.51
3168,8,SANDIP SAMPAT SHINDE,283,250,5511,3,5514,0.45
3169,9,DHARAM DILIPSING THAKUR,632,250,4539,16,4555,0.37
3170,10,AMOL KOMAWAR,272,250,3364,13,3377,0.28
3171,11,UTTAM ONKAR INGOLE,487,250,2958,17,2975,0.24
3172,12,MANOJ MAHADEORAO GEDAM,283,250,2783,11,2794,0.23
3173,13,NUR ALI MAHEBUB ALI SHAH,283,250,1951,7,1958,0.16
3174,14,DR ARJUNKUMAR SITARAM RATHOD,283,250,1857,6,1863,0.15
3175,15,PRO KISAN RAMRAO AMBURE,283,250,1705,15,1720,0.14
3176,16,DIKSHANT NAMDEVRAO SAWAIKAR,283,250,1095,8,1103,0.09
3177,17,GOKUL PREMDAS CHAVHAN,283,250,1091,3,1094,0.09
3178,18,NOTA,472,250,9316,75,9391,0.77
3179,1,AASHTIKAR PATIL NAGESH BAPURAO,658,251,490432,2103,492535,42.49
3180,2,BABURAO KADAM KOHALIKAR,657,251,382599,1334,383933,33.12
3181,3,DR. B. D. CHAVHAN,718,251,161324,490,161814,13.96
3182,4,AMBADAS SUKAJI GADE,283,251,14729,13,14742,1.27
3183,5,VIJAY RAMJI GABHANE,228,251,14617,27,14644,1.26
3184,6,ANAND RAJARAM DHULE,283,251,9807,10,9817,0.85
3185,7,GAJANAN DHONDBA DAL,122,251,7410,55,7465,0.64
3186,8,DATTA SHRIKRISHNA SURYAWANSHI,283,251,7233,6,7239,0.62
3187,9,SARJERAO NIVRUTTI KHANDARE,283,251,5010,4,5014,0.43
3188,10,RAMPRASAD NARAYAN BANGAR,283,251,4518,7,4525,0.39
3189,11,BABURAO ANANDRAO KADAM,283,251,4469,13,4482,0.39
3190,12,DEVSARKAR VARSHA SHIVAJIRAO,119,251,4081,18,4099,0.35
3191,13,A. KADIR MASTAN SAYYED (GOREGAONKAR),283,251,3707,6,3713,0.32
3192,14,ANIL DEVRAO MOHITE,50,251,3353,21,3374,0.29
3193,15,SUNIL MOTIRAM GAJBHAR,283,251,3192,-,3192,0.28
3194,16,ADV ALTAF AHMED,291,251,2934,16,2950,0.25
3195,17,ASHOK PANDURANG RATHOD,283,251,2897,9,2906,0.25
3196,18,ADV RAVI SHINDE,283,251,2687,14,2701,0.23
3197,19,SATTAR PATHAN,283,251,2461,2,2463,0.21
3198,20,MAHESH KAILAS NAPTE,283,251,2298,1,2299,0.2
3199,21,ADV. SHIVAJIRAO JADHAV,283,251,2181,33,2214,0.19
3200,22,BHAWAR GOVINDRAO FULAJI,283,251,2138,8,2146,0.19
3201,23,TRISHALA MILIND KAMBLE,123,251,2128,22,2150,0.19
3202,24,PRAKASH MASARAM RANVIR,592,251,2097,5,2102,0.18
3203,25,ADV. RAMRAO ATMARAM JUMBADE,283,251,2095,9,2104,0.18
3204,26,DESHA SHYAM BANJARA,623,251,2052,11,2063,0.18
3205,27,VISHVANATH BHAURAO FALEGAONKAR,283,251,1856,3,1859,0.16
3206,28,HEMANT RADHAKISHAN KANAKE,557,251,1791,9,1800,0.16
3207,29,RAVI RAMDAS JADHAV (SAWANEKAR),23,251,1590,12,1602,0.14
3208,30,DEWJI GANGARAM ASOLE,283,251,1476,7,1483,0.13
3209,31,VIJAY DNYANBA RAUT,283,251,1115,11,1126,0.1
3210,32,SUNIL DASHARATH INGOLE,215,251,1024,4,1028,0.09
3211,33,VASANT KISAN PAIKRAO,283,251,590,3,593,0.05
3212,34,NOTA,472,251,3079,44,3123,0.27
3213,1,CHAVAN VASANTRAO BALWANTRAO,290,252,526865,2029,528894,46.88
3214,2,CHIKHALIKAR PRATAPRAO GOVINDRAO,159,252,467452,2000,469452,41.61
3215,3,AVINASH VISHWANATH BHOSIKAR,718,252,92090,422,92512,8.2
3216,4,PANDURANG RAMA ADGULWAR,122,252,6879,22,6901,0.61
3217,5,NIKHIL LAXMANRAO GARJE,283,252,4320,5,4325,0.38
3218,6,NAGESH SAMBHAJI GAIKWAD,283,252,3316,2,3318,0.29
3219,7,BHASKAR CHAMPATRAO DOIFODE,283,252,2078,2,2080,0.18
3220,8,SUSHILA NILKANTHRAO PAWAR,623,252,1873,17,1890,0.17
3221,9,ABDUL RAIS AHEMAD,239,252,1508,2,1510,0.13
3222,10,DEVIDAS GOVINDRAO INGLE,283,252,1466,5,1471,0.13
3223,11,KALPANA SANJAY GAIKWAD,283,252,1305,5,1310,0.12
3224,12,KAUSAR SULTANA,291,252,1211,4,1215,0.11
3225,13,SAHEBRAO BHIVA GAJBHARE,283,252,1189,4,1193,0.11
3226,14,JAGDISH LAXMAN POTRE,283,252,960,3,963,0.09
3227,15,GAJANAN DATTRAMJI DHUMAL,283,252,948,2,950,0.08
3228,16,LAXMAN NAGORAO PATIL,283,252,921,2,923,0.08
3229,17,MAHARUDRA KESHAV POPLAITKAR,283,252,911,2,913,0.08
3230,18,RUKMINBAI SHANKARRAO GITE,171,252,897,6,903,0.08
3231,19,HARI PIRAJI BOYALE,115,252,877,1,878,0.08
3232,20,RATHOD SURESH GOPINATH,283,252,806,2,808,0.07
3233,21,KADAM SURAJ DEVENDRA,283,252,796,3,799,0.07
3234,22,RAHUL SURYAKANT YANGADE,119,252,734,3,737,0.07
3235,23,DNYANESHWAR RAOSAHEB KAPATE,283,252,679,2,681,0.06
3236,24,NOTA,472,252,3579,49,3628,0.32
3237,1,JADHAV SANJAY ( BANDU ) HARIBHAU,658,253,596871,4472,601343,45.17
3238,2,JANKAR MAHADEV JAGANNATH,573,253,463764,3518,467282,35.1
3239,3,PANJAB UTTAMRAO DAKH,718,253,95394,573,95967,7.21
3240,4,DR. GOVARDHAN BHIWAJI KHANDAGALE,115,253,15355,40,15395,1.16
3241,5,KAMBLE SHIVAJI DEVAJI,283,253,11050,10,11060,0.83
3242,6,ALAMGIR MOHAMMAD KHAN,122,253,10972,90,11062,0.83
3243,7,SAMIR GANESHRAO DUDHGAONKAR,283,253,10951,105,11056,0.83
3244,8,KRUSHNA TRIMBAKRAO PAWAR,283,253,10145,9,10154,0.76
3245,9,KAILAS BALIRAM PAWAR (NAIK),128,253,9487,33,9520,0.72
3246,10,PROF. DR. VILAS BANSIDHAR TANGADE,283,253,8814,6,8820,0.66
3247,11,ARJUN DNYANOBA BHISE,283,253,6915,8,6923,0.52
3248,12,COMRADE RAJAN KSHIRSAGAR,227,253,6627,22,6649,0.5
3249,13,KISHORKUMAR PRAKASH SHINDE,283,253,6547,1,6548,0.49
3250,14,KISHORE RADHAKISHAN DHAGE,283,253,5446,34,5480,0.41
3251,15,SAYED IRSHAD ALI SAYYED LAYAKH ALI,664,253,4629,15,4644,0.35
3252,16,DASHARATH PRABHKAR RATHOD,403,253,4354,40,4394,0.33
3253,17,KARBHARI KUNDLIK MITHE,283,253,4268,8,4276,0.32
3254,18,APPASAHEB OMKAR KADAM,283,253,3883,8,3891,0.29
3255,19,SHRIRAM BANSILAL JADHAV,311,253,3617,11,3628,0.27
3256,20,COMRADE GANPAT BHISE,283,253,3589,15,3604,0.27
3257,21,DNYANESHWAR JAGANNATH DAHIBHATE,283,253,3538,1,3539,0.27
3258,22,ANIL MANIKRAO MUDGALKAR,283,253,3531,2,3533,0.27
3259,23,GOVIND BHAIYYA RAMRAO DESHMUKH,283,253,3452,7,3459,0.26
3260,24,SUBHASH DATTARAV JAVLE,283,253,3429,5,3434,0.26
3261,25,RAJABHAU SHESHRAO KAKDE,283,253,3299,3,3302,0.25
3262,26,RAJENDRA RAMDAS ATKAL,283,253,2807,5,2812,0.21
3263,27,SAYYD ABDUL SATTAR AJIJ,283,253,2646,4,2650,0.2
3264,28,SHAIKH SALEEM SHAIKH IBRAHIM,64,253,2617,2,2619,0.2
3265,29,SANGEETA VYAKANTRAO GIRI,679,253,2324,15,2339,0.18
3266,30,ADV. VINOD CHHAGANRAO AMBHORE,119,253,2017,24,2041,0.15
3267,31,VIJAY ANNASAHEB THOMBARE,283,253,1957,2,1959,0.15
3268,32,VISHNUDAS SHIVAJI BHOSALE,283,253,1856,4,1860,0.14
3269,33,MUSTAFA MAINODDIN SHAIKH,283,253,1298,4,1302,0.1
3270,34,BOBADE SAKHARAM PADEGAONKAR,283,253,1244,2,1246,0.09
3271,35,NOTA,472,253,3306,79,3385,0.25
3272,1,KALYAN VAIJINATHRAO KALE,290,254,605504,2393,607897,44.59
3273,2,DANVE RAOSAHEB DADARAO,159,254,495809,2130,497939,36.52
3274,3,MANGESH SANJAY SABLE,283,254,155335,595,155930,11.44
3275,4,BAKALE PRABHAKAR DEVGAN,718,254,37678,132,37810,2.77
3276,5,BABASAHEB SANTUKRAO SHELKE,621,254,9564,6,9570,0.7
3277,6,CHABUKSWAR RAHUL NIRANJAN,283,254,6330,7,6337,0.46
3278,7,NIVRUTTI VISHWNATH BANSODE,122,254,5974,34,6008,0.44
3279,8,DIPAK BHIMRAO BORHADE,623,254,5498,24,5522,0.41
3280,9,TANAJI TUKARAM BHOJANE,283,254,4933,15,4948,0.36
3281,10,KAMBLE MAROTI DASHARATH,283,254,3712,16,3728,0.27
3282,11,RAJENDRA NAMDEO MAGRE,283,254,2873,2,2875,0.21
3283,12,MANOJ NEMINATH KOLTE,283,254,2734,3,2737,0.2
3284,13,MUKESH PRABHAT RATHOD,50,254,2580,11,2591,0.19
3285,14,BABASAHEB PATIL SHINDE,283,254,2413,4,2417,0.18
3286,15,KADUBA MHATARBA INGLE,283,254,1962,5,1967,0.14
3287,16,AJHAR ANWAR SAYYAD,283,254,1541,5,1546,0.11
3288,17,AHMAD RAHIM SAIKH BAGWAN,283,254,1390,4,1394,0.1
3289,18,ADV. YOGESH DATTU GULLAPELLI,283,254,1339,3,1342,0.1
3290,19,BHAGWAN SAHEBRAO REGUDE,274,254,1173,1,1174,0.09
3291,20,DNYANESHWAR DAGDUJI NADE,283,254,1142,1,1143,0.08
3292,21,DHANANJAY RUPRAOJI KAKDE (PATIL),146,254,1132,7,1139,0.08
3293,22,ABDUL RAFIQ ABDUL LATIF,283,254,1045,2,1047,0.08
3294,23,SHYAM RUSTUMRAO SHIRSATH,121,254,972,2,974,0.07
3295,24,RATAN ASARAM LANDGE,283,254,646,1,647,0.05
3296,25,VIKAS CHHAGAN LAHANE,283,254,644,-,644,0.05
3297,26,SHAM PAWALS RUPEKAR,283,254,544,2,546,0.04
3298,27,NOTA,472,254,3504,33,3537,0.26
3299,1,BHUMARE SANDIPANRAO ASARAM,657,255,474434,1696,476130,36.56
3300,2,IMTIAZ JALEEL SYED,65,255,340877,603,341480,26.22
3301,3,CHANDRAKANT KHAIRE,658,255,291870,1580,293450,22.53
3302,4,AFSAR KHAN YASEEN KHA,718,255,69087,179,69266,5.32
3303,5,HARSHWARDHAN DADA RAIBHANJI JADHAV,283,255,39654,174,39828,3.06
3304,6,SURENDRA DIGAMBAR GAJBHARE,283,255,10719,6,10725,0.82
3305,7,SANJAY UTTAMRAO JAGTAP,122,255,8188,64,8252,0.63
3306,8,RAVINDRA BHASKARRAO BODKHE,175,255,6250,4,6254,0.48
3307,9,ABDUL AZIM ABDUL AZIZ SHAIKH,283,255,4693,-,4693,0.36
3308,10,SANJAY BHASKAR SHIRSAT,283,255,3809,3,3812,0.29
3309,11,DR JIVAN BHAWLAL RAJPUT,283,255,3788,19,3807,0.29
3310,12,MANISHA KHARAT,118,255,3097,8,3105,0.24
3311,13,JAGANNATH KHANDERAO JADHAV J K JADHAV,283,255,2916,16,2932,0.23
3312,14,MAANOJ VINAYAKRAO GHODKAY,283,255,2582,5,2587,0.2
3313,15,SANGITA GANESH JADHAV,283,255,2206,6,2212,0.17
3314,16,GALPHADE ARJUN BHAGWANRAO,557,255,2185,7,2192,0.17
3315,17,VISHAL UDDHAV NANDARKAR,283,255,2132,7,2139,0.16
3316,18,ARVIND KISANRAO KAMBLE,121,255,1975,4,1979,0.15
3317,19,PRASHANT PUNDALIKRAO AVHALE,283,255,1945,3,1948,0.15
3318,20,GHUGE NITIN PUNDLIK,283,255,1870,2,1872,0.14
3319,21,BHALERAO VASANT SAMBHAJI,492,255,1546,1,1547,0.12
3320,22,BHARAT PURUSHOTTAM KADAM,565,255,1489,6,1495,0.11
3321,23,ABDUL SAMAD BAGWAN,64,255,1478,4,1482,0.11
3322,24,SANDIP DADARAO MANKAR,283,255,1373,2,1375,0.11
3323,25,ADV B U GOSAWI,274,255,1271,4,1275,0.1
3324,26,PANCHASHILA BABULAL JADHAV,589,255,1267,7,1274,0.1
3325,27,PRATIKSHA PRASHANT CHAVAN,79,255,1187,7,1194,0.09
3326,28,BHANUDAS SON OF RAMDAS SARODE PATIL,283,255,1107,3,1110,0.09
3327,29,NARAYAN JADHAV,487,255,1100,3,1103,0.08
3328,30,SURESH ASARAM FULARE,283,255,910,1,911,0.07
3329,31,SHAIKH KHAJA KISMATWALA KASIM KISMATWALA,283,255,892,2,894,0.07
3330,32,MEENASING AVDHESHSING SING,283,255,783,1,784,0.06
3331,33,LATIF JABBAR KHAN,283,255,765,-,765,0.06
3332,34,JAGANNATH KISAN UGALE,283,255,753,2,755,0.06
3333,35,SANDIP DEVIDAS JADHAV,283,255,609,-,609,0.05
3334,36,DEVIDAS RATAN KASBE,283,255,595,-,595,0.05
3335,37,TRIBHUVAN MADHUKAR PADMAKAR,283,255,593,-,593,0.05
3336,38,NOTA,472,255,5729,44,5773,0.44
3337,1,BHASKAR MURLIDHAR BHAGARE,456,256,575291,2048,577339,46.53
3338,2,DR. BHARATI PRAVIN PAWAR,159,256,462333,1807,464140,37.4
3339,3,BABU SADU BHAGRE (SIR),283,256,103526,106,103632,8.35
3340,4,DHOMSE MALATI RAHUL,718,256,37006,97,37103,2.99
3341,5,JAGTAP DIPAK GANPAT,283,256,15664,17,15681,1.26
3342,6,TULSHIRAM CHIMAN KHOTARE,122,256,9589,65,9654,0.78
3343,7,KISHOR AMBADAS DAGALE,80,256,8032,23,8055,0.65
3344,8,ANIL GAWALIRAM BARDE,283,256,6432,9,6441,0.52
3345,9,BHARAT ARUN PAWAR,121,256,5613,8,5621,0.45
3346,10,GULAB MOHAN BARDE,492,256,4983,15,4998,0.4
3347,11,NOTA,472,256,8206,40,8246,0.66
3348,1,RAJABHAU (PARAG) PRAKASH WAJE,658,257,614517,2212,616729,49.85
3349,2,GODSE HEMANT TUKARAM,657,257,453414,1314,454728,36.75
3350,3,KARAN PANDHARINATH GAIKAR,718,257,47114,79,47193,3.81
3351,4,SHANTIGIRIJI MAUNGIRIJI MAHARAJ,283,257,44415,109,44524,3.6
3352,5,ARUN MADHUKAR KALE,122,257,7698,53,7751,0.63
3353,6,CHANDRAKANT KESHAVRAO THAKUR,283,257,6607,1,6608,0.53
3354,7,AMOL SAMPATRAO KAMBLE,557,257,4980,17,4997,0.4
3355,8,DARSHANA AMOL MEDHE,492,257,4730,6,4736,0.38
3356,9,KANOJE PRAKASH GIRDHARI,283,257,3917,3,3920,0.32
3357,10,VAMAN MAHADEV SANGALE,245,257,3861,-,3861,0.31
3358,11,SUDHIR SHRIDHAR DESHMUKH,283,257,3162,5,3167,0.26
3359,12,JITENDRA NARESH BHABHE (JITENDRA BHAVE),283,257,3125,7,3132,0.25
3360,13,ARIF USMAN MANSURI,283,257,2538,5,2543,0.21
3361,14,GANESH BALASAHEB BORASTE,283,257,2403,1,2404,0.19
3362,15,JAYSHRI MAHENDRA PATIL,606,257,2398,28,2426,0.2
3363,16,SIDDHESHWARANAND SARASWATI,283,257,2378,10,2388,0.19
3364,17,SUSHAMA ABHIJIT GORANE,283,257,2258,2,2260,0.18
3365,18,KANTILAL KISAN JADHAV,80,257,2047,8,2055,0.17
3366,19,CHANDRABHAN AABAJI PURKAR,283,257,1888,2,1890,0.15
3367,20,YASHWANT VALU PARDHI,177,257,1867,7,1874,0.15
3368,21,KAILASH MARUTI CHAVAN,11,257,1686,17,1703,0.14
3369,22,KAMLAKAR BALASAHEB GAIKWAD,233,257,1639,7,1646,0.13
3370,23,DHANAJI ASHOK TOPALE,283,257,1376,-,1376,0.11
3371,24,BHAGYASHRI NITIN ADSUL,295,257,1242,2,1244,0.1
3372,25,SOPAN NIVRUTTI SOMWANSHI,283,257,1210,1,1211,0.1
3373,26,ADV. ZUNJAR MHASUJI AVHAD,121,257,1205,5,1210,0.1
3374,27,KOLAPPA HANUMANT DHOTRE,283,257,1198,2,1200,0.1
3375,28,TILOTTAMA SUNIL JAGTAP,283,257,654,2,656,0.05
3376,29,DEEPAK GAIKWAD,283,257,640,2,642,0.05
3377,30,SACHINRAJE DATTATREYA DEORE,283,257,549,2,551,0.04
3378,31,DEVIDAS PIRAJI SARKATE,283,257,392,2,394,0.03
3379,32,NOTA,472,257,6144,41,6185,0.5
3380,1,DR. HEMANT VISHNU SAVARA,159,258,600208,1036,601244,43.69
3381,2,BHARTI BHARAT KAMDI,658,258,416822,1116,417938,30.37
3382,3,RAJESH RAGHUNATH PATIL,125,258,254011,506,254517,18.5
3383,4,BHARAT SAMJI VANGA,122,258,15425,40,15465,1.12
3384,5,MEENA KISHOR BHAD,283,258,14223,12,14235,1.03
3385,6,VIJAYA RAJKUMAR MHATRE,718,258,10882,54,10936,0.79
3386,7,MOHAN BARAKU GUHE,132,258,10737,24,10761,0.78
3387,8,DINKAR DATTATRAYA WADHAN,283,258,10672,15,10687,0.78
3388,9,AMAR KISAN KAVALE,283,258,9806,15,9821,0.71
3389,10,COMRADE RAHUL MEDHA,419,258,7061,24,7085,0.51
3390,11,NOTA,472,258,23312,73,23385,1.7
3391,1,BALYA MAMA - SURESH GOPINATH MHATRE,456,259,498199,1265,499464,39.85
3392,2,KAPIL MORESHWAR PATIL,159,259,431907,1436,433343,34.57
3393,3,NILESH BHAGWAN SAMBARE,283,259,230254,1163,231417,18.46
3394,4,KANCHAN VINAYAK VAKHARE,471,259,24607,18,24625,1.96
3395,5,TARA PINTYA WAGHE,283,259,6908,-,6908,0.55
3396,6,MUMATAZ ABDULSATTAR ANSARI,122,259,6801,21,6822,0.54
3397,7,MANISHA SANTOSH GONDHALE,283,259,5120,-,5120,0.41
3398,8,MANOJ GOVAR TURE,283,259,4896,1,4897,0.39
3399,9,JAHID MURABTAR ANSARI,283,259,4879,3,4882,0.39
3400,10,CHANDRAKANT RAMBHAJI MOTE,283,259,3429,4,3433,0.27
3401,11,RAHUL ASHOK KATHOLE,283,259,3131,4,3135,0.25
3402,12,ASHOK BHIKU BAHADARE,634,259,2044,3,2047,0.16
3403,13,SURESH PANDAGALE,100,259,1997,16,2013,0.16
3404,14,MILIND KASHINATH KAMBLE,283,259,1843,18,1861,0.15
3405,15,KHAN MOHD AKARAM ABDUL HANAN,65,259,1739,2,1741,0.14
3406,16,DANISH EZAZ AH. SHAIKH,118,259,1580,6,1586,0.13
3407,17,HARSHAD RAMESH MHATRE,283,259,1568,-,1568,0.13
3408,18,MUTKIRI SHANKAR NAGESH,283,259,1445,-,1445,0.12
3409,19,KAPIL JAYHIND PATIL,283,259,1237,5,1242,0.1
3410,20,SAIFAN CHAND PATHAN,198,259,1188,1,1189,0.09
3411,21,RANJANA RAVI TRIBHUWAN,283,259,1082,3,1085,0.09
3412,22,MOHD. KALEEM ANSARI,487,259,934,3,937,0.07
3413,23,WASEEM TUFAIL SIDDIQUI,283,259,803,2,805,0.06
3414,24,SURESH SITARAM MHATRE,283,259,706,1,707,0.06
3415,25,SONALI ASHOK GANGAWANE,283,259,698,-,698,0.06
3416,26,AAPPA - VISHAL VIJAY MORE,283,259,598,3,601,0.05
3417,27,PROF. AMEERUL HASAN SAYYED,283,259,479,2,481,0.04
3418,28,NOTA,472,259,9266,81,9347,0.75
3419,1,DR SHRIKANT EKNATH SHINDE,657,260,587921,1715,589636,56.38
3420,2,VAISHALI DAREKAR - RANE,658,260,379236,1256,380492,36.39
3421,3,MO. SAHABUDDIN SHAIKH SULEMANI THAKUR,718,260,18697,44,18741,1.79
3422,4,PRASHANT RAMESH INGLE,122,260,11285,56,11341,1.08
3423,5,AMIT UPADHYAY,600,260,4185,20,4205,0.4
3424,6,ARUN BHAURAO NITURE,557,260,2751,2,2753,0.26
3425,7,AMRISH RAJ MORAJKAR,283,260,2616,4,2620,0.25
3426,8,ASHWINI AMOL KENDRE,283,260,2461,7,2468,0.24
3427,9,NAFIS AHMED ANSARI,283,260,1997,3,2000,0.19
3428,10,SUSHILA KASHINATH KAMBLE,123,260,1847,11,1858,0.18
3429,11,ABHIJIT WAMANRAO BICHUKALE,283,260,1823,1,1824,0.17
3430,12,AJAY SHYAM MORYA,283,260,1798,4,1802,0.17
3431,13,SAMBHAJI JAGANNATH JADHAV,634,260,1607,2,1609,0.15
3432,14,CHANDRAKANT RAMBHAJI MOTE,283,260,1378,2,1380,0.13
3433,15,POONAM JAGANNATH BAISANE,121,260,1376,5,1381,0.13
3434,16,HINDURAO DADU PATIL,565,260,1236,7,1243,0.12
3435,17,GAWALI PRAVIN SHIVAJI,100,260,1080,2,1082,0.1
3436,18,ARUN VAMAN JADHAV,283,260,1077,5,1082,0.1
3437,19,SHRIDHAR NARAYAN SALVE,215,260,1068,4,1072,0.1
3438,20,SHRIKANT SHIVAJI VANJARE,487,260,806,2,808,0.08
3439,21,PRAJAKTA NILESH YELVE,283,260,780,3,783,0.07
3440,22,DNYANESHWAR LOKHANDE MAHARAJ,283,260,738,3,741,0.07
3441,23,ADV. HITESH JAIKISHAN JESWANI,283,260,712,3,715,0.07
3442,24,MOHAMMAD YUSUF KHAN,283,260,648,5,653,0.06
3443,25,RAKESH KUMAR DHISULAL JAIN,283,260,599,3,602,0.06
3444,26,SHIVA KRISHNAMURTI IYER,283,260,435,2,437,0.04
3445,27,SALIMUDDIN KHALILUDDIN SHAIKH,283,260,370,1,371,0.04
3446,28,DR. SACHIN SAHEBRAO PATIL,283,260,346,5,351,0.03
3447,29,NOTA,472,260,11603,83,11686,1.12
3448,1,NARESH GANPAT MHASKE,657,261,732109,2122,734231,56.09
3449,2,RAJAN BABURAO VICHARE,658,261,515013,2207,517220,39.51
3450,3,SANTOSH BHIKAJI BHALERAO,122,261,10602,60,10662,0.81
3451,4,ADV. GURUDEV NARSINGH SURYAWANSHI,283,261,3489,5,3494,0.27
3452,5,MUKESH KAILASNATH TIWARI,215,261,2509,13,2522,0.19
3453,6,JHA SUBHASH CHANDRA,638,261,2354,4,2358,0.18
3454,7,DR. PIYUSH K. SAXENA,283,261,2292,1,2293,0.18
3455,8,CHANDRAKANT VITTHAL SONAWANE,283,261,2245,4,2249,0.17
3456,9,VIJAY DNYANOBA GHATE,589,261,1870,17,1887,0.14
3457,10,IRFAN IBRAHIM SHAIKH,283,261,1867,8,1875,0.14
3458,11,PRAMOD ANANDRAO DHUMAL,283,261,1785,1,1786,0.14
3459,12,BHANWARLAL KHETMAL MEHTA,273,261,1483,5,1488,0.11
3460,13,UTTAM KISANRAO TIRPUDE,487,261,1349,5,1354,0.1
3461,14,ARCHANA DINKAR GAIKWAD,283,261,1164,16,1180,0.09
3462,15,SALIMA MUKTAR VASANI,118,261,905,7,912,0.07
3463,16,RAJIV KONDIBA BHOSALE,283,261,878,8,886,0.07
3464,17,RAHUL JAGBIRSINGH MEHAROLIYA,121,261,818,-,818,0.06
3465,18,RAJENDRA RAMCHANDRA SANKHE,146,261,759,8,767,0.06
3466,19,KHAJASAB RASULSAB MULLA,283,261,646,2,648,0.05
3467,20,SANJAY MANOHAR MORE,283,261,639,4,643,0.05
3468,21,MALLIKARJUN SAYBANNA PUJARI,283,261,597,2,599,0.05
3469,22,SAWALE DATTATRAY SITARAM,283,261,529,2,531,0.04
3470,23,SURENDRAKUMAR K. JAIN,283,261,438,2,440,0.03
3471,24,SIDDHANT CHHABAN SHIRSAT,283,261,319,5,324,0.02
3472,25,NOTA,472,261,17768,133,17901,1.37
3473,1,PIYUSH GOYAL,159,262,678451,1695,680146,65.68
3474,2,BHUSHAN PATIL,290,262,321455,1083,322538,31.15
3475,3,ADV. SONAL DIWAKAR GONDANE,718,262,6007,45,6052,0.58
3476,4,RAIS DOCTOR,122,262,2907,16,2923,0.28
3477,5,PANDEY DHARMENDRA RAMMURAT,283,262,1481,-,1481,0.14
3478,6,DIPTI ASHOK WALAWALKAR,283,262,1461,11,1472,0.14
3479,7,COMRADE JAYRAM VISHWAKARMA,667,262,1194,1,1195,0.12
3480,8,MUNNALAL GAJRAJ PRAJAPATI,283,262,968,3,971,0.09
3481,9,LAXMAN YELLPPA KURADE,283,262,680,6,686,0.07
3482,10,ADVOCATE KAPIL K. SONI,283,262,630,3,633,0.06
3483,11,DEEPALI BHAWARSING SHEKHAWAT,403,262,621,4,625,0.06
3484,12,KAMLESH DAYABHAI VYAS,638,262,619,3,622,0.06
3485,13,BIPIN BACHUBHAI SHAH,273,262,505,3,508,0.05
3486,14,GURUDAS RAMDAS KHAIRNAR,283,262,484,2,486,0.05
3487,15,RAVI BABU GAVLI,621,262,447,3,450,0.04
3488,16,JAEENDRA VASANT SURVE,146,262,398,7,405,0.04
3489,17,ALIEK SUNDER MESHRAM,166,262,393,3,396,0.04
3490,18,SAYED ZULFIQAR ALAM,118,262,344,4,348,0.03
3491,19,SANJAY MAFATLAL MORAKHIA,283,262,210,-,210,0.02
3492,20,NOTA,472,262,13248,98,13346,1.29
3493,1,AMOL GAJANAN KIRTIKAR,658,263,451095,1501,452596,47.4
3494,2,RAVINDRA DATTARAM WAIKAR,657,263,451094,1550,452644,47.4
3495,3,PARMESHWAR ASHOK RANSHUR,718,263,10001,51,10052,1.05
3496,4,RAJESH RAMKISAN MALLAH,122,263,4790,22,4812,0.5
3497,5,SAMEER MORE,283,263,3171,2,3173,0.33
3498,6,SUNIL BHIMA CHAVAN,283,263,1999,3,2002,0.21
3499,7,BALA VENKATESH VINAYAK NADAR,17,263,1756,7,1763,0.18
3500,8,ARORA SURINDER MOHAN,134,263,1667,8,1675,0.18
3501,9,ROHAN SATONE,283,263,1476,3,1479,0.15
3502,10,ADV. SANJEEVKUMAR APPARAV KALKORI,283,263,1184,13,1197,0.13
3503,11,ADV. LATA PANDURANG SHINDE,283,263,1152,2,1154,0.12
3504,12,MANOJ SHRAVAN NAYAK,600,263,1132,17,1149,0.12
3505,13,HRUDA DHANANJAY SHINDE,283,263,1066,12,1078,0.11
3506,14,BHARAT KHIMJI SHAH,273,263,932,5,937,0.1
3507,15,SUSHMA DAYANAND MEHTA,283,263,875,7,882,0.09
3508,16,ADVOCATE KAPIL KANTILAL SONI,283,263,776,4,780,0.08
3509,17,SARIKA DABRAL,284,263,760,8,768,0.08
3510,18,GAJANAN TUKARAM SONKAMBLE,283,263,496,5,501,0.05
3511,19,ADV MITESH VARSHNEY,215,263,492,5,497,0.05
3512,20,HARISHANKAR YADAV,612,263,398,7,405,0.04
3513,21,SANTOSH MANIK RAYBAN,283,263,234,-,234,0.02
3514,22,NOTA,472,263,15036,125,15161,1.59
3515,1,SANJAY DINA PATIL,658,264,448604,2333,450937,48.67
3516,2,MIHIR CHANDRAKANT KOTECHA,159,264,419589,1487,421076,45.45
3517,3,DAULAT KADAR KHAN,718,264,14571,86,14657,1.58
3518,4,NANDESH VITHAL UMAP,122,264,8217,101,8318,0.9
3519,5,DR. SUSHMA MAURYA,283,264,2886,5,2891,0.31
3520,6,SANJAY B. PATIL,451,264,2757,7,2764,0.3
3521,7,SANJU MARUTI PAWAR,403,264,2555,27,2582,0.28
3522,8,PROF. DR. PRASHANT GANGAWANE,239,264,2338,35,2373,0.26
3523,9,PREM RAMAPATI GUPTA,283,264,1598,3,1601,0.17
3524,10,MOHAMMED AHMED SHAIKH,283,264,1289,5,1294,0.14
3525,11,MOHAMMAD ARMAN MOHAMMAD WASI KHAN,541,264,1085,5,1090,0.12
3526,12,VIDYA NAIK,283,264,974,5,979,0.11
3527,13,BHOPINDER SINGH SAINI,729,264,941,5,946,0.1
3528,14,BANSODE DILIP,283,264,831,7,838,0.09
3529,15,BHAWANI H. CHOUDHARY,638,264,742,4,746,0.08
3530,16,DATTATRAY ARJUN UTEKAR,146,264,707,4,711,0.08
3531,17,COMRADE SURENDRA SIBAG,59,264,675,3,678,0.07
3532,18,SHAHAJI  NANAI THORAT,283,264,648,2,650,0.07
3533,19,SANJAY SAOJI DESHPANDE,590,264,641,-,641,0.07
3534,20,SANJAY PATIL,283,264,520,4,524,0.06
3535,21,NOTA,472,264,10088,85,10173,1.1
3536,1,GAIKWAD VARSHA EKNATH,290,265,444098,1447,445545,48.93
3537,2,ADV UJWAL NIKAM,159,265,427387,1644,429031,47.12
3538,3,SANTOSH GANPAT AMBULGE,718,265,8233,55,8288,0.91
3539,4,AYYUB AMIN HUNGUND,122,265,3229,14,3243,0.36
3540,5,ANSON THOMAS,486,265,2207,4,2211,0.24
3541,6,RAMZAN ALI CHAUDHARY,65,265,1521,10,1531,0.17
3542,7,AJAZ MOHAMMAD SAFI KHAN,283,265,1041,-,1041,0.11
3543,8,HAYATULAH ABDULAH SHAIKH,43,265,818,3,821,0.09
3544,9,NAZMAKHATHUN MOHAMMED ZAFAR KHAN,283,265,730,2,732,0.08
3545,10,SHANTARAM S DIGHE,283,265,723,10,733,0.08
3546,11,NARENDRA MISHRA,283,265,706,2,708,0.08
3547,12,ADV ASIF ALI SIDDIQUIE,283,265,681,2,683,0.08
3548,13,HARSHADA BABURAV JADHAV,403,265,673,17,690,0.08
3549,14,RAMA ARUN SABLE,283,265,626,10,636,0.07
3550,15,SANDEEP BHAU RAMCHANDRA JADHAV,283,265,619,4,623,0.07
3551,16,DR GAFFAR IBRAHIM SAYED,283,265,584,2,586,0.06
3552,17,ADV UTTAMKUMAR NAKUL SAJANI SAHU,283,265,554,4,558,0.06
3553,18,KHAN ABBAS AHMED,118,265,427,1,428,0.05
3554,19,MUSHTAQUE HAIDER SHAIKH,283,265,405,-,405,0.04
3555,20,DR ADV YASHWANT RAMBHAU KASBE,188,265,385,6,391,0.04
3556,21,KURBAN SHAHADAT HUSAIN,583,265,366,1,367,0.04
3557,22,ABDUL TAHIR ADVOCATE BABLU RAJNIKANT,283,265,355,-,355,0.04
3558,23,SHAUKAT ABDUL RAFIQ KHAN,300,265,341,4,345,0.04
3559,24,RAJESH MOHAN LOKHANDE,283,265,282,7,289,0.03
3560,25,YUNUSALI RASHID MULLA,283,265,220,-,220,0.02
3561,26,ADV FEROZ SHAIKH,283,265,180,-,180,0.02
3562,27,MUZAFAR ALI SHAIKH,283,265,173,-,173,0.02
3563,28,NOTA,472,265,9665,84,9749,1.07
3564,1,ANIL YESHWANT DESAI,658,266,393342,1796,395138,49.73
3565,2,RAHUL RAMESH SHEWALE,657,266,339828,1926,341754,43.01
3566,3,ABUL HASAN ALI HASAN KHAN,718,266,23675,192,23867,3
3567,4,VIDHYASAGAR ALIAS SURESH BHIMRAO VIDHYAGAR,122,266,6462,70,6532,0.82
3568,5,AKASH LAXMAN KHARATMAL,283,266,1891,8,1899,0.24
3569,6,ASHWINI KUMAR PATHAK,283,266,1607,5,1612,0.2
3570,7,ADV. SANTOSH PUNJIRAM SANJKAR,283,266,1565,13,1578,0.2
3571,8,KARAM HUSSAIN KITABULLAH KHAN,483,266,1533,4,1537,0.19
3572,9,ADV. MAHENDRA TULSHIRAM BHINGARDIVE,600,266,1414,30,1444,0.18
3573,10,SAEED CHOUDHARY,664,266,1186,5,1191,0.15
3574,11,ISHWAR VILAS TATHAWADE,562,266,968,3,971,0.12
3575,12,DEEPAK M. CHAUGULE,121,266,968,7,975,0.12
3576,13,JAHID ALI NASIR AHMED SHAIKH,21,266,957,2,959,0.12
3577,14,DR. ARJUN MAHADEO MURUDKAR,146,266,913,17,930,0.12
3578,15,VIVEK YESHWANT PATIL,283,266,713,1,714,0.09
3579,16,NOTA,472,266,13316,107,13423,1.69
3580,1,ARVIND GANPAT SAWANT,658,267,393735,1920,395655,51.18
3581,2,YAMINI YASHWANT JADHAV,657,267,341291,1691,342982,44.36
3582,3,AFZAL S. DAWOODANI,718,267,5575,37,5612,0.73
3583,4,MOHAMMED SHUAIB BASHIR KHATEEB,122,267,4440,38,4478,0.58
3584,5,ARVIND NARAYAN SAWANT,283,267,3065,25,3090,0.4
3585,6,MOHD. NAEEM SHAIKH,35,267,1709,6,1715,0.22
3586,7,SABEEHA KHAN,283,267,1678,16,1694,0.22
3587,8,GOHIL MANISHA SHIVRAM,283,267,1032,13,1045,0.14
3588,9,SHANKAR SONAWANE,283,267,854,8,862,0.11
3589,10,RAHUL PHANASWADIKAR,393,267,784,3,787,0.1
3590,11,SUBHASH RAMESH CHIPLUNKAR,557,267,563,4,567,0.07
3591,12,PRASHANT PRAKASH GHADGE,283,267,487,3,490,0.06
3592,13,MOHAMMED MAHTAB SHAIKH,283,267,455,3,458,0.06
3593,14,MATEEN AHMED RANGREJ,283,267,265,2,267,0.03
3594,15,NOTA,472,267,13290,121,13411,1.73
3595,1,TATKARE SUNIL DATTATREY,455,268,506529,1823,508352,50.17
3596,2,ANANT GEETE,658,268,423137,2431,425568,42
3597,3,KUMUDINI RAVINDRA CHAVAN,718,268,19500,118,19618,1.94
3598,4,SHRINIVAS SATYANARAYAN MATTAPARTI,283,268,9379,15,9394,0.93
3599,5,AMIT SHRIPAL KAWADE,283,268,5603,31,5634,0.56
3600,6,ANANT BALOJI GITE,283,268,3485,30,3515,0.35
3601,7,NITIN JAGANNATH MAYEKAR,283,268,2548,12,2560,0.25
3602,8,CHAULE PANDURANG DAMODAR,283,268,2394,23,2417,0.24
3603,9,ANANT PADMA GITE,283,268,2001,39,2040,0.2
3604,10,COL PRAKASHRAO CHAVAN,146,268,1863,76,1939,0.19
3605,11,KOLI MANGESH PADMAKAR,283,268,1797,23,1820,0.18
3606,12,ADV AJAY UPADHYE,283,268,1756,39,1795,0.18
3607,13,ANJANI ASHWIN KELKAR,283,268,1325,25,1350,0.13
3608,14,NOTA,472,268,27188,82,27270,2.69
3609,1,SHRIRANG APPA CHANDU BARNE,657,269,692101,731,692832,48.81
3610,2,SANJOG BHIKU WAGHERE PATIL,658,269,595542,675,596217,42
3611,3,MADHAVITAI  NARESH JOSHI,718,269,27745,23,27768,1.96
3612,4,RAJARAM NARAYAN PATIL,122,269,13982,21,14003,0.99
3613,5,ADV JYOTISHWAR VISHNU BHOSALE,128,269,10874,5,10879,0.77
3614,6,UMAKANT RAMESHWAR MISHRA,283,269,5029,1,5030,0.35
3615,7,SANJOG  PATIL,283,269,4828,2,4830,0.34
3616,8,KAMBLE MARUTI APARAI,283,269,4827,2,4829,0.34
3617,9,AJAY HANUMANT LONDHE,283,269,4766,1,4767,0.34
3618,10,SANTOSH UBALE,215,269,3824,1,3825,0.27
3619,11,ADHALGE LAXMAN SADASHIV,283,269,3166,1,3167,0.22
3620,12,SUHAS MANOHAR RANE,283,269,2923,-,2923,0.21
3621,13,IQBAL IBRAHIM NAWDEKAR,283,269,2899,1,2900,0.2
3622,14,DADARAO KISAN KAMBLE,283,269,2636,6,2642,0.19
3623,15,RAHUL NIVRUTTI MADANE,283,269,2279,3,2282,0.16
3624,16,TUSHAR DIGAMBAR LONDHE,115,269,2199,4,2203,0.16
3625,17,RAHIM MAINUDDIN SAYYAD,21,269,2148,1,2149,0.15
3626,18,INDRAJEET D GOND,283,269,2135,-,2135,0.15
3627,19,SHIVAJI KISAN JADHAV,59,269,1672,4,1676,0.12
3628,20,YASHWANT VITTHAL PAWAR,379,269,1634,4,1638,0.12
3629,21,PRAFUL PANDIT BHOSALE,283,269,1602,1,1603,0.11
3630,22,RAJENDRA MARUTI KATE,283,269,1417,2,1419,0.1
3631,23,MAHESH THAKUR,245,269,1369,3,1372,0.1
3632,24,PRASHANT RAMKRISHNA BHAGAT,146,269,1283,8,1291,0.09
3633,25,PANKAJ PRABHAKAR OZARKAR,50,269,1259,2,1261,0.09
3634,26,MANOJ BHASKAR GARBADE,283,269,1233,-,1233,0.09
3635,27,HAJRAT IMAMSAB PATEL,283,269,1093,-,1093,0.08
3636,28,GOVIND GANGARAM HERODE,283,269,966,-,966,0.07
3637,29,MADHUKAR DAMODAR THORAT,283,269,905,-,905,0.06
3638,30,RAFIQUE RASHID QURESHI,239,269,829,-,829,0.06
3639,31,CHIMAJI DHONDIBA SHINDE,283,269,757,-,757,0.05
3640,32,ADV RAJU PATIL,283,269,669,1,670,0.05
3641,33,MUKESH MANOHAR AGARWAL,283,269,546,1,547,0.04
3642,34,NOTA,472,269,16729,31,16760,1.18
3643,1,MURLIDHAR MOHOL,159,270,584171,557,584728,52.94
3644,2,DHANGEKAR RAVINDRA HEMRAJ,290,270,461409,281,461690,41.8
3645,3,VASANT (TATYA) MORE,718,270,31991,21,32012,2.9
3646,4,RANPISE PRASHANT DADARAM,122,270,3969,5,3974,0.36
3647,5,CHORMALE SANDIP SOPAN,283,270,1644,1,1645,0.15
3648,6,GORAKH NARAYAN GHODKE,283,270,1451,-,1451,0.13
3649,7,KIRAN LAXMAN RAYKAR,283,270,1052,-,1052,0.1
3650,8,ANIS ARASHID SUNDAKE,65,270,859,1,860,0.08
3651,9,SACHIN DATTATRAY DHANKUDE,283,270,788,1,789,0.07
3652,10,YUVRAJ CHANDRAKANT  LIMBOLE,600,270,698,-,698,0.06
3653,11,DR. DEVYANI PANDIT,283,270,645,5,650,0.06
3654,12,NARENDRA DNYANESHWAR PAWTEKAR,283,270,533,1,534,0.05
3655,13,SAGAR SAMBHAJI PORE,283,270,515,-,515,0.05
3656,14,SURESH DNYANOBA PATIL,606,270,437,-,437,0.04
3657,15,AMBORE MANJUNATH MARUTI,283,270,433,-,433,0.04
3658,16,ASHWINI PRATIBHA KHAIRNAR,283,270,412,3,415,0.04
3659,17,VIJAY VINAYAK JAGTAP,283,270,382,-,382,0.03
3660,18,HEMANT BABURAV KOLEKAR ALIAS HEMANT PATIL,100,270,374,1,375,0.03
3661,19,NEERAJ SUNIL KAMTHAN,273,270,351,-,351,0.03
3662,20,MANOJ LAXMAN VETAL,215,270,351,1,352,0.03
3663,21,KAMBLE MILIND,123,270,344,3,347,0.03
3664,22,CHANDRAKANT PARMESHWAR SAWANT,283,270,314,-,314,0.03
3665,23,SHABBIR SAJJANBHAI TAMBOLI,283,270,313,-,313,0.03
3666,24,SANJAY LAXMAN KENDALE,283,270,311,-,311,0.03
3667,25,JOHNSON VASANT KOLHAPURE,283,270,304,1,305,0.03
3668,26,ADV. YOGESH MAKANE,283,270,298,1,299,0.03
3669,27,SUBROTO ROY,252,270,293,1,294,0.03
3670,28,DR. BALASAHEB ARJUN POL,283,270,259,-,259,0.02
3671,29,VIJAYALAXMI SHRIKANT SINDAGI,565,270,239,1,240,0.02
3672,30,MAHESH DASHRATH MHASKE,283,270,229,2,231,0.02
3673,31,YABES ALIAS AMOL SHAMUVEL TUJARE,283,270,223,-,223,0.02
3674,32,VIJAY PANDURANGRAO DESHMUKH (DABADGAONKAR),283,270,183,2,185,0.02
3675,33,BABA SALIM SAYYED,283,270,163,1,164,0.01
3676,34,BAGBAN SALEEM ABDUL RAZZAQUE,283,270,146,-,146,0.01
3677,35,ZNYOSHO VIJAYPRAKASH,283,270,138,-,138,0.01
3678,36,NOTA,472,270,7449,11,7460,0.68
3679,1,SUPRIYA SULE,456,271,731400,912,732312,51.85
3680,2,SUNETRA AJITDADA PAWAR,455,271,573391,588,573979,40.64
3681,3,MAHESH SITARAM BHAGWAT,283,271,15620,43,15663,1.11
3682,4,SHAIKH SOYALSHAHA YUNUSSHAHA,283,271,14913,4,14917,1.06
3683,5,PRIYADARSHANI NANDKUMAR KOKARE,122,271,9995,35,10030,0.71
3684,6,SACHIN SHANKAR AGAWANE,283,271,6633,-,6633,0.47
3685,7,KAMBLE TRISHALA,123,271,5032,4,5036,0.36
3686,8,SUNITA PAWAR,283,271,4150,1,4151,0.29
3687,9,GAJANAN UTTAM GAWALI (PATIL),283,271,2991,4,2995,0.21
3688,10,MANOJ BALASAHEB RASAL,283,271,2610,-,2610,0.18
3689,11,MAHADEV SAHEBRAO KHENGARE - PATIL,199,271,2412,6,2418,0.17
3690,12,PRADEEP RAMCHANDRA MANE,283,271,2234,1,2235,0.16
3691,13,SHIVAJI JAYSING KOKRE,283,271,2161,3,2164,0.15
3692,14,PROF. NAMDEORAO JADHAV,283,271,2125,9,2134,0.15
3693,15,RAJENDRA PANDURANG BHOSALE,488,271,2007,2,2009,0.14
3694,16,KALYANI SUJITKUMAR WAGHMODE,283,271,1974,1,1975,0.14
3695,17,DASHRATH NANA RAUT,171,271,1828,6,1834,0.13
3696,18,ANKUSH DNYANESHAWAR PILANE,283,271,1663,-,1663,0.12
3697,19,SANDIP ABAJI DEOKATE,283,271,1622,2,1624,0.11
3698,20,DATTATRAY RAMBHAU CHANDARE,283,271,1433,1,1434,0.1
3699,21,SHAILENDRA ALIAS SANDEEP KARANJAWANE,283,271,1392,-,1392,0.1
3700,22,SHUBHANGI DHAYGUDE,283,271,1283,9,1292,0.09
3701,23,DR. SOMNATH ALIAS BALASAHEB ARJUN POL,283,271,1169,-,1169,0.08
3702,24,ROHIDAS BALASO KONDAKE,121,271,1127,3,1130,0.08
3703,25,MILIND VITTHAL SHINDE,283,271,1099,-,1099,0.08
3704,26,SURESHDADA BABURAO VIR,283,271,1012,-,1012,0.07
3705,27,BAPU PRALHAD PAWAR,283,271,997,1,998,0.07
3706,28,RAJENDRA MAHADEV BARAKADE,283,271,905,2,907,0.06
3707,29,UMESH MAHADEV MHETRE,283,271,807,1,808,0.06
3708,30,SHIVAJI RAMBHAU NANDKHILE,146,271,785,4,789,0.06
3709,31,SHARAD RAM PAWAR,283,271,730,1,731,0.05
3710,32,LAXMAN RAM KUMBHAR,233,271,694,2,696,0.05
3711,33,SHRIDHAR NARAYAN SALVE,215,271,675,4,679,0.05
3712,34,BALASO MARUTI DHAPATE,283,271,655,-,655,0.05
3713,35,VIJAY LAXMAN GHAVALE,283,271,617,3,620,0.04
3714,36,VISHAL ARUN PAWAR,283,271,553,-,553,0.04
3715,37,SAVITA BHIMRAO KADALE,274,271,549,2,551,0.04
3716,38,VIJAYPRAKASH ANANT KONDEKAR,283,271,301,-,301,0.02
3717,39,NOTA,472,271,9130,21,9151,0.65
3718,1,DR. AMOL RAMSING KOLHE,456,272,697768,924,698692,50.83
3719,2,ADHALRAO SHIVAJI DATTATREY,455,272,557138,603,557741,40.58
3720,3,MANOHAR MAHADU WADEKAR,283,272,28324,6,28330,2.06
3721,4,DR. ANWAR SHAIKH,718,272,17444,18,17462,1.27
3722,5,RAHUL RAGHUNATH OWHAL,122,272,10280,15,10295,0.75
3723,6,CHANDGUDE VINOD VASANT,283,272,8076,2,8078,0.59
3724,7,GORAKSH KASABE,283,272,4913,2,4915,0.36
3725,8,ADV. DR. LAXMAN RAMBHAU DAMSE,132,272,4125,11,4136,0.3
3726,9,GAIKWAD NILOBA CHANGADEO,283,272,3569,2,3571,0.26
3727,10,UMESH MAHADEV MHETRE,283,272,3499,-,3499,0.25
3728,11,ADV.SWAPNIL BHAUSAHEB SHELAR,283,272,2667,-,2667,0.19
3729,12,AMOL VILAS PACHUNDKAR,283,272,2386,2,2388,0.17
3730,13,ASLAM ISAK BAGWAN,387,272,2348,2,2350,0.17
3731,14,KAMBLE TRIMBAK NARAYAN,128,272,2223,4,2227,0.16
3732,15,SUBASH KASHINATH SARODE,283,272,2161,-,2161,0.16
3733,16,CHAAYA SANJAY JAGDALE-SOLANKE,283,272,1823,7,1830,0.13
3734,17,SUSHIL DNYANDEV KANSE,283,272,1731,1,1732,0.13
3735,18,NARAYAN PRABHAKAR ANKUSHE,146,272,1279,5,1284,0.09
3736,19,BHOR VIKAS ROHIDAS,283,272,1145,2,1147,0.08
3737,20,DADA ALIAS VIKAS SURESH KASBE,283,272,1105,1,1106,0.08
3738,21,SURAJ CHANDRAKANT GAIKWAD,283,272,936,2,938,0.07
3739,22,SWAPNIL DHANAJI LONDHE,215,272,913,1,914,0.07
3740,23,AMAR MACHINDRA BORHADE,283,272,887,1,888,0.06
3741,24,RAVINDRA MOTIRAM SIRSAM,283,272,870,-,870,0.06
3742,25,TUKARAM NAMDEO DAPHAL,606,272,862,20,882,0.06
3743,26,PANDURANG BHAGWAN WAGHOLE,283,272,818,1,819,0.06
3744,27,SANJAY LAXMAN PADWAL,199,272,779,5,784,0.06
3745,28,HARIDAS CHANDAR BHISE,163,272,721,2,723,0.05
3746,29,SALIM BABA SAYYAD,283,272,671,-,671,0.05
3747,30,PRAKASH SUKHADEO JAMDHADE,283,272,602,1,603,0.04
3748,31,WAKHARE PRADIP PANDURANG,283,272,574,-,574,0.04
3749,32,RAHUL ARJUN HORE,283,272,526,-,526,0.04
3750,33,NOTA,472,272,9634,27,9661,0.7
3751,1,NILESH DNYANDEV LANKE,456,273,622144,2653,624797,47.14
3752,2,DR. SUJAY RADHAKRISHNA VIKHEPATIL,159,273,593568,2300,595868,44.95
3753,3,ALEKAR GORAKH DASHRATH,283,273,44582,15,44597,3.36
3754,4,DEELIP KONDIBA KHEDKAR,718,273,13689,60,13749,1.04
3755,5,AMOL VILAS PACHUNDKAR,283,273,5491,2,5493,0.41
3756,6,BHAGWAT DHONDIBA GAIKWAD,621,273,4941,3,4944,0.37
3757,7,UMASHANKAR SHYAMBABU YADAV,122,273,4509,30,4539,0.34
3758,8,ADV. JAMIR SHAIKH,283,273,3934,1,3935,0.3
3759,9,AARTI KISHORKUMAR HALDAR,492,273,3790,9,3799,0.29
3760,10,NAVSHAD MUNSILAL SHAIKH,283,273,2226,-,2226,0.17
3761,11,SURYABHAN (ALIAS SURESH) DATTATRAYA LAMBE,283,273,2092,-,2092,0.16
3762,12,KALIRAM BAHIRU POPALGHAT,199,273,1975,6,1981,0.15
3763,13,GAVADE MACCHINDRA RADHAKISAN,283,273,1940,1,1941,0.15
3764,14,PRAVIN SUBHASH DALVI,283,273,1896,2,1898,0.14
3765,15,MADAN KANIFNATH SONVANE,600,273,1445,6,1451,0.11
3766,16,DR. KAILASH NIVRUTTI JADHAV,403,273,1425,10,1435,0.11
3767,17,KOTHARI RAVINDRA LILACHAND,543,273,1330,3,1333,0.1
3768,18,ADV. SHIVAJIRAO WAMAN DAMALE (EX. SGT OF IAF),606,273,1093,11,1104,0.08
3769,19,GANGADHAR HARIBHAU KOLEKAR,283,273,1059,-,1059,0.08
3770,20,DATTATRAY APPA WAGHMODE,542,273,868,5,873,0.07
3771,21,WABLE BHAUSAHEB BAPURAO,146,273,790,11,801,0.06
3772,22,SHEKATKAR ANIL GANPAT,283,273,702,-,702,0.05
3773,23,ADV. MAHENDRA DADASAHEB SHINDE,283,273,674,1,675,0.05
3774,24,BILAL GAFUR SHAIKH,283,273,531,-,531,0.04
3775,25,RAOSAHEB SHANKAR KALE,283,273,370,2,372,0.03
3776,26,NOTA,472,273,3254,28,3282,0.25
3777,1,BHAUSAHEB RAJARAM WAKCHAURE,658,274,475637,1263,476900,45
3778,2,LOKHANDE SADASHIV KISAN,657,274,425498,873,426371,40.23
3779,3,UTKARSHA PREMANAND RUPWATE,718,274,90748,181,90929,8.58
3780,4,BHAUSAHEB RAMNATH WAKCHAURE,283,274,13973,33,14006,1.32
3781,5,RAMCHANDRA NAMDEV JADHAV,122,274,7000,40,7040,0.66
3782,6,RAVINDRA KALLAYYA SWAMY,283,274,5536,1,5537,0.52
3783,7,ABHIJEET ASHOKRAO POTE,283,274,4761,15,4776,0.45
3784,8,BHARAT SAMBHAJI BHOSLE,621,274,3395,8,3403,0.32
3785,9,SATISH BHIVA PAWAR,283,274,2765,6,2771,0.26
3786,10,GANGADHAR RAJARAM KADAM,283,274,2743,14,2757,0.26
3787,11,BAGUL GORAKSHA TANHAJI,283,274,2658,2,2660,0.25
3788,12,PRASHANT VASANT NIKAM,283,274,2542,3,2545,0.24
3789,13,ADV NITIN DADAHARI POL,115,274,2517,15,2532,0.24
3790,14,RAJENDRA RATNAKAR WAGHMARE,542,274,2500,5,2505,0.24
3791,15,ADV SIDHARTH DEEPAK BODHAK,283,274,2202,2,2204,0.21
3792,16,CHANDRAKANT SAMBHAJI DONDE,283,274,2074,6,2080,0.2
3793,17,ASHOK RAMCHANDRA ALHAT,283,274,1794,4,1798,0.17
3794,18,KHAJEKAR VIJAYRAO GOVINDRAO,283,274,1555,2,1557,0.15
3795,19,KHARAT NACHIKET RAGHUNATH,283,274,1146,4,1150,0.11
3796,20,SANJAY POPAT BHALERAO,283,274,958,5,963,0.09
3797,21,NOTA,472,274,5326,54,5380,0.51
3798,1,BAJRANG MANOHAR SONWANE,456,275,682532,1418,683950,44.93
3799,2,PANKAJA GOPINATHRAO MUNDE,159,275,675349,2048,677397,44.5
3800,3,ASHOK BHAGOJI THORAT,118,275,54829,21,54850,3.6
3801,4,ASHOK SUKHDEV HINGE,718,275,50741,126,50867,3.34
3802,5,SHAIKH TOUSIF ABDUL SATTAR,283,275,9472,-,9472,0.62
3803,6,DR. SIDDHARTH RAJENDRA TAKANKAR,122,275,5092,19,5111,0.34
3804,7,SHAMSHER KHAN SAHEB KHAN PATHAN,283,275,4704,-,4704,0.31
3805,8,JAVED SIKANDAR MOMIN,283,275,2662,-,2662,0.17
3806,9,NAZEM KHAN JABBAR KHAN PATHAN,283,275,2586,-,2586,0.17
3807,10,GOKUL BAPURAO SAWASE,283,275,2576,1,2577,0.17
3808,11,GAFFARKHAN JABBARKHAN PATHAN,283,275,2561,2,2563,0.17
3809,12,DATTA SUDAM GAIKWAD,283,275,2130,-,2130,0.14
3810,13,SATISH PADMAKAR KAPSE,283,275,2098,1,2099,0.14
3811,14,KARUNA DHANANJAY MUNDE,679,275,1594,5,1599,0.11
3812,15,DR. SHRIRAM VITTHALRAO KHALGE,283,275,1512,-,1512,0.1
3813,16,ADV. GANESH NAVNATHRAO KARANDE,283,275,1506,2,1508,0.1
3814,17,SHITAL SHIVAJI DHONDRE,283,275,1302,1,1303,0.09
3815,18,SHAIKH YASHED SHAIKH TAYYAB,283,275,1258,-,1258,0.08
3816,19,JAWED SALEEM SYED,705,275,972,6,978,0.06
3817,20,PRAKASH BHAGWANRAO SOLANKE,283,275,885,1,886,0.06
3818,21,CHANDRAKANT KUMAR HAJARE,403,275,800,3,803,0.05
3819,22,SALAUDDIN KHAN PATHAN,283,275,724,-,724,0.05
3820,23,KASPATE GANESH VYANKATRAO,283,275,719,-,719,0.05
3821,24,MUBEEN ZUBERI ZAHEER UL AFAQUE,283,275,675,1,676,0.04
3822,25,WASIM SHAIKH SALIM SHAIKH,283,275,579,1,580,0.04
3823,26,SHAIKH EJAJ SHAIKH UMAR,283,275,550,-,550,0.04
3824,27,SHESHERAO CHOKHOBA VEER,492,275,537,-,537,0.04
3825,28,TATE MAHENDRA ASHOK,79,275,531,2,533,0.04
3826,29,MUSTAFA MAINODDIN SHAIKH,283,275,531,-,531,0.03
3827,30,SULEMAN KHAIRODDIN MOHMMAD,283,275,522,-,522,0.03
3828,31,HIDAYAT SADEKH ALI SYED,283,275,448,-,448,0.03
3829,32,RAJENDRA ACHYUTRAO HOKE,283,275,427,-,427,0.03
3830,33,ADV. MANIK BANSI AADMANE,121,275,425,1,426,0.03
3831,34,VACHISHT UDDHAV KUTE,283,275,414,-,414,0.03
3832,35,ADV. SHARAD BAHINAJI KAMBLE,67,275,393,3,396,0.03
3833,36,BHASKAR BANSIDHARRAO KHANDE,283,275,390,-,390,0.03
3834,37,RAHEMAN BAHODDIN SAYYED,283,275,384,-,384,0.03
3835,38,LAXMIBAI BAJIRAO MORE,283,275,382,-,382,0.03
3836,39,SYED MINHAJ ALI,283,275,310,-,310,0.02
3837,40,SALIM ALLABAKSHA SAYYAD,283,275,238,-,238,0.02
3838,41,SADEK IBRAHIM SHAIKH,283,275,206,-,206,0.01
3839,42,NOTA,472,275,2068,19,2087,0.14
3840,1,OMPRAKASH BHUPALSINH ALIAS PAVAN RAJENIMBALKAR,658,276,743597,5155,748752,58.45
3841,2,ARCHANA RANAJAGJITSINH PATIL,455,276,416699,2207,418906,32.7
3842,3,ANDHALKAR BHAUSAHEB RAOSAHEB,718,276,33221,181,33402,2.61
3843,4,GOVARDHAN SUBRAO NIMBALKAR,283,276,18947,19,18966,1.48
3844,5,DNYANESHWAR NAGANATHRAO KOLI,621,276,6459,13,6472,0.51
3845,6,KAKASAHEB SANDIPAN KHOT,283,276,5707,8,5715,0.45
3846,7,SANJAYKUMAR BHAGWAT WAGHMARE,122,276,5525,90,5615,0.44
3847,8,KAKA FULCHAND KAMBLE,283,276,4807,4,4811,0.38
3848,9,RAM HANUMANT SHENDAGE,283,276,3255,8,3263,0.25
3849,10,UMAJI PANDURANG GAIKWAD,283,276,3089,6,3095,0.24
3850,11,GORE NETAJI NAGNATH,239,276,2314,22,2336,0.18
3851,12,HANUMANT LAXMAN BONDAR,283,276,2170,2,2172,0.17
3852,13,NAVNATH DASHRATH UPALEKAR,283,276,2099,9,2108,0.16
3853,14,SIDDIK IBRAHIM BAUDIWALE ALIAS GOLABHAI,65,276,2052,8,2060,0.16
3854,15,ARJUN (DADA) SALGAR,283,276,1923,12,1935,0.15
3855,16,ARYANRAJE KISANRAO SHINDE,572,276,1852,35,1887,0.15
3856,17,SHAIKH NAUSHAD IQBAL,679,276,1671,15,1686,0.13
3857,18,SHAMRAO HARIBHAU PAWAR,623,276,1492,17,1509,0.12
3858,19,YOGIRAJ ANANTA TAMBE,283,276,1326,10,1336,0.1
3859,20,SOMNATH NANASAHEB KAMBLE,283,276,1262,6,1268,0.1
3860,21,BHORE NITIN KHANDU,283,276,1195,9,1204,0.09
3861,22,MANOHAR ANANDRAO PATIL,283,276,1182,8,1190,0.09
3862,23,NAVNATH VISHWANATH DUDHAL,731,276,1123,12,1135,0.09
3863,24,NITESH SHIVAJI PAWAR,272,276,1060,19,1079,0.08
3864,25,ADV. VISHVJEET VIJAYKUMAR SHINDE,4,276,855,10,865,0.07
3865,26,SHAYANI NAVANATH JADHAV,283,276,779,3,782,0.06
3866,27,NITIN NAGNATH GAIKWAD,283,276,729,2,731,0.06
3867,28,ADV. BHAUSAHEB ANIL BELURE,283,276,675,2,677,0.05
3868,29,VILAS BHAGWAT GHADGE,283,276,604,6,610,0.05
3869,30,SAMEERSINGH RAMESHCHANDRA SALVI,283,276,591,3,594,0.05
3870,31,RAJKUMAR SAHEBRAO PATIL,283,276,589,4,593,0.05
3871,32,NOTA,472,276,4250,48,4298,0.34
3872,1,DR. KALGE SHIVAJI BANDAPPA,290,277,607030,1991,609021,49.15
3873,2,SUDHAKAR TUKARAM SHRANGARE,159,277,545240,1900,547140,44.16
3874,3,NARSINGRAO UDGIRKAR,718,277,42104,121,42225,3.41
3875,4,ATITHI KHANDERAO SURYVANSHI,679,277,5150,28,5178,0.42
3876,5,ALTE VISHWANATH MAHADEV,122,277,5081,40,5121,0.41
3877,6,KAMANT MACHHINDRA GUNWANTRAO,115,277,2249,20,2269,0.18
3878,7,ABHANG GANGARAM SURYAWANSHI,283,277,2102,-,2102,0.17
3879,8,DATTU SOPAN NARSINGE,283,277,2000,2,2002,0.16
3880,9,DEEPAK KEDAR,283,277,1712,14,1726,0.14
3881,10,UMESH AMBADAS KAMBLE,283,277,1683,8,1691,0.14
3882,11,BANSODE RAGHUNATH WAGHOJI,283,277,1596,4,1600,0.13
3883,12,BHARAT HARIBA NANAWARE,487,277,1442,7,1449,0.12
3884,13,SHRIKANT BABURAO HOVAL,119,277,1380,2,1382,0.11
3885,14,PRAVIN MADHAV JOHARE,678,277,1268,5,1273,0.1
3886,15,PANCHSHIL VIKRAM KAMBLE,283,277,1232,9,1241,0.1
3887,16,SHANKAR HARI TADAKHE,128,277,1126,2,1128,0.09
3888,17,AMOL MALU HANMANTE,283,277,1094,5,1099,0.09
3889,18,ADV. KASBEKAR SHRIDHAR LIMBAJI,578,277,987,7,994,0.08
3890,19,BALAJI SHESHRAO BANSODE,283,277,953,1,954,0.08
3891,20,BHIKAJI GANGARAM JADHAV,379,277,863,3,866,0.07
3892,21,VIKAS KONDIBA SHINDE,403,277,793,8,801,0.06
3893,22,LAKHAN RAJARAM KAMBLE,529,277,790,5,795,0.06
3894,23,BALAJI TUKARAM GAIKWAD,141,277,679,4,683,0.06
3895,24,SUDHAKAR TUKARAM SURYAWANSHI,283,277,617,3,620,0.05
3896,25,PAPITA RAOSAHEB RANDIVE,283,277,576,5,581,0.05
3897,26,ADV. PRADIP S. CHINCHOLIKAR,283,277,528,5,533,0.04
3898,27,MUKESH GOVINDRAO GHODAKE,283,277,524,1,525,0.04
3899,28,PANKAJ GOPALRAO WAKHARADAKAR,283,277,512,1,513,0.04
3900,29,NOTA,472,277,3542,25,3567,0.29
3901,1,PRANITI SUSHILKUMAR SHINDE,290,278,618350,1875,620225,51.49
3902,2,RAM VITTHAL SATPUTE,159,278,544770,1258,546028,45.33
3903,3,AATISH MOHAN BANSODE,283,278,10493,14,10507,0.87
3904,4,BABLU SIDRAM GAIKWAD,122,278,5236,32,5268,0.44
3905,5,SHRIVIDYADURGADEVI MAULAPPA KURANE,283,278,3489,4,3493,0.29
3906,6,RAMESH BHIMRAO SHIKHARE,283,278,3146,-,3146,0.26
3907,7,PROF DR ARJUN GENA OHOL,119,278,2651,3,2654,0.22
3908,8,BHANTENAAGAMURTI MOULAPPA KURANE,283,278,1547,7,1554,0.13
3909,9,SUNILKUMAR TUKARAM SHINDE,283,278,1478,2,1480,0.12
3910,10,YUGANDHAR CHANDRAKANT THOKALE,487,278,1125,-,1125,0.09
3911,11,PARMESHWAR PANDURANG GEJAGE,283,278,885,1,886,0.07
3912,12,ADV VIKRAM UTTAM KASABE,283,278,843,3,846,0.07
3913,13,UGHADE VIJAYKUMAR BHAGWAN,283,278,832,1,833,0.07
3914,14,KUMAR CHANDRAKANT LONDHE,128,278,678,1,679,0.06
3915,15,KRISHNA NAGNATH BHISE,283,278,561,1,562,0.05
3916,16,ANNA SUKHADEV MASKE,283,278,496,5,501,0.04
3917,17,MAHASIDDHA TUKARAM GAYAKWAD,283,278,406,3,409,0.03
3918,18,SUDARSHAN RAYCHAND KHANDARE,283,278,400,1,401,0.03
3919,19,SONAVANE SHIVAJI CHANDRAKANT,283,278,394,-,394,0.03
3920,20,SACHIN SHAHU MASKE,283,278,389,-,389,0.03
3921,21,PROF. DR. SUBHASH KHANDERAO GAIKWAD,283,278,379,1,380,0.03
3922,22,NOTA,472,278,2713,12,2725,0.23
3923,1,MOHITE-PATIL DHAIRYASHEEL RAJSINH,456,279,618566,3647,622213,48.86
3924,2,RANJEETSINGH HINDURAO NAIK NIMBALKAR,159,279,499171,2205,501376,39.37
3925,3,ER. RAMCHANDRA MAYAPPA GHUTUKADE,471,279,58344,77,58421,4.59
3926,4,BARASKAR RAMESH NAGNATH,718,279,20519,85,20604,1.62
3927,5,JANKAR SWARUP DADA,122,279,7036,58,7094,0.56
3928,6,HAKE LAXMAN SOPAN,283,279,5083,51,5134,0.4
3929,7,SITARAM VITTHAL RANDIVE,283,279,4980,6,4986,0.39
3930,8,DHANAJI SHRIPATI MASKE,283,279,4433,-,4433,0.35
3931,9,BICHUKALE SANTOSH BALASAHEB,592,279,4039,7,4046,0.32
3932,10,SAWANT RAHUL SHASHIKANT,283,279,3903,6,3909,0.31
3933,11,AWARE SIDDHESHWAR BHARAT,59,279,3058,9,3067,0.24
3934,12,HANUMANT NARAYAN MANE,283,279,2862,2,2864,0.22
3935,13,NANDU SAMBHAJI MORE,283,279,2686,1,2687,0.21
3936,14,NAVANATH BIRA MADANE,283,279,2434,1,2435,0.19
3937,15,GIRISH PRABHAKAR SHETE,283,279,2380,3,2383,0.19
3938,16,ADV. JORE SACHIN BHASKAR,283,279,2344,3,2347,0.18
3939,17,NANASAHEB RAMHARI YADAV,283,279,2213,1,2214,0.17
3940,18,KIRAN TANAJI SATHE,283,279,2167,8,2175,0.17
3941,19,BHAUSAHEB SUKHADEV LIGADE,283,279,2034,18,2052,0.16
3942,20,ER. BALIRAM SUKHADEV MORE,283,279,1952,1,1953,0.15
3943,21,KHARAT SANDIP JANARADHAN,283,279,1746,9,1755,0.14
3944,22,NARAYAN TATOBA KALEL,283,279,1557,3,1560,0.12
3945,23,KASHINATH KISAN DEOKATE,283,279,1276,3,1279,0.1
3946,24,GOPAL YESHVANT JADHAV,146,279,1273,16,1289,0.1
3947,25,SATYAWAN VIJAY OMBASE,678,279,1254,6,1260,0.1
3948,26,SITAPURE VINOD DILIP,283,279,1190,1,1191,0.09
3949,27,ASHOK DNYANDEV WAGHMODE,283,279,984,5,989,0.08
3950,28,ANIL BHAGAVAN SHEDAGE,283,279,977,5,982,0.08
3951,29,AMOL MADHUKAR KARADE,283,279,900,3,903,0.07
3952,30,RASHID ISMAIL SHAIKH,283,279,842,1,843,0.07
3953,31,MORE ROHIT RAMKRUSHNA,283,279,669,2,671,0.05
3954,32,SARADE GANESH NAVNATH,283,279,598,3,601,0.05
3955,33,NOTA,472,279,3655,47,3702,0.29
3956,1,VISHAL (DADA) PRAKASHBAPU PATIL,283,280,569651,2015,571666,48.91
3957,2,SANJAY (KAKA) PATIL,159,280,469392,2221,471613,40.35
3958,3,CHANDRAHAR SUBHASH PATIL,658,280,60115,745,60860,5.21
3959,4,ALLAUDDIN HAYATCHAND KAZI,283,280,9269,13,9282,0.79
3960,5,PRAKASH SHIVAJIRAO SHENDGE,283,280,8150,101,8251,0.71
3961,6,PANDURANG RAOSAHEB BHOSALE,146,280,5518,47,5565,0.48
3962,7,TIPUSULATAN SIKANDAR PATAVEGAR,122,280,5502,58,5560,0.48
3963,8,MAHESH YASHWANT KHARADE,675,280,5491,30,5521,0.47
3964,9,RAVINDRA CHANDAR SOLANKAR,283,280,3649,9,3658,0.31
3965,10,ANAND SHANKAR NALAGE,128,280,3531,9,3540,0.3
3966,11,SHASHIKANT GAUTAM DESHMUKH,283,280,3143,12,3155,0.27
3967,12,SATISH LALITA KRISHNA KADAM,274,280,2851,8,2859,0.24
3968,13,SUWARNATAI SUDHAKAR GAYAKWAD,283,280,1925,12,1937,0.17
3969,14,DATTATRAY PANDIT PATIL,283,280,1468,1,1469,0.13
3970,15,TOUHID ILAHI MOMIN,283,280,1460,-,1460,0.12
3971,16,AJIT DHANAJI KHANDARE,283,280,1380,18,1398,0.12
3972,17,BANDAGAR NANASO BALASO,283,280,1292,8,1300,0.11
3973,18,JALINDAR MACHINDRA THOMAKE,283,280,1257,3,1260,0.11
3974,19,SANGRAM RAJARAM MORE,283,280,1004,7,1011,0.09
3975,20,DR AKASH VHATKAR,283,280,803,11,814,0.07
3976,21,NOTA,472,280,6512,53,6565,0.56
3977,1,SHRIMANT CHH UDAYANRAJE PRATAPSINHAMAHARAJ BHONSLE,159,281,568749,2385,571134,47.67
3978,2,SHASHIKANT JAYVANTRAO SHINDE,456,281,536475,1888,538363,44.94
3979,3,GADE SANJAY KONDIBA,283,281,37035,27,37062,3.09
3980,4,KADAM PRASHANT RAGHUNATH,718,281,11878,34,11912,0.99
3981,5,ANAND RAMESH THORWADE,122,281,6432,53,6485,0.54
3982,6,KORDE SURESHRAO DINKAR,283,281,4699,13,4712,0.39
3983,7,MARUTI DHONDIRAM JANKAR,283,281,3944,7,3951,0.33
3984,8,SEEMA SUNIL POTDAR,283,281,3458,-,3458,0.29
3985,9,VISHWAJIT PATIL UNDALKAR,283,281,3432,6,3438,0.29
3986,10,NIVRUTTI KERU SHINDE,283,281,2666,8,2674,0.22
3987,11,SAYAJI GANPAT WAGHMARE,121,281,2490,11,2501,0.21
3988,12,SACHIN SUBHASH MAHAJAN,283,281,2010,5,2015,0.17
3989,13,DR ABHIJEET WAMANRAO AWADE BICHUKALE,283,281,1388,7,1395,0.12
3990,14,TUSHAR VIJAY MOTLING,119,281,1296,5,1301,0.11
3991,15,PRATIBHA SHELAR,283,281,1104,19,1123,0.09
3992,16,BAGAL SADASHIV SAHEBRAO,283,281,955,3,958,0.08
3993,17,NOTA,472,281,5476,46,5522,0.46
3994,1,NARAYAN TATU RANE,159,282,445339,3175,448514,49.07
3995,2,VINAYAK BHAURAO RAUT,658,282,396524,4132,400656,43.83
3996,3,VINAYAK LAVU RAUT,283,282,15769,57,15826,1.73
3997,4,MARUTI RAMACHANDRA JOSHI,718,282,9873,166,10039,1.1
3998,5,AAYARE RAJENDRA LAHU,122,282,7796,60,7856,0.86
3999,6,SHAKIL SAWANT,283,282,6373,22,6395,0.7
4000,7,TAMBADE AMRUT ANANT (RAJAPURKAR),283,282,5563,19,5582,0.61
4001,8,ASHOK GANGARAM PAWAR,119,282,5244,36,5280,0.58
4002,9,SURESH GOVINDRAO SHINDE,606,282,2209,38,2247,0.25
4003,10,NOTA,472,282,11516,127,11643,1.27
4004,1,CHHATRAPATI SHAHU SHAHAJI,290,283,750323,4199,754522,54.15
4005,2,SANJAY SADASHIVRAO MANDLIK,657,283,597014,2544,599558,43.03
4006,3,SANJAY BHIKAJI MAGADE,122,283,3946,56,4002,0.29
4007,4,MUSHTAK AJIJ MULLA,283,283,3822,2,3824,0.27
4008,5,MADHURI RAJU JADHAV,283,283,3503,5,3508,0.25
4009,6,KHADE BAJIRAO NANASO,283,283,3497,15,3512,0.25
4010,7,KRUSHNABAI DIPAK CHOUGALE,283,283,3045,18,3063,0.22
4011,8,KOGALE SANDEEP BHAIRAVNATH,239,283,2952,23,2975,0.21
4012,9,ADV. YASH SUHAS HEGDEPATIL,283,283,2457,2,2459,0.18
4013,10,NAGNATH PUNDALIK BENAKE,283,283,1215,12,1227,0.09
4014,11,RAJANDARA BALASO KOLI,283,283,1029,15,1044,0.07
4015,12,B. T. PATIL (EX SERVICEMAN),146,283,1011,96,1107,0.08
4016,13,SUBHASH VAIJU DESAI,283,283,847,2,849,0.06
4017,14,MANGESH JAYSINGH PATIL,283,283,647,6,653,0.05
4018,15,SHASHIBHUSHAN JEEVANRAO DESAI,39,283,636,15,651,0.05
4019,16,SANTOSH GANPATI BISURE,100,283,635,4,639,0.05
4020,17,DR. SUNIL NAMDEV PATIL,443,283,626,7,633,0.05
4021,18,KRUSHNA HANMANT DESAI,283,283,602,2,604,0.04
4022,19,IRFAN ABUTALIB CHAND,283,283,595,2,597,0.04
4023,20,MANE ARVIND BHIVA,203,283,558,12,570,0.04
4024,21,SANDEEP GUNDOPANT SANKPAL,283,283,541,3,544,0.04
4025,22,KUDARTULLA ADAM LATIF,283,283,465,2,467,0.03
4026,23,SALIM NURMUHAMAD BAGWAN,283,283,334,1,335,0.02
4027,24,NOTA,472,283,5932,51,5983,0.43
4028,1,DHAIRYASHEEL SAMBHAJIRAO MANE,657,284,518334,1856,520190,40.14
4029,2,SATYAJEET BABASAHEB PATIL (AABA) SARUDKAR,658,284,504181,2583,506764,39.1
4030,3,RAJU SHETTI,675,284,178866,984,179850,13.88
4031,4,D. C. PATIL DADASAHEB / DADGONDA CHAVGONDA PATIL,718,284,32591,105,32696,2.52
4032,5,ASLAM AINODIN MULLA,283,284,6107,4,6111,0.47
4033,6,ANANDRAO VASANTRAO SARNAIK (FOUJI BAPU),283,284,4944,11,4955,0.38
4034,7,TANDALE LAXMAN SHIVAJI,283,284,4788,1,4789,0.37
4035,8,PROF. PARASHURAM MANE,283,284,4467,10,4477,0.35
4036,9,KAMBLE RAVINDRA TUKARAM,122,284,3968,65,4033,0.31
4037,10,SATYAJEET PATIL (AABA),283,284,3602,30,3632,0.28
4038,11,ANANDRAO TUKARAM THORAT,283,284,3497,2,3499,0.27
4039,12,IMRAN IQBAL KHATIB,119,284,3172,18,3190,0.25
4040,13,RAGHUNATHDADA PATIL,146,284,2146,28,2174,0.17
4041,14,JAVED SIKANDAR MUJAVAR,283,284,1849,3,1852,0.14
4042,15,SANTOSH KERBA KHOT,362,284,1697,4,1701,0.13
4043,16,DR. ISHWAR MAHADEV YAMGAR,162,284,1520,17,1537,0.12
4044,17,SHIVAJI DHONDIRAM SANKPAL,283,284,1390,2,1392,0.11
4045,18,SHARAD BABURAO PATIL,443,284,1356,5,1361,0.11
4046,19,MANOHAR PRADIP SATPUTE,283,284,1063,3,1066,0.08
4047,20,DHANAJI JAGANNATH GURAV (SHIVAREKAR),392,284,1054,7,1061,0.08
4048,21,DAVARI LAXMAN SHRIPATI,283,284,1004,5,1009,0.08
4049,22,RAJENDRA BHIMRAO MANE,283,284,935,5,940,0.07
4050,23,DINAKARRAO TULSHIDAS CHAVAN (PATIL),59,284,674,5,679,0.05
4051,24,RAMCHANDRA GOVINDRAO SALUNKHE,283,284,618,-,618,0.05
4052,25,MOHITE DEVENDRA NANA,283,284,559,1,560,0.04
4053,26,MANE ARVIND BHIVA,283,284,422,2,424,0.03
4054,27,MAHAMMAD MUBARAK DARAVESHI,283,284,360,1,361,0.03
4055,28,NOTA,472,284,5027,76,5103,0.39
4056,1,ANGOMCHA BIMOL AKOIJAM,290,285,370678,3339,374017,46.93
4057,2,THOUNAOJAM BASANTA KUMAR SINGH,159,285,262217,1999,264216,33.16
4058,3,MAHESHWAR THOUNAOJAM,593,285,134308,1332,135640,17.02
4059,4,RAJKUMAR SOMENDRO SINGH,283,285,12892,158,13050,1.64
4060,5,MOIRANGTHEM TOTOMSHANA NONGSHABA,283,285,4831,50,4881,0.61
4061,6,HAORUNGBAM SARAT SINGH,283,285,1279,17,1296,0.16
4062,7,NOTA,472,285,3707,90,3797,0.48
4063,1,ALFRED KANNGAM S ARTHUR,290,286,381813,3141,384954,48.32
4064,2,KACHUI TIMOTHY ZIMIK,438,286,298358,1178,299536,37.6
4065,3,S KHO JOHN,283,286,89677,233,89910,11.28
4066,4,ALYSON ABONMAI,283,286,14865,245,15110,1.9
4067,5,NOTA,472,286,6530,695,7225,0.91
4068,1,DR. RICKY ANDREW J. SYNGKON,733,287,569156,1922,571078,55.02
4069,2,VINCENT H. PALA,290,287,198045,1123,199168,19.19
4070,3,DR. MAZEL AMPAREEN LYNGDOH,451,287,185531,957,186488,17.97
4071,4,ROBERTJUNE KHARJAHRIN,709,287,44278,285,44563,4.29
4072,5,PROF. LAKHON KMA,283,287,18522,60,18582,1.79
4073,6,PETER SHALLAM,283,287,6975,49,7024,0.68
4074,7,NOTA,472,287,10944,64,11008,1.06
4075,1,SALENG A SANGMA,290,288,382058,1861,383919,56.96
4076,2,AGATHA K SANGMA,451,288,227210,1468,228678,33.93
4077,3,ZENITH M SANGMA,70,288,48518,191,48709,7.23
4078,4,LABENN CH MARAK,283,288,6846,64,6910,1.03
4079,5,NOTA,472,288,5809,31,5840,0.87
4080,1,RICHARD VANLALHMANGAIHA,746,289,206377,2175,208552,42.45
4081,2,K VANLALVENA,427,289,139532,732,140264,28.55
4082,3,LALBIAKZAMA,290,289,97761,834,98595,20.07
4083,4,VANLALHMUAKA,159,289,33009,524,33533,6.82
4084,5,LALHRIATRENGA CHHANGTE,283,289,4663,43,4706,0.96
4085,6,RITA MALSAWMI,428,289,3681,112,3793,0.77
4086,7,NOTA,472,289,1866,27,1893,0.39
4087,1,S SUPONGMEREN JAMIR,290,297,399512,2439,401951,52.83
4088,2,DR CHUMBEN MURRY,457,297,350072,895,350967,46.13
4089,3,HAYITHUNG TUNGOE LOTHA,283,297,6050,182,6232,0.82
4090,4,NOTA,472,297,1520,126,1646,0.22
4091,1,PRADEEP PUROHIT,159,298,709606,6753,716359,54.69
4092,2,PARINITA MISHRA,218,298,463008,1684,464692,35.48
4093,3,SANJAY BHOI,290,298,92666,885,93551,7.14
4094,4,JAYARAM BAGH,122,298,9215,107,9322,0.71
4095,5,GNYANENDRA BEHERA,283,298,4539,24,4563,0.35
4096,6,DEVIKA SIKA,441,298,4524,14,4538,0.35
4097,7,PRABHAT KUMAR DHARUA,283,298,4294,4,4298,0.33
4098,8,NOTA,472,298,12414,127,12541,0.96
4099,1,JUAL ORAM,159,299,490655,3627,494282,42.77
4100,2,DILIP KUMAR TIRKEY,218,299,353708,1766,355474,30.76
4101,3,JANARDAN DEHURY,290,299,260681,1305,261986,22.67
4102,4,JUSTIN LUGUN,667,299,9120,21,9141,0.79
4103,5,JAGABANDHU ORAM,283,299,6023,4,6027,0.52
4104,6,SUMANTA KUMAR SORENG,441,299,4035,17,4052,0.35
4105,7,SANTOSH JURA,437,299,3976,5,3981,0.34
4106,8,PARUA EKKA,355,299,3018,15,3033,0.26
4107,9,NOTA,472,299,17752,49,17801,1.54
4108,1,DHARMENDRA PRADHAN,159,300,587827,4335,592162,49.48
4109,2,PRANAB PRAKASH DAS,218,300,471198,1128,472326,39.47
4110,3,NAGENDRA KUMAR PRADHAN,290,300,88573,540,89113,7.45
4111,4,SADANAND RANBIDA,122,300,4776,19,4795,0.4
4112,5,SRIRAM PANDEY,283,300,4700,2,4702,0.39
4113,6,SHUSHIL KUMAR BABU,283,300,4298,5,4303,0.36
4114,7,GNYANENDRA BEHERA,283,300,3331,3,3334,0.28
4115,8,NABAKISHORE PRADHAN,667,300,3151,6,3157,0.26
4116,9,ATMA RAM SUPKAR,283,300,2053,6,2059,0.17
4117,10,PURUSHOTTAM PATRA,377,300,1731,4,1735,0.14
4118,11,RAKESH BAG,169,300,1704,4,1708,0.14
4119,12,SUBASH MOHAPATRA,445,300,1669,24,1693,0.14
4120,13,LAXMAN KUMAR BHOI,481,300,1662,20,1682,0.14
4121,14,KHAGESWAR BEHERA,563,300,1492,3,1495,0.12
4122,15,NOTA,472,300,12451,32,12483,1.04
4123,1,ANANTA NAYAK,159,301,571133,2790,573923,45.67
4124,2,DHANURJAYA SIDU,218,301,476206,675,476881,37.95
4125,3,BINOD BIHARI NAIK,290,301,104944,334,105278,8.38
4126,4,JOHN MIRAN MUNDA,283,301,31729,7,31736,2.53
4127,5,SAHEBA JUANGA,411,301,11040,3,11043,0.88
4128,6,SUSHANT KUMAR NAIK,283,301,9041,3,9044,0.72
4129,7,LAMBODAR NAIK,283,301,6778,-,6778,0.54
4130,8,HARIHAR MUNDA,667,301,6569,5,6574,0.52
4131,9,RAGHUMANI NAIK,283,301,4550,6,4556,0.36
4132,10,RAM PRASAD HEMBRAM,122,301,3884,11,3895,0.31
4133,11,PITABASA NAIK,2,301,2141,3,2144,0.17
4134,12,NOTA,472,301,24746,17,24763,1.97
4135,1,NABA CHARAN MAJHI,159,302,580579,5392,585971,49.91
4136,2,SUDAM MARNDI,218,302,364745,1892,366637,31.23
4137,3,ANJANI SOREN,353,302,134713,686,135399,11.53
4138,4,RABINDRA NATH SINGH,283,302,9282,42,9324,0.79
4139,5,ASHOK KUMAR SING,283,302,8918,35,8953,0.76
4140,6,JATIA SAWAYAN,122,302,8457,45,8502,0.72
4141,7,SANTILATA CHATTAR,283,302,8448,29,8477,0.72
4142,8,PITAMBAR NAIK,667,302,8070,44,8114,0.69
4143,9,ANTA ALOK BASKEY,2,302,5386,8,5394,0.46
4144,10,BAJUN HANSDA,283,302,5304,18,5322,0.45
4145,11,KANHU CHARAN TUDU,283,302,5103,35,5138,0.44
4146,12,SUKANTA HEMBRAM,169,302,3636,20,3656,0.31
4147,13,GURU  CHARAN HEMBRAM,146,302,3175,35,3210,0.27
4148,14,NOTA,472,302,19853,100,19953,1.7
4149,1,PRATAP CHANDRA SARANGI,159,303,561590,2275,563865,45.49
4150,2,LEKHASRI SAMANTSINGHAR,218,303,415917,792,416709,33.62
4151,3,SHRIKANTA JENA,290,303,236081,926,237007,19.12
4152,4,RAJAT KUMAR BEHERA,122,303,2913,7,2920,0.24
4153,5,GOBINDA CHANDRA BHOI,441,303,2640,-,2640,0.21
4154,6,SURYAKANTA DASMOHAPATRA,283,303,2156,5,2161,0.17
4155,7,MAHAMEGHABAHAN AIRA KHARABELA SWAIN,283,303,1863,5,1868,0.15
4156,8,PRAMOD KUMAR PATTAYAT,283,303,1637,2,1639,0.13
4157,9,BIREN PUHAN,380,303,1450,2,1452,0.12
4158,10,DEEPAK SANKAR THAKUR GIRI,283,303,1191,3,1194,0.1
4159,11,AKHIL KUMAR MOHANTA,283,303,829,1,830,0.07
4160,12,NOTA,472,303,7333,17,7350,0.59
4161,1,AVIMANYU SETHI,159,304,569705,3614,573319,44.19
4162,2,MANJULATA MANDAL,218,304,480105,1670,481775,37.13
4163,3,ANANTA PRASAD SETHI,290,304,221020,854,221874,17.1
4164,4,KIRTAN BIHARI MALIK,667,304,4879,1,4880,0.38
4165,5,ADV. ARJUN CHARAN MALLIK,122,304,3581,23,3604,0.28
4166,6,ANJAN DAS,80,304,3512,5,3517,0.27
4167,7,BASANTA KUMAR MAHALIK,283,304,1527,3,1530,0.12
4168,8,SARBESWAR BEHERA,283,304,1397,3,1400,0.11
4169,9,NOTA,472,304,5457,21,5478,0.42
4170,1,SARMISTHA SETHI,218,305,529428,3224,532652,45.87
4171,2,RABINDRA NARAYAN BEHERA,159,305,528959,5280,534239,46.01
4172,3,ANCHAL DAS,290,305,52455,690,53145,4.58
4173,4,SUBASH CHANDRA MALLIK,667,305,17955,52,18007,1.55
4174,5,ER. SANDHYA RANI MALLICK,122,305,3189,29,3218,0.28
4175,6,BHAIRABA PRASAD BEHERA,283,305,2398,5,2403,0.21
4176,7,SUMANTA MALIK,283,305,2295,6,2301,0.2
4177,8,BIDYADHAR DALEI,80,305,2172,-,2172,0.19
4178,9,JHUNA MALIK,411,305,2075,2,2077,0.18
4179,10,ARTTATRANA MALIK,283,305,1234,18,1252,0.11
4180,11,NARENDRA MALIKA,283,305,1119,-,1119,0.1
4181,12,MANTU SETHI,342,305,954,2,956,0.08
4182,13,BINOD KUMAR JENA,254,305,876,3,879,0.08
4183,14,NOTA,472,305,6738,50,6788,0.58
4184,1,RUDRA NARAYAN PANY,159,306,593907,4814,598721,50.24
4185,2,ABINASH SAMAL,218,306,520144,2010,522154,43.82
4186,3,SASHMITA BEHERA,290,306,34052,678,34730,2.91
4187,4,PRAFULLA KUMAR NAIK,122,306,4850,45,4895,0.41
4188,5,MAHESWAR SAHOO,283,306,4614,15,4629,0.39
4189,6,MANASI SWAIN,667,306,3376,8,3384,0.28
4190,7,PRIYABRATA GARNAIK,283,306,2904,5,2909,0.24
4191,8,JANARDAN NAIK,283,306,2647,6,2653,0.22
4192,9,KAILAS CHANDRA PRADHAN,283,306,2205,8,2213,0.19
4193,10,SWAPNA RANI JAMES,712,306,1603,5,1608,0.13
4194,11,NOTA,472,306,13731,46,13777,1.16
4195,1,SANGEETA KUMARI SINGH DEO,159,307,614196,3548,617744,44.12
4196,2,SURENDRA SINGH BHOI,218,307,483964,1116,485080,34.64
4197,3,MANOJ KUMAR MISHRA,290,307,229577,1297,230874,16.49
4198,4,SUNIL KUMAR BHOI,667,307,10334,21,10355,0.74
4199,5,JAGADISH CHANDRA BIBHAR,122,307,9404,65,9469,0.68
4200,6,BALRAM SINGH YADAV,283,307,8637,37,8674,0.62
4201,7,MADHUSUDAN BARIK,80,307,7239,13,7252,0.52
4202,8,BALARAM SA,283,307,6092,5,6097,0.44
4203,9,AKSHAYA DISHRI,441,307,5465,4,5469,0.39
4204,10,RAJESH KUMAR PANDA,252,307,3163,7,3170,0.23
4205,11,NOTA,472,307,16010,54,16064,1.15
4206,1,MALVIKA DEVI,159,308,538535,5768,544303,40.79
4207,2,LAMBODAR NIAL,218,308,408267,2223,410490,30.77
4208,3,DROUPADI MAJHI,290,308,300060,3139,303199,22.72
4209,4,UMAKANTA TANDI,283,308,9180,14,9194,0.69
4210,5,BIRANCHI NARAYAN DURGA,122,308,8440,57,8497,0.64
4211,6,DR. DHARMANANDA GAHIR,283,308,7775,36,7811,0.59
4212,7,SIBA HATI,618,308,7138,30,7168,0.54
4213,8,RAJARAM SAHU,283,308,6712,18,6730,0.5
4214,9,NARESH HIANLA,283,308,6627,14,6641,0.5
4215,10,GANGADHAR JAL,283,308,5547,43,5590,0.42
4216,11,HIMANSHU TRIPATHY,626,308,4898,8,4906,0.37
4217,12,NOTA,472,308,19620,95,19715,1.48
4218,1,BALABHADRA MAJHI,159,309,478330,3066,481396,38.74
4219,2,PRADEEP KUMAR MAJHI,218,309,392448,1412,393860,31.7
4220,3,BHUJABAL MAJHI,290,309,302095,1297,303392,24.42
4221,4,TRINATH MUNDAGUDIA,667,309,20548,11,20559,1.65
4222,5,NOTA,472,309,43240,28,43268,3.48
4223,1,SUKANTA KUMAR PANIGRAHI,159,310,413320,3095,416415,41.8
4224,2,ACHYUTANANDA SAMANTA,218,310,393644,1400,395044,39.66
4225,3,AMIR CHAND NAYAK,290,310,143311,1011,144322,14.49
4226,4,BHAGIRATHI BALIARSINGH,411,310,7329,1,7330,0.74
4227,5,KANAK MANJARI RATH,283,310,5201,4,5205,0.52
4228,6,HARIBANDHU BEHERA,122,310,5121,16,5137,0.52
4229,7,SUBASH MOHAPATRA,445,310,4133,4,4137,0.42
4230,8,PARSURAM PRADHAN,359,310,2770,11,2781,0.28
4231,9,NOTA,472,310,15691,29,15720,1.58
4232,1,BHARTRUHARI MAHTAB,159,311,529271,2330,531601,47.43
4233,2,SANTRUPT MISRA,218,311,473443,1081,474524,42.34
4234,3,SURESH MOHAPATRA,290,311,83461,354,83815,7.48
4235,4,PRAMOD KUMAR MALLICK,122,311,4461,23,4484,0.4
4236,5,NIRANJAN PATI,283,311,4390,6,4396,0.39
4237,6,SOBHA PANDEY,283,311,3878,10,3888,0.35
4238,7,PRAKASH CHANDRA SAHOO,380,311,3790,4,3794,0.34
4239,8,RAJAKISHORE MALLIK,667,311,3072,3,3075,0.27
4240,9,GOKULANANDA MISHRA,283,311,1804,4,1808,0.16
4241,10,MINATI PATNAIK,626,311,1241,10,1251,0.11
4242,11,NOTA,472,311,8130,29,8159,0.73
4243,1,BAIJAYANT PANDA,159,312,612916,2789,615705,48.21
4244,2,ANSHUMAN MOHANTY,218,312,547681,1488,549169,43
4245,3,SIDHARTH SWARUP DASH,290,312,94595,237,94832,7.43
4246,4,SOUBHAGYA KETAN SAMAL,667,312,3393,2,3395,0.27
4247,5,SEKHA SADIKA HOSEN,122,312,1845,7,1852,0.15
4248,6,SUPRAVA DAS,50,312,1559,2,1561,0.12
4249,7,SRIRAM PANDEY,283,312,1397,2,1399,0.11
4250,8,SANTOSH KUMAR PATRA,283,312,1370,3,1373,0.11
4251,9,PRATAP CHANDRA MOHANTY,283,312,1088,7,1095,0.09
4252,10,PRANGYAN PRAKASH MOHAPATRA,475,312,910,2,912,0.07
4253,11,NOTA,472,312,5807,8,5815,0.46
4254,1,BIBHU PRASAD TARAI,159,313,585672,3421,589093,45.8
4255,2,DR. RAJASHREE MALLICK,218,313,546443,1954,548397,42.63
4256,3,RABINDRA KUMAR SETHY,290,313,122875,695,123570,9.61
4257,4,RAMESH CHANDRA SETHY,227,313,8112,18,8130,0.63
4258,5,PEEYUUSH DAS,80,313,3225,5,3230,0.25
4259,6,BIBHUTI BHUSAN MAJHI,122,313,2718,22,2740,0.21
4260,7,MAHESWAR DAS,667,313,2374,10,2384,0.19
4261,8,SANKAR DAS,283,313,1476,12,1488,0.12
4262,9,SILI MALLICK,626,313,924,6,930,0.07
4263,10,ARJUNA CHARAN BEHERA,283,313,758,8,766,0.06
4264,11,BHANUMATI DAS,712,313,674,3,677,0.05
4265,12,NOTA,472,313,4852,30,4882,0.38
4266,1,SAMBIT PATRA,159,314,625372,3958,629330,52.58
4267,2,ARUP MOHAN PATNAIK,218,314,523036,1585,524621,43.83
4268,3,JAYANARAYAN PATTANAYAK,290,314,24066,276,24342,2.03
4269,4,SANTANU KUMAR DAS,122,314,3918,11,3929,0.33
4270,5,SUBASH CHANDRA BHOI,667,314,3257,9,3266,0.27
4271,6,SOBHA PANDEY,283,314,2212,17,2229,0.19
4272,7,DILLIP KUMAR BARAL,283,314,1605,6,1611,0.13
4273,8,NOTA,472,314,7568,42,7610,0.64
4274,1,APARAJITA SARANGI,159,315,509567,2952,512519,47.36
4275,2,MANMATH KUMAR ROUTRAY,218,315,475990,1377,477367,44.11
4276,3,SYED YASHIR NAWAZ,290,315,66045,317,66362,6.13
4277,4,SURESH CHANDRA PANIGRAHY,228,315,4134,14,4148,0.38
4278,5,HULAS SENAPATI,283,315,2248,3,2251,0.21
4279,6,KISHOR KUMAR SUTAR,283,315,2202,1,2203,0.2
4280,7,SUDHANSU SEKHAR DAS,283,315,1751,7,1758,0.16
4281,8,SANTOSH KUMAR MISHRA,283,315,1738,6,1744,0.16
4282,9,SANGEETA PATTANAIK,475,315,1528,2,1530,0.14
4283,10,PRADEEP KUMAR SAHOO,359,315,1495,8,1503,0.14
4284,11,SANTILATA ROUT,674,315,1437,4,1441,0.13
4285,12,NATABAR MAHARANA,152,315,1080,7,1087,0.1
4286,13,NOTA,472,315,8261,41,8302,0.77
4287,1,ANITA SUBHADARSHINI,159,316,493032,1194,494226,48.55
4288,2,RANJITA SAHU,218,316,393759,493,394252,38.73
4289,3,DEBAKANTA SARMA,290,316,75108,147,75255,7.39
4290,4,SANJAYA KUMAR BISHOYI,283,316,11234,6,11240,1.1
4291,5,PAPUNU SAHU,667,316,8671,2,8673,0.85
4292,6,PITABAS SAHU,629,316,6888,-,6888,0.68
4293,7,BRUNDABANA NAHAK,122,316,5430,9,5439,0.53
4294,8,NOTA,472,316,21925,16,21941,2.16
4295,1,DR. PRADEEP KUMAR PANIGRAHY,159,317,510585,2517,513102,49.2
4296,2,BHRUGU BAXIPATRA,218,317,346780,846,347626,33.33
4297,3,RASMI RANJAN PATNAIK,290,317,129096,648,129744,12.44
4298,4,V CHANDRA SHEKHAR,283,317,8376,3,8379,0.8
4299,5,BHASKAR CHAUDHORY,122,317,5198,13,5211,0.5
4300,6,SOMANATH BEHERA,667,317,5121,14,5135,0.49
4301,7,SIRIN TAMMANA,283,317,5069,9,5078,0.49
4302,8,BOMMALI KANTA RAO,437,317,4190,11,4201,0.4
4303,9,RAM SANKAR SATAPATHY,283,317,3869,2,3871,0.37
4304,10,RAJENDRA DALABEHERA,152,317,2335,8,2343,0.22
4305,11,SANTOSH KUMAR SAHU,59,317,2284,7,2291,0.22
4306,12,NOTA,472,317,15903,39,15942,1.53
4307,1,SAPTAGIRI SANKAR ULAKA,290,318,469295,2098,471393,41.03
4308,2,KAUSALYA HIKAKA,218,318,322797,852,323649,28.17
4309,3,KALIRAM MAJHI,159,318,230792,1722,232514,20.24
4310,4,DAMINI JANI,122,318,15373,54,15427,1.34
4311,5,PRAKASH HIKAKA,229,318,14847,5,14852,1.29
4312,6,LASU HANTAL,283,318,14362,11,14373,1.25
4313,7,RAGHUMANI GOMANGO,283,318,10528,12,10540,0.92
4314,8,ABINASH GOMANGO,283,318,10258,16,10274,0.89
4315,9,SUMAN KANTA,437,318,8386,10,8396,0.73
4316,10,SANTOSH KUMAR BIDIKA,592,318,5413,2,5415,0.47
4317,11,PRAMILA PUJARI,667,318,4866,12,4878,0.42
4318,12,NOTA,472,318,37106,25,37131,3.23
4319,1,SUKHJINDER SINGH RANDHAWA,290,320,361713,2330,364043,33.78
4320,2,DINESH SINGH BABBU,159,320,278701,2481,281182,26.09
4321,3,AMANSHER SINGH (SHERY KALSI),8,320,275416,1836,277252,25.72
4322,4,DR. DALJIT SINGH CHEEMA,654,320,85194,306,85500,7.93
4323,5,GURINDER SINGH BAJWA,655,320,25425,340,25765,2.39
4324,6,SANT SEWAK,283,320,5950,2,5952,0.55
4325,7,RAJ KUMAR,122,320,4859,71,4930,0.46
4326,8,SANTOSH KAUR,283,320,4733,5,4738,0.44
4327,9,SAMUEL SONI,283,320,4427,13,4440,0.41
4328,10,SURJIT SINGH,283,320,3372,1,3373,0.31
4329,11,SANJEEV SINGH,283,320,2172,6,2178,0.2
4330,12,SURINDER SINGH,283,320,1775,7,1782,0.17
4331,13,GURPREET KAUR BAJWA,283,320,1688,21,1709,0.16
4332,14,SANJEEV MANHAS,283,320,1634,1,1635,0.15
4333,15,ROBI MASIH,283,320,1509,2,1511,0.14
4334,16,SANTOSH KUMARI,420,320,1171,23,1194,0.11
4335,17,RAMESH KUMAR TOLLA,146,320,1085,13,1098,0.1
4336,18,AMIT AGGARWAL,283,320,920,4,924,0.09
4337,19,TARSEM MASIH SAHOTA,283,320,878,7,885,0.08
4338,20,TILAK RAJ,283,320,802,3,805,0.07
4339,21,RANJODH SINGH,324,320,776,13,789,0.07
4340,22,I.S.GULATI,283,320,696,3,699,0.06
4341,23,RAMESH LAL,452,320,653,4,657,0.06
4342,24,JAGDISH MASIH,283,320,545,1,546,0.05
4343,25,JATINDER KUMAR SHARMA,203,320,456,5,461,0.04
4344,26,DARBARA SINGH,458,320,415,9,424,0.04
4345,27,NOTA,472,320,3289,65,3354,0.31
4346,1,GURJEET SINGH AUJLA,290,321,254414,767,255181,28.18
4347,2,KULDEEP SINGH DHALIWAL,8,321,214268,612,214880,23.73
4348,3,TARANJIT SINGH SANDHU SAMUNDRI,159,321,206832,373,207205,22.88
4349,4,ANIL JOSHI,654,321,162686,210,162896,17.99
4350,5,EMAAN SINGH MANN,655,321,26584,212,26796,2.96
4351,6,SATBIR SINGH  JAMMU,283,321,3394,5,3399,0.38
4352,7,VISHAL SIDHU,122,321,2713,20,2733,0.3
4353,8,DASWINDER KAUR,227,321,2468,13,2481,0.27
4354,9,SHARANJIT KAUR,283,321,2456,4,2460,0.27
4355,10,AMANPREET SINGH MAHADIPUR,283,321,2353,9,2362,0.26
4356,11,GURINDER SINGH SABHI GILL,283,321,2124,5,2129,0.24
4357,12,SAHIB SINGH,283,321,1987,1,1988,0.22
4358,13,SHAMSHER SINGH SHERA,283,321,1504,3,1507,0.17
4359,14,SHAM LAL GANDHI,283,321,1487,-,1487,0.16
4360,15,LOVEPREET SHARMA,19,321,1372,3,1375,0.15
4361,16,MASTER HARJINDER PAL,283,321,1358,-,1358,0.15
4362,17,JASPAL MASIH,283,321,1223,4,1227,0.14
4363,18,RESHAM SINGH,283,321,1130,3,1133,0.13
4364,19,BAL KRISHAN SHARMA,283,321,1106,1,1107,0.12
4365,20,SIMRANPREET SINGH,283,321,1104,2,1106,0.12
4366,21,NARINDER KAUR,11,321,1064,33,1097,0.12
4367,22,DILDAR MASIH,656,321,1042,2,1044,0.12
4368,23,RAJINDER KUMAR SHARMA,283,321,899,1,900,0.1
4369,24,BALWINDER SINGH,283,321,854,3,857,0.09
4370,25,GURPREET SINGH RATTAN,593,321,735,3,738,0.08
4371,26,DR RAMESH KUMAR,605,321,650,2,652,0.07
4372,27,GAGANDEEP,283,321,608,2,610,0.07
4373,28,PRITHVI PAL,283,321,434,-,434,0.05
4374,29,NEELAM,283,321,404,5,409,0.05
4375,30,DILBAGH SINGH,283,321,388,3,391,0.04
4376,31,NOTA,472,321,3685,29,3714,0.41
4377,1,AMRITPAL SINGH,283,322,402600,1830,404430,38.62
4378,2,KULBIR SINGH ZIRA,290,322,206286,1024,207310,19.8
4379,3,LALJIT SINGH BHULLAR,8,322,194160,676,194836,18.61
4380,4,VIRSA SINGH VALTOHA,654,322,86291,125,86416,8.25
4381,5,MANJIT SINGH MANNA,159,322,85810,563,86373,8.25
4382,6,PARAMJIT SINGH,283,322,12522,3,12525,1.2
4383,7,CHAIN SINGH BAINKA,19,322,6728,11,6739,0.64
4384,8,SATNAM SINGH,122,322,5021,45,5066,0.48
4385,9,SARABJIT SINGH,283,322,4835,1,4836,0.46
4386,10,GURDIAL SINGH,227,322,3945,7,3952,0.38
4387,11,ANOKH SINGH KATWAL,283,322,2766,3,2769,0.26
4388,12,GURPREET SINGH,283,322,2609,-,2609,0.25
4389,13,AJIT SINGH,283,322,2528,7,2535,0.24
4390,14,ARUN KUMAR,283,322,2522,3,2525,0.24
4391,15,SURJIT SINGH BHIKHIWIND,283,322,2367,4,2371,0.23
4392,16,KAWALJIT SINGH,283,322,2290,4,2294,0.22
4393,17,HARJINDER SINGH,283,322,1969,1,1970,0.19
4394,18,KANWALJIT SINGH,283,322,1895,6,1901,0.18
4395,19,PARMINDER SINGH,283,322,1802,1,1803,0.17
4396,20,JASWANT SINGH SOHAL,283,322,1637,2,1639,0.16
4397,21,LAKHBIR SINGH,283,322,1420,1,1421,0.14
4398,22,VIKRAMJIT SINGH,283,322,1417,3,1420,0.14
4399,23,VIJAY KUMAR,283,322,1388,-,1388,0.13
4400,24,DILBAGH SINGH,66,322,1363,11,1374,0.13
4401,25,SIMRANJEET SINGH,283,322,1338,3,1341,0.13
4402,26,MAHINDER SINGH HAMIRA,283,322,1044,2,1046,0.1
4403,27,NAVEEN KUMAR SHARMA,630,322,823,1,824,0.08
4404,28,NOTA,472,322,3420,32,3452,0.33
4405,1,CHARANJIT SINGH CHANNI,290,323,389509,544,390053,39.43
4406,2,SUSHIL KUMAR RINKU,159,323,213702,358,214060,21.64
4407,3,PAWAN KUMAR TINU,8,323,208549,340,208889,21.12
4408,4,MOHINDER SINGH KAYPEE,654,323,67811,100,67911,6.87
4409,5,ADVOCATE BALWINDER KUMAR,122,323,64856,85,64941,6.57
4410,6,SARABJIT SINGH KHALSA,655,323,19252,32,19284,1.95
4411,7,MASTER PARSHOTAM LAL BILGA,228,323,5948,10,5958,0.6
4412,8,IQBAL CHAND MATTU,283,323,1956,-,1956,0.2
4413,9,NEETU SHATTRA WALA,283,323,1878,1,1879,0.19
4414,10,AMRISH BHAGAT,283,323,1183,1,1184,0.12
4415,11,GURDEEP SINGH BITTU,283,323,1112,1,1113,0.11
4416,12,RAJ KUMAR SAQI,487,323,1087,1,1088,0.11
4417,13,SONIA,593,323,1054,1,1055,0.11
4418,14,RAJWANT KAUR KHALSA,98,323,948,4,952,0.1
4419,15,BHAGAT GULSHAN AZAAD,236,323,929,1,930,0.09
4420,16,RAMESH LAL KALA,283,323,875,1,876,0.09
4421,17,ASHOK KUMAR JAKHU,283,323,742,1,743,0.08
4422,18,BAL MUKAND BAWRA,259,323,587,4,591,0.06
4423,19,PARAMJIT KAUR TEJI,283,323,500,-,500,0.05
4424,20,TARACHAND SHEELA,397,323,400,1,401,0.04
4425,21,NOTA,472,323,4724,19,4743,0.48
4426,1,DR. RAJ KUMAR CHABBEWAL,8,324,302402,1457,303859,32.04
4427,2,YAMINI GOMAR,290,324,257936,1812,259748,27.39
4428,3,ANITA SOM PARKASH,159,324,198576,1418,199994,21.09
4429,4,SOHAN SINGH THANDAL,654,324,91503,286,91789,9.68
4430,5,RANJIT KUMAR,122,324,47975,239,48214,5.08
4431,6,JASWANT SINGH,655,324,20680,243,20923,2.21
4432,7,JEEVAN SINGH TAMIL,116,324,4607,14,4621,0.49
4433,8,ROHIT KUMAR TINKU,283,324,2417,2,2419,0.26
4434,9,RAJESH,236,324,2330,6,2336,0.25
4435,10,SONU SINGH PHAGWARA,283,324,1871,13,1884,0.2
4436,11,DAVINDER SINGH,283,324,1584,33,1617,0.17
4437,12,HARDEEP SINGH,458,324,1403,22,1425,0.15
4438,13,RAJPAL NADALI,119,324,1138,2,1140,0.12
4439,14,BHIMRAO YASHWANT AMBEDKAR,259,324,1034,7,1041,0.11
4440,15,SATPAL,283,324,978,15,993,0.1
4441,16,DAVINDER KUMAR SAROYA,609,324,923,7,930,0.1
4442,17,NOTA,472,324,5453,99,5552,0.59
4443,1,MALVINDER SINGH KANG,8,325,312241,976,313217,29.08
4444,2,VIJAY INDER SINGLA,290,325,301414,957,302371,28.07
4445,3,DR SUBHASH SHARMA,159,325,185836,742,186578,17.32
4446,4,PREM SINGH CHANDUMAJRA,654,325,117651,285,117936,10.95
4447,5,JASVIR SINGH GARHI,122,325,89953,204,90157,8.37
4448,6,KUSHAL PAL SINGH MANN,655,325,24725,106,24831,2.31
4449,7,GAJJAN SINGH,283,325,6164,7,6171,0.57
4450,8,SIMPLE KUMAR,283,325,2962,-,2962,0.27
4451,9,SATPAL,283,325,2294,3,2297,0.21
4452,10,GURMIT SINGH,283,325,2179,3,2182,0.2
4453,11,DHARMINDER SINGH HARMAN,50,325,2037,6,2043,0.19
4454,12,SUNIL KUMAR,186,325,1968,9,1977,0.18
4455,13,ER DALJEET SINGH SAINI,146,325,1710,5,1715,0.16
4456,14,KULWINDER SINGH,236,325,1651,1,1652,0.15
4457,15,SUNAINA,203,325,1621,19,1640,0.15
4458,16,ADV KULWINDER SINGH,283,325,1596,4,1600,0.15
4459,17,MEGH RAJ,283,325,1429,1,1430,0.13
4460,18,HARWINDER KARWAL,283,325,1309,2,1311,0.12
4461,19,DAVINDER SINGH,283,325,1164,11,1175,0.11
4462,20,DARSHAN SINGH,510,325,1164,8,1172,0.11
4463,21,HANISH SHARMA,252,325,1072,4,1076,0.1
4464,22,DEEPAK SHARMA,283,325,1012,-,1012,0.09
4465,23,PARMINDER SINGH,283,325,930,-,930,0.09
4466,24,YOG RAJ SAHOTA,599,325,925,-,925,0.09
4467,25,RAMJAAN KHAN,283,325,672,-,672,0.06
4468,26,ROHTASH,283,325,617,2,619,0.06
4469,27,MANDAR SINGH,283,325,555,-,555,0.05
4470,28,KIRAN JAIN,278,325,507,8,515,0.05
4471,29,NOTA,472,325,6351,51,6402,0.59
4472,1,AMRINDER SINGH RAJA WARRING,290,326,321424,800,322224,30.42
4473,2,RAVNEET SINGH BITTU,159,326,300927,355,301282,28.45
4474,3,ASHOK PRASHAR PAPPI,8,326,236620,457,237077,22.38
4475,4,RANJIT SINGH DHILLON,654,326,90073,147,90220,8.52
4476,5,KAMALJIT SINGH BRAR,283,326,42462,38,42500,4.01
4477,6,AMRITPAL SINGH CHHANDRAN,655,326,18199,42,18241,1.72
4478,7,DAVINDER SINGH RAMGARHIA,122,326,10365,29,10394,0.98
4479,8,NARESH DHINGAAN,283,326,2524,6,2530,0.24
4480,9,RAKESH KUMAR (RICKY),671,326,2091,-,2091,0.2
4481,10,ER. BALDEV RAJ KATNA (DEBI),283,326,2086,-,2086,0.2
4482,11,PRITPAL SINGH,116,326,1821,3,1824,0.17
4483,12,DR. PALWINDER KAUR,283,326,1766,2,1768,0.17
4484,13,SANJEEV KUMAR (SANJU),283,326,1567,-,1567,0.15
4485,14,RAJIV KUMAR MEHRA,324,326,1516,2,1518,0.14
4486,15,BHUPINDER SINGH,146,326,1287,-,1287,0.12
4487,16,BALJIT SINGH,283,326,1137,1,1138,0.11
4488,17,VIPAN KUMAR BATRA,283,326,1041,-,1041,0.1
4489,18,AMANDEEP SINGH,652,326,981,6,987,0.09
4490,19,PARAMJIT SINGH,283,326,927,-,927,0.09
4491,20,BALVINDER SINGH BITTA,283,326,918,-,918,0.09
4492,21,SIMRANDEEP SINGH,283,326,911,1,912,0.09
4493,22,DEVINDER BHAGRIA,278,326,859,1,860,0.08
4494,23,KANIYA LAL (DR. KISHAN KUMAR),283,326,820,-,820,0.08
4495,24,SUDHIR KUMAR TRIPATHI,283,326,770,-,770,0.07
4496,25,GURDEEP SINGH KAHLON,283,326,738,-,738,0.07
4497,26,DR. DEVINDER SINGH GILL,13,326,693,2,695,0.07
4498,27,KIRPAL SINGH KAPURI,283,326,621,-,621,0.06
4499,28,SANTOSH KUMAR,155,326,610,-,610,0.06
4500,29,KAMAL PAWAR,283,326,592,-,592,0.06
4501,30,RAVINDER PAL SINGH BABA JI BARGAR WALE,283,326,546,2,548,0.05
4502,31,GURMEET SINGH KHARAY,283,326,516,1,517,0.05
4503,32,RUPINDER KUMAR,283,326,467,-,467,0.04
4504,33,CHANDI,283,326,456,-,456,0.04
4505,34,BALDEV SINGH SUMAN,283,326,450,-,450,0.04
4506,35,JAI - PARKASH JAIN (TITU BANIYA),283,326,419,-,419,0.04
4507,36,SHIVAM YADAV,259,326,414,1,415,0.04
4508,37,HARVINDER KAUR,614,326,413,6,419,0.04
4509,38,BHOLA SINGH,283,326,411,-,411,0.04
4510,39,DARSHAN SINGH DABA,458,326,390,-,390,0.04
4511,40,KULDEEP KUMAR SHARMA,283,326,383,-,383,0.04
4512,41,VISHAL KUMAR ARORA,283,326,344,-,344,0.03
4513,42,KARNAIL SINGH,283,326,340,-,340,0.03
4514,43,RAJINDER GHAI,283,326,284,-,284,0.03
4515,44,NOTA,472,326,5040,36,5076,0.48
4516,1,AMAR SINGH,290,327,331324,1267,332591,34.14
4517,2,GURPREET SINGH GP,8,327,297439,950,298389,30.63
4518,3,GEJJA RAM,159,327,127139,382,127521,13.09
4519,4,BIKRAMJIT SINGH KHALSA,654,327,126461,269,126730,13.01
4520,5,RAJ JATINDER SINGH,655,327,43543,101,43644,4.48
4521,6,KULWANT SINGH,122,327,20786,106,20892,2.14
4522,7,PREM SINGH MOHANPUR,283,327,3784,8,3792,0.39
4523,8,BAHAL SINGH,21,327,3097,7,3104,0.32
4524,9,PARAMJIT SINGH,283,327,2159,8,2167,0.22
4525,10,RULDA SINGH,283,327,1971,6,1977,0.2
4526,11,PARKASH PETER,283,327,1463,2,1465,0.15
4527,12,HARJINDER SINGH,283,327,1158,8,1166,0.12
4528,13,KAMALJEET KAUR,283,327,888,11,899,0.09
4529,14,HARGOBIND SINGH,283,327,722,9,731,0.08
4530,15,NOTA,472,327,9097,91,9188,0.94
4531,1,SARABJEET SINGH KHALSA,283,328,296922,1140,298062,29.38
4532,2,KARAMJIT SINGH ANMOL,8,328,226676,1333,228009,22.48
4533,3,AMARJIT KAUR SAHOKE,290,328,159352,1005,160357,15.81
4534,4,RAJWINDER SINGH DHARAMKOT,654,328,137776,475,138251,13.63
4535,5,HANS RAJ HANS,159,328,123007,526,123533,12.18
4536,6,GURCHARAN SINGH MANN,227,328,14935,15,14950,1.47
4537,7,GURBAKSH SINGH CHAUHAN,122,328,8129,81,8210,0.81
4538,8,AVTAR SINGH SAHOTA,283,328,4155,5,4160,0.41
4539,9,KIKKAR SINGH DHALIWAL,283,328,3514,3,3517,0.35
4540,10,KARAM SINGH MALUKA,283,328,2859,3,2862,0.28
4541,11,RUPINDER SINGH KOHARWALA,458,328,2672,5,2677,0.26
4542,12,BALDEV SINGH GAGRA,655,328,2367,28,2395,0.24
4543,13,NIRMAL SINGH RAJEANA,283,328,2287,2,2289,0.23
4544,14,BADAL SINGH BHALOOR,203,328,2027,1,2028,0.2
4545,15,RAJ KUMAR CHAUHAN,283,328,1958,3,1961,0.19
4546,16,OM PARKASH BANKA,283,328,1947,3,1950,0.19
4547,17,CAPTAIN BAHADUR SINGH,283,328,1632,8,1640,0.16
4548,18,MEJOR SINGH BHATTI,324,328,1605,7,1612,0.16
4549,19,SUKHBIR SINGH BABBAL BHATTI,571,328,1526,4,1530,0.15
4550,20,GURMEET SINGH,283,328,1419,1,1420,0.14
4551,21,AMRIK SINGH,283,328,1411,3,1414,0.14
4552,22,MANPREET SHANT,283,328,1376,1,1377,0.14
4553,23,PREM LAL,236,328,1165,-,1165,0.11
4554,24,PARGAT SINGH RAJEANA,98,328,1128,3,1131,0.11
4555,25,JASWANT RAI RAJORA,283,328,1042,5,1047,0.1
4556,26,DR DEV INDER GAGALANI,590,328,1035,5,1040,0.1
4557,27,PRITAM SINGH,119,328,927,12,939,0.09
4558,28,KULWANT KAUR,630,328,785,1,786,0.08
4559,29,NOTA,472,328,4077,66,4143,0.41
4560,1,SHER SINGH GHUBAYA,290,329,264712,1914,266626,23.7
4561,2,JAGDEEP SINGH KAKA BRAR,8,329,261273,2111,263384,23.41
4562,3,GURMIT SINGH SODHI,159,329,253841,1256,255097,22.67
4563,4,NARDEV SINGH BOBBY MANN,654,329,252327,1318,253645,22.54
4564,5,GURCHARAN SINGH BHULLAR,655,329,15836,105,15941,1.42
4565,6,FOJI ANGREJ SINGH WARWAL,283,329,9435,43,9478,0.84
4566,7,SURINDER KAMBOJ,122,329,8347,86,8433,0.75
4567,8,JASKARAN SINGH KAHAN SINGH WALA,283,329,6480,55,6535,0.58
4568,9,SUKHDEV SINGH,283,329,4597,2,4599,0.41
4569,10,SAHIL MONGA,283,329,3705,19,3724,0.33
4570,11,PRITAM SINGH,283,329,3030,1,3031,0.27
4571,12,GURPREET SINGH,283,329,2894,3,2897,0.26
4572,13,ARWINDER SINGH,283,329,2556,14,2570,0.23
4573,14,DEEPAK KUMAR DEEP DASHANAND,283,329,2435,1,2436,0.22
4574,15,RAJ,283,329,2428,4,2432,0.22
4575,16,PREM CHAND BOONGI,510,329,1944,3,1947,0.17
4576,17,AJIT SINGH,571,329,1609,6,1615,0.14
4577,18,SURINDER KUMAR BANSAL,283,329,1537,3,1540,0.14
4578,19,HARPREET SINGH,283,329,1531,7,1538,0.14
4579,20,KULDEEP SINGH,286,329,1484,6,1490,0.13
4580,21,BALWINDER SINGH CHOHAN,324,329,1366,1,1367,0.12
4581,22,BALWINDER SINGH,593,329,1364,-,1364,0.12
4582,23,GURCHARAN SINGH,283,329,1338,4,1342,0.12
4583,24,UMESH KUMAR,283,329,1319,1,1320,0.12
4584,25,BALWANT SINGH SAMMEWALI,458,329,1148,4,1152,0.1
4585,26,MOHAN SINGH,283,329,1075,3,1078,0.1
4586,27,JASKARAN SINGH SIDHU,283,329,970,1,971,0.09
4587,28,JASWANT SINGH KHATRI,283,329,820,1,821,0.07
4588,29,CHAMKAUR SINGH,283,329,638,4,642,0.06
4589,30,NOTA,472,329,5895,205,6100,0.54
4590,1,HARSIMRAT KAUR BADAL,654,330,375019,1539,376558,32.71
4591,2,GURMEET SINGH KHUDIAN,8,330,325019,1883,326902,28.4
4592,3,JEETMOHINDER SINGH SIDHU,290,330,200859,1152,202011,17.55
4593,4,PARAMPAL KAUR SIDHU,159,330,110255,507,110762,9.62
4594,5,LAKHVIR SINGH LAKHA SIDHANA,655,330,84222,462,84684,7.36
4595,6,NIKKA SINGH,122,330,12979,60,13039,1.13
4596,7,JAGJIWAN BALLI,283,330,5480,4,5484,0.48
4597,8,PARWINDER SINGH,283,330,4494,3,4497,0.39
4598,9,PALA RAM,283,330,3428,7,3435,0.3
4599,10,BHAGWANT SINGH SAMAON,283,330,3372,16,3388,0.29
4600,11,GURMEET SINGH,283,330,3072,10,3082,0.27
4601,12,JASVIR SINGH BATHINDA,21,330,3039,106,3145,0.27
4602,13,GURPREET SINGH URF PREET GHAINT,324,330,2619,9,2628,0.23
4603,14,GURBARN SINGH,283,330,1618,9,1627,0.14
4604,15,NAIB SINGH,146,330,1593,8,1601,0.14
4605,16,KULWANT SINGH,283,330,1172,10,1182,0.1
4606,17,AMANDEEP SINGH,283,330,1146,2,1148,0.1
4607,18,POONAM RANI,458,330,1060,4,1064,0.09
4608,19,NOTA,472,330,4818,115,4933,0.43
4609,1,GURMEET SINGH MEET HAYER,8,331,362791,1294,364085,36.06
4610,2,SUKHPAL SINGH KHAIRA,290,331,190209,1316,191525,18.97
4611,3,SIMRANJIT SINGH MANN,655,331,186543,703,187246,18.55
4612,4,ARVIND KHANNA,159,331,127781,472,128253,12.7
4613,5,IQBAL SINGH JHUNDAN,654,331,62265,223,62488,6.19
4614,6,MAKHAN SINGH,122,331,37604,127,37731,3.74
4615,7,PARDEEP KUMAR,99,331,5131,8,5139,0.51
4616,8,HARBHAJAN SINGH,21,331,3417,14,3431,0.34
4617,9,SUKHWINDER SINGH,283,331,3225,-,3225,0.32
4618,10,BALWINDER SINGH SEKHON,283,331,2562,10,2572,0.25
4619,11,BALWINDER SINGH,283,331,2284,4,2288,0.23
4620,12,JASWANT SINGH,283,331,2222,2,2224,0.22
4621,13,PAPPU KUMAR,283,331,1826,1,1827,0.18
4622,14,KRISHAN DEV,510,331,1803,12,1815,0.18
4623,15,AMANPREET SINGH,283,331,1686,7,1693,0.17
4624,16,RANGI KHAN,11,331,1578,3,1581,0.16
4625,17,JILE SINGH,186,331,1546,2,1548,0.15
4626,18,KAMAL KUMAR VERMA (BHASAUR),27,331,1376,-,1376,0.14
4627,19,CHANNVEER SINGH,283,331,1281,2,1283,0.13
4628,20,JAGTAR SINGH,458,331,1224,1,1225,0.12
4629,21,VIJAY SYAL,283,331,1144,1,1145,0.11
4630,22,HARPREET KAUR,284,331,1095,10,1105,0.11
4631,23,RAJA SINGH,283,331,1037,3,1040,0.1
4632,24,NOTA,472,331,3773,47,3820,0.38
4633,1,DR DHARAMVIRA GANDHI,290,332,304672,944,305616,26.54
4634,2,DR BALBIR SINGH,8,332,290085,700,290785,25.25
4635,3,PRENEET KAUR,159,332,288470,528,288998,25.09
4636,4,N K SHARMA,654,332,153780,198,153978,13.37
4637,5,PROF MOHINDER PAL SINGH,655,332,47152,122,47274,4.1
4638,6,JAGJIT SINGH CHHARBAR,122,332,22334,66,22400,1.94
4639,7,ARVINDER KUMAR,283,332,3808,4,3812,0.33
4640,8,JAGDISH KUMAR,283,332,3236,3,3239,0.28
4641,9,SUKHVINDER SINGH,283,332,2885,9,2894,0.25
4642,10,JODH SINGH PARMAR KAULI,283,332,2795,-,2795,0.24
4643,11,DEVINDER RAJPUT,146,332,2302,9,2311,0.2
4644,12,NEERAJ KUMAR NANNA,283,332,2299,3,2302,0.2
4645,13,PARAMJIT SINGH S/O TARLOCHAN SINGH,283,332,2264,3,2267,0.2
4646,14,AMARJIT SINGH JAGDE RAHO,321,332,1981,11,1992,0.17
4647,15,RANJIT SINGH,50,332,1964,3,1967,0.17
4648,16,GURBACHAN SINGH,283,332,1589,5,1594,0.14
4649,17,PARAMJIT SINGH S/O BHAGWAN SINGH,283,332,1565,4,1569,0.14
4650,18,VISHAL SHARMA,283,332,1474,1,1475,0.13
4651,19,LABH SINGH PAL,283,332,1443,-,1443,0.13
4652,20,CHAMKILA SINGH,283,332,1225,3,1228,0.11
4653,21,KRISHAN KUMAR GABA,278,332,1000,8,1008,0.09
4654,22,MANDEEP SINGH,599,332,970,3,973,0.08
4655,23,MAKHAN SINGH,283,332,904,3,907,0.08
4656,24,DIMPLE,283,332,846,4,850,0.07
4657,25,BINDER KAUR,283,332,707,4,711,0.06
4658,26,MANOJ KUMAR,283,332,674,-,674,0.06
4659,27,NOTA,472,332,6641,40,6681,0.58
4660,1,KULDEEP INDORA,290,333,719896,6596,726492,51.4
4661,2,PRIYANKA BALAN MEGHWAL,159,333,632097,6242,638339,45.16
4662,3,DEVKARAN NAYAK,122,333,16090,212,16302,1.15
4663,4,RAJKUMAR,283,333,4350,25,4375,0.31
4664,5,KULWANT KAUR,296,333,4338,24,4362,0.31
4665,6,DAYA RAM,283,333,3285,434,3719,0.26
4666,7,RAJENDER KUMAR,186,333,2383,60,2443,0.17
4667,8,KANA RAM,283,333,2248,18,2266,0.16
4668,9,MAJOR SINGH,304,333,2075,26,2101,0.15
4669,10,NOTA,472,333,12940,155,13095,0.93
4670,1,ARJUN RAM MEGHWAL,159,334,561240,5497,566737,50.68
4671,2,GOVINDRAM MEGHWAL,290,334,506966,4060,511026,45.7
4672,3,KHETA RAM,122,334,8249,50,8299,0.74
4673,4,ATMA RAM GUJARATI,283,334,6267,14,6281,0.56
4674,5,RATANI DEVI,283,334,3894,32,3926,0.35
4675,6,SATYANARAYAN DEVRA,283,334,2958,8,2966,0.27
4676,7,PUKHRAJ NAYAK,283,334,2621,54,2675,0.24
4677,8,BABU LAL,283,334,2010,9,2019,0.18
4678,9,GOPI CHAND MEGHWAL,283,334,1787,8,1795,0.16
4679,10,NOTA,472,334,12431,127,12558,1.12
4680,1,RAHUL KASWAN,290,335,719352,8859,728211,51.12
4681,2,DEVENDRA JHAJHARIA,159,335,647891,7583,655474,46.01
4682,3,DEIRAM MEGHWAL,122,335,11145,126,11271,0.79
4683,4,RAMESH KUMAR,283,335,5720,4,5724,0.4
4684,5,GOMATI DHARAMPAL KATARIA,142,335,4937,24,4961,0.35
4685,6,SUKHDEV,283,335,4550,9,4559,0.32
4686,7,RANVEER SINGH,283,335,1809,3,1812,0.13
4687,8,BISAN SINGH,283,335,1571,73,1644,0.12
4688,9,DAULAT RAM PENSIA,446,335,1178,15,1193,0.08
4689,10,YUSUF ALI KHAN,283,335,1176,54,1230,0.09
4690,11,SHISHPAL SINGH RANA,214,335,671,4,675,0.05
4691,12,NIRANJAN SINGH RATHORE,283,335,648,20,668,0.05
4692,13,ASLAM LILGAR,283,335,558,9,567,0.04
4693,14,NOTA,472,335,6583,73,6656,0.47
4694,1,BRIJENDRA SINGH OLA,290,336,541203,11965,553168,49.44
4695,2,SHUBHKARAN CHOUDHARY,159,336,523669,11264,534933,47.81
4696,3,SHEKHAWAT RAJENDRA SINGH,283,336,7389,301,7690,0.69
4697,4,BANSHIDHAR,122,336,6679,188,6867,0.61
4698,5,DURGA PRASAD MEENA,80,336,5440,57,5497,0.49
4699,6,ALTIF,283,336,2025,25,2050,0.18
4700,7,SATYANARAYAN,214,336,1127,23,1150,0.1
4701,8,HAZARI LAL,117,336,922,18,940,0.08
4702,9,NOTA,472,336,6454,178,6632,0.59
4703,1,AMRARAM,228,337,645559,13741,659300,50.68
4704,2,SUMEDHANAND SARASWATI,159,337,574740,11664,586404,45.08
4705,3,SURESH PAREEK,283,337,10014,7,10021,0.77
4706,4,AMARCHAND,122,337,8293,326,8619,0.66
4707,5,VISHNU KUMAR NATRAJ,283,337,5796,7,5803,0.45
4708,6,RAVINDRA SINGH SHEKHAWAT,283,337,5775,250,6025,0.46
4709,7,ASHOK SEHRA,80,337,5333,49,5382,0.41
4710,8,DHIRENDRA  VERMA,708,337,2885,59,2944,0.23
4711,9,MAHESH KUMAR,283,337,1962,94,2056,0.16
4712,10,BENI PRASAD KAUSHIK (LATA),579,337,1720,11,1731,0.13
4713,11,RAMESH SHARMA,202,337,1516,33,1549,0.12
4714,12,VIJENDER MAHARIA,175,337,1421,30,1451,0.11
4715,13,OM PRAKASH,283,337,1182,42,1224,0.09
4716,14,BIRBALSINGH,283,337,1034,47,1081,0.08
4717,15,NOTA,472,337,7081,185,7266,0.56
4718,1,RAO RAJENDRA SINGH,159,338,608189,9688,617877,48.96
4719,2,ANIL CHOPRA,290,338,602293,13969,616262,48.83
4720,3,HANUMAN SAHAY,122,338,3773,77,3850,0.31
4721,4,RAMSINGH KASANA,283,338,3701,6,3707,0.29
4722,5,DR DASHRATH HINUNIA,80,338,2669,12,2681,0.21
4723,6,KAHANVI BOHRA,283,338,1658,53,1711,0.14
4724,7,DR RAM ROOP MEENA ADVOCATE,283,338,1589,15,1604,0.13
4725,8,NEHA SINGH GURJAR,283,338,1378,29,1407,0.11
4726,9,PRAKASH KUMAR SHARMA,283,338,1033,7,1040,0.08
4727,10,AJAY BHAT,592,338,931,17,948,0.08
4728,11,DEVHANS,283,338,924,17,941,0.07
4729,12,DR OM SINGH MEENA SEHARA,283,338,676,58,734,0.06
4730,13,ADITYA PRAKASH SHARMA,600,338,650,16,666,0.05
4731,14,YOGI JEETENDRA NATH ADVOCATE,579,338,556,6,562,0.04
4732,15,ADVOCATE HARI KISHAN TIWARI,214,338,541,4,545,0.04
4733,16,NOTA,472,338,7405,114,7519,0.6
4734,1,MANJU SHARMA,159,339,878643,8207,886850,60.61
4735,2,PRATAP SINGH KHACHARIYAWAS,290,339,549424,5659,555083,37.93
4736,3,RAJESH TANWAR,122,339,3420,41,3461,0.24
4737,4,HARI NARAYAN MEENA,283,339,2193,9,2202,0.15
4738,5,RAJEEV ROLIWAL,283,339,962,8,970,0.07
4739,6,YOGESH SHARMA,283,339,811,5,816,0.06
4740,7,NARENDER SHARMA,576,339,665,4,669,0.05
4741,8,KULDEEP SINGH,667,339,605,10,615,0.04
4742,9,DR. ASEEM VERMA,283,339,562,10,572,0.04
4743,10,PRADEEP VERMA,296,339,445,3,448,0.03
4744,11,ADVOCATE HARI KISHAN TIWARI,214,339,384,16,400,0.03
4745,12,SHASHANK SINGH ARYA,600,339,372,21,393,0.03
4746,13,TRILOK TIWARI,575,339,344,7,351,0.02
4747,14,NOTA,472,339,10280,148,10428,0.71
4748,1,BHUPENDER YADAV,159,340,624110,7882,631992,50.42
4749,2,LALIT YADAV,290,340,575964,7746,583710,46.57
4750,3,FAZAL HUSSAIN,122,340,19178,109,19287,1.54
4751,4,PARDEEP KUMAR,640,340,4339,23,4362,0.35
4752,5,VIVEK JAIN,283,340,2429,9,2438,0.19
4753,6,RAMBABU SHARMA,283,340,2207,25,2232,0.18
4754,7,AMIT GUPTA,283,340,1366,23,1389,0.11
4755,8,CHHAGAN LAL,283,340,1291,36,1327,0.11
4756,9,VISHVNATH KHINCHI,274,340,862,17,879,0.07
4757,10,NOTA,472,340,5727,95,5822,0.46
4758,1,SANJNA JATAV,290,341,572808,7082,579890,51.18
4759,2,RAMSWAROOP KOLI,159,341,519269,8638,527907,46.59
4760,3,ANJILA JATAV,122,341,9298,210,9508,0.84
4761,4,ANEETA,283,341,5027,92,5119,0.45
4762,5,PURUSHOTTAM LAL,283,341,2730,17,2747,0.24
4763,6,PUSHPENDAR KUMAR,283,341,2374,12,2386,0.21
4764,7,NOTA,472,341,5344,99,5443,0.48
4765,1,BHAJAN LAL JATAV,290,342,525379,4632,530011,53.64
4766,2,INDU DEVI,159,342,426798,4268,431066,43.62
4767,3,VIKRAM SINGH,122,342,14005,107,14112,1.43
4768,4,RAMKHILADI DHOVI,283,342,5426,47,5473,0.55
4769,5,NOTA,472,342,7402,58,7460,0.75
4770,1,MURARI LAL MEENA,290,343,636868,9398,646266,60.24
4771,2,KANHAIYA LAL MEENA,159,343,404309,4617,408926,38.12
4772,3,SONU DHANKA,122,343,6752,45,6797,0.63
4773,4,"DR. RAM ROOP MEENA, ADVOCATE",283,343,2701,20,2721,0.25
4774,5,MOHAN LAL MEENA,283,343,2164,14,2178,0.2
4775,6,NOTA,472,343,5789,57,5846,0.54
4776,1,HARISH CHANDRA MEENA,290,344,617137,6626,623763,50.85
4777,2,SUKHBIR SINGH JAUNAPURIA,159,344,553309,5505,558814,45.56
4778,3,PRAHALAD MALI,122,344,13089,55,13144,1.07
4779,4,GANESH MEENA,296,344,7425,8,7433,0.61
4780,5,MAKHAN LAL MEENA,283,344,3314,10,3324,0.27
4781,6,JASRAM MEENA,283,344,3044,1,3045,0.25
4782,7,VIJENDRA,21,344,2669,28,2697,0.22
4783,8,GIRRAJ PRASAD MEENA,283,344,2512,9,2521,0.21
4784,9,JAGDISH PRASAD MEENA,132,344,1366,7,1373,0.11
4785,10,DULI CHAND SAINI,517,344,1253,11,1264,0.1
4786,11,JAGDISH PRASAD SHARMA,214,344,1023,6,1029,0.08
4787,12,NOTA,472,344,8105,72,8177,0.67
4788,1,BHAGIRATH CHOUDHARY,159,345,741151,6311,747462,62.23
4789,2,RAMCHANDRA CHOUDHARY,290,345,413685,3786,417471,34.76
4790,3,RAMDEV,122,345,4896,48,4944,0.41
4791,4,SURENDRA SINGH RANAVAT,283,345,4348,25,4373,0.36
4792,5,MUKESH GENA,175,345,3187,9,3196,0.27
4793,6,JITENDRA BOYAT,21,345,2608,25,2633,0.22
4794,7,SATYANARAYAN MALI,283,345,2409,11,2420,0.2
4795,8,VISHRAM BABU,283,345,1517,7,1524,0.13
4796,9,SHABUDADIN,444,345,1190,7,1197,0.1
4797,10,YUSUF,283,345,988,12,1000,0.08
4798,11,PREM LATA,283,345,988,167,1155,0.1
4799,12,BHAWARLAL SONI,283,345,868,70,938,0.08
4800,13,RAMLAL,44,345,807,11,818,0.07
4801,14,DAYA MOHAN GARG,283,345,644,2,646,0.05
4802,15,NOTA,472,345,11290,112,11402,0.95
4803,1,HANUMAN BENIWAL,561,346,591460,5495,596955,48.2
4804,2,JYOTI MIRDHA,159,346,550304,4426,554730,44.79
4805,3,DR ASHOK CHOUDHARY,24,346,26251,43,26294,2.12
4806,4,DR. GAJENDRA SINGH RATHORE,122,346,23551,457,24008,1.94
4807,5,RAJKUMAR JAT,283,346,8219,13,8232,0.66
4808,6,HARI RAM,283,346,7610,16,7626,0.62
4809,7,PREMRAJ KHARDIYA,283,346,4504,8,4512,0.36
4810,8,AMEEN KHAN,283,346,4439,24,4463,0.36
4811,9,HANUMAN SINGH KALVI,550,346,2862,20,2882,0.23
4812,10,NOTA,472,346,8711,60,8771,0.71
4813,1,P. P. CHAUDHARY,159,347,750568,6821,757389,55.94
4814,2,SANGEETA BENIWAL,290,347,505754,6284,512038,37.82
4815,3,LAL SINGH DEWASI,283,347,18848,154,19002,1.4
4816,4,HUKAM SINGH,283,347,16835,262,17097,1.26
4817,5,MAHENDRA REGAR,122,347,11054,47,11101,0.82
4818,6,JEEVARAM RANA,132,347,8325,22,8347,0.62
4819,7,SHRAWAN RAM DEWASI,283,347,5585,8,5593,0.41
4820,8,MUKESH SAINI,283,347,2471,52,2523,0.19
4821,9,BASTIRAM,296,347,1570,16,1586,0.12
4822,10,BHIYARAM,283,347,1335,10,1345,0.1
4823,11,ANAND KUMAR PARIHAR,283,347,1327,8,1335,0.1
4824,12,KESARAM,283,347,1327,18,1345,0.1
4825,13,DEEPAK BAMNIYA,283,347,1256,32,1288,0.1
4826,14,NOTA,472,347,13763,90,13853,1.02
4827,1,GAJENDRA SINGH SHEKHAWAT,159,348,722978,7078,730056,52.76
4828,2,KARAN SINGH UCHIYARDA,290,348,608228,6151,614379,44.4
4829,3,SUNIL KUMAR PAREEK,283,348,7424,5,7429,0.54
4830,4,MANJU MEGHWAL,122,348,6347,48,6395,0.46
4831,5,ANANDARAM URF ANAND CHAUHAN,21,348,3662,18,3680,0.27
4832,6,SUNIL BHANDARI,283,348,3236,2,3238,0.23
4833,7,VISHEK VISHNOI,283,348,1718,32,1750,0.13
4834,8,SHIVA RAM,283,348,1191,4,1195,0.09
4835,9,LIKHAMA RAM,283,348,1123,2,1125,0.08
4836,10,NARESH KANDARA,283,348,1007,20,1027,0.07
4837,11,SATYANARAYAN,174,348,776,6,782,0.06
4838,12,PAPPU DAN,600,348,650,4,654,0.05
4839,13,SHAHNAZ BANO,232,348,546,1,547,0.04
4840,14,RAM DAYAL BISHNOI,550,348,491,12,503,0.04
4841,15,BHOM SINGH,296,348,483,4,487,0.04
4842,16,NOTA,472,348,10511,80,10591,0.77
4843,1,UMMEDA RAM BENIWAL,290,349,699122,5554,704676,41.74
4844,2,RAVINDRA SINGH BHATI,283,349,581865,4635,586500,34.74
4845,3,KAILASH CHOUDHARY,159,349,284527,2206,286733,16.99
4846,4,TARARAM MEHNA,283,349,49768,189,49957,2.96
4847,5,PRATAPA RAM,283,349,8282,36,8318,0.49
4848,6,HANIPH,283,349,7755,5,7760,0.46
4849,7,LEELA RAM,122,349,7557,28,7585,0.45
4850,8,PRABHU RAM,21,349,6381,15,6396,0.38
4851,9,RAMA RAM,283,349,6031,10,6041,0.36
4852,10,POPAT LAL,283,349,3117,42,3159,0.19
4853,11,DEVILAL JAIN,283,349,3016,7,3023,0.18
4854,12,NOTA,472,349,17893,10,17903,1.06
4855,1,LUMBARAM,159,350,793705,3078,796783,54.91
4856,2,VAIBHAV GEHLOT,290,350,592204,3036,595240,41.02
4857,3,OTARAM,132,350,10077,32,10109,0.7
4858,4,SHAKUR,283,350,9866,6,9872,0.68
4859,5,MOTI LAL,21,350,4579,7,4586,0.32
4860,6,RAMESH KUMAR BHANDARI,283,350,3909,1,3910,0.27
4861,7,DEVARAM,283,350,3126,8,3134,0.22
4862,8,KALURAM MEGHWAL,283,350,2258,5,2263,0.16
4863,9,DINESH SINGH,283,350,2094,11,2105,0.15
4864,10,TIKMA RAM BHATI,214,350,1653,7,1660,0.11
4865,11,DALARAM,283,350,1493,15,1508,0.1
4866,12,FOJARAM,296,350,1493,4,1497,0.1
4867,13,NOTA,472,350,18439,20,18459,1.27
4868,1,MANNA LAL RAWAT,159,351,732757,5529,738286,49.27
4869,2,TARACHAND MEENA,290,351,473167,3511,476678,31.81
4870,3,PRAKASH CHAND,132,351,215390,1748,217138,14.49
4871,4,DALPAT RAM GARASIA,122,351,14427,33,14460,0.97
4872,5,DR. SAVITA KUMARI AHARI,283,351,8130,32,8162,0.54
4873,6,PRABHULAL MEENA,283,351,7972,24,7996,0.53
4874,7,RAJENDRA KUMAR MEENA,296,351,6752,25,6777,0.45
4875,8,KANJI LAL DAMOR,283,351,5912,19,5931,0.4
4876,9,NOTA,472,351,22848,100,22948,1.53
4877,1,RAJ KUMAR ROAT,132,352,815430,5401,820831,50.15
4878,2,MAHENDRAJEETSINGH MALVIYA,159,352,568589,5188,573777,35.05
4879,3,RAJKUMAR S/O HIRALAL,283,352,74551,47,74598,4.56
4880,4,ARVIND SITA DAMOR,290,352,60917,294,61211,3.74
4881,5,RAJKUMAR S/O PREMJI,283,352,41742,48,41790,2.55
4882,6,BANSHILAL AHARI,283,352,17884,12,17896,1.09
4883,7,SHANKARLAL BAMANIYA,296,352,17169,19,17188,1.05
4884,8,DILEEP KUMAR MEENA,122,352,8573,18,8591,0.52
4885,9,NOTA,472,352,20892,78,20970,1.28
4886,1,CHANDRA PRAKASH JOSHI,159,353,882334,5868,888202,59.26
4887,2,ANJANA UDAILAL,290,353,495177,3148,498325,33.25
4888,3,BHIL ADIVASI MANGILAL NANAMA,132,353,42243,568,42811,2.86
4889,4,RAMESHWAR LAL BAIRWA (INDORA),283,353,9536,3,9539,0.64
4890,5,KUMAWAT RAMESH CHANDRA,283,353,8834,8,8842,0.59
4891,6,MEGHWAL RADHESHYAM,122,353,8578,35,8613,0.57
4892,7,SHYAM LAL MEGHWAL,283,353,7901,6,7907,0.53
4893,8,BAPU LAL ANJANA,283,353,7837,9,7846,0.52
4894,9,PRAKASH DHAKAR,252,353,3915,10,3925,0.26
4895,10,PRATAP SINGH,283,353,3342,5,3347,0.22
4896,11,AZAD PRAKASH CHANDRA MEGHWAL,40,353,2764,13,2777,0.19
4897,12,JOGENDRA SINGH HODA,283,353,2294,8,2302,0.15
4898,13,GAJENDRA,283,353,1637,7,1644,0.11
4899,14,KALYAN SINGH BHATI,283,353,1544,18,1562,0.1
4900,15,MAHAVIR PRASAD KUMAWAT,600,353,1539,10,1549,0.1
4901,16,KAMAL,283,353,1490,8,1498,0.1
4902,17,MOHAMMAD WAHID KHAN,484,353,1216,12,1228,0.08
4903,18,SITA RAM AHIR,731,353,1203,23,1226,0.08
4904,19,NOTA,472,353,5518,72,5590,0.37
4905,1,MAHIMA KUMARI MEWAR,159,354,775243,5960,781203,64.4
4906,2,DR. DAMODAR GURJAR,290,354,385359,3621,388980,32.06
4907,3,RAMAKISHAN BHADU,122,354,9097,38,9135,0.75
4908,4,NEERU RAM KAPRI,283,354,7820,11,7831,0.65
4909,5,DHARAM SINGH RAWAT,283,354,3993,60,4053,0.33
4910,6,NARAYAN SONI,283,354,3367,7,3374,0.28
4911,7,GHANSHYAM SINGH,183,354,1917,23,1940,0.16
4912,8,JITENDRA KUMAR KHATIK,283,354,1802,13,1815,0.15
4913,9,DR. ARPIT CHHAJER,283,354,1235,9,1244,0.1
4914,10,PRAMOD KUMAR VERMA,214,354,1134,10,1144,0.09
4915,11,NOTA,472,354,12339,72,12411,1.02
4916,1,DAMODAR AGARWAL,159,355,803193,4447,807640,61.92
4917,2,C P JOSHI,290,355,449528,3506,453034,34.73
4918,3,RAMESHWAR LAL BAIRWA,122,355,8243,40,8283,0.64
4919,4,RAJESH PATNI,283,355,8013,5,8018,0.61
4920,5,JAYKISHAN,729,355,4061,23,4084,0.31
4921,6,MOTILAL SINGHANIA,283,355,3871,16,3887,0.3
4922,7,NARAYAN LAL JAT,283,355,1643,41,1684,0.13
4923,8,PAWAN KUMAR SHARMA,600,355,1609,8,1617,0.12
4924,9,ANURAG AROT,283,355,1406,19,1425,0.11
4925,10,VIJAY KUMAR SONI,182,355,1340,7,1347,0.1
4926,11,NOTA,472,355,13337,39,13376,1.03
4927,1,OM BIRLA,159,356,744396,6100,750496,50.03
4928,2,PRAHLAD GUNJAL,290,356,702623,5899,708522,47.23
4929,3,DHANRAJ YADAV,122,356,7547,28,7575,0.5
4930,4,ASHISH YOGI,252,356,5756,19,5775,0.38
4931,5,LAKSHMICHAND,283,356,3890,2,3892,0.26
4932,6,SATYENDRA KUMAR JAIN,283,356,2520,1,2521,0.17
4933,7,RAMNATH MEHRA,283,356,2407,15,2422,0.16
4934,8,MOINUDDIN,283,356,1854,6,1860,0.12
4935,9,BHANWAR KUMAR RAWAL,283,356,1102,29,1131,0.08
4936,10,BALDEV SINGH FOJI,146,356,1066,3,1069,0.07
4937,11,TARUN GOCHAR,600,356,992,8,1000,0.07
4938,12,KAILASHI ANIL JAIN,283,356,990,4,994,0.07
4939,13,KAMAL KUMAR BAIRWA,283,356,965,49,1014,0.07
4940,14,ABDUL ASIF,283,356,860,5,865,0.06
4941,15,OM PRAKASH SHAKYAWAL,283,356,757,3,760,0.05
4942,16,NOTA,472,356,10176,85,10261,0.68
4943,1,DUSHYANT SINGH,159,357,861850,3526,865376,60.88
4944,2,URMILA JAIN “BHAYA”,290,357,492342,2045,494387,34.78
4945,3,CHANDRA SINGH KIRAD,122,357,12252,33,12285,0.86
4946,4,RAVI RAJ SINGH,283,357,10231,43,10274,0.72
4947,5,BHUVANESH KUMAR,600,357,9324,21,9345,0.66
4948,6,BABULAL,283,357,7668,24,7692,0.54
4949,7,PANKAJ PAJANTORIVALA,283,357,5927,18,5945,0.42
4950,8,NOTA,472,357,15958,69,16027,1.13
4951,1,INDRA HANG SUBBA,661,358,156836,7560,164396,42.71
4952,2,BHARAT BASNETT,226,358,78666,4900,83566,21.71
4953,3,PREM DAS RAI,660,358,75464,1707,77171,20.05
4954,4,LATEN TSHERING SHERPA,283,358,20197,1066,21263,5.52
4955,5,DINESH CHANDRA NEPAL,159,358,18788,247,19035,4.95
4956,6,SAMBHU CHETTRI,283,358,4682,8,4690,1.22
4957,7,KHARGA BHADUR RAI,662,358,4591,208,4799,1.25
4958,8,GOPAL CHETTRI,290,358,2190,51,2241,0.58
4959,9,NAWIN KIRAN PRADHAN,283,358,1121,45,1166,0.3
4960,10,RAVI CHANDRA RAI,283,358,1077,46,1123,0.29
4961,11,BEENA RAI,283,358,1066,59,1125,0.29
4962,12,SHYAMAL PAL,283,358,735,5,740,0.19
4963,13,RUDRA MANI PRADHAN,283,358,512,7,519,0.13
4964,14,MADHUKAR DHAKAL,283,358,511,21,532,0.14
4965,15,NOTA,472,358,2433,94,2527,0.66
4966,1,Sasikanth Senthil,290,359,794608,2348,796956,56.21
4967,2,"Balaganapathy, V. Pon",159,359,224042,759,224801,15.86
4968,3,"Nallathambi, K.",242,359,223550,354,223904,15.79
4969,4,"Jagadesh Chander, M.",435,359,120620,218,120838,8.52
4970,5,"Tamizhmadhi, D.",122,359,13772,38,13810,0.97
4971,6,"Ashok Priyadarshan, S.",241,359,2937,9,2946,0.21
4972,7,Malathi,433,359,2829,24,2853,0.2
4973,8,"Mani, E.",283,359,2745,7,2752,0.19
4974,9,"Devandhran, M.",88,359,2001,7,2008,0.14
4975,10,"Manimaran, V.",283,359,1921,1,1922,0.14
4976,11,"Balakrishnan, K.",283,359,1685,5,1690,0.12
4977,12,"Bharathidasan, S.S.",283,359,1619,12,1631,0.12
4978,13,"Shakthivel, A.J.",283,359,1605,8,1613,0.11
4979,14,"Sivasankaran, V.",283,359,1105,5,1110,0.08
4980,15,NOTA,472,359,18908,70,18978,1.34
4981,1,DR.KALANIDHI VEERASWAMY,251,360,495733,1600,497333,55.11
4982,2,R. MANOHAR,56,360,157631,480,158111,17.52
4983,3,R.C. PAUL KANAGARAJ,159,360,112628,690,113318,12.56
4984,4,AMUDINI,435,360,95715,239,95954,10.63
4985,5,SARAH FATHIMA,283,360,5899,24,5923,0.66
4986,6,E. IQBAL,122,360,3471,15,3486,0.39
4987,7,MOORTHY. V,283,360,3131,6,3137,0.35
4988,8,SURIYAMUTHU,283,360,976,2,978,0.11
4989,9,C. SENAPATHI,283,360,850,-,850,0.09
4990,10,DILLI GANESH. E,283,360,735,1,736,0.08
4991,11,U. VENKATESH,283,360,709,5,714,0.08
4992,12,M. ZION RAJ,283,360,696,1,697,0.08
4993,13,A. AJITHKUMAR,702,360,671,2,673,0.07
4994,14,J. SEBASTIN,667,360,586,2,588,0.07
4995,15,AKSHAY,433,360,563,3,566,0.06
4996,16,B. BALAMURUGAN,283,360,485,3,488,0.05
4997,17,K.PALANIAPPAN,283,360,460,2,462,0.05
4998,18,R. SENTHIL KUMAR,283,360,457,-,457,0.05
4999,19,MATHANKUMAR. G,283,360,390,-,390,0.04
5000,20,P. JAYASELAN,283,360,386,-,386,0.04
5001,21,M. KOLANJI,283,360,361,1,362,0.04
5002,22,B. ZAKIR HUSSAIN,283,360,354,1,355,0.04
5003,23,P. UMADEVI,283,360,346,-,346,0.04
5004,24,K.C.JAYAPRAKASH,283,360,334,-,334,0.04
5005,25,C. SRIDHAR,283,360,307,-,307,0.03
5006,26,T. MANOHARAN,283,360,293,-,293,0.03
5007,27,K. SAMPATH,283,360,268,1,269,0.03
5008,28,D. SRINIVASAN,283,360,260,1,261,0.03
5009,29,S. RAVIKUMAR,591,360,258,1,259,0.03
5010,30,T. KAVIYARASU,283,360,250,2,252,0.03
5011,31,SATHISH. B,283,360,245,1,246,0.03
5012,32,R.VINAYAGAMOORTHY,283,360,206,-,206,0.02
5013,33,D. KABILAN,283,360,203,6,209,0.02
5014,34,P. MARIMUTHU,283,360,171,1,172,0.02
5015,35,V.MADHAN MOHAN,283,360,163,-,163,0.02
5016,36,NOTA,472,360,13139,69,13208,1.46
5017,1,T.SUMATHY (ALIAS) THAMIZHACHI THANGAPANDIAN,251,361,515307,1321,516628,47
5018,2,DR.TAMILISAI SOUNDARARAJAN,159,361,289229,1454,290683,26.44
5019,3,DR.J.JAYAVARDHAN,56,361,172108,383,172491,15.69
5020,4,S.TAMILCHELVI,435,361,83821,151,83972,7.64
5021,5,M.G.RAMU,352,361,3526,8,3534,0.32
5022,6,M.AZARUTHEEN,283,361,1808,4,1812,0.16
5023,7,G.P. ROBERT,122,361,1596,3,1599,0.15
5024,8,R.RAVICHANDRAN,283,361,835,-,835,0.08
5025,9,S.MANIMARAN,283,361,803,-,803,0.07
5026,10,FARMER JAYARAMAN. S.K.J,241,361,790,2,792,0.07
5027,11,A.K.D. ELLAPPAN,404,361,761,-,761,0.07
5028,12,K.KANNAN,283,361,625,-,625,0.06
5029,13,BALAJI. G. MANGADU,101,361,588,1,589,0.05
5030,14,KUTTIMANI. S,720,361,565,-,565,0.05
5031,15,R.KANCHANA,690,361,565,1,566,0.05
5032,16,SASI REKHA,433,361,557,2,559,0.05
5033,17,P. SATHEESH KUMAR,283,361,520,1,521,0.05
5034,18,P.SEKAR,702,361,435,-,435,0.04
5035,19,R.YOGESHWARAN,283,361,425,1,426,0.04
5036,20,J. SATHISH,283,361,418,-,418,0.04
5037,21,V.P. RAVIKKARAN,283,361,372,1,373,0.03
5038,22,A.PONNUDURAI,283,361,362,-,362,0.03
5039,23,N.V.DAMODARAN,448,361,341,2,343,0.03
5040,24,M.MUNUSWAMY,729,361,326,4,330,0.03
5041,25,KARTHIK MURTHY,283,361,312,3,315,0.03
5042,26,V.P.SURESH,283,361,288,1,289,0.03
5043,27,E.RAMESH,283,361,270,-,270,0.02
5044,28,R.BALAJI,283,361,264,-,264,0.02
5045,29,DINESH KUMAR. B,283,361,253,-,253,0.02
5046,30,A.BABU,283,361,246,-,246,0.02
5047,31,DAYALAN. R,283,361,241,1,242,0.02
5048,32,VIJIRATHINAM. M,283,361,237,-,237,0.02
5049,33,V.SIVAKUMAR,283,361,217,-,217,0.02
5050,34,MURUGAN. P,283,361,182,-,182,0.02
5051,35,G.RAMESHBABU,283,361,178,1,179,0.02
5052,36,S.RAJASEKARAN,283,361,177,1,178,0.02
5053,37,N.NARAYANASWAMY,283,361,175,-,175,0.02
5054,38,R.DEVENDRAN,283,361,167,1,168,0.02
5055,39,PARTHIBAN. S,283,361,165,1,166,0.02
5056,40,I. DAVIDSINGH,283,361,150,1,151,0.01
5057,41,E RAVENDRAN,283,361,114,-,114,0.01
5058,42,NOTA,472,361,15607,46,15653,1.42
5059,1,DAYANIDHI MARAN,251,362,412286,1562,413848,56.65
5060,2,VINOJ,159,362,168059,1100,169159,23.16
5061,3,B. PARTHASARATHY,242,362,71772,244,72016,9.86
5062,4,DR.R.KARTHIKEYAN,435,362,45865,166,46031,6.3
5063,5,ANBAZHAGAN.G,283,362,3175,11,3186,0.44
5064,6,DILAVAR ALI,705,362,2536,10,2546,0.35
5065,7,SAMARAN,122,362,2132,15,2147,0.29
5066,8,L.KASINATHAN,283,362,1059,1,1060,0.15
5067,9,AGNI AALVAR,283,362,783,4,787,0.11
5068,10,C.S.KARNAN,92,362,750,11,761,0.1
5069,11,M.L.RAVI,241,362,690,6,696,0.1
5070,12,S.KANDASAMY,283,362,595,1,596,0.08
5071,13,DHAYANIDHI SURESH,283,362,565,2,567,0.08
5072,14,S.SATHISH KUMAR,283,362,526,1,527,0.07
5073,15,P.ARJUNAN,283,362,502,7,509,0.07
5074,16,S.SATHISH KUMAR,283,362,500,1,501,0.07
5075,17,G.OMPRAKASH,283,362,486,2,488,0.07
5076,18,V.V.TAMILARASAN,283,362,386,3,389,0.05
5077,19,UDAYA KUMAR.V,283,362,382,-,382,0.05
5078,20,B.PARTHASARATHY,283,362,377,3,380,0.05
5079,21,K.CHANDRASEKAR,433,362,373,-,373,0.05
5080,22,N.RAMAN,689,362,311,3,314,0.04
5081,23,R.MINNAL RAJ,283,362,310,-,310,0.04
5082,24,R.VIJAY,283,362,268,-,268,0.04
5083,25,A.SELVA KUMAR,702,362,265,5,270,0.04
5084,26,M.NAGARAJ,283,362,254,-,254,0.03
5085,27,J.NAGARAJ,283,362,238,3,241,0.03
5086,28,SENTHILKUMAR,223,362,222,1,223,0.03
5087,29,RANJITHKUMAR.S,283,362,215,-,215,0.03
5088,30,RAVI BALARAMAN,283,362,182,1,183,0.03
5089,31,MANJUNATHA.R,283,362,159,-,159,0.02
5090,32,NOTA,472,362,11082,81,11163,1.53
5091,1,T R BAALU,251,363,755671,2940,758611,52.65
5092,2,G PREMKUMAR,56,363,270549,1033,271582,18.85
5093,3,V N VENUGOPAL,684,363,209183,927,210110,14.58
5094,4,V RAVICHANDRAN,435,363,139931,302,140233,9.73
5095,5,K PRABAKARAN,122,363,8115,74,8189,0.57
5096,6,M S ARUMUGAM,283,363,3695,4,3699,0.26
5097,7,V SUDHAVALLI,101,363,3659,35,3694,0.26
5098,8,S AMBETHKUMAR,404,363,2211,9,2220,0.15
5099,9,M ASHOK KUMAR,283,363,1696,8,1704,0.12
5100,10,S SIVAKUMAR,720,363,1349,3,1352,0.09
5101,11,AYODHI LAKSHMANAN,283,363,1255,4,1259,0.09
5102,12,S CHITTIBABU,433,363,1238,3,1241,0.09
5103,13,C ARAVIND,241,363,959,11,970,0.07
5104,14,GOPI DEEPAK,283,363,878,5,883,0.06
5105,15,KARTHIK KUMAR P C,283,363,866,1,867,0.06
5106,16,J MOHANRAJ,352,363,817,5,822,0.06
5107,17,DR S PRAVEEN,283,363,791,8,799,0.06
5108,18,I MOHAMED YASEEN,702,363,668,1,669,0.05
5109,19,K PALANIYAPPAN,690,363,613,4,617,0.04
5110,20,S PRABHU,283,363,513,1,514,0.04
5111,21,P BASKARAN,283,363,493,1,494,0.03
5112,22,P HARIDAS,283,363,458,2,460,0.03
5113,23,C A JAYARAMAN,283,363,445,2,447,0.03
5114,24,G RAMKUMAR,283,363,426,-,426,0.03
5115,25,N MANIKKAM,283,363,402,1,403,0.03
5116,26,M PREMKUMAR,283,363,393,1,394,0.03
5117,27,S MUNIKUMAR,620,363,393,1,394,0.03
5118,28,M SARAVANAN,283,363,385,-,385,0.03
5119,29,A JINNA MOHAMMED,283,363,382,6,388,0.03
5120,30,S SIVARAMAN,283,363,340,3,343,0.02
5121,31,C PREMKUMAR,283,363,313,3,316,0.02
5122,32,NOTA,472,363,26294,156,26450,1.84
5123,1,SELVAM. G,251,364,582978,3066,586044,46.53
5124,2,RAJASEKAR. E,56,364,362991,1580,364571,28.94
5125,3,JOTHI. V,482,364,163792,1139,164931,13.09
5126,4,SANTHOSH KUMAR. V,435,364,109858,414,110272,8.75
5127,5,ILAYARAJA. S,122,364,5243,21,5264,0.42
5128,6,VENKATESAN. K,283,364,2798,9,2807,0.22
5129,7,NARESH BHARATHI. S,283,364,2499,12,2511,0.2
5130,8,ELANGOVAN. M,283,364,1874,7,1881,0.15
5131,9,SURYA. A,283,364,1673,29,1702,0.14
5132,10,RAMESH. S,283,364,1317,1,1318,0.1
5133,11,SELVAM. T,283,364,1295,17,1312,0.1
5134,12,NOTA,472,364,16811,154,16965,1.35
5135,1,S JAGATHRATCHAKAN,251,365,560578,2638,563216,48.39
5136,2,L VIJAYAN,56,365,255343,1314,256657,22.05
5137,3,K BALU,482,365,200614,1711,202325,17.38
5138,4,S AFSHIA NASRIN,435,365,97985,959,98944,8.5
5139,5,D PANDIYAN,122,365,6135,77,6212,0.53
5140,6,A PALANI,283,365,3855,11,3866,0.33
5141,7,K MANIGANDAN,283,365,2045,4,2049,0.18
5142,8,INDU W,685,365,1872,66,1938,0.17
5143,9,DR A V NARENDRAN,283,365,1711,11,1722,0.15
5144,10,M VIJAYAN,283,365,1674,4,1678,0.14
5145,11,M BALU,283,365,1557,4,1561,0.13
5146,12,SHETTU S,283,365,1556,5,1561,0.13
5147,13,V BABU,711,365,1351,15,1366,0.12
5148,14,M THULASIRAMAN,283,365,1046,7,1053,0.09
5149,15,D JANAKIRAMAN,283,365,831,6,837,0.07
5150,16,S SURESH KUMAR,283,365,828,7,835,0.07
5151,17,R VINOTH,720,365,819,2,821,0.07
5152,18,V VINAYAGAM,283,365,727,2,729,0.06
5153,19,VIJAYAN K,61,365,624,9,633,0.05
5154,20,SHANAVAS J,283,365,580,3,583,0.05
5155,21,V KRISHNANANDAN,88,365,568,14,582,0.05
5156,22,A JAYACHANDRAN,283,365,534,4,538,0.05
5157,23,N SUGUMAR,283,365,424,8,432,0.04
5158,24,M VIJAY,283,365,416,11,427,0.04
5159,25,G SUDHAKAR,283,365,367,13,380,0.03
5160,26,K VENKATESAN,283,365,261,3,264,0.02
5161,27,NOTA,472,365,12423,190,12613,1.08
5162,1,DM KATHIR ANAND,251,366,566435,2257,568692,50.35
5163,2,AC SHANMUGAM,159,366,350956,2034,352990,31.25
5164,3,DR S PASUPATHI,56,366,116964,718,117682,10.42
5165,4,D MAHESH ANAND,435,366,52707,577,53284,4.72
5166,5,A NATARAJAN,170,366,3982,23,4005,0.35
5167,6,SHANMUGAVELU,283,366,3570,6,3576,0.32
5168,7,MANSOOR ALI KHAN,283,366,2769,35,2804,0.25
5169,8,SYED ALI D,283,366,2121,3,2124,0.19
5170,9,P SHANMUGAM,283,366,2037,2,2039,0.18
5171,10,NAGARAJ P,283,366,1948,11,1959,0.17
5172,11,K JAYAMANI,122,366,1684,18,1702,0.15
5173,12,D SARAVANAN,283,366,1497,-,1497,0.13
5174,13,MP SHANMUGAM,283,366,859,9,868,0.08
5175,14,N SIVAKUMAR,283,366,701,-,701,0.06
5176,15,AFROSE,283,366,672,1,673,0.06
5177,16,A BEEMARAO MILINTHAR,711,366,667,3,670,0.06
5178,17,DR S JAYARAJ,283,366,659,2,661,0.06
5179,18,K SHANMUGAM,283,366,601,15,616,0.05
5180,19,V KALIAPERUMAL,255,366,594,6,600,0.05
5181,20,G SHANMUGAM,283,366,560,12,572,0.05
5182,21,PP JAYAPRAKASH,283,366,455,6,461,0.04
5183,22,PASUPATHI,283,366,407,8,415,0.04
5184,23,S WILLIAM SATHYARAJ,685,366,373,4,377,0.03
5185,24,M BABU,283,366,303,3,306,0.03
5186,25,B JAGAN,283,366,282,3,285,0.03
5187,26,AHMED RAASHID PALLIMIRA,283,366,271,2,273,0.02
5188,27,SHANMUGASUNDARAM,283,366,250,1,251,0.02
5189,28,C MADHAVAN,283,366,201,1,202,0.02
5190,29,T JOHNSON,283,366,174,-,174,0.02
5191,30,E RAJKUMAR,283,366,129,4,133,0.01
5192,31,C RAMACHANDHIRAN,283,366,128,2,130,0.01
5193,32,NOTA,472,366,8669,67,8736,0.77
5194,1,GOPINATH K,290,367,491131,1752,492883,42.27
5195,2,JAYAPRAKASH V,56,367,299300,1097,300397,25.76
5196,3,NARASIMHAN C,159,367,212859,1266,214125,18.36
5197,4,VIDHYA RANI,435,367,106260,823,107083,9.18
5198,5,ARUMUGAM M,170,367,6118,36,6154,0.53
5199,6,DR.SHANMUGAM .A.R,283,367,5577,6,5583,0.48
5200,7,ESHWARAN C,283,367,4126,2,4128,0.35
5201,8,TAMILSELVAN S,122,367,3665,33,3698,0.32
5202,9,SWAMINATHAN T G,101,367,1969,9,1978,0.17
5203,10,MANI K,223,367,1964,8,1972,0.17
5204,11,SRINIVASAN K,283,367,1619,2,1621,0.14
5205,12,VENKATESHKUMAR M,283,367,1585,5,1590,0.14
5206,13,ALBERT FRANCIS XAVIER S,283,367,1422,1,1423,0.12
5207,14,SARAVANAKUMAR A,283,367,1163,6,1169,0.1
5208,15,ANAND KUMAR A,283,367,1157,3,1160,0.1
5209,16,SUBRAMANI M,688,367,1156,39,1195,0.1
5210,17,ANNADURAI K,283,367,1154,6,1160,0.1
5211,18,MAHARAJAN G,283,367,991,4,995,0.09
5212,19,JAGADHEESAN C,729,367,897,3,900,0.08
5213,20,VIJAYAKUMAR K P,83,367,891,46,937,0.08
5214,21,DEEKSHITH M,370,367,817,7,824,0.07
5215,22,RAMESH A,283,367,816,3,819,0.07
5216,23,RAJESHWARI B.H.,283,367,793,6,799,0.07
5217,24,CHANDRAMOHAN K.M.,283,367,789,3,792,0.07
5218,25,DEVAPPA Y,283,367,717,7,724,0.06
5219,26,VEERASAMY C,283,367,656,4,660,0.06
5220,27,YUVARAJ K P U,283,367,402,3,405,0.03
5221,28,NOTA,472,367,10893,89,10982,0.94
5222,1,MANI. A.,251,368,429301,3366,432667,34.67
5223,2,SOWMIYA ANBUMANI,482,368,408445,2922,411367,32.97
5224,3,ASOKAN. R. DR.,56,368,291590,2039,293629,23.53
5225,4,ABINAYA,435,368,64576,805,65381,5.24
5226,5,THANGAVEL. K.,246,368,7323,8,7331,0.59
5227,6,THIRUMURUGAN. P.,283,368,5668,3,5671,0.45
5228,7,HARI. R.,122,368,3128,38,3166,0.25
5229,8,SOWMIYA,283,368,3001,27,3028,0.24
5230,9,ELAYARANI. P.,255,368,2301,14,2315,0.19
5231,10,ARUMUGAM. M.,283,368,2274,16,2290,0.18
5232,11,AGNI AALVAR,283,368,1643,8,1651,0.13
5233,12,PALANI. K.,283,368,1441,9,1450,0.12
5234,13,MANI. R.,283,368,1029,4,1033,0.08
5235,14,ASHOKAN. M.,283,368,1024,2,1026,0.08
5236,15,ALAGARASAN. R.,283,368,899,1,900,0.07
5237,16,SUNDHARAMOORTHY. M.,283,368,797,3,800,0.06
5238,17,MANI. C.,283,368,706,4,710,0.06
5239,18,PARTHASARATHI,688,368,698,11,709,0.06
5240,19,PADMARAJAN. K. DR.,283,368,649,8,657,0.05
5241,20,MANIVASAGAM. C.,283,368,648,3,651,0.05
5242,21,ASOKAN. G.,283,368,609,2,611,0.05
5243,22,AYYAKANNU,283,368,583,3,586,0.05
5244,23,JAGANATHAN. A.,283,368,551,2,553,0.04
5245,24,MANI. S.,283,368,451,1,452,0.04
5246,25,NOTA,472,368,9093,105,9198,0.74
5247,1,"ANNADURAI, C.N.",251,369,543857,3522,547379,47.75
5248,2,KALIYAPERUMAL M,56,369,311384,2064,313448,27.34
5249,3,"ASUVATHAMAN, A.",159,369,154736,1914,156650,13.67
5250,4,"RAMESHBABU,  R.",435,369,83148,721,83869,7.32
5251,5,"KALIAPERUMAL, M.",283,369,5704,9,5713,0.5
5252,6,"BENNYRAJAN, C.J.",170,369,4703,107,4810,0.42
5253,7,"KALIYAPERUMAL, A.",283,369,3402,5,3407,0.3
5254,8,"MOHANRAJA,  V.M.",122,369,2615,22,2637,0.23
5255,9,CAPTAIN GOWTHAM,283,369,1823,19,1842,0.16
5256,10,"UDHAYAKUMAR, P.S.",283,369,1246,5,1251,0.11
5257,11,"ANNADURAI, S.",283,369,1165,7,1172,0.1
5258,12,"KOTHANDABANI, B.",283,369,963,2,965,0.08
5259,13,"SELVAM , K.",720,369,945,9,954,0.08
5260,14,"KALASTHIRI,  S.",73,369,934,16,950,0.08
5261,15,"VIJAYAKUMAR,  S.",283,369,928,6,934,0.08
5262,16,"JAGANNATHAN,  R.",283,369,857,7,864,0.08
5263,17,"SENTHAMIL SELVAN,  M.",283,369,848,8,856,0.07
5264,18,"AGNI SELVARASU, J.",433,369,759,18,777,0.07
5265,19,"SATHIYAMOORTHY,  S.",407,369,716,20,736,0.06
5266,20,"ANNADURAI, S.",283,369,642,6,648,0.06
5267,21,"SUB MAJOR SETTU, M.",729,369,636,22,658,0.06
5268,22,"SANKAR,  S.",283,369,569,9,578,0.05
5269,23,"ANNADURAI, A.",283,369,482,34,516,0.05
5270,24,"NALLASIVAM, M.",283,369,426,3,429,0.04
5271,25,"PALANI , T.N.",283,369,413,1,414,0.04
5272,26,"POONGODY,  A.",283,369,412,5,417,0.04
5273,27,"VIMAL, V.",283,369,341,1,342,0.03
5274,28,"THANGARAJ,  P.",283,369,291,4,295,0.03
5275,29,"RAMESH , T.P.",283,369,280,1,281,0.02
5276,30,"NAKKEERAN ,  A.",283,369,260,5,265,0.02
5277,31,DEEPAMMAL SUNDARI,283,369,252,7,259,0.02
5278,32,NOTA,472,369,11527,430,11957,1.04
5279,1,THARANIVENTHAN M S,251,370,497083,3016,500099,43.86
5280,2,"GAJENDRAN, G.V.",56,370,289650,1683,291333,25.55
5281,3,DR GANESH KUMAR A ME PHD,482,370,234538,2033,236571,20.75
5282,4,"BAKIYALAKSHMI, K.",435,370,65981,759,66740,5.85
5283,5,"MANIGANDAN, V.",283,370,4787,21,4808,0.42
5284,6,"GANESH KUMAR, U.",283,370,3809,3,3812,0.33
5285,7,DURAI  M,122,370,3635,50,3685,0.32
5286,8,"GAJENDRAN, J.",283,370,3393,7,3400,0.3
5287,9,"KARVANNAN, K.",283,370,3032,4,3036,0.27
5288,10,"GAJENDIRAN, E.",283,370,2612,1,2613,0.23
5289,11,"KOTTAI VENKATESAN, M.",283,370,1893,15,1908,0.17
5290,12,"SENTHIL KUMAR, D.",283,370,1469,6,1475,0.13
5291,13,"SEKAR, N.",283,370,1397,3,1400,0.12
5292,14,SAKTHIVEL A,702,370,1174,12,1186,0.1
5293,15,"GANESH, P.",283,370,978,2,980,0.09
5294,16,NAGARAJAN P,720,370,921,6,927,0.08
5295,17,CAPTAIN SETTU M,729,370,881,41,922,0.08
5296,18,"JAISANKAR, M.",283,370,836,4,840,0.07
5297,19,EZHIL ARASU M,283,370,741,12,753,0.07
5298,20,BABU N,283,370,669,5,674,0.06
5299,21,"DURUGAN, M.",711,370,596,8,604,0.05
5300,22,MOHMMAD SIDDIQ M H,283,370,525,3,528,0.05
5301,23,"DHARANI, D.",283,370,466,2,468,0.04
5302,24,"MANAVALAN, A.",88,370,433,47,480,0.04
5303,25,"ARUL, M.",283,370,429,81,510,0.04
5304,26,"MURUGESAN, D.",283,370,398,5,403,0.04
5305,27,"ELLAPPAN, R.",283,370,375,3,378,0.03
5306,28,"FEROZKHAN, A.",283,370,295,3,298,0.03
5307,29,"DHAMODHARAN, G.",283,370,237,5,242,0.02
5308,30,NOTA,472,370,9084,104,9188,0.81
5309,1,RAVIKUMAR. D,724,371,474230,2803,477033,41.39
5310,2,BHAGYARAJ. J,56,371,404503,1827,406330,35.25
5311,3,MURALI SANKAR. S,482,371,180020,1862,181882,15.78
5312,4,KALANCHIYAM. M,435,371,56766,476,57242,4.97
5313,5,KARUNCHIRUTHAI KALIYAMURTHY. K,122,371,3883,37,3920,0.34
5314,6,ARUMUGAM. M,711,371,3487,17,3504,0.3
5315,7,DHARMA. K,283,371,2375,7,2382,0.21
5316,8,VIVEKANANDHAN. E,283,371,1945,8,1953,0.17
5317,9,ARASAN. K,283,371,1835,7,1842,0.16
5318,10,VIGNESVARAN. R,283,371,1643,13,1656,0.14
5319,11,SURESH. S,283,371,1374,23,1397,0.12
5320,12,PERIYAN. A,283,371,1041,8,1049,0.09
5321,13,GUNASEKARAN. K,283,371,960,3,963,0.08
5322,14,VIJAYAN. A,283,371,859,2,861,0.07
5323,15,NAGARAJ. A,283,371,669,5,674,0.06
5324,16,SURESH. K,283,371,592,6,598,0.05
5325,17,SATHIYARAJ. N,283,371,412,3,415,0.04
5326,18,NOTA,472,371,8874,92,8966,0.78
5327,1,MALAIYARASAN D,251,372,558346,3243,561589,44.94
5328,2,KUMARAGURU R,56,372,505577,2228,507805,40.64
5329,3,JAGADESAN A,435,372,73098,554,73652,5.89
5330,4,DEVADASS RAMASAMY,482,372,70633,657,71290,5.71
5331,5,PRABU C,283,372,4268,7,4275,0.34
5332,6,BALAKRISHNAN P,283,372,3468,1,3469,0.28
5333,7,JEEVANRAJ N,122,372,3075,21,3096,0.25
5334,8,MAYILAMPARAI MARI A,283,372,2891,1,2892,0.23
5335,9,NATTANMAI GUNASEKARANA A.S,89,372,2497,8,2505,0.2
5336,10,KUMARAGURU N,283,372,2226,1,2227,0.18
5337,11,MURUGESAN M,283,372,2223,2,2225,0.18
5338,12,SUBRAMANIAN R K,283,372,868,4,872,0.07
5339,13,ARUL INIYAN A,283,372,772,12,784,0.06
5340,14,VENKATRAMAN J,433,372,687,4,691,0.06
5341,15,KAMALAKANNAN M,283,372,629,1,630,0.05
5342,16,GOVINDARAJ S R,283,372,533,25,558,0.04
5343,17,PALANIYAMMAL S,241,372,533,15,548,0.04
5344,18,SIGAMANI A,283,372,515,27,542,0.04
5345,19,RAJASEKAR K,283,372,501,10,511,0.04
5346,20,JAYABAL PM,283,372,473,3,476,0.04
5347,21,RAJAMANICKAM C,283,372,398,1,399,0.03
5348,22,NOTA,472,372,8351,181,8532,0.68
5349,1,SELVAGANAPATHI T M,251,373,562022,4063,566085,43.38
5350,2,VIGNESH P,56,373,492958,2770,495728,37.99
5351,3,ANNADURAI N,482,373,125829,1310,127139,9.74
5352,4,DR MANOJKUMAR G,435,373,75636,571,76207,5.84
5353,5,BHALAJI M,283,373,3437,4,3441,0.26
5354,6,MURALI S,122,373,3333,39,3372,0.26
5355,7,PALANIVEL K,283,373,2853,3,2856,0.22
5356,8,JEGANNATHAN A,283,373,2384,27,2411,0.18
5357,9,RAJA S,283,373,1442,14,1456,0.11
5358,10,MUTHUSAMY S,283,373,1193,4,1197,0.09
5359,11,ER PRABAKARAN S,283,373,1151,4,1155,0.09
5360,12,SHANMUGAM G,283,373,1144,3,1147,0.09
5361,13,SANTHALINGAM C,283,373,1079,19,1098,0.08
5362,14,SUTHARSANAM S,101,373,1030,6,1036,0.08
5363,15,AMBEDKAR C,80,373,944,17,961,0.07
5364,16,RAMACHANDRAN C,246,373,748,10,758,0.06
5365,17,GOVINDHAN A,283,373,686,7,693,0.05
5366,18,MANICKAM R,707,373,533,4,537,0.04
5367,19,AHAMED SHAHJAHAN M,283,373,453,13,466,0.04
5368,20,INTHRAJITHKUPTHA G,283,373,425,7,432,0.03
5369,21,RAMASUNDARAM D,283,373,419,3,422,0.03
5370,22,KARUNAKARAN M,283,373,359,18,377,0.03
5371,23,RAJA A,283,373,329,3,332,0.03
5372,24,VIGNESH M,283,373,324,4,328,0.03
5373,25,JOTHILINGAM M,283,373,314,2,316,0.02
5374,26,NOTA,472,373,14677,217,14894,1.14
5375,1,MATHESWARAN V S,251,374,457695,4341,462036,40.31
5376,2,TAMILMANI S,56,374,429358,3566,432924,37.77
5377,3,DR RAMALINGAM K P,159,374,103577,1113,104690,9.13
5378,4,KANIMOZHI G,435,374,94895,682,95577,8.34
5379,5,DEEPAN CHAKKRAVARTHI S,283,374,3546,33,3579,0.31
5380,6,RAJENDRAN C,725,374,2592,7,2599,0.23
5381,7,NATARAJAN M,283,374,2565,23,2588,0.23
5382,8,RAMESH T,32,374,2412,9,2421,0.21
5383,9,EZHIL SELVAN P,687,374,2149,16,2165,0.19
5384,10,RAMAN V,122,374,2137,20,2157,0.19
5385,11,UTHAYAKUMAR P,283,374,1899,2,1901,0.17
5386,12,KANDASAMY A M,283,374,1510,4,1514,0.13
5387,13,RAMASAMY P,283,374,1338,12,1350,0.12
5388,14,KARTHI S,283,374,1332,2,1334,0.12
5389,15,RAMESH T R,283,374,1317,8,1325,0.12
5390,16,SATHEESH G,283,374,1284,8,1292,0.11
5391,17,RAMASAMY N,283,374,1243,7,1250,0.11
5392,18,MADHESWARAN V,283,374,1144,3,1147,0.1
5393,19,DR GURUNATHAN S,283,374,1048,23,1071,0.09
5394,20,KARTHIKEYAN S,283,374,918,2,920,0.08
5395,21,NALLATHAMBI P,283,374,769,1,770,0.07
5396,22,EASWARAMOORTHY M,283,374,758,10,768,0.07
5397,23,BALAJICHEZHIAN P,283,374,716,3,719,0.06
5398,24,RAVIKUMAR P,255,374,633,4,637,0.06
5399,25,NAVEEN K,283,374,633,2,635,0.06
5400,26,DURAIRAJ C,283,374,590,2,592,0.05
5401,27,ARULMANI M,283,374,564,4,568,0.05
5402,28,THIYAGARAJAN R,620,374,527,1,528,0.05
5403,29,VENNILA S,283,374,520,8,528,0.05
5404,30,KALIANNAN S,283,374,496,1,497,0.04
5405,31,KANDASAMY P,283,374,475,5,480,0.04
5406,32,MANIKKAM S,707,374,439,3,442,0.04
5407,33,MOORTHI J,283,374,385,4,389,0.03
5408,34,TAMILMANI A,283,374,352,2,354,0.03
5409,35,SELVARAJ K R,283,374,301,2,303,0.03
5410,36,SAKTHIVEL S,283,374,298,1,299,0.03
5411,37,NETAJIKAVIARASU V,283,374,287,1,288,0.03
5412,38,SIVAKUMAR V,283,374,244,2,246,0.02
5413,39,MOORTHY V,283,374,220,2,222,0.02
5414,40,GOPAL P,283,374,214,-,214,0.02
5415,41,NOTA,472,374,12736,248,12984,1.13
5416,1,K E PRAKASH,251,375,558849,3490,562339,51.43
5417,2,ASHOK KUMAR,56,375,323751,2022,325773,29.79
5418,3,KARMEGAN M,435,375,82332,464,82796,7.57
5419,4,P VIJAYAKUMAR,684,375,77319,592,77911,7.13
5420,5,P ESWARAN,122,375,5161,62,5223,0.48
5421,6,T V R AMIRTHALINGAM,283,375,4118,31,4149,0.38
5422,7,KEERTHANA M,283,375,3775,24,3799,0.35
5423,8,J GOPALAKRISHNAN,283,375,1949,6,1955,0.18
5424,9,S ANANTHI,283,375,1683,3,1686,0.15
5425,10,PRASATH CHITRARASU,283,375,1629,11,1640,0.15
5426,11,RAVICHANDRAN L,283,375,1378,2,1380,0.13
5427,12,P RAJENDRAN,283,375,973,3,976,0.09
5428,13,P KUPPUSAMY,707,375,945,5,950,0.09
5429,14,M SHANMUGAM,283,375,768,4,772,0.07
5430,15,R KUMARESAN,283,375,744,7,751,0.07
5431,16,N ASHOK KUMAR,283,375,689,1,690,0.06
5432,17,DHANALAKSHMI V,433,375,675,4,679,0.06
5433,18,A T MUNUSAMY,620,375,611,5,616,0.06
5434,19,K MAATHAN,255,375,609,9,618,0.06
5435,20,B DHARMARAJ,92,375,597,4,601,0.05
5436,21,ARUMUGA AC KANNAN,283,375,547,2,549,0.05
5437,22,M SABARINATHAN,283,375,525,6,531,0.05
5438,23,R DHANDAPANI,720,375,502,2,504,0.05
5439,24,R KUMAR,90,375,424,8,432,0.04
5440,25,R.MINNALMURUGESH,283,375,413,2,415,0.04
5441,26,K K VADUGANATHAN,283,375,398,1,399,0.04
5442,27,G MYLSAMY,283,375,301,-,301,0.03
5443,28,MYLVAKANAN D -,283,375,276,3,279,0.03
5444,29,M PRABAKARAN,283,375,274,2,276,0.03
5445,30,NARENDRANATH,283,375,272,-,272,0.02
5446,31,K SENTHIL KUMAR,283,375,177,1,178,0.02
5447,32,NOTA,472,375,13742,241,13983,1.28
5448,1,"SUBBARAYAN, K.",227,376,470195,2544,472739,41.38
5449,2,"ARUNACHALAM, P.",56,376,345326,1485,346811,30.35
5450,3,"MURUGANANDAM, A.P.",159,376,184066,1256,185322,16.22
5451,4,"SEETHALAKSHMI, M.K.",435,376,95250,476,95726,8.38
5452,5,"VELUSAMY, A.",283,376,7089,36,7125,0.62
5453,6,"PALANI, V.",122,376,6013,41,6054,0.53
5454,7,"SATHISHKUMAR, N.",283,376,2315,21,2336,0.2
5455,8,"JANARTHANAM, P.",687,376,1861,7,1868,0.16
5456,9,"KANNAN, M.",283,376,1752,13,1765,0.15
5457,10,"SENGUTTUVAN, M.R.",283,376,1560,7,1567,0.14
5458,11,"SUBRAMANI, N.",283,376,1341,9,1350,0.12
5459,12,"MALARVIZHI, G.",573,376,1311,14,1325,0.12
5460,13,"KARTHIKEYAN, P.",283,376,810,14,824,0.07
5461,14,NOTA,472,376,17554,183,17737,1.55
5462,1,RAJA A,251,377,470729,2483,473212,46.44
5463,2,DR MURUGAN L,159,377,231111,1516,232627,22.83
5464,3,LOGESH TAMILSELVAN D,56,377,219417,813,220230,21.61
5465,4,JAYAKUMAR A,435,377,58588,233,58821,5.77
5466,5,VIJAYAKUMAR D,283,377,4805,3,4808,0.47
5467,6,GANESHAMOORTHI A,122,377,3015,18,3033,0.3
5468,7,BADRAN M,255,377,2406,19,2425,0.24
5469,8,SELVAN N,283,377,2038,16,2054,0.2
5470,9,DHANABAL R,283,377,1906,22,1928,0.19
5471,10,JAYANTHI M,80,377,1539,17,1556,0.15
5472,11,MURUGAN Y,283,377,1408,5,1413,0.14
5473,12,MURUGESAN,283,377,1057,2,1059,0.1
5474,13,MALARMANNAN M,620,377,813,7,820,0.08
5475,14,SATHISH M,283,377,734,6,740,0.07
5476,15,KRISHNA KUMAR,283,377,588,27,615,0.06
5477,16,ANBHUGURU V,283,377,560,5,565,0.06
5478,17,NOTA,472,377,12902,98,13000,1.28
5479,1,GANAPATHY RAJKUMAR P,251,378,565428,2772,568200,41.39
5480,2,ANNAMALAI K,159,378,447608,2524,450132,32.79
5481,3,SINGAI G RAMACHANDRAN,56,378,235603,887,236490,17.23
5482,4,KALAMANI JAGANATHAN,435,378,82387,270,82657,6.02
5483,5,VELMURUGAN K,122,378,2364,11,2375,0.17
5484,6,SANJAYKUMAR S,283,378,1787,2,1789,0.13
5485,7,ANNADURAI R,283,378,1767,5,1772,0.13
5486,8,SURESH M,283,378,1472,2,1474,0.11
5487,9,GOPALAKRISHNAN S,283,378,1196,3,1199,0.09
5488,10,RAGHUL GANDHI K,274,378,1170,6,1176,0.09
5489,11,KARTHICK T,283,378,1070,3,1073,0.08
5490,12,RAJKUMAR M,283,378,1067,1,1068,0.08
5491,13,RAJKUMAR,283,378,1010,3,1013,0.07
5492,14,RAJKUMAR G,283,378,888,4,892,0.06
5493,15,SHANMUGAM K,283,378,881,1,882,0.06
5494,16,KRISHNAN V,283,378,722,4,726,0.05
5495,17,RAMACHANDRAN M,283,378,663,-,663,0.05
5496,18,RAJAMANICKAM N,283,378,626,3,629,0.05
5497,19,RAJKUMAR G B,283,378,607,4,611,0.04
5498,20,KUMAR A,255,378,548,3,551,0.04
5499,21,SANGEETHA R,433,378,491,1,492,0.04
5500,22,RICHARD VINCENT,729,378,489,3,492,0.04
5501,23,SURIYAKUMAR K,283,378,443,4,447,0.03
5502,24,ARUNKANTH V,283,378,432,6,438,0.03
5503,25,ANANDHAKUMAR S,573,378,417,2,419,0.03
5504,26,RAMACHANDRAN R,283,378,368,1,369,0.03
5505,27,MUTHUSAMY P P,283,378,368,1,369,0.03
5506,28,PALANISAMYRAAJ M,283,378,313,3,316,0.02
5507,29,PUSHPANANTHAM V,690,378,303,2,305,0.02
5508,30,DINESH K,283,378,284,1,285,0.02
5509,31,PREMKUMAR P,283,378,281,2,283,0.02
5510,32,RAVICHANDRAN,283,378,271,1,272,0.02
5511,33,DURAISAMY A,283,378,263,3,266,0.02
5512,34,ZAHIR HUSSAIN,283,378,259,1,260,0.02
5513,35,BOOBALAN,283,378,252,1,253,0.02
5514,36,NOORMUHAMAD A,283,378,232,2,234,0.02
5515,37,PASUPATHI S,283,378,170,3,173,0.01
5516,38,NOTA,472,378,11677,111,11788,0.86
5517,1,ESWARASAMY K,251,379,530742,2635,533377,47.37
5518,2,KARTHIKEYAN A,56,379,280230,1105,281335,24.98
5519,3,VASANTHARAJAN K,159,379,221945,1409,223354,19.84
5520,4,SURESHKUMAR N,435,379,57962,234,58196,5.17
5521,5,PRAKASH P,283,379,2834,17,2851,0.25
5522,6,BENJAMINKIRUBAKARAN J,122,379,2267,17,2284,0.2
5523,7,VASANTHAKUMAR T,283,379,2186,4,2190,0.19
5524,8,RAMASAMY K,283,379,1816,9,1825,0.16
5525,9,ESWARASAMY K,283,379,1775,15,1790,0.16
5526,10,GOPALAKRISHNAN M,467,379,1127,6,1133,0.1
5527,11,KALIMUTHU S,283,379,976,5,981,0.09
5528,12,KARTHIKEYAN D,283,379,600,19,619,0.05
5529,13,NOOR MUHAMAD A,283,379,599,6,605,0.05
5530,14,KARTHIKEYAN P,283,379,548,19,567,0.05
5531,15,KARTHIKEYAN D,283,379,433,2,435,0.04
5532,16,NOTA,472,379,14399,104,14503,1.29
5533,1,SACHITHANANTHAM R,228,380,667391,2758,670149,58.29
5534,2,MOHAMED MUBARAK M A,56,380,225492,836,226328,19.69
5535,3,THILGABAMA M,482,380,111013,1490,112503,9.79
5536,4,KAILAI RAJAN D,435,380,96891,954,97845,8.51
5537,5,RAJKUMAR R,283,380,4410,6,4416,0.38
5538,6,NATCHIMUTHU S,122,380,4231,53,4284,0.37
5539,7,DINESHKUMAR S,74,380,2411,23,2434,0.21
5540,8,MURUGESAN (A) VISHNU MURUGESAN C,283,380,2004,4,2008,0.17
5541,9,ANGUCHAMY M,283,380,1286,4,1290,0.11
5542,10,SURESH K,283,380,1254,3,1257,0.11
5543,11,ARUMUGAM R,283,380,1078,11,1089,0.09
5544,12,SABARINATH S,283,380,1001,10,1011,0.09
5545,13,ANBUROSE D,283,380,997,15,1012,0.09
5546,14,PALANISAMY K,283,380,941,8,949,0.08
5547,15,SATHISH KANNA G T,283,380,914,12,926,0.08
5548,16,NOTA,472,380,21860,260,22120,1.92
5549,1,JOTHIMANI. S,290,381,531829,3077,534906,47.25
5550,2,THANGAVEL. L,56,381,366209,1881,368090,32.52
5551,3,SENTHILNATHAN. V.V,159,381,101517,965,102482,9.05
5552,4,KARUPPAIYA. R,435,381,86962,541,87503,7.73
5553,5,SANKARAN. S,122,381,2665,15,2680,0.24
5554,6,SAKTHIVEL. R,283,381,2391,22,2413,0.21
5555,7,ABILAZAN. N,283,381,1916,5,1921,0.17
5556,8,KARTHIKPERUMAL. R,283,381,1808,1,1809,0.16
5557,9,KATHIRAVAN. P,283,381,1445,3,1448,0.13
5558,10,KARUNAMOORTHY. S,283,381,1278,-,1278,0.11
5559,11,MOHAMED NAZEEM. S,283,381,938,-,938,0.08
5560,12,PALANISAMY. N.A,283,381,934,-,934,0.08
5561,13,SHANMUGAM. N,620,381,924,5,929,0.08
5562,14,KALAIRAJ. K,283,381,809,2,811,0.07
5563,15,JOTHIMANI. A.K,283,381,805,3,808,0.07
5564,16,KANNAN. T,283,381,782,6,788,0.07
5565,17,JOTHIMANI. S,283,381,774,6,780,0.07
5566,18,SATHASIVAM. R,283,381,728,1,729,0.06
5567,19,MANIKANDAN. K,283,381,685,-,685,0.06
5568,20,KOSAMALAR. P,283,381,641,3,644,0.06
5569,21,MURUGESAN. K,255,381,628,2,630,0.06
5570,22,MAHESWARAN. A,283,381,589,1,590,0.05
5571,23,REGIS THIYAGARAJAN. V.G.A,283,381,570,2,572,0.05
5572,24,VINCENT. F,92,381,510,5,515,0.05
5573,25,NATRAYAN. R,283,381,503,-,503,0.04
5574,26,BANUMATHY. S,283,381,494,2,496,0.04
5575,27,UMADEVI. S,283,381,452,1,453,0.04
5576,28,VARADAN. M,283,381,428,1,429,0.04
5577,29,MURALI. M,283,381,417,-,417,0.04
5578,30,SAKTHIVEL. N,283,381,414,1,415,0.04
5579,31,BABU. G,283,381,387,-,387,0.03
5580,32,JAFAR ALI. A,283,381,368,3,371,0.03
5581,33,PRABHU. G,283,381,354,-,354,0.03
5582,34,PALANIVEL. P,283,381,350,-,350,0.03
5583,35,ANBAZHAGAN. T,283,381,338,1,339,0.03
5584,36,MURUGESAN. P,283,381,327,-,327,0.03
5585,37,SOWMIYA. R,283,381,307,3,310,0.03
5586,38,SATHISHKUMAR. S,283,381,304,2,306,0.03
5587,39,DHURAIYARASAN. P,283,381,273,2,275,0.02
5588,40,VINOTH KUMAR. N,283,381,273,3,276,0.02
5589,41,SATHIS KUMAR. C,283,381,258,9,267,0.02
5590,42,THIRUGNANAM. M,283,381,253,5,258,0.02
5591,43,SATHISH. P,283,381,241,3,244,0.02
5592,44,MAHAMUNI. A,283,381,213,-,213,0.02
5593,45,RAJAPANDIAN. K,283,381,207,2,209,0.02
5594,46,JOTHIVEL. A,283,381,206,-,206,0.02
5595,47,BASKARAN. N,283,381,205,-,205,0.02
5596,48,PUSHPARAJ. N,283,381,199,-,199,0.02
5597,49,NARENDRAKUMAR. G,283,381,197,-,197,0.02
5598,50,PRASANTH. S,283,381,194,-,194,0.02
5599,51,SUBASH MALAYALAM. T,283,381,186,-,186,0.02
5600,52,NAGESVARAN. P,283,381,185,-,185,0.02
5601,53,DANIYA. P,283,381,165,-,165,0.01
5602,54,SIVAKUMAR. V,283,381,150,1,151,0.01
5603,55,NOTA,472,381,8174,101,8275,0.73
5604,1,DURAI VAIKO,417,382,538877,3336,542213,51.35
5605,2,KARUPPAIAH. P,56,382,227445,1674,229119,21.7
5606,3,RAJESSH. T,435,382,106752,706,107458,10.18
5607,4,SENTHILNATHAN. P,81,382,99561,1186,100747,9.54
5608,5,SELVARAJ. S,283,382,14781,15,14796,1.4
5609,6,DAMODARAN. S,283,382,5138,28,5166,0.49
5610,7,ALLIMUTHU. M,122,382,4353,78,4431,0.42
5611,8,RAJENDRAN. S,283,382,3489,10,3499,0.33
5612,9,JEEVANANTHAM. M,283,382,2879,73,2952,0.28
5613,10,SAKTHIVEL,90,382,2587,59,2646,0.25
5614,11,KARUPPIAH. S,283,382,2156,15,2171,0.21
5615,12,BACKIYARAJ VELLAISAMY,433,382,2120,163,2283,0.22
5616,13,SATHIS KUMAR. S,283,382,2048,4,2052,0.19
5617,14,KAVITHA. S,283,382,1719,17,1736,0.16
5618,15,NAGARAJAN. M,283,382,1656,8,1664,0.16
5619,16,GOVINDARASU. P,283,382,1562,4,1566,0.15
5620,17,ANBIN AMUDHAN. R,283,382,1492,6,1498,0.14
5621,18,DURAIRAJ. A,283,382,1455,8,1463,0.14
5622,19,SASIKUMAR. P,283,382,1346,6,1352,0.13
5623,20,PANNEERSELVAM. P,283,382,1255,8,1263,0.12
5624,21,DURAI. S,283,382,1198,4,1202,0.11
5625,22,ANAND SELVARAJ,283,382,1172,6,1178,0.11
5626,23,SANKAR. R,283,382,1162,4,1166,0.11
5627,24,AMBIVENKATESAN,283,382,972,6,978,0.09
5628,25,DURAI. T,283,382,877,3,880,0.08
5629,26,SATHYAMURTHY. T,283,382,826,8,834,0.08
5630,27,VIJAYAKUMAR. P,283,382,797,5,802,0.08
5631,28,PERIYASAMY. V,283,382,771,3,774,0.07
5632,29,AKILA. M,283,382,742,5,747,0.07
5633,30,ROJA RAMANI. S,88,382,738,39,777,0.07
5634,31,RAJENDRAN. P,283,382,674,1,675,0.06
5635,32,MANIKANDARAJ. S,283,382,601,7,608,0.06
5636,33,MURUGESAN. P,283,382,494,3,497,0.05
5637,34,JOSEPH. L,620,382,482,9,491,0.05
5638,35,MUTHURAJA. T,283,382,428,3,431,0.04
5639,36,NOTA,472,382,13560,289,13849,1.31
5640,1,ARUN NEHRU,251,383,598003,5206,603209,53.42
5641,2,CHANDRAMOHAN N D,56,383,212495,1607,214102,18.96
5642,3,PAARIVENDHAR T R,159,383,160606,1260,161866,14.33
5643,4,THENMOZHI R,435,383,112200,892,113092,10.02
5644,5,MANI S,283,383,3950,1,3951,0.35
5645,6,MADHU R,283,383,3498,10,3508,0.31
5646,7,RENGARAJ S,283,383,3251,22,3273,0.29
5647,8,ELANGOVAN R,122,383,3033,26,3059,0.27
5648,9,VASUDEVAN A,283,383,1355,7,1362,0.12
5649,10,ARUN NEHRU,283,383,1280,19,1299,0.12
5650,11,LAKSHMANAN,283,383,1087,-,1087,0.1
5651,12,PARY T,283,383,1077,4,1081,0.1
5652,13,ANANDARAJU R,283,383,1009,6,1015,0.09
5653,14,JAYAKUMAR K,620,383,1003,3,1006,0.09
5654,15,TAMILSELVAN M,283,383,872,6,878,0.08
5655,16,THANGAMANI K,283,383,868,5,873,0.08
5656,17,P K AMMAN G SIVAKUMAR,283,383,740,15,755,0.07
5657,18,EBINESAN M,283,383,731,17,748,0.07
5658,19,MURUGANANTHAM T,283,383,730,3,733,0.06
5659,20,SUDHAKAR S,283,383,550,5,555,0.05
5660,21,SAMBATH D,283,383,530,2,532,0.05
5661,22,MUTHUKUMAR,283,383,467,2,469,0.04
5662,23,VEERAMALAI K,283,383,449,2,451,0.04
5663,24,NOTA,472,383,10075,247,10322,0.91
5664,1,M.K. VISHNUPRASAD,290,384,450401,4652,455053,44.11
5665,2,P. SIVAKOZHUNDU,242,384,267707,1450,269157,26.09
5666,3,THANKAR BACHAN,482,384,202372,2872,205244,19.9
5667,4,V. MANIVASAGAN,435,384,56863,561,57424,5.57
5668,5,S. ARIVUDAINAMBI,92,384,6479,21,6500,0.63
5669,6,A. BALAJI,283,384,5440,10,5450,0.53
5670,7,V.THANIGAISELVAN,122,384,3917,54,3971,0.38
5671,8,K. MAYAKRISHNAN,720,384,3696,6,3702,0.36
5672,9,SU.VA. DHATSHANAMOORTHY,283,384,3414,5,3419,0.33
5673,10,S. RAMALINGAM,283,384,3208,8,3216,0.31
5674,11,G. PICHAMUTHU,283,384,2186,8,2194,0.21
5675,12,R. ANANDHI,283,384,1677,19,1696,0.16
5676,13,S. CHAKKARAVARTHY,283,384,1484,4,1488,0.14
5677,14,R. SRINIVASAN,283,384,1352,11,1363,0.13
5678,15,V. DAKSHANAAMURTHY,283,384,1276,10,1286,0.12
5679,16,THANGA MURUGAN,241,384,1030,6,1036,0.1
5680,17,R. RAJASEKAR,283,384,701,11,712,0.07
5681,18,R. PRAKASH,283,384,694,6,700,0.07
5682,19,S. RAJAMOHAN,283,384,659,1,660,0.06
5683,20,NOTA,472,384,7084,208,7292,0.71
5684,1,THIRUMAAVALAVAN THOL,724,385,501851,3233,505084,43.28
5685,2,CHANDRAHASAN M,56,385,399502,2028,401530,34.4
5686,3,KARTHIYAYINI P,159,385,166114,2379,168493,14.44
5687,4,JANCIRANI R,435,385,65116,473,65589,5.62
5688,5,NEELAMEGAM K,122,385,3177,26,3203,0.27
5689,6,TAMILVENDHAN P,283,385,3043,19,3062,0.26
5690,7,PERUMAL S,283,385,2231,8,2239,0.19
5691,8,VETTRIVEL G,283,385,2039,2,2041,0.17
5692,9,ARCHUNAN M A T,283,385,1833,3,1836,0.16
5693,10,DHAMODHARAN S,433,385,1628,14,1642,0.14
5694,11,RATHA G,283,385,1273,7,1280,0.11
5695,12,RAJAMANICKAM C,283,385,1068,19,1087,0.09
5696,13,CHINNADURAI A,283,385,628,10,638,0.05
5697,14,ELAVARASAN C,283,385,584,2,586,0.05
5698,15,NOTA,472,385,8631,130,8761,0.75
5699,1,SUDHA R,290,386,516534,1925,518459,47.67
5700,2,BABU P,56,386,246083,1193,247276,22.73
5701,3,STALIN M K,482,386,165770,667,166437,15.3
5702,4,KALIYAMMAL P,435,386,127276,366,127642,11.73
5703,5,KARTHICK A,620,386,3888,3,3891,0.36
5704,6,ILANCHEZHIAN T,122,386,2878,20,2898,0.27
5705,7,BABU S,283,386,1832,6,1838,0.17
5706,8,MANIMARAN T,283,386,1710,1,1711,0.16
5707,9,NAGARAJAN K,283,386,1342,5,1347,0.12
5708,10,SILAMBARASAN D,283,386,1255,1,1256,0.12
5709,11,JAFARULLAH KHAN F,283,386,1230,6,1236,0.11
5710,12,PANDIYARAJAN S,283,386,1169,5,1174,0.11
5711,13,TIMOTHY T,283,386,1165,10,1175,0.11
5712,14,VEDARETHINAM S,88,386,780,2,782,0.07
5713,15,NITHIYANANTHAM S,433,386,735,4,739,0.07
5714,16,SRINIVASAN V,283,386,609,8,617,0.06
5715,17,DHAKSHINAMOORTHY M,283,386,518,17,535,0.05
5716,18,NOTA,472,386,8642,53,8695,0.8
5717,1,SELVARAJ V,227,387,462759,2285,465044,47.79
5718,2,DR SURSITH SANKAR G,56,387,254676,1411,256087,26.32
5719,3,KARTHIKA M,435,387,130846,448,131294,13.49
5720,4,RAMESHGOVIND S G M,159,387,101535,638,102173,10.5
5721,5,VIJAYARAGAVAN N,283,387,3072,30,3102,0.32
5722,6,SUBRAMANIAN K,283,387,2434,33,2467,0.25
5723,7,JAGADEESH J BE,122,387,1789,17,1806,0.19
5724,8,BOOMINATHAN B,241,387,1048,2,1050,0.11
5725,9,PREM S,283,387,1047,23,1070,0.11
5726,10,NOTA,472,387,8843,75,8918,0.92
5727,1,MURASOLI S,251,388,498822,3423,502245,48.82
5728,2,SIVANESAN P,242,388,182172,490,182662,17.76
5729,3,MURUGANANTHAM M,159,388,169587,1026,170613,16.59
5730,4,HUMAYUN KABIR,435,388,119683,610,120293,11.69
5731,5,RENGASAMY C,283,388,18130,61,18191,1.77
5732,6,SARAVANAN M,283,388,6730,65,6795,0.66
5733,7,SENTHIL KUMAR N,283,388,4133,25,4158,0.4
5734,8,EZHILARASAN S,283,388,3834,17,3851,0.37
5735,9,JAYABAL A,122,388,2400,10,2410,0.23
5736,10,SANTHOSH M,283,388,1982,10,1992,0.19
5737,11,ER ARJUN S,283,388,1440,6,1446,0.14
5738,12,KARIKALA CHOLAN S,283,388,1209,8,1217,0.12
5739,13,NOTA,472,388,12674,159,12833,1.25
5740,1,KARTI P CHIDAMBARAM,290,389,425631,2046,427677,40.6
5741,2,XAVIERDASS A,56,389,221255,758,222013,21.08
5742,3,DHEVANATHAN YADAV T,159,389,194559,1229,195788,18.59
5743,4,EZHILARASI,435,389,162558,854,163412,15.51
5744,5,DHANALAKSHMI M,283,389,8494,18,8512,0.81
5745,6,GOVINDHARAJU M.G,283,389,4231,10,4241,0.4
5746,7,NAGARAJAN  KR,283,389,3682,14,3696,0.35
5747,8,PALANIYAPPAN  R,283,389,3426,1,3427,0.33
5748,9,RANJITHKUMAR BALUSWAMY,122,389,3160,11,3171,0.3
5749,10,BASKARAN S,283,389,2191,3,2194,0.21
5750,11,KALAISELVAM K,283,389,1660,3,1663,0.16
5751,12,MALAISAMY K,283,389,1524,3,1527,0.14
5752,13,SEKAR  A,283,389,1285,7,1292,0.12
5753,14,SELVARAJ P,283,389,1108,3,1111,0.11
5754,15,THILLAIVASAGAM   M,723,389,1068,5,1073,0.1
5755,16,ASHOK KUMAR K,283,389,1030,4,1034,0.1
5756,17,KARTHICK  C,283,389,975,6,981,0.09
5757,18,MUTHARASU PANDIYAN  V,283,389,824,4,828,0.08
5758,19,KALAIRAJA  B,283,389,816,3,819,0.08
5759,20,KARTHIKAIRAJAN  P,283,389,762,9,771,0.07
5760,21,NOTA,472,389,8119,70,8189,0.78
5761,1,VENKATESAN S,228,390,428201,2122,430323,43.6
5762,2,RAAMA SREENIVASAN,159,390,219035,1879,220914,22.38
5763,3,SARAVANAN P,56,390,204163,641,204804,20.75
5764,4,SATHYADEVI T,435,390,92386,493,92879,9.41
5765,5,VELMURUGAN A,170,390,5966,43,6009,0.61
5766,6,VENKATESAN M,283,390,2497,8,2505,0.25
5767,7,RAMAR PANDI T,122,390,2489,17,2506,0.25
5768,8,SHANMUGA SUNDARAM A,711,390,2338,11,2349,0.24
5769,9,PERIYASAMY K,283,390,1966,2,1968,0.2
5770,10,PANDIYAN S,116,390,1559,3,1562,0.16
5771,11,BOOMINATHAN C,283,390,1211,2,1213,0.12
5772,12,MUTHUPANDI S,283,390,1206,1,1207,0.12
5773,13,RAMANATHAN S,283,390,1191,3,1194,0.12
5774,14,VENKATESH S,283,390,1041,5,1046,0.11
5775,15,SANKARAPANDI M.P.,283,390,1025,4,1029,0.1
5776,16,GOPISON M.M.,283,390,942,4,946,0.1
5777,17,SARAVANAN K.K.,283,390,843,1,844,0.09
5778,18,GOPALAKRISHNAN S,283,390,745,1,746,0.08
5779,19,CHANDRASEKAR N,283,390,708,3,711,0.07
5780,20,PANDIYAN P,667,390,576,2,578,0.06
5781,21,AVADAINATHAN V,283,390,461,1,462,0.05
5782,22,NOTA,472,390,11074,100,11174,1.13
5783,1,THANGA TAMILSELVAN,251,391,569110,2383,571493,50.08
5784,2,TTV DHINAKARAN,81,391,289909,2759,292668,25.65
5785,3,NARAYANASAMY V T,56,391,154871,716,155587,13.63
5786,4,MADHAN,435,391,75495,1339,76834,6.73
5787,5,PRAKASH P,283,391,6293,5,6298,0.55
5788,6,PANDIKUMAR S,283,391,3907,60,3967,0.35
5789,7,AJEETHKUMAR S,283,391,2977,29,3006,0.26
5790,8,PARAMASIVAN S,283,391,2852,14,2866,0.25
5791,9,PARTHIBAN G,283,391,2275,2,2277,0.2
5792,10,JEEVA M,122,391,2123,99,2222,0.19
5793,11,CHARCHIL DURAI P,282,391,1905,30,1935,0.17
5794,12,PREMA S,283,391,1225,7,1232,0.11
5795,13,MANIKANDAN R,283,391,1195,6,1201,0.11
5796,14,REVATHI K,283,391,1115,13,1128,0.1
5797,15,MUDIYARASU,74,391,1078,16,1094,0.1
5798,16,THIAGARAJAN O V,283,391,924,8,932,0.08
5799,17,VASANTHA SARAVANAN,283,391,803,2,805,0.07
5800,18,VIJAYAN K,283,391,665,2,667,0.06
5801,19,SETHUPATHI G,283,391,613,4,617,0.05
5802,20,JOHNGILBERTRAJ,283,391,598,5,603,0.05
5803,21,AATHIMUTHUKUMAR M,283,391,587,5,592,0.05
5804,22,MUTHUKUMAR,283,391,539,4,543,0.05
5805,23,HARIKRISHNAKUMAR R,283,391,481,5,486,0.04
5806,24,SATHEESH KUMAR A,283,391,447,6,453,0.04
5807,25,KUMAR,283,391,376,1,377,0.03
5808,26,NOTA,472,391,11206,130,11336,0.99
5809,1,MANICKAM TAGORE B,290,392,382876,2380,385256,36.28
5810,2,VIJAYAPRABHAKARAN V,242,392,378243,2634,380877,35.87
5811,3,RADIKAA R,159,392,164149,2122,166271,15.66
5812,4,KAUSHIK S,435,392,76122,909,77031,7.25
5813,5,RAJESH,283,392,6167,6,6173,0.58
5814,6,ASHOK KUMAR M,170,392,5228,65,5293,0.5
5815,7,SEKAR S,273,392,3436,10,3446,0.32
5816,8,MANIKANDAN M,283,392,3341,5,3346,0.32
5817,9,MAYAK KANNAN,283,392,2749,2,2751,0.26
5818,10,MAHENDRA RAMAKRISHNAN P,283,392,2404,1,2405,0.23
5819,11,SURESH,122,392,2378,19,2397,0.23
5820,12,SELVI K,283,392,2165,23,2188,0.21
5821,13,PANDIYAMMAL R,283,392,2128,5,2133,0.2
5822,14,SUDALAIMANI M,283,392,1357,2,1359,0.13
5823,15,PALANICHAMY P,116,392,1261,2,1263,0.12
5824,16,PALANISAMY K,283,392,1251,6,1257,0.12
5825,17,VENKATESWARAN V K,283,392,1242,5,1247,0.12
5826,18,SELVARAJAN V V,283,392,1120,1,1121,0.11
5827,19,MARIEESWARI M,283,392,1100,10,1110,0.1
5828,20,SANKARANARAYANAN N,283,392,994,4,998,0.09
5829,21,SELVAKUMAR M,283,392,896,6,902,0.08
5830,22,MUTHUKANNU C,686,392,753,8,761,0.07
5831,23,MARISELVAM S,68,392,708,3,711,0.07
5832,24,JEYARAJ T,283,392,602,8,610,0.06
5833,25,VEDHA @  DHAMODHARAN,283,392,599,1,600,0.06
5834,26,RAJAGOPAL S,283,392,525,2,527,0.05
5835,27,GANESHAMOORTHI G,283,392,457,3,460,0.04
5836,28,NOTA,472,392,9256,152,9408,0.89
5837,1,NAVASKANI K,298,393,506690,2974,509664,45.92
5838,2,PANNEERSELVAM O S/O OTTAKARATHEVAR,283,393,340778,2104,342882,30.89
5839,3,JEYAPERUMAL P,56,393,98757,1023,99780,8.99
5840,4,DR CHANDRA PRABHA JEYAPAL,435,393,96701,971,97672,8.8
5841,5,MUVITH KUMAR N,283,393,7901,18,7919,0.71
5842,6,SENTHILMALLAR K,283,393,6629,198,6827,0.62
5843,7,SIVASHANKAR N,283,393,6583,10,6593,0.59
5844,8,KANNADHASAN R,283,393,3485,17,3502,0.32
5845,9,SELVARAJ G,513,393,2943,14,2957,0.27
5846,10,PANNEERSELVAM O S/O OCHAPPAN,283,393,2939,42,2981,0.27
5847,11,PANCHAVARNAM V,283,393,2561,11,2572,0.23
5848,12,PARIRAJAN C,720,393,2493,4,2497,0.22
5849,13,PANNIR SELVAM M  S/O MALAIYANDI,283,393,2387,15,2402,0.22
5850,14,NAWASKHAN,283,393,2301,22,2323,0.21
5851,15,SIVANANDAM N,122,393,1958,56,2014,0.18
5852,16,PANNEERSELVAM O  S/O  OYYADEVAR,283,393,1920,9,1929,0.17
5853,17,ABUBAKKAR SITHICK J,241,393,1497,21,1518,0.14
5854,18,MANIVASAGAM S,116,393,1392,11,1403,0.13
5855,19,PANNEERSELVAM O S/O  OYYARAM,283,393,1369,7,1376,0.12
5856,20,SALEEM,283,393,961,13,974,0.09
5857,21,SASIKANI K,283,393,896,3,899,0.08
5858,22,SATHURAGIRI K,283,393,815,12,827,0.07
5859,23,SIKKANDAR B,283,393,804,19,823,0.07
5860,24,VIGNESH V,283,393,643,9,652,0.06
5861,25,PANNERSELVAM O  S/O  OCHATTHEVAR,283,393,564,8,572,0.05
5862,26,NOTA,472,393,6163,132,6295,0.57
5863,1,KANIMOZHI KARUNANIDHI,251,394,537879,2850,540729,55.26
5864,2,SIVASAMY VELUMANI R,56,394,147407,584,147991,15.12
5865,3,VIJAYASEELAN SDR,684,394,121680,700,122380,12.51
5866,4,ROWENA RUTH JANE J,435,394,119374,926,120300,12.29
5867,5,RAJHA N P,434,394,6622,18,6640,0.68
5868,6,ARUNADEVI R,283,394,6029,43,6072,0.62
5869,7,CHITHIRAI JEGAN S,283,394,3637,3,3640,0.37
5870,8,SIVANESWARAN J,283,394,3363,13,3376,0.35
5871,9,SAMUEL T,283,394,2240,5,2245,0.23
5872,10,MANIKKARAJ A,122,394,2158,37,2195,0.22
5873,11,AASIRIYAR SHANMUGA SUNDARAM K,283,394,1832,7,1839,0.19
5874,12,KALEERMURUGAPAVENTHAN R,408,394,1736,56,1792,0.18
5875,13,PONKUMARAN T P S,283,394,894,3,897,0.09
5876,14,JEYAKUMAR C,283,394,825,4,829,0.08
5877,15,GANDHIMALLAR S M,283,394,791,14,805,0.08
5878,16,BISHOP DR GODFREY NOBLE,14,394,757,12,769,0.08
5879,17,PERUMALKUMAR P,513,394,727,12,739,0.08
5880,18,ESAKKIMUTHU V,283,394,699,11,710,0.07
5881,19,KANNAN G,283,394,679,10,689,0.07
5882,20,DAVID JEBASEELAN J,283,394,656,7,663,0.07
5883,21,SUDALAIMUTHU P,283,394,576,2,578,0.06
5884,22,KRISHNAN S,283,394,479,1,480,0.05
5885,23,RADHAKRISHNAN V G,283,394,456,5,461,0.05
5886,24,JAMES P,283,394,433,11,444,0.05
5887,25,PONRAJ K,283,394,428,1,429,0.04
5888,26,PRASANNA KUMAR M,283,394,396,-,396,0.04
5889,27,SELVAMUTHUKUMAR M,283,394,341,-,341,0.03
5890,28,SENTHIL KUMAR S,283,394,290,1,291,0.03
5891,29,NOTA,472,394,9682,124,9806,1
5892,1,DR RANI SRI KUMAR,251,395,423025,2654,425679,40.97
5893,2,DR K KRISHNASAMY,56,395,228290,1190,229480,22.08
5894,3,B JOHN PANDIAN,159,395,206982,1843,208825,20.1
5895,4,ESAI MATHIVANAN,435,395,128750,1585,130335,12.54
5896,5,KARPAGAVALLI P,283,395,6200,114,6314,0.61
5897,6,T MAHESHKUMAR,122,395,3526,28,3554,0.34
5898,7,RAMASAMY P,729,395,3395,17,3412,0.33
5899,8,M MANMATHAN,283,395,3276,2,3278,0.32
5900,9,A SEETHA,116,395,2476,-,2476,0.24
5901,10,KRISHNASAMY,283,395,1828,5,1833,0.18
5902,11,M UMAMAHESWARI,241,395,1626,29,1655,0.16
5903,12,A MUTHAIAH,283,395,1440,17,1457,0.14
5904,13,P KRISHNASAMY,283,395,1342,8,1350,0.13
5905,14,ARUMUGASWAMI M,283,395,1292,21,1313,0.13
5906,15,RAJA SEKAR,283,395,982,11,993,0.1
5907,16,NOTA,472,395,16877,288,17165,1.65
5908,1,ROBERT BRUCE C,290,396,499493,2803,502296,47.06
5909,2,NAINAR NAGENTHRAN,159,396,334431,2245,336676,31.54
5910,3,JANSI RANI M,56,396,88996,605,89601,8.39
5911,4,SATHYA,435,396,86918,768,87686,8.21
5912,5,POTTAL SUNDARA MUNISWARAN,283,396,19802,50,19852,1.86
5913,6,ATHISAYAM V,283,396,3744,37,3781,0.35
5914,7,BALASUBRAMANIAN,122,396,2044,23,2067,0.19
5915,8,CHINNA MAHARAJA K,283,396,1888,7,1895,0.18
5916,9,DAVID M,283,396,1829,7,1836,0.17
5917,10,SAMUEL LAWRENCE PONNIAH,283,396,1493,4,1497,0.14
5918,11,BISHOP DR GODFREY WASHINGTON NOBLE,14,396,1457,18,1475,0.14
5919,12,LENIN K,283,396,1441,9,1450,0.14
5920,13,CHANDRAN M,720,396,1409,4,1413,0.13
5921,14,SELVA KUMAR S,116,396,1317,29,1346,0.13
5922,15,KUMAR V,513,396,1057,15,1072,0.1
5923,16,MUTHURAMAN A,101,396,1046,2,1048,0.1
5924,17,THALAPATHY MURUGAN M,283,396,913,4,917,0.09
5925,18,SIVARAM K,283,396,855,20,875,0.08
5926,19,RAMAKRISHNAN N,440,396,790,-,790,0.07
5927,20,SURESH,283,396,777,11,788,0.07
5928,21,DR RAJENDRA RETNAM K,283,396,685,4,689,0.06
5929,22,SEVAL KANNAN B ADVOCATE,283,396,622,14,636,0.06
5930,23,RAGHAVAN C M,283,396,364,2,366,0.03
5931,24,NOTA,472,396,7285,111,7396,0.69
5932,1,VIJAYAKUMAR (Alias) VIJAY VASANTH,290,397,540267,5981,546248,53.08
5933,2,RADHAKRISHNAN P,159,397,361623,4718,366341,35.6
5934,3,MARIA JENNIFER CLARA MICHAEL,435,397,51893,828,52721,5.12
5935,4,PASILIAN NAZERATH,56,397,40927,466,41393,4.02
5936,5,NAGOOR MEERAN PEER MOHAMED U,283,397,4412,3,4415,0.43
5937,6,BERRILA L,283,397,3256,6,3262,0.32
5938,7,BALASUBRAMANIAN T,283,397,2047,25,2072,0.2
5939,8,VIJAYAN G,122,397,1607,16,1623,0.16
5940,9,DENNISON V,283,397,1274,4,1278,0.12
5941,10,DR TOM MANOHAR C M,511,397,1034,6,1040,0.1
5942,11,SATHISH BABU P,283,397,747,1,748,0.07
5943,12,RAJAN SINGH,116,397,592,6,598,0.06
5944,13,GEETA M,702,397,528,24,552,0.05
5945,14,SANTHAKUMAR N,283,397,521,6,527,0.05
5946,15,RAMESHKUMAR J L,283,397,464,1,465,0.05
5947,16,ESAKKIMUTHU N,283,397,435,6,441,0.04
5948,17,AYYAPPAN V,283,397,358,15,373,0.04
5949,18,SARAVANAN N,620,397,308,7,315,0.03
5950,19,VINO JEBA SEELAN T,283,397,265,5,270,0.03
5951,20,KRISHNAN P,283,397,250,4,254,0.02
5952,21,VENKADESH S C,283,397,187,1,188,0.02
5953,22,ANTONY MICHAEL J,283,397,166,9,175,0.02
5954,23,NOTA,472,397,3680,76,3756,0.36
5955,1,BIPLAB KUMAR DEB,159,415,868484,12857,881341,72.85
5956,2,ASISH KUMAR SAHA,290,415,265912,3851,269763,22.3
5957,3,RAMENDRA REANG,283,415,8899,33,8932,0.74
5958,4,ARUN KUMAR BHAUMIK,667,415,8617,167,8784,0.73
5959,5,GOURI SANKAR NANDI,283,415,8074,40,8114,0.67
5960,6,MILAN PADA MURASING,283,415,6625,27,6652,0.55
5961,7,BALARAM DEBBARMA,283,415,4356,123,4479,0.37
5962,8,BRAJALAL DEBNATH,283,415,3656,27,3683,0.3
5963,9,ARNAB ROY,592,415,3420,29,3449,0.29
5964,10,NOTA,472,415,14444,168,14612,1.21
5965,1,KRITI DEVI DEBBARMAN,159,416,768129,9318,777447,68.54
5966,2,RAJENDRA REANG,228,416,287772,2856,290628,25.62
5967,3,ARCHANA URANG,283,416,10814,108,10922,0.96
5968,4,DARSHAN KUMAR REANG,283,416,9200,69,9269,0.82
5969,5,SANTOJOY TRIPURA,283,416,6825,37,6862,0.6
5970,6,SHIB CHANDRA DEBBARMA,283,416,6685,34,6719,0.59
5971,7,SATRUGHNA JAMATIA,283,416,5939,28,5967,0.53
5972,8,KRISHNA MOHAN JAMATIA,283,416,4166,51,4217,0.37
5973,9,KALPA MOHAN TRIPURA,283,416,3958,53,4011,0.35
5974,10,NOTA,472,416,18176,127,18303,1.61
5975,1,IMRAN MASOOD,290,417,547383,584,547967,44.57
5976,2,RAGHAV LAKHANPAL,159,417,482120,1305,483425,39.32
5977,3,MAJID ALI,122,417,179994,359,180353,14.67
5978,4,MOHD INAM,50,417,5392,8,5400,0.44
5979,5,SHABNAM,283,417,2370,3,2373,0.19
5980,6,SHAHBAJ,283,417,1696,2,1698,0.14
5981,7,RASHID KHAN,283,417,1227,3,1230,0.1
5982,8,TASMEEM BANO,283,417,883,2,885,0.07
5983,9,RAJKUMAR,283,417,807,6,813,0.07
5984,10,KAMRAN,283,417,744,1,745,0.06
5985,11,NOTA,472,417,4559,7,4566,0.37
5986,1,IQRA CHOUDHARY,618,418,526887,1126,528013,48.9
5987,2,PRADEEP KUMAR,159,418,456075,2822,458897,42.5
5988,3,SRIPAL,122,418,75978,222,76200,7.06
5989,4,JAHID,664,418,3316,4,3320,0.31
5990,5,SHOKINDER KUMAR,283,418,1983,2,1985,0.18
5991,6,MANOJ RANA,283,418,1925,11,1936,0.18
5992,7,VIKAS KUMAR,283,418,1098,2,1100,0.1
5993,8,OMBEER,110,418,1088,8,1096,0.1
5994,9,VIKRAM SINGH,283,418,897,3,900,0.08
5995,10,PRITI KASHYAP,566,418,781,10,791,0.07
5996,11,VIKRAM SAINI,38,418,776,4,780,0.07
5997,12,YOGESH,283,418,664,6,670,0.06
5998,13,MOHD KADIR,283,418,436,6,442,0.04
5999,14,NAND KISHOOR,17,418,420,7,427,0.04
6000,15,NOTA,472,418,3213,36,3249,0.3
6001,1,HARENDRA SINGH MALIK,618,419,469804,917,470721,43.64
6002,2,SANJEEV KUMAR BALYAN,159,419,443815,2234,446049,41.35
6003,3,DARA SINGH PRAJAPATI,122,419,143323,384,143707,13.32
6004,4,SUNIL TYAGI,283,419,7131,36,7167,0.66
6005,5,KAVITA,528,419,1970,30,2000,0.19
6006,6,SHASHIKANT SHAMAR,283,419,1429,2,1431,0.13
6007,7,BIRBAL SINGH,730,419,1419,2,1421,0.13
6008,8,NEEL KUMAR,310,419,858,3,861,0.08
6009,9,RESHU SHARMA,283,419,679,5,684,0.06
6010,10,ANKUR,283,419,362,10,372,0.03
6011,11,MANUJ VERMA,283,419,333,7,340,0.03
6012,12,NOTA,472,419,3884,32,3916,0.36
6013,1,CHANDAN CHAUHAN,558,420,402604,1889,404493,39.48
6014,2,DEEPAK,618,420,366226,759,366985,35.82
6015,3,VIJENDER SINGH,122,420,218294,692,218986,21.38
6016,4,ABDUL BARI,310,420,8046,26,8072,0.79
6017,5,DEEPAK KUMAR,283,420,7284,34,7318,0.71
6018,6,ZAHEER,283,420,2780,8,2788,0.27
6019,7,RAJAPAL,487,420,2361,12,2373,0.23
6020,8,MOHD. SHAHJAD,283,420,2342,5,2347,0.23
6021,9,FARMAN,406,420,2334,9,2343,0.23
6022,10,CHANDAN SINGH,283,420,2132,44,2176,0.21
6023,11,RAMDHAN SINGH,405,420,2088,17,2105,0.21
6024,12,NOTA,472,420,4386,60,4446,0.43
6025,1,CHANDRASHEKHAR,21,421,511812,740,512552,51.19
6026,2,OM KUMAR,159,421,359751,1328,361079,36.06
6027,3,MANOJ KUMAR,618,421,102104,270,102374,10.22
6028,4,SURENDRA PAL SINGH,122,421,13212,60,13272,1.33
6029,5,JOGENDRA,283,421,4509,9,4518,0.45
6030,6,SANJEEV KUMAR,283,421,2195,6,2201,0.22
6031,7,NOTA,472,421,5287,20,5307,0.53
6032,1,RUCHI VIRA,618,422,636733,630,637363,49.67
6033,2,KUNWAR SARVESH KUMAR,159,422,530176,1425,531601,41.43
6034,3,MO IRFAN,122,422,92116,197,92313,7.19
6035,4,AJAY YADAV,96,422,4084,10,4094,0.32
6036,5,MUSHARRAT HUSAIN,283,422,2583,-,2583,0.2
6037,6,SADHNA SINGH,283,422,2292,4,2296,0.18
6038,7,MOHD JAMSHED,283,422,1717,2,1719,0.13
6039,8,ONKAR SINGH,151,422,1449,10,1459,0.11
6040,9,SHAKIL AHMED,621,422,1356,-,1356,0.11
6041,10,HAR KISHORE SINGH,667,422,940,-,940,0.07
6042,11,AMARJEET SINGH JATAV,283,422,937,15,952,0.07
6043,12,GANGARAM SHARMA,530,422,629,56,685,0.05
6044,13,NOTA,472,422,5807,17,5824,0.45
6045,1,MOHIBBULLAH,618,423,481252,251,481503,49.74
6046,2,GHANSHYAM SINGH LODHI,159,423,393154,915,394069,40.71
6047,3,ZEESHAN KHAN,122,423,79561,131,79692,8.23
6048,4,ARSHAD WARSI,423,423,2919,8,2927,0.3
6049,5,MEHMOOD PRACHA,283,423,2750,9,2759,0.28
6050,6,SHIV PRASAD,283,423,1465,11,1476,0.15
6051,7,NOTA,472,423,5643,10,5653,0.58
6052,1,ZIA UR REHMAN,618,424,570745,416,571161,47.8
6053,2,PARMESHWAR LAL SAINI,159,424,448983,684,449667,37.63
6054,3,CHAUDHARY SAULAT ALI,122,424,152317,143,152460,12.76
6055,4,WASEEM SO MOH SHAMIM,283,424,3863,1,3864,0.32
6056,5,MOHD WASEEM SO MOHD FAREED,283,424,2077,-,2077,0.17
6057,6,JAYGAMUL ISLAM,348,424,1940,2,1942,0.16
6058,7,ANUJ VARSHNEY,283,424,1674,3,1677,0.14
6059,8,MAHANDRA SINGH,283,424,1291,3,1294,0.11
6060,9,SANTOSH,374,424,1201,3,1204,0.1
6061,10,DR RASHID,483,424,1059,1,1060,0.09
6062,11,TAUFIK AHAMAD,283,424,722,1,723,0.06
6063,12,PAVAN KUMAR,383,424,636,1,637,0.05
6064,13,NOTA,472,424,7213,4,7217,0.6
6065,1,KANWAR SINGH TANWAR,159,425,475210,1296,476506,42.9
6066,2,KUNWAR DANISH ALI,290,425,447343,493,447836,40.32
6067,3,MUJAHID HUSAIN,122,425,163885,214,164099,14.77
6068,4,DHANISH,283,425,3615,2,3617,0.33
6069,5,SURESH,283,425,2716,1,2717,0.24
6070,6,JEETPAL RANA,283,425,2550,6,2556,0.23
6071,7,SUHEL HAIDER,50,425,2492,12,2504,0.23
6072,8,NARENDRA SINGH,283,425,1776,3,1779,0.16
6073,9,NAEEMUDDIN,283,425,1002,2,1004,0.09
6074,10,KUSHAGRA,283,425,856,2,858,0.08
6075,11,KASHIF HUSAIN,283,425,677,2,679,0.06
6076,12,KUMDESH KUMAR,283,425,627,8,635,0.06
6077,13,NOTA,472,425,5886,14,5900,0.53
6078,1,ARUN GOVIL,159,426,544375,2094,546469,46.21
6079,2,SUNITA VERMA,618,426,535009,875,535884,45.32
6080,3,DEVVRAT KUMAR TYAGI,122,426,86693,332,87025,7.36
6081,4,BHUPENDRA PAL URF BHUPPI BHAI,581,426,2615,11,2626,0.22
6082,5,HAJI  AFZAL,604,426,2026,3,2029,0.17
6083,6,ABID HUSAIN,664,426,1917,5,1922,0.16
6084,7,LIYAKAT,406,426,891,3,894,0.08
6085,8,DR HIMANSHU BHATNAGAR,305,426,848,6,854,0.07
6086,9,NOTA,472,426,4738,38,4776,0.4
6087,1,DR RAJKUMAR SANGWAN,558,427,485765,3202,488967,52.36
6088,2,AMARPAL,618,427,328487,1021,329508,35.29
6089,3,PRAVEEN BANSAL,122,427,91740,526,92266,9.88
6090,4,MUKESH KUMAR SHARMA,110,427,5441,82,5523,0.59
6091,5,MAHENDER SINGH,646,427,4957,63,5020,0.54
6092,6,SUKHVIR SINGH,680,427,4056,43,4099,0.44
6093,7,RUBY KASHYAP,645,427,3202,78,3280,0.35
6094,8,NOTA,472,427,4980,130,5110,0.55
6095,1,ATUL GARG,159,428,853036,1134,854170,58.09
6096,2,DOLLY SHARMA,290,428,516699,506,517205,35.17
6097,3,NAND KISHOR PUNDIR,122,428,79387,138,79525,5.41
6098,4,RAVI KUMAR PANCHAL,283,428,1965,1,1966,0.13
6099,5,ANAND KUMAR,520,428,1174,4,1178,0.08
6100,6,NATTHUSINGH CHAUDHARY,283,428,1159,3,1162,0.08
6101,7,AURANGJEB,283,428,1120,-,1120,0.08
6102,8,NAMAHA,612,428,1079,1,1080,0.07
6103,9,AVDESH KUMAR,283,428,1037,6,1043,0.07
6104,10,POOJA SAXENA,600,428,874,4,878,0.06
6105,11,KAVITA,283,428,772,3,775,0.05
6106,12,ANSUL GUPTA,538,428,763,1,764,0.05
6107,13,DHIRENDRA SINGH BHADAURIYA,669,428,696,4,700,0.05
6108,14,ABHISHEK PUNDIR,283,428,652,1,653,0.04
6109,15,NOTA,472,428,8195,16,8211,0.56
6110,1,DR. MAHESH SHARMA,159,429,855413,2416,857829,59.69
6111,2,DR. MAHENDRA SINGH NAGAR,618,429,297697,660,298357,20.76
6112,3,RAJENDRA SINGH SOLANKI,122,429,250962,653,251615,17.51
6113,4,BHIM PRAKASH JIGYASU,729,429,3873,2,3875,0.27
6114,5,MOHD. MUMTAJ AALAM,283,429,2818,3,2821,0.2
6115,6,SHIVAM ASHUTOSH,283,429,2637,4,2641,0.18
6116,7,MANISH KUMAR DWIVEDI,50,429,1769,3,1772,0.12
6117,8,KISHOR SINGH,450,429,1739,28,1767,0.12
6118,9,MAHKAR SINGH,283,429,1118,6,1124,0.08
6119,10,KM. SHALU,395,429,1020,30,1050,0.07
6120,11,PARAG KAUSHIK,283,429,945,1,946,0.07
6121,12,NARESH NAUTIYAL,205,429,931,10,941,0.07
6122,13,RAN SINGH DUDEE,673,429,905,3,908,0.06
6123,14,RAJEEV MISHRA,305,429,642,15,657,0.05
6124,15,NARAVEDASHVAR,669,429,615,2,617,0.04
6125,16,NOTA,472,429,10286,38,10324,0.72
6126,1,DR BHOLA SINGH,159,430,594040,3270,597310,56.65
6127,2,SHIVRAM,290,430,321043,1133,322176,30.56
6128,3,GIRISH CHANDRA,122,430,116876,548,117424,11.14
6129,4,RAJESH TUREHA,601,430,4391,10,4401,0.42
6130,5,SONAM BHARTI,283,430,3558,42,3600,0.34
6131,6,PRADEEP KUMAR,283,430,2547,16,2563,0.24
6132,7,NOTA,472,430,6870,55,6925,0.66
6133,1,SATISH KUMAR GAUTAM,159,431,500453,1381,501834,44.28
6134,2,BIJENDRA SINGH,618,431,485588,599,486187,42.9
6135,3,HITENDRA KUMAR ALIAS BUNTY UPADHYAY,122,431,123770,159,123929,10.93
6136,4,GYANI RAM,283,431,3795,4,3799,0.34
6137,5,SATISH KUMAR,283,431,3553,8,3561,0.31
6138,6,SATISH KUMAR,680,431,1647,1,1648,0.15
6139,7,MANOJ KUMAR ALIAS MANOJ LODHI,619,431,1434,6,1440,0.13
6140,8,KESHAV DEV ALIAS PANDIT KESHAV DEV GAUTAM,283,431,1308,11,1319,0.12
6141,9,SURENDRA,431,431,1175,3,1178,0.1
6142,10,RAJESH KUMAR,283,431,1053,3,1056,0.09
6143,11,DILEEP SHARMA AD.,283,431,952,3,955,0.08
6144,12,MAHESH CHANDRA SHARMA,283,431,733,3,736,0.06
6145,13,RAJ KUMAR,581,431,407,5,412,0.04
6146,14,MANOJ KUMAR SHARMA ADVOCATE,395,431,371,7,378,0.03
6147,15,NOTA,472,431,4916,18,4934,0.44
6148,1,ANOOP PRADHAN BALMIKI,159,432,552334,2412,554746,51.24
6149,2,JASVEER VALMIKI,618,432,306637,791,307428,28.39
6150,3,HEMBABOO DHANGAR,122,432,200876,387,201263,18.59
6151,4,JAYPAL MAHOR,283,432,3044,17,3061,0.28
6152,5,RAJPAL SINGH,283,432,2361,11,2372,0.22
6153,6,GHANSHYAM SINGH,676,432,2329,16,2345,0.22
6154,7,RAVI KUMAR,283,432,1638,7,1645,0.15
6155,8,DR. JAYVEER SINGH DHANGAR,524,432,1591,16,1607,0.15
6156,9,DINESH SAI,283,432,1140,4,1144,0.11
6157,10,MUNNALAL JATAV,283,432,803,7,810,0.07
6158,11,NOTA,472,432,6257,42,6299,0.58
6159,1,HEMAMALINI DHARMENDRA DEOL,159,433,507535,2529,510064,53.3
6160,2,MUKESH DHANGAR,290,433,216043,614,216657,22.64
6161,3,SURESH SINGH,122,433,188152,265,188417,19.69
6162,4,BHANU PRATAP SINGH,283,433,15640,25,15665,1.64
6163,5,RAKESH KUMAR,283,433,4492,2,4494,0.47
6164,6,JAGDISH PRASAD KAUSHIK ADVOCATE,575,433,3567,8,3575,0.37
6165,7,RAVI VERMA,283,433,2724,-,2724,0.28
6166,8,SHIKHA SHARMA,283,433,2246,5,2251,0.24
6167,9,KAMAL KANT SHARMA,283,433,1491,12,1503,0.16
6168,10,YOGESH KUMAR TALAN,283,433,1491,2,1493,0.16
6169,11,MONI FALHARI BAPU,283,433,1322,4,1326,0.14
6170,12,KSHETRA PAL SINGH,283,433,1206,5,1211,0.13
6171,13,DR. RASHMI YADAV,283,433,1183,6,1189,0.12
6172,14,PRAVESHANAND PURI,283,433,1081,4,1085,0.11
6173,15,SURESH CHANDRA VAGHEL,581,433,822,7,829,0.09
6174,16,NOTA,472,433,4527,36,4563,0.48
6175,1,PROF S P SINGH BAGHEL,159,434,597061,2336,599397,53.34
6176,2,SURESH CHAND KARDAM,618,434,326644,1459,328103,29.2
6177,3,POOJA AMROHI,122,434,175810,664,176474,15.7
6178,4,ARAM SINGH,487,434,4130,13,4143,0.37
6179,5,KULDEEP KUMAR,160,434,1997,5,2002,0.18
6180,6,MAHENDRA SINGH,283,434,1779,6,1785,0.16
6181,7,POOJA,283,434,1363,7,1370,0.12
6182,8,SARVESH KUMAR,164,434,1123,10,1133,0.1
6183,9,AMBEDAKARI HASANURAM AMBEDAKARI,283,434,927,6,933,0.08
6184,10,JITENDRA GAUTAM,391,434,780,2,782,0.07
6185,11,CHANDRA PAL,29,434,640,3,643,0.06
6186,12,NOTA,472,434,6929,85,7014,0.62
6187,1,RAJKUMAR CHAHAR,159,435,442862,2795,445657,43.09
6188,2,RAMNATH SINGH SIKARWAR,290,435,400572,1680,402252,38.9
6189,3,PT.  RAMNIWAS SHARMA,122,435,120143,396,120539,11.66
6190,4,DR RAMESHWAR SINGH,283,435,48301,305,48606,4.7
6191,5,KALLAN KUMBHKAR,283,435,3458,5,3463,0.33
6192,6,HOTAM SINGH NISHAD,581,435,1805,5,1810,0.18
6193,7,GIRRAJ SINGH DHAKREY,506,435,1556,8,1564,0.15
6194,8,SANGEETA TOMAR,164,435,1417,16,1433,0.14
6195,9,VED PRAKASH,547,435,1031,7,1038,0.1
6196,10,NOTA,472,435,7764,29,7793,0.75
6197,1,AKSHAYA YADAV,618,436,541861,1176,543037,49.04
6198,2,VISHWADEEP SINGH,159,436,452946,779,453725,40.98
6199,3,CHOWDHARY BASHEER,122,436,90849,99,90948,8.21
6200,4,UPENDRA SINGH,160,436,7111,8,7119,0.64
6201,5,RASHMI KANT,479,436,2927,3,2930,0.26
6202,6,PREM DUTT,524,436,2876,2,2878,0.26
6203,7,RAJVEER,283,436,1367,13,1380,0.12
6204,8,NOTA,472,436,5273,6,5279,0.48
6205,1,DIMPLE YADAV,618,437,596710,1816,598526,56.79
6206,2,JAYVEER SINGH,159,437,375895,992,376887,35.76
6207,3,SHIV PRASAD YADAV,122,437,66697,117,66814,6.34
6208,4,SURESH CHANDRA,283,437,2366,8,2374,0.23
6209,5,NAND RAM BAGRI,735,437,1765,4,1769,0.17
6210,6,MANJU PAL,210,437,1148,23,1171,0.11
6211,7,PRAMOD KUMAR,283,437,994,12,1006,0.1
6212,8,SUNIL KUMAR MISHRA,642,437,878,4,882,0.08
6213,9,NOTA,472,437,4570,12,4582,0.43
6214,1,DEVESH SHAKYA,618,438,474263,1545,475808,47.09
6215,2,RAJVEER SINGH (RAJU BHAIYA),159,438,446748,1008,447756,44.32
6216,3,MOHAMMAD IRFAN ADVOCATE,122,438,71407,178,71585,7.08
6217,4,ANUPAM KUMAR,374,438,3944,5,3949,0.39
6218,5,KAILASH KUMAR,283,438,1728,-,1728,0.17
6219,6,DANVEER,283,438,1261,4,1265,0.13
6220,7,UDAY VEER SINGH,487,438,985,7,992,0.1
6221,8,ASHOK KUMAR,283,438,777,3,780,0.08
6222,9,VIABHAV MISHRA,210,438,742,5,747,0.07
6223,10,AMAR SINGH,283,438,609,6,615,0.06
6224,11,NOTA,472,438,5145,11,5156,0.51
6225,1,ADITYA YADAV,618,439,501390,465,501855,45.97
6226,2,DURVIJAY SINGH SHAKYA,159,439,466323,541,466864,42.76
6227,3,MUSLIM KHAN,122,439,97686,65,97751,8.95
6228,4,SANDEEP KUMAR,283,439,3835,1,3836,0.35
6229,5,DINESH KUMAR,283,439,2672,2,2674,0.24
6230,6,LATA YADAV,283,439,2572,6,2578,0.24
6231,7,NILAM RANI PAL,581,439,2428,10,2438,0.22
6232,8,RAM PRATAP MAURYA,283,439,1542,1,1543,0.14
6233,9,ISRAT ALI,283,439,1512,1,1513,0.14
6234,10,SULEMAN,676,439,1240,-,1240,0.11
6235,11,HARIRAJ SINGH URF SIPU YADAV,383,439,909,1,910,0.08
6236,12,NOTA,472,439,8553,9,8562,0.78
6237,1,NEERAJ MAURYA,618,440,491119,1396,492515,45.23
6238,2,DHARMENDRA KASHYAP,159,440,475434,1112,476546,43.76
6239,3,ABID ALI,122,440,95407,223,95630,8.78
6240,4,KAUSAR KHAN,483,440,4210,3,4213,0.39
6241,5,PREM PAL SAGAR,719,440,3328,2,3330,0.31
6242,6,MAKKHAN LAL,283,440,2946,7,2953,0.27
6243,7,RAJ KUMAR PATEL,637,440,2700,6,2706,0.25
6244,8,MOHAMMAD AMIR KHAN,136,440,2348,7,2355,0.22
6245,9,NIRMOD KUMAR SINGH,210,440,1785,5,1790,0.16
6246,10,NOTA,472,440,6843,15,6858,0.63
6247,1,CHHATRA PAL SINGH GANGWAR,159,441,565600,1527,567127,50.66
6248,2,PRAVEEN SINGH ARON,618,441,530825,1498,532323,47.55
6249,3,IRSHAD ANSARI ADVOCATE,483,441,3548,5,3553,0.32
6250,4,WASEEM MIAN,283,441,2839,-,2839,0.25
6251,5,BHUPENDRA KUMAR MAURYA,487,441,1702,2,1704,0.15
6252,6,BUDDH PRIYA KARMRAJ RAHUL,283,441,1192,2,1194,0.11
6253,7,ROHTASH KASHYAP,327,441,844,3,847,0.08
6254,8,JAGPAL SINGH YADAV,625,441,654,2,656,0.06
6255,9,RAVI KUMAR,637,441,626,1,627,0.06
6256,10,MOHD NAJIM ALI,136,441,624,9,633,0.06
6257,11,NITIN MOHAN,283,441,619,1,620,0.06
6258,12,ASHISH GANGWAR,283,441,616,-,616,0.06
6259,13,AYSHA BI,283,441,550,9,559,0.05
6260,14,NOTA,472,441,6226,34,6260,0.56
6261,1,JITIN PRASADA,159,442,605199,1959,607158,52.3
6262,2,BHAGWAT SARAN GANGWAR,618,442,439735,2488,442223,38.09
6263,3,ANIS AHMED KHAN (PHOOL BABU),122,442,89252,445,89697,7.73
6264,4,RAJEEV KUMAR SAXENA,192,442,3800,9,3809,0.33
6265,5,SUSHIL KUMAR SHUKLA,283,442,2723,4,2727,0.23
6266,6,MOHMMAD SHAHID HUSAIN,283,442,1842,4,1846,0.16
6267,7,ASHISH KUMAR,283,442,1842,8,1850,0.16
6268,8,ADARSH PANDEY,283,442,1714,12,1726,0.15
6269,9,SANJAY KUMAR BHARTI,572,442,1621,10,1631,0.14
6270,10,PRAMOD BHAI PATEL ALIAS P.K.,283,442,1525,14,1539,0.13
6271,11,NOTA,472,442,6714,27,6741,0.58
6272,1,ARUN KUMAR SAGAR,159,443,591500,1218,592718,47.5
6273,2,JYOTSNA GOND,618,443,534720,2619,537339,43.06
6274,3,DOD RAM VERMA,122,443,91302,408,91710,7.35
6275,4,KIRAN,576,443,6587,1,6588,0.53
6276,5,SHIV KUMAR,283,443,2805,-,2805,0.22
6277,6,MEENA KASYAP,283,443,2051,10,2061,0.17
6278,7,PRADEEP KUMAR,283,443,1996,9,2005,0.16
6279,8,PREMCHANDRA HARIJAN,637,443,1686,1,1687,0.14
6280,9,DHARM PAL,283,443,1413,10,1423,0.11
6281,10,RAMESH CHANDRA VERMA,412,443,1076,-,1076,0.09
6282,11,NOTA,472,443,8449,41,8490,0.68
6283,1,UTKARSH VERMA  'MADHUR',618,444,555277,2088,557365,45.94
6284,2,AJAY KUMAR,159,444,521954,1082,523036,43.11
6285,3,ANSHAY KALRA,122,444,110122,338,110460,9.1
6286,4,SANDHYA JAISWAL,479,444,3093,3,3096,0.26
6287,5,SATENDRA KUMAR MAURYA,283,444,2980,2,2982,0.25
6288,6,OM NATH SINGH,581,444,2298,2,2300,0.19
6289,7,NARESH SINGH BHADAURIYA,283,444,2107,4,2111,0.17
6290,8,MUKESH KUMAR  (BHARTI),585,444,1266,3,1269,0.1
6291,9,KHANJAN,466,444,1018,1,1019,0.08
6292,10,DARWARI URF  DARWARI LAL  CHAUHAN,343,444,935,1,936,0.08
6293,11,KM. PANCHSHEELA ANAND,714,444,845,9,854,0.07
6294,12,NOTA,472,444,7915,16,7931,0.65
6295,1,ANAND BHADAURIYA,618,445,442650,1093,443743,39.91
6296,2,REKHA VERMA,159,445,438573,721,439294,39.51
6297,3,SHYAM KISHOR AWASTHI,122,445,184964,510,185474,16.68
6298,4,JANARDAN PRASAD,227,445,15898,2,15900,1.43
6299,5,RAJESH KUMAR,490,445,5020,3,5023,0.45
6300,6,ASHUTOSH PATHAK,11,445,3550,6,3556,0.32
6301,7,SUDESH KUMAR,384,445,2811,3,2814,0.25
6302,8,SAMRENDRA KUMAR,283,445,2482,2,2484,0.22
6303,9,VIJAY KUMAR TIWARI,283,445,2017,-,2017,0.18
6304,10,KASIM ALI,483,445,1809,3,1812,0.16
6305,11,SAKASEN,637,445,1295,1,1296,0.12
6306,12,RAM NARESH,283,445,1290,-,1290,0.12
6307,13,NOTA,472,445,7133,11,7144,0.64
6308,1,RAKESH RATHOR,290,446,530467,671,531138,48.2
6309,2,RAJESH VERMA,159,446,441066,431,441497,40.06
6310,3,MAHENDRA SINGH YADAV,122,446,99284,80,99364,9.02
6311,4,MO. KASHIF ANSARI,93,446,7585,1,7586,0.69
6312,5,LEKHRAJ LODHI,21,446,6734,-,6734,0.61
6313,6,VIDYAWATI GAUTAM,283,446,4193,1,4194,0.38
6314,7,CHANDRA SHEKHAR VERMA,581,446,2429,-,2429,0.22
6315,8,RAM ADHAR VERMA,637,446,2114,1,2115,0.19
6316,9,NOTA,472,446,6954,4,6958,0.63
6317,1,JAI PRAKASH,159,447,485745,1053,486798,44.25
6318,2,USHA VERMA,618,447,457553,1389,458942,41.72
6319,3,BHIMRAO AMBEDKAR,122,447,122334,295,122629,11.15
6320,4,SHIVE KUMAR,283,447,4897,1,4898,0.45
6321,5,SHYAM  KUMAR,487,447,4196,4,4200,0.38
6322,6,SUNIL KUMAR VERMA,283,447,3819,2,3821,0.35
6323,7,INDRAPAL PASI,358,447,2945,1,2946,0.27
6324,8,MUNNA LAL,436,447,1588,1,1589,0.14
6325,9,OM PRAKASH,283,447,1559,2,1561,0.14
6326,10,AWADESH KUMAR,283,447,1420,4,1424,0.13
6327,11,PRADEEP KUMAR,192,447,1349,5,1354,0.12
6328,12,BRAHMA PRASAD,384,447,1139,1,1140,0.1
6329,13,NOTA,472,447,8778,36,8814,0.8
6330,1,ASHOK KUMAR RAWAT,159,448,473971,1045,475016,45.15
6331,2,SANGITA RAJVANSHI,618,448,440157,1453,441610,41.98
6332,3,B R AHIRWAR,122,448,111670,275,111945,10.64
6333,4,RAMPAL,283,448,3973,5,3978,0.38
6334,5,LALIT KUMAR,210,448,3811,4,3815,0.36
6335,6,Neelam Singh,283,448,2899,6,2905,0.28
6336,7,VANDNA  VERMA,436,448,1907,5,1912,0.18
6337,8,AVDHESH,283,448,1419,4,1423,0.14
6338,9,SAVITRI DEVI,552,448,1347,3,1350,0.13
6339,10,NOTA,472,448,7997,32,8029,0.76
6340,1,SWAMI SACHCHIDANAND HARI SAKSHI,159,449,614832,1301,616133,47.31
6341,2,ANNU TANDON,618,449,577699,2616,580315,44.56
6342,3,ASHOK KUMAR PANDEY,122,449,72245,282,72527,5.57
6343,4,SAIF KHAN,477,449,8390,14,8404,0.65
6344,5,UMESH,283,449,5625,10,5635,0.43
6345,6,SHIV PRAKASH SINGH,283,449,4107,11,4118,0.32
6346,7,SAIYYAD SARFARAZ GANDHI,283,449,3018,5,3023,0.23
6347,8,HIMANSHU SHARMA,210,449,2656,7,2663,0.2
6348,9,NOTA,472,449,9430,23,9453,0.73
6349,1,R.K. CHAUDHARY,618,450,666560,1309,667869,48.49
6350,2,KAUSHAL KISHORE,159,450,596197,1380,597577,43.38
6351,3,RAJESH KUMAR,122,450,88257,204,88461,6.42
6352,4,MAHENDRA,283,450,2654,7,2661,0.19
6353,5,SUSHIL KUMAR,283,450,2626,1,2627,0.19
6354,6,RAMESH KUMAR,283,450,1839,2,1841,0.13
6355,7,SUNITA CHHEDA PASI,11,450,1736,13,1749,0.13
6356,8,S. L.SINGH,487,450,1711,6,1717,0.12
6357,9,BRIJESH KUMAR VIKRAM,573,450,1648,7,1655,0.12
6358,10,JITENDRA KUMAR,283,450,1402,12,1414,0.1
6359,11,SURAJ KUMAR,637,450,1010,5,1015,0.07
6360,12,NOTA,472,450,8838,28,8866,0.64
6361,1,RAJ NATH SINGH,159,451,610597,2112,612709,53.89
6362,2,RAVIDAS MEHROTRA,618,451,476303,1247,477550,42
6363,3,MOHAMMAD SARWAR MALIK,122,451,29982,210,30192,2.66
6364,4,MO AHMAD URF RINKU,664,451,3251,4,3255,0.29
6365,5,AKHAND PRATAP SINGH,283,451,1465,8,1473,0.13
6366,6,SARVAR ALI,643,451,1199,3,1202,0.11
6367,7,ISHTIYAQ ALI,283,451,929,5,934,0.08
6368,8,KAPIL MOHAN CHOWDHARY,421,451,815,2,817,0.07
6369,9,GAURAV VERMA,273,451,801,6,807,0.07
6370,10,BRIJESH KUMAR YADAV,376,451,601,2,603,0.05
6371,11,NOTA,472,451,7316,34,7350,0.65
6372,1,RAHUL GANDHI,290,452,686044,1605,687649,66.17
6373,2,DINESH PRATAP SINGH,159,452,296703,916,297619,28.64
6374,3,THAKUR PRASAD YADAV,122,452,21588,36,21624,2.08
6375,4,DILEEP SINGH,46,452,8676,2,8678,0.84
6376,5,HORILAL,283,452,5397,2,5399,0.52
6377,6,SUDARSHAN RAM,200,452,4343,2,4345,0.42
6378,7,HIND ROHITASH,414,452,3859,-,3859,0.37
6379,8,MO MOBIN,93,452,2173,1,2174,0.21
6380,9,NOTA,472,452,7861,11,7872,0.76
6381,1,KISHORI LAL,290,453,536680,2548,539228,54.99
6382,2,SMRITI IRANI,159,453,370754,1278,372032,37.94
6383,3,NANHE SINGH CHAUHAN,122,453,34418,116,34534,3.52
6384,4,SURENDRA KUMAR,283,453,5699,-,5699,0.58
6385,5,DINESH CHANDRA MAURYA,341,453,4569,8,4577,0.47
6386,6,JAGDAMBA PRASAD YADAV,283,453,4019,1,4020,0.41
6387,7,BHAGWANDIN PASI,431,453,2333,1,2334,0.24
6388,8,CHANDRAWATI,283,453,2278,13,2291,0.23
6389,9,MOHD HASAN LAHRI,567,453,1525,2,1527,0.16
6390,10,KHUSHIRAM,283,453,1401,-,1401,0.14
6391,11,UDAYRAJ,283,453,1300,5,1305,0.13
6392,12,SANTRAM,613,453,1208,4,1212,0.12
6393,13,SHAILENDRA KUMAR MISHRA,633,453,1124,4,1128,0.12
6394,14,NOTA,472,453,9371,12,9383,0.96
6395,1,RAMBHUAL NISHAD,618,454,442886,1444,444330,43
6396,2,MANEKA SANJAY GANDHI,159,454,399859,1297,401156,38.82
6397,3,UDRAJ VERMA,122,454,162603,422,163025,15.78
6398,4,ABDUL MABOOD,95,454,4295,2,4297,0.42
6399,5,MOHAMMAD ASIF,283,454,3382,5,3387,0.33
6400,6,UDAYRAJ VERMA,283,454,2900,9,2909,0.28
6401,7,GIRISH LAL,112,454,2305,6,2311,0.22
6402,8,DR SHIV SHANKAR INDIAN,430,454,2085,5,2090,0.2
6403,9,JAY PRAKASH,637,454,1364,5,1369,0.13
6404,10,NOTA,472,454,8500,13,8513,0.82
6405,1,SHIV PAL SINGH PATEL (DR. S P SINGH),618,455,439836,2096,441932,46.65
6406,2,SANGAM LAL GUPTA,159,455,374208,1518,375726,39.66
6407,3,PRATHMESH MISHRA 'SENANI',122,455,79872,272,80144,8.46
6408,4,SANDEEP SINGH,445,455,5270,16,5286,0.56
6409,5,ARUN KUMAR PANDEY,277,455,4984,7,4991,0.53
6410,6,SHIV RAM SHARMA,431,455,4709,2,4711,0.5
6411,7,AMAR SINGH,283,455,4135,3,4138,0.44
6412,8,SUNIL CHANDRA PAL,524,455,3337,3,3340,0.35
6413,9,AJEET PRATAP,283,455,2581,-,2581,0.27
6414,10,VIJAY SINGH,629,455,2457,2,2459,0.26
6415,11,RISHI PATEL,93,455,2425,4,2429,0.26
6416,12,MAHESH KUMAR PRAJAPATI,613,455,1963,1,1964,0.21
6417,13,DHANANJAY,283,455,1622,1,1623,0.17
6418,14,GEETA DEVI,195,455,1582,12,1594,0.17
6419,15,RAMSIDDH YADAV URF R.S.YADAV,414,455,1326,1,1327,0.14
6420,16,SUNIL KUMAR MISHRA,283,455,1134,2,1136,0.12
6421,17,SHANKAR SUMAN TIVARI,283,455,1128,1,1129,0.12
6422,18,DURGESH KUMAR,587,455,1113,3,1116,0.12
6423,19,RAM KUMAR YADAV,667,455,1070,1,1071,0.11
6424,20,SHIV PAL PATEL,283,455,1025,5,1030,0.11
6425,21,DHARMENDRA TIWARI,383,455,992,1,993,0.1
6426,22,JOKHU PATEL,637,455,969,2,971,0.1
6427,23,SHRAWAN KUMAR TRIPATHI,283,455,849,2,851,0.09
6428,24,DHYAN SINGH,283,455,675,3,678,0.07
6429,25,PRAMOD KUMAR,283,455,672,2,674,0.07
6430,26,MOHRAM ALI,283,455,501,2,503,0.05
6431,27,NOTA,472,455,2869,22,2891,0.31
6432,1,MUKESH RAJPUT,159,456,486925,1038,487963,47.2
6433,2,DR. NAVAL KISHOR SHAKYA,618,456,484485,800,485285,46.94
6434,3,KRANTI PANDEY,122,456,45274,116,45390,4.39
6435,4,AMAR SINGH,173,456,3345,13,3358,0.32
6436,5,HARNANDAN SINGH,283,456,2457,12,2469,0.24
6437,6,SHYAMVEER SINGH,167,456,2431,3,2434,0.24
6438,7,VIDYAPRAKASH,146,456,1456,11,1467,0.14
6439,8,DINESH,210,456,1061,2,1063,0.1
6440,9,NOTA,472,456,4350,15,4365,0.42
6441,1,JITENDRA KUMAR DOHARE,618,457,489358,1389,490747,47.47
6442,2,DR RAM SHANKAR KATHERIA,159,457,430922,1406,432328,41.82
6443,3,SARIKA SINGH BAGHEL,122,457,96253,288,96541,9.34
6444,4,SUNIL SHANKWAR ADVOCATE,283,457,2954,9,2963,0.29
6445,5,MULAYAM SINGH,283,457,1688,20,1708,0.17
6446,6,BHUVNESH KUMARI,628,457,1648,9,1657,0.16
6447,7,VIVEK RAJ,346,457,1569,5,1574,0.15
6448,8,NOTA,472,457,6229,37,6266,0.61
6449,1,AKHILESH YADAV,618,458,640207,2085,642292,52.74
6450,2,SUBRAT PATHAK,159,458,470131,1239,471370,38.71
6451,3,IMRAN BIN ZAFAR,122,458,81471,168,81639,6.7
6452,4,ALOK VERMA,581,458,4484,8,4492,0.37
6453,5,LALIT KUMARI,283,458,3262,5,3267,0.27
6454,6,SINOD KUMAR,283,458,1732,1,1733,0.14
6455,7,RAJ KATHERIA,283,458,1463,1,1464,0.12
6456,8,BHANU PRATAP SINGH DOHRE,283,458,1430,2,1432,0.12
6457,9,SHAILENDRA KUMAR,160,458,1141,10,1151,0.09
6458,10,YADVENDRA KISHOR,283,458,1061,1,1062,0.09
6459,11,SUBHASH CHANDRA,59,458,799,2,801,0.07
6460,12,SUNIL,210,458,738,1,739,0.06
6461,13,PRAMOD KUMAR YADAV,192,458,557,3,560,0.05
6462,14,PURUSHOTTAM TIWARI,283,458,541,2,543,0.04
6463,15,IRFAN ALI,283,458,463,7,470,0.04
6464,16,NOTA,472,458,4805,13,4818,0.4
6465,1,RAMESH AWASTHI,159,459,440609,2446,443055,49.93
6466,2,ALOK MISRA,290,459,419469,2618,422087,47.56
6467,3,KULDEEP BHADAURIYA,122,459,11843,189,12032,1.36
6468,4,ASHOK PASWAN ADVOCATE,603,459,1969,5,1974,0.22
6469,5,ALOK MISHRA,283,459,1186,12,1198,0.14
6470,6,MANOJ KUMAR,283,459,776,2,778,0.09
6471,7,AJAY KUMAR MISHRA,283,459,671,1,672,0.08
6472,8,PRASHAST DHEER,59,459,462,3,465,0.05
6473,9,ARVIND KUMAR SRIVASTAVA,283,459,394,4,398,0.04
6474,10,SANJAY SINGH,506,459,348,2,350,0.04
6475,11,VALENDRA KATIYAR,667,459,267,3,270,0.03
6476,12,NOTA,472,459,4048,69,4117,0.46
6477,1,DEVENDRA SINGH ALIAS BHOLE SINGH,159,460,514256,3167,517423,47.6
6478,2,RAJARAM PAL,618,460,469766,3312,473078,43.52
6479,3,RAJESH KUMAR DWIVEDI,122,460,72679,461,73140,6.73
6480,4,RAJARAM,283,460,4629,13,4642,0.43
6481,5,ASHOK PASWAN ADVOCATE,603,460,3160,13,3173,0.29
6482,6,CHANDRESH SINGH,210,460,2641,13,2654,0.24
6483,7,YOGESH JAISWAL,283,460,2529,14,2543,0.23
6484,8,VIPIN KUMAR,577,460,1489,5,1494,0.14
6485,9,RAMGOPAL,555,460,1146,11,1157,0.11
6486,10,NOTA,472,460,7523,126,7649,0.7
6487,1,NARAYAN DAS AHIRWAR,618,461,529444,736,530180,46.96
6488,2,BHANU PRATAP SINGH VERMA,159,461,475232,1050,476282,42.19
6489,3,SURESH CHANDRA GAUTAM,122,461,100105,143,100248,8.88
6490,4,BRIJ MOHAN,283,461,4666,7,4673,0.41
6491,5,NAGENDRA KUMAR,210,461,3205,7,3212,0.28
6492,6,PREMLATA VERMA,283,461,3176,24,3200,0.28
6493,7,NOTA,472,461,11138,16,11154,0.99
6494,1,ANURAG SHARMA,159,462,689438,878,690316,50
6495,2,"PRADEEP JAIN ""ADITYA""",290,462,587000,702,587702,42.57
6496,3,RAVI PRAKASH,122,462,63106,86,63192,4.58
6497,4,LAKHAN LAL,283,462,6832,-,6832,0.49
6498,5,RAMESH,283,462,6330,8,6338,0.46
6499,6,GANESH RAM,283,462,2574,1,2575,0.19
6500,7,CHANDAN SINGH,93,462,2487,4,2491,0.18
6501,8,DHARMENDRA PRATAP,283,462,2299,4,2303,0.17
6502,9,INDRA SINGH,283,462,2076,2,2078,0.15
6503,10,ER. DEEPAK KUMAR VERMA,55,462,1375,2,1377,0.1
6504,11,NOTA,472,462,15290,12,15302,1.11
6505,1,AJENDRA SINGH LODHI,618,463,490003,680,490683,44
6506,2,KUNWAR PUSHPENDRA SINGH CHANDEL,159,463,487373,681,488054,43.76
6507,3,NIRDOSH KUMAR DIXIT,122,463,94564,132,94696,8.49
6508,4,ANUPAM KUMAR TRIPATHI,210,463,6401,6,6407,0.57
6509,5,BRIJESH KUMAR PAL,524,463,4516,11,4527,0.41
6510,6,BHUVANENDRA NARAYAN SINGH,283,463,4315,5,4320,0.39
6511,7,SANTOSH KUMAR,283,463,3776,1,3777,0.34
6512,8,RAJESH SINGH,283,463,3605,2,3607,0.32
6513,9,SURESH KUMAR,253,463,2181,-,2181,0.2
6514,10,SANJIV KUMAR,668,463,2003,-,2003,0.18
6515,11,DHARMRAJ,55,463,1589,2,1591,0.14
6516,12,NOTA,472,463,13442,11,13453,1.21
6517,1,KRISHNA DEVI SHIVSHANKER PATEL,618,464,406018,549,406567,38.94
6518,2,R. K. SINGH PATEL,159,464,334950,407,335357,32.12
6519,3,MAYANK DWIVEDI,122,464,245530,215,245745,23.54
6520,4,RAMCHANDRA SARAS,227,464,9436,2,9438,0.9
6521,5,PANCHA URF PANCHAMLAL,131,464,7714,3,7717,0.74
6522,6,GULAB CHANDER BARMA,524,464,5905,2,5907,0.57
6523,7,RAMCHRAN,283,464,5419,4,5423,0.52
6524,8,SURENDRA KUMAR,680,464,4380,2,4382,0.42
6525,9,SHRIRAM SINGH GAUR,210,464,3347,3,3350,0.32
6526,10,DINESH KUMAR PATEL,637,464,2507,1,2508,0.24
6527,11,BABULAL,383,464,2358,3,2361,0.23
6528,12,PRAMOD AZAD,93,464,2141,1,2142,0.21
6529,13,NOTA,472,464,13226,9,13235,1.27
6530,1,NARESH CHANDRA UTTAM PATEL,618,465,499866,462,500328,45.2
6531,2,NIRANJAN JYOTI,159,465,466249,880,467129,42.2
6532,3,MANISH SINGH SACHAN,122,465,90897,73,90970,8.22
6533,4,BIRENDRA SINGH,283,465,7917,3,7920,0.72
6534,5,KAMLESH KUMAR SINGH,479,465,5212,7,5219,0.47
6535,6,PANKAJ AWASTHI,283,465,4456,1,4457,0.4
6536,7,RAMKISHOR,524,465,4075,4,4079,0.37
6537,8,JITENDRA KUMAR MAURYA,283,465,3333,3,3336,0.3
6538,9,KULDEEP KUSHWAHA,283,465,2724,2,2726,0.25
6539,10,RAJ BAHADUR,487,465,2653,1,2654,0.24
6540,11,NIRAJ KUMAR,50,465,2561,6,2567,0.23
6541,12,RAM BIHARI,210,465,2342,2,2344,0.21
6542,13,NEERAJ LODHI,727,465,2028,5,2033,0.18
6543,14,JAY CHANDRA KUMAR,732,465,1602,2,1604,0.14
6544,15,RAJESH KUMAR PATEL,637,465,1449,9,1458,0.13
6545,16,NOTA,472,465,8108,12,8120,0.73
6546,1,PUSHPENDRA SAROJ,618,466,509175,612,509787,50.51
6547,2,VINOD KUMAR SONKAR,159,466,405142,701,405843,40.21
6548,3,SHUBH NARAYAN,122,466,55797,61,55858,5.53
6549,4,PUSHPENDRA KUMAR SAROJ,283,466,5178,6,5184,0.51
6550,5,NARENDRA KUMAR,93,466,5127,4,5131,0.51
6551,6,SANJAY KUMAR,283,466,4631,3,4634,0.46
6552,7,RAJENDRA SONKAR URF PANNA BHAIYA,283,466,3421,-,3421,0.34
6553,8,PRADEEP KUMAR,283,466,2539,2,2541,0.25
6554,9,RAMESHWAR PRASAD,210,466,2011,2,2013,0.2
6555,10,RAM ASREY,414,466,1948,2,1950,0.19
6556,11,NOTA,472,466,12958,9,12967,1.28
6557,1,PRAVEEN PATEL,159,467,451380,1220,452600,44.6
6558,2,AMAR NATH SINGH MAURYA,618,467,446596,1672,448268,44.17
6559,3,JAGANNATH PAL,122,467,82375,211,82586,8.14
6560,4,MAHIMA PATEL,93,467,4134,28,4162,0.41
6561,5,JILA JEET BHARTIY,114,467,3294,5,3299,0.33
6562,6,SUNIL KUMAR PRAJAPATI,131,467,3040,7,3047,0.3
6563,7,ENGG YOGESH KUSHWAHA,496,467,2768,3,2771,0.27
6564,8,AKHILESH TRIPATHI,283,467,2295,3,2298,0.23
6565,9,NAFIS AHAMAD,283,467,2145,2,2147,0.21
6566,10,DR NEERAJ,283,467,1702,8,1710,0.17
6567,11,SANJEEV KUMAR MISHRA,744,467,1675,4,1679,0.17
6568,12,MUSHIR AHMAD SIDDIQUI,487,467,1505,1,1506,0.15
6569,13,SANGEETA YADAV,669,467,1283,8,1291,0.13
6570,14,LALA RAM SAROJ,493,467,1043,9,1052,0.1
6571,15,PRAMOD BHAI PATEL URF P K,637,467,947,1,948,0.09
6572,16,NOTA,472,467,5445,15,5460,0.54
6573,1,UJJWAL RAMAN SINGH,290,468,461100,1045,462145,48.8
6574,2,NEERAJ TRIPATHI,159,468,402659,691,403350,42.59
6575,3,RAMESH KUMAR PATEL,122,468,49045,99,49144,5.19
6576,4,GOPAL SWROOP JOSHI,283,468,4248,-,4248,0.45
6577,5,AJEET KUMAR PATEL,496,468,2641,1,2642,0.28
6578,6,MOOLNIWASI HEMRAJ SINGH,487,468,2350,5,2355,0.25
6579,7,GEETA RANI SHARMA,283,468,2197,-,2197,0.23
6580,8,HANSHRAJ KOL,93,468,2137,4,2141,0.23
6581,9,RAJENDRA PRASAD PRAJAPATI,131,468,1844,3,1847,0.2
6582,10,AVANEESH KUMAR,283,468,1834,1,1835,0.19
6583,11,ANUJ SWAROOP SHUKLA,283,468,1615,1,1616,0.17
6584,12,SHIV PRASAD VISHWAKARMA,628,468,1326,-,1326,0.14
6585,13,SARVAJEET SINGH,361,468,1177,-,1177,0.12
6586,14,RAJDHAR SINGH PATEL,572,468,1024,1,1025,0.11
6587,15,NOTA,472,468,9949,3,9952,1.05
6588,1,TANUJ PUNIA,290,469,718528,1399,719927,55.78
6589,2,RAJRANI RAWAT,159,469,503452,771,504223,39.07
6590,3,SHIV KUMAR DOHAREY,122,469,39105,72,39177,3.04
6591,4,BABOORAM,283,469,3669,-,3669,0.28
6592,5,RAMLAKHAN PASI,283,469,2927,1,2928,0.23
6593,6,MITHALESH KUMARI,283,469,2320,1,2321,0.18
6594,7,DEVATADEEN GAUTAM,283,469,2172,1,2173,0.17
6595,8,ASHA DEVI,682,469,2018,2,2020,0.16
6596,9,PROF. (DR.) RAM GHULAM RAZDAN,508,469,1493,-,1493,0.12
6597,10,MAHENDRA KUMAR RAWAT,109,469,1189,1,1190,0.09
6598,11,OMKAR,283,469,1137,1,1138,0.09
6599,12,ADVOCATE SANTOSH RAWAT,250,469,1076,2,1078,0.08
6600,13,PREMCHANDRA HARIJAN,637,469,1075,1,1076,0.08
6601,14,NOTA,472,469,8220,1,8221,0.64
6602,1,AWADHESH PRASAD,618,470,553549,740,554289,48.59
6603,2,LALLU SINGH,159,470,499002,720,499722,43.81
6604,3,SACHIDANAND PANDEY,122,470,46347,60,46407,4.07
6605,4,ARVIND SEN,227,470,15353,14,15367,1.35
6606,5,SUNIL KUMAR BHATT,283,470,3826,1,3827,0.34
6607,6,KANCHAN YADAV,431,470,2662,4,2666,0.23
6608,7,AMBRISH DEV GUPTA,139,470,2216,2,2218,0.19
6609,8,FAREED SALMANI,283,470,1779,1,1780,0.16
6610,9,LAL MANI URF L.M. TRIPATHI (BHAI SAHAB),283,470,1717,-,1717,0.15
6611,10,ANIL KUMAR RAVAT,552,470,1636,2,1638,0.14
6612,11,JAGAT SINGH,283,470,1252,2,1254,0.11
6613,12,BRAJENDRA DUTT TRIPATHI URF B. D. TRIPATHI,30,470,1163,10,1173,0.1
6614,13,ARUN KUMAR,283,470,1063,4,1067,0.09
6615,14,NOTA,472,470,7529,7,7536,0.66
6616,1,LALJI VERMA,618,471,543721,1238,544959,46.3
6617,2,RITESH PANDEY,159,471,406851,861,407712,34.64
6618,3,QAMAR HAYAT,122,471,199252,247,199499,16.95
6619,4,NEELAM SINGH,429,471,4321,10,4331,0.37
6620,5,SHABANA KHATOON,483,471,3983,7,3990,0.34
6621,6,JAVED AHMAD SIDDIQUI,283,471,3857,3,3860,0.33
6622,7,RAM NARESH PRAJAPATI,131,471,3410,3,3413,0.29
6623,8,VIVEK KUMAR,210,471,1848,2,1850,0.16
6624,9,NOTA,472,471,7429,19,7448,0.63
6625,1,ANAND KUMAR,159,472,518575,227,518802,49.1
6626,2,RAMESH CHANDRA,618,472,454454,121,454575,43.02
6627,3,DR. BRIJESH KUMAR,122,472,50422,26,50448,4.77
6628,4,ARVIND KUMAR,178,472,6158,2,6160,0.58
6629,5,RAMESH BALMIKI,283,472,3223,4,3227,0.31
6630,6,BECHULAL,283,472,2919,1,2920,0.28
6631,7,JANARDAN GOND,283,472,2672,1,2673,0.25
6632,8,RAM MILAN,637,472,1699,-,1699,0.16
6633,9,RINKU SAHANI,519,472,1681,2,1683,0.16
6634,10,JAGRAM,283,472,1514,1,1515,0.14
6635,11,NOTA,472,472,12862,2,12864,1.22
6636,1,KARAN BHUSHAN SINGH,159,473,570436,827,571263,53.79
6637,2,BHAGAT RAM,618,473,422012,408,422420,39.77
6638,3,NARENDRA PANDEY,122,473,44217,62,44279,4.17
6639,4,ARUNIMA PANDEY,283,473,9230,20,9250,0.87
6640,5,NOTA,472,473,14872,15,14887,1.4
6641,1,RAM SHIROMANI VERMA,618,474,510754,301,511055,48.83
6642,2,SAKET MISRA,159,474,434192,190,434382,41.51
6643,3,MUINUDDIN AHAMAD KHAN URF HAZI DADDAN KHAN,122,474,56225,26,56251,5.38
6644,4,AHMAD JIYA KHAN,483,474,15630,-,15630,1.49
6645,5,SHANTI DEVI,283,474,4010,1,4011,0.38
6646,6,SUJEET KUMAR,283,474,3946,-,3946,0.38
6647,7,YUGAL KISHOR SHUKLA,11,474,2672,1,2673,0.26
6648,8,KRISHNA KUMAR MAURYA,628,474,2266,1,2267,0.22
6649,9,MALIK RAM,283,474,2111,2,2113,0.2
6650,10,ANIL KUMAR TIWARI,283,474,1513,1,1514,0.14
6651,11,HANUMAN PRASAD MISHRA,375,474,1494,1,1495,0.14
6652,12,KUMARI GEETA GAUTAM,553,474,1317,2,1319,0.13
6653,13,NOTA,472,474,9872,-,9872,0.94
6654,1,KIRTIVARDHAN SINGH,159,475,473691,567,474258,49.77
6655,2,SHREYA VERMA,618,475,427363,671,428034,44.92
6656,3,SAURABH,122,475,29388,41,29429,3.09
6657,4,RAM UJAGAR,283,475,3535,-,3535,0.37
6658,5,ARUNIMA PANDEY,283,475,3070,3,3073,0.32
6659,6,RAGHAVENDRA,210,475,2027,1,2028,0.21
6660,7,RAJKUMAR,283,475,1988,1,1989,0.21
6661,8,VINOD KUMAR SINGH,211,475,1482,1,1483,0.16
6662,9,NOTA,472,475,9048,7,9055,0.95
6663,1,JAGDAMBIKA PAL,159,476,462614,689,463303,45.47
6664,2,BHISHMA SHANKAR ALIAS KUSHAL TIWARI,618,476,418910,1665,420575,41.27
6665,3,AMAR SINGH CHAUDHARY,21,476,81182,123,81305,7.98
6666,4,MD. NADEEM,122,476,35654,282,35936,3.53
6667,5,NAUSHAD AZAM,483,476,5134,4,5138,0.5
6668,6,KIRAN DEVI,283,476,3258,3,3261,0.32
6669,7,NOTA,472,476,9431,16,9447,0.93
6670,1,RAM PRASAD CHAUDHARY,618,477,523487,3518,527005,48.67
6671,2,HARISH CHANDRA ALIAS HARISH DWIVEDI,159,477,424604,1407,426011,39.34
6672,3,LAVKUSH PATEL,122,477,102818,483,103301,9.54
6673,4,PANKAJ DUBEY,383,477,4624,3,4627,0.43
6674,5,PREM KUMAR,431,477,3607,4,3611,0.33
6675,6,HAFIZ ALI,59,477,2985,3,2988,0.28
6676,7,RAM KARAN GAUTAM,283,477,2640,5,2645,0.24
6677,8,PRAMOD KUMAR,283,477,2554,3,2557,0.24
6678,9,SHAILENDRA KUMAR,139,477,2361,3,2364,0.22
6679,10,NOTA,472,477,7742,19,7761,0.72
6680,1,LAXMIKANT PAPPU NISHAD,618,478,497488,1207,498695,45.7
6681,2,PRAVIN KUMAR NISHAD,159,478,405611,914,406525,37.25
6682,3,NADEEM ASHRAF,122,478,150549,263,150812,13.82
6683,4,DHEERAJ SRIVASTAV,496,478,5135,5,5140,0.47
6684,5,RAM KRISHNA DWIVEDI,283,478,4509,-,4509,0.41
6685,6,SATYVANT PRATAP SINGH,283,478,4351,7,4358,0.4
6686,7,KULDEEP,637,478,3591,4,3595,0.33
6687,8,MITRASEN,283,478,2535,9,2544,0.23
6688,9,RAJENDRA YADAV URF COLONEL SAHAB,644,478,2229,10,2239,0.21
6689,10,ANAND KUMAR GAUTAM,283,478,1840,10,1850,0.17
6690,11,SUBHASH CHANDRA DUBEY,439,478,1702,6,1708,0.16
6691,12,NOTA,472,478,9210,17,9227,0.85
6692,1,PANKAJ CHAUDHARY,159,479,590487,823,591310,48.85
6693,2,VIRENDRA CHAUDHARY,290,479,555045,814,555859,45.92
6694,3,MO MAUSME ALAM,122,479,32893,62,32955,2.72
6695,4,BRIJESH,22,479,8575,8,8583,0.71
6696,5,CHHEDI MAJDOOR,283,479,3833,1,3834,0.32
6697,6,RAMPRIT,283,479,3028,1,3029,0.25
6698,7,SUNIL,283,479,2716,2,2718,0.22
6699,8,VINOD KUMAR PATEL,637,479,2415,3,2418,0.2
6700,9,NOTA,472,479,9730,15,9745,0.81
6701,1,RAVINDRA SHUKLA ALIAS RAVI KISHAN,159,480,584512,1322,585834,50.75
6702,2,KAJAL NISHAD,618,480,480788,1520,482308,41.78
6703,3,JAVED ASHRAF ALIAS JAVED SIMNANI,122,480,55660,121,55781,4.83
6704,4,ANAND KUMAR YADAV ALIAS ANAND KUMAR FAUJI,146,480,4946,9,4955,0.43
6705,5,PINTU SAHANI,283,480,4031,1,4032,0.35
6706,6,SHIVSHANKAR PRAJAPATI,131,480,2631,4,2635,0.23
6707,7,SUDHANSHU,283,480,2393,2,2395,0.21
6708,8,SANJAY SINGH RANA,209,480,2011,1,2012,0.17
6709,9,NAFEES AKHTAR,283,480,1880,-,1880,0.16
6710,10,ANKIT SHAH,175,480,1871,3,1874,0.16
6711,11,AMITA BHARATI,283,480,1356,8,1364,0.12
6712,12,SONU RAI,421,480,891,7,898,0.08
6713,13,SHRIRAM PRASAD,55,480,762,2,764,0.07
6714,14,NOTA,472,480,7652,29,7681,0.67
6715,1,VIJAY KUMAR DUBAY,159,481,516006,339,516345,47.79
6716,2,AJAY PRATAP SINGH URF PINTU SAITHWAR,618,481,434210,345,434555,40.22
6717,3,SUBH NARAYAN CHAUHAN,122,481,67155,53,67208,6.22
6718,4,SWAMI PRASAD MAURYA,581,481,36559,16,36575,3.39
6719,5,HARIKESH,110,481,4094,3,4097,0.38
6720,6,RAMCHANDRA SINGH,283,481,3619,2,3621,0.34
6721,7,SUNIL KUMAR SHUKLA,194,481,3529,3,3532,0.33
6722,8,AMIY UPADHYAY,283,481,2432,1,2433,0.23
6723,9,VEDPRAKASH MISHRA,669,481,2332,3,2335,0.22
6724,10,NOTA,472,481,9774,8,9782,0.91
6725,1,SHASHANK MANI,159,482,503509,1032,504541,48.36
6726,2,AKHILESH PRATAP SINGH,290,482,467946,1753,469699,45.02
6727,3,SANDESH,122,482,45446,118,45564,4.37
6728,4,SATENDER KUMAR MALL,283,482,4149,9,4158,0.4
6729,5,MUKTINATH SINGH,347,482,3261,3,3264,0.31
6730,6,AGAMSWAROOP,574,482,3180,2,3182,0.3
6731,7,RAFIK ANSARI,283,482,2687,1,2688,0.26
6732,8,NOTA,472,482,10203,9,10212,0.98
6733,1,KAMLESH PASWAN,159,483,427528,1165,428693,45.38
6734,2,SADAL PRASAD,290,483,423872,1671,425543,45.04
6735,3,RAMSAMUJH,122,483,64567,183,64750,6.85
6736,4,GAYA PRASAD,283,483,6629,9,6638,0.7
6737,5,SHRVAN KUMAR NIRALA,283,483,4139,3,4142,0.44
6738,6,HEERALAL,283,483,2597,-,2597,0.27
6739,7,MURLI DHAR,283,483,1741,4,1745,0.18
6740,8,RAJENDRA CHAUDHARI,283,483,1629,5,1634,0.17
6741,9,NOTA,472,483,9006,15,9021,0.95
6742,1,DAROGA PRASAD SAROJ,618,484,437567,2392,439959,43.85
6743,2,NEELAM SONKER,159,484,324106,830,324936,32.38
6744,3,INDU CHAUDHRI,122,484,209308,745,210053,20.93
6745,4,GANGADEEN,227,484,12263,8,12271,1.22
6746,5,BALINDAR,344,484,4157,1,4158,0.41
6747,6,SUSHMITA SAROJ,283,484,2621,5,2626,0.26
6748,7,RAM PYARE SHARAN VIJAITA,283,484,2337,4,2341,0.23
6749,8,NOTA,472,484,7075,19,7094,0.71
6750,1,DHARMENDRA YADAV,618,485,504837,3402,508239,48.2
6751,2,DINESH LAL YADAV “NIRAHUA”,159,485,345725,1479,347204,32.93
6752,3,MASHHOD SABEEHA ANSARI,122,485,179189,650,179839,17.05
6753,4,RAVINDRA NATH SHARMA,431,485,3038,4,3042,0.29
6754,5,PARAS YADAV,322,485,2489,2,2491,0.24
6755,6,SHASHIDHAR,283,485,2227,5,2232,0.21
6756,7,MAHENDRA NATH YADAV,429,485,1904,1,1905,0.18
6757,8,VIJAY KUMAR,283,485,1733,2,1735,0.16
6758,9,PANKAJ KUMAR YADAV,283,485,1595,4,1599,0.15
6759,10,NOTA,472,485,6211,23,6234,0.59
6760,1,RAJEEV RAI,618,486,501407,1724,503131,43.73
6761,2,DR. ARVIND RAJBHAR,670,486,339416,772,340188,29.57
6762,3,BALKRISHNA CHAUHAN,122,486,208938,466,209404,18.2
6763,4,LILAWATI RAJBHAR,429,486,47520,7,47527,4.13
6764,5,PAWAN KUMAR CHAUHAN,283,486,7067,10,7077,0.62
6765,6,VINOD KUMAR RAI,227,486,6987,6,6993,0.61
6766,7,ROLI GUPTA,47,486,4211,14,4225,0.37
6767,8,VIRENDRA,554,486,2344,3,2347,0.2
6768,9,VIJAY,667,486,2240,1,2241,0.19
6769,10,AWADHESH KUMAR CHAUHAN,344,486,2211,28,2239,0.19
6770,11,SATISH CHAND PRAJAPATI FAUJI,613,486,1918,3,1921,0.17
6771,12,MADAN RAJBHAR,415,486,1895,10,1905,0.17
6772,13,SAUDAGER,283,486,1892,-,1892,0.16
6773,14,RAJENDRA RAM,283,486,1649,-,1649,0.14
6774,15,YAKUB ANSARI,483,486,1568,5,1573,0.14
6775,16,PREM CHAND,495,486,1559,2,1561,0.14
6776,17,SANTOSH KUMAR GUPTA,337,486,1473,-,1473,0.13
6777,18,JYOTIRMA PATHAK,283,486,1199,5,1204,0.1
6778,19,BADRI NATH,283,486,1164,6,1170,0.1
6779,20,PREMCHAND NAYAK,283,486,1116,1,1117,0.1
6780,21,RAMNARESH YADAV,322,486,881,4,885,0.08
6781,22,RAJIV KUMAR SINGH,283,486,855,2,857,0.07
6782,23,ISHWAR DAYAL SINGH SETH,206,486,827,14,841,0.07
6783,24,PRAGYESH KUMAR,283,486,816,2,818,0.07
6784,25,RAMVACHAN,637,486,771,2,773,0.07
6785,26,RAJENDRA AGRAWAL,283,486,729,1,730,0.06
6786,27,GOPAL SINGH,110,486,729,8,737,0.06
6787,28,ISMAIL ANSARI,20,486,592,2,594,0.05
6788,29,NOTA,472,486,3487,31,3518,0.31
6789,1,RAMASHANKAR RAJBHAR,618,487,403616,1856,405472,44.2
6790,2,RAVINDAR KUSHAWAHA,159,487,400489,1410,401899,43.81
6791,3,BHIM RAJBHAR,122,487,80291,308,80599,8.79
6792,4,JAIBAHADUR ALIAS JAIBAHADUR CHAUHAN,344,487,8241,22,8263,0.9
6793,5,SHREENARAYAN MISHRA,51,487,3878,14,3892,0.42
6794,6,SADDAM HUSSAIN,283,487,3210,5,3215,0.35
6795,7,SHRIKRISHNA,283,487,2527,5,2532,0.28
6796,8,AMRESH THAKUR,283,487,2147,9,2156,0.24
6797,9,SURYA PRAKASH GAUTAM,637,487,1782,3,1785,0.19
6798,10,NOTA,472,487,7520,29,7549,0.82
6799,1,SANATAN PANDEY,618,488,464473,2595,467068,46.37
6800,2,NEERAJ SHEKHAR,159,488,421277,2407,423684,42.06
6801,3,LALLAN SINGH YADAV,122,488,84943,262,85205,8.46
6802,4,SUMESHWAR,283,488,5056,-,5056,0.5
6803,5,SHESHNATH,283,488,3587,1,3588,0.36
6804,6,RAVI KANT SINGH ALIAS RAVI PATEL,637,488,3174,7,3181,0.32
6805,7,RAMNIVAS GOND,260,488,2642,30,2672,0.27
6806,8,SURYA BALI PRASAD,21,488,2143,5,2148,0.21
6807,9,RANJANA,283,488,1871,7,1878,0.19
6808,10,ASHOK GUPTA,283,488,1339,8,1347,0.13
6809,11,MANINDR,283,488,1186,1,1187,0.12
6810,12,AVADHESH VERMA,283,488,1150,11,1161,0.12
6811,13,PRAKASH KUMAR,283,488,960,-,960,0.1
6812,14,NOTA,472,488,8167,20,8187,0.81
6813,1,BABU SINGH KUSHWAHA,618,489,506076,3054,509130,46.21
6814,2,KRIPASHANKAR SINGH,159,489,408512,1283,409795,37.19
6815,3,SHYAM SINGH YADAV,122,489,156691,446,157137,14.26
6816,4,SARFARAZ AHMAD,283,489,2750,-,2750,0.25
6817,5,ASHOK SINGH,612,489,2749,6,2755,0.25
6818,6,JIYALAL PRAJAPATI,131,489,2232,3,2235,0.2
6819,7,SHRIPATI MAURYA,283,489,2091,3,2094,0.19
6820,8,SHAH ALAM,93,489,2003,-,2003,0.18
6821,9,FULACHANDR,431,489,1632,1,1633,0.15
6822,10,KRIPASHANKAR C PANDEY,283,489,1446,1,1447,0.13
6823,11,GOVIND LAL,283,489,1387,2,1389,0.13
6824,12,RAM PYARE,667,489,1160,1,1161,0.11
6825,13,NISHA PATEL,637,489,1125,3,1128,0.1
6826,14,BHARAT RAM,476,489,802,-,802,0.07
6827,15,NOTA,472,489,6301,28,6329,0.57
6828,1,PRIYA SAROJ,618,490,449561,1731,451292,42.57
6829,2,BHOLANATH (B.P. SAROJ),159,490,414494,948,415442,39.19
6830,3,KRIPA SHANKAR SAROJ,122,490,156930,361,157291,14.84
6831,4,SHRAVAN KUMAR,283,490,5804,3,5807,0.55
6832,5,URMILA,610,490,5296,7,5303,0.5
6833,6,SUBAS,283,490,3691,2,3693,0.35
6834,7,RANG BAHADUR,283,490,2715,3,2718,0.26
6835,8,BRIJESH KUMAR SAROJ,493,490,2365,-,2365,0.22
6836,9,RAJENDRA PRASAD,524,490,2066,1,2067,0.19
6837,10,RAM MILAN,637,490,1713,3,1716,0.16
6838,11,KAMLESH,113,490,1698,4,1702,0.16
6839,12,BRIJESH KUMAR,505,490,1362,2,1364,0.13
6840,13,NOTA,472,490,9277,26,9303,0.88
6841,1,AFZAL ANSARI,618,491,537784,2128,539912,46.82
6842,2,PARS NATH RAI,159,491,413518,1533,415051,35.99
6843,3,UMESH KUMAR SINGH,122,491,164601,363,164964,14.31
6844,4,AJAY,732,491,5068,6,5074,0.44
6845,5,NUSRAT ANSARI,283,491,4567,49,4616,0.4
6846,6,ADITYA SHRIVASTAV,740,491,3312,4,3316,0.29
6847,7,SATYDEV YADAV,283,491,3163,9,3172,0.28
6848,8,GYANCHANDRA BIND,283,491,3127,8,3135,0.27
6849,9,RAMPRAVESH,431,491,2830,3,2833,0.25
6850,10,DHANANJAY KUMAR TIWARI,196,491,1949,7,1956,0.17
6851,11,NOTA,472,491,9033,32,9065,0.79
6852,1,BIRENDRA SINGH,618,492,472928,1548,474476,42.5
6853,2,DR. MAHENDRA NATH  PANDEY,159,492,451802,1109,452911,40.57
6854,3,SATYENDRA KUMAR MAURYA,122,492,159585,318,159903,14.32
6855,4,SHOBHANATH  PRAJAPATI,131,492,4027,5,4032,0.36
6856,5,SHER SINGH,740,492,3090,6,3096,0.28
6857,6,SANTOSH KUMAR,283,492,2965,4,2969,0.27
6858,7,RAJESH VISHWAKARMA,431,492,2759,3,2762,0.25
6859,8,ARVIND KUMAR PATEL,637,492,2734,11,2745,0.25
6860,9,SANJAY KUMAR SINHA,305,492,2617,6,2623,0.23
6861,10,RAM GOVIND,613,492,1975,2,1977,0.18
6862,11,NOTA,472,492,8987,18,9005,0.81
6863,1,NARENDRA MODI,159,493,611439,1531,612970,54.24
6864,2,AJAY RAI,290,493,459084,1373,460457,40.74
6865,3,ATHER JAMAL LARI,122,493,33646,120,33766,2.99
6866,4,KOLISETTY SHIVA KUMAR,740,493,5748,2,5750,0.51
6867,5,GAGAN PRAKASH YADAV,93,493,3619,15,3634,0.32
6868,6,DINESH KUMAR YADAV,283,493,2912,5,2917,0.26
6869,7,SANJAY KUMAR TIWARI,283,493,2170,1,2171,0.19
6870,8,NOTA,472,493,8463,15,8478,0.75
6871,1,DR. VINOD KUMAR BIND,159,494,458877,1105,459982,42.39
6872,2,LALITESHPATI TRIPATHI,70,494,414131,1779,415910,38.33
6873,3,HARISHANKAR,122,494,154718,335,155053,14.29
6874,4,PREMCHAND BIND,495,494,13655,34,13689,1.26
6875,5,RAJ NARAYAN PATEL,637,494,6198,8,6206,0.57
6876,6,RAM PRAKASH MISHRA,573,494,5266,4,5270,0.49
6877,7,SUSHIL,59,494,5254,7,5261,0.48
6878,8,DR. SHYAMDHAR TIWARI,283,494,4842,6,4848,0.45
6879,9,KRISHNA DEV,524,494,4590,7,4597,0.42
6880,10,DHIRENDRA KUMAR TIWARI,283,494,2944,4,2948,0.27
6881,11,NOTA,472,494,11222,7,11229,1.03
6882,1,ANUPRIYA PATEL,94,495,470866,765,471631,42.67
6883,2,RAMESH CHAND BIND,618,495,433286,535,433821,39.25
6884,3,MANISH KUMAR,122,495,144279,167,144446,13.07
6885,4,RAJESH,283,495,10927,9,10936,0.99
6886,5,LAL JI VERMA,283,495,6355,4,6359,0.58
6887,6,ANIL KUMAR,253,495,6166,5,6171,0.56
6888,7,DAULAT SINGH,93,495,5227,8,5235,0.47
6889,8,RAMDHANI,573,495,4914,1,4915,0.44
6890,9,SAMEER SINGH,59,495,3486,1,3487,0.32
6891,10,SATYADEV,512,495,3351,4,3355,0.3
6892,11,NOTA,472,495,15043,6,15049,1.36
6893,1,CHHOTELAL,618,496,465240,608,465848,46.14
6894,2,RINKI SINGH,94,496,336344,270,336614,33.34
6895,3,DHANESHWAR,122,496,118669,109,118778,11.77
6896,4,ASHOK KUMAR KANNAUJIYA,227,496,23830,22,23852,2.36
6897,5,SUBHAGI,336,496,8191,3,8194,0.81
6898,6,ARVIND KUMAR BHARTI,574,496,7583,9,7592,0.75
6899,7,SUKALU,283,496,6701,11,6712,0.66
6900,8,SHIVPUJAN,573,496,6422,22,6444,0.64
6901,9,SONU NIGAM,283,496,6142,2,6144,0.61
6902,10,CHANDRIKA PRASAD,344,496,3732,9,3741,0.37
6903,11,PRABHUDAYAL,572,496,3470,1,3471,0.34
6904,12,RAM SHIROMANI,637,496,3116,7,3123,0.31
6905,13,NOTA,472,496,19019,13,19032,1.89
6906,1,JAGADISH CHANDRA BARMA BASUNIA,70,502,785747,2628,788375,48.57
6907,2,NISITH PRAMANIK,159,502,745144,3981,749125,46.16
6908,3,NITISH CHANDRA ROY,59,502,29992,275,30267,1.86
6909,4,PIYA ROY CHOWDHURY,290,502,10539,140,10679,0.66
6910,5,HAREKRISHNA SARKAR,283,502,9462,5,9467,0.58
6911,6,KAMALESH BARMAN,283,502,2972,21,2993,0.18
6912,7,NABI BARMAN,283,502,2710,14,2724,0.17
6913,8,SUBODH BARMAN,283,502,2594,5,2599,0.16
6914,9,DILIP CHANDRA BARMAN,667,502,2449,19,2468,0.15
6915,10,PURNA MOHAN ROY,122,502,2087,10,2097,0.13
6916,11,BIDHAN DAS,283,502,2067,5,2072,0.13
6917,12,KISHORE RAY,283,502,1588,18,1606,0.1
6918,13,PRADIP KUMAR ROY,360,502,1499,19,1518,0.09
6919,14,AMAL DAS,283,502,1488,7,1495,0.09
6920,15,NOTA,472,502,15510,53,15563,0.96
6921,1,MANOJ TIGGA,159,503,691533,3781,695314,48.92
6922,2,PRAKASH CHIK BARAIK,70,503,617486,2381,619867,43.61
6923,3,MILI ORAON,599,503,39424,285,39709,2.79
6924,4,PARIMAL ORAON,283,503,12560,24,12584,0.89
6925,5,ARJUN INDWAR,283,503,11090,32,11122,0.78
6926,6,MUNIB NARJINARY,122,503,6600,48,6648,0.47
6927,7,RAHUL MARAK,375,503,5679,16,5695,0.4
6928,8,CHANDAN ORAON,667,503,2751,36,2787,0.2
6929,9,BINAY MURMU,473,503,2700,58,2758,0.19
6930,10,NRIPENDRA NARAYAN DEBKARJEE,360,503,2017,38,2055,0.14
6931,11,BABITA BARA,254,503,1522,30,1552,0.11
6932,12,NOTA,472,503,21235,63,21298,1.5
6933,1,DR JAYANTA KUMAR ROY,159,504,763236,3332,766568,48.57
6934,2,NIRMAL CHANDRA ROY,70,504,677496,2379,679875,43.07
6935,3,DEBRAJ BARMAN,228,504,73629,463,74092,4.69
6936,4,SHIPRA RAY HAKIM,283,504,9890,17,9907,0.63
6937,5,BINOD MALLICK,122,504,8537,29,8566,0.54
6938,6,HAREKRISHNA SARKAR,283,504,5837,11,5848,0.37
6939,7,MAHESWAR BARMAN,283,504,4254,13,4267,0.27
6940,8,RAM PRASAD MANDAL,667,504,3815,20,3835,0.24
6941,9,MANABENDRA ROY,360,504,2899,51,2950,0.19
6942,10,NIRODE CHANDRA ADHIKARY,283,504,2504,13,2517,0.16
6943,11,ADHIR CHANDRA BARMAN,283,504,1911,16,1927,0.12
6944,12,RANJIT BARMAN,432,504,1180,9,1189,0.08
6945,13,NOTA,472,504,16807,41,16848,1.07
6946,1,RAJU BISTA,159,505,675324,4007,679331,51.18
6947,2,GOPAL LAMA,70,505,498789,2017,500806,37.73
6948,3,MUNISH TAMANG,290,505,82597,777,83374,6.28
6949,4,BANDANA RAI,283,505,13155,519,13674,1.03
6950,5,BISHNU PRASAD SHARMA,283,505,7431,16,7447,0.56
6951,6,BHUPENDRA LEPCHA,283,505,6369,26,6395,0.48
6952,7,ATASI BISWAS,375,505,4586,55,4641,0.35
6953,8,PRADHAN MARDI,80,505,2714,33,2747,0.21
6954,9,KHUSHI RANJAN MANDAL,283,505,2313,24,2337,0.18
6955,10,KALICHARAN BARMAN,283,505,2055,24,2079,0.16
6956,11,QAMRUL HAQUE,473,505,1829,24,1853,0.14
6957,12,BUDHARU ROY,360,505,1734,28,1762,0.13
6958,13,SHAHRIAR ALAM,667,505,1605,9,1614,0.12
6959,14,SUBODH PAKHRIN,262,505,1270,61,1331,0.1
6960,15,NOTA,472,505,17960,61,18021,1.36
6961,1,KARTICK CHANDRA PAUL,159,506,558644,2253,560897,40.99
6962,2,KALYANI KRISHNA,70,506,491150,1550,492700,36
6963,3,ALI IMRAN RAMZ,290,506,262694,579,263273,19.24
6964,4,DWARIK NATH BARMAN,283,506,8258,6,8264,0.6
6965,5,MD NAZIR AKHTAR,283,506,6004,1,6005,0.44
6966,6,KALIDASH MURMU,283,506,5865,3,5868,0.43
6967,7,SWAPAN KUMAR DAS,122,506,4106,11,4117,0.3
6968,8,RUPAK ROY,283,506,3355,3,3358,0.25
6969,9,FAKIRA MD,283,506,3353,2,3355,0.25
6970,10,DURGA MURMU,80,506,3330,4,3334,0.24
6971,11,PALASH CHANDRA MAHATO,283,506,3112,2,3114,0.23
6972,12,ALI IMRAN,283,506,1939,7,1946,0.14
6973,13,MD ABRAHIM HOQUE,283,506,1761,2,1763,0.13
6974,14,SHAHIDUR RAHMAN,473,506,1458,4,1462,0.11
6975,15,SHARANYA DUTTA,283,506,1328,2,1330,0.1
6976,16,SANATAN DUTTA,667,506,1256,15,1271,0.09
6977,17,TAPAN BARMAN,309,506,1249,2,1251,0.09
6978,18,ANWARUL HOQUE,283,506,1187,3,1190,0.09
6979,19,RAMESH CHANDRA SINHA,217,506,1046,5,1051,0.08
6980,20,AL MONOWARA BEGAM,285,506,977,5,982,0.07
6981,21,NOTA,472,506,1924,16,1940,0.14
6982,1,SUKANTA MAJUMDAR,159,507,572925,2071,574996,46.47
6983,2,BIPLAB MITRA,70,507,563252,1358,564610,45.63
6984,3,JOYDEV KUMAR SIDDHANTA,599,507,54081,136,54217,4.38
6985,4,HAKIM MURMU,283,507,6820,2,6822,0.55
6986,5,BAKHTIAR MUJAHIT SAHANI,283,507,6391,2,6393,0.52
6987,6,RANENDRA NATH MALI,283,507,5590,3,5593,0.45
6988,7,ANTA HANSDA,122,507,5130,15,5145,0.42
6989,8,BISWANATH MURMU,80,507,3454,11,3465,0.28
6990,9,MOZAMMEL HAQUE,69,507,2261,7,2268,0.18
6991,10,NAROTTAM SAHA,283,507,2095,11,2106,0.17
6992,11,MD. SARWARDI,217,507,1957,10,1967,0.16
6993,12,BIRENDRA NATH MAHANTA,667,507,1380,7,1387,0.11
6994,13,RUBEL SARKAR,360,507,898,4,902,0.07
6995,14,NOTA,472,507,7430,7,7437,0.6
6996,1,KHAGEN MURMU,159,508,525109,1914,527023,37.18
6997,2,PRASUN BANERJEE,70,508,448234,1081,449315,31.7
6998,3,ALAM MOSTAQUE,290,508,384063,701,384764,27.14
6999,4,JATISH KISKU,283,508,8680,3,8683,0.61
7000,5,MONATAN HEMBRAM,283,508,7927,6,7933,0.56
7001,6,SWAPAN MAHATO,283,508,7235,2,7237,0.51
7002,7,SANATAN RISHI,122,508,5624,8,5632,0.4
7003,8,JOSEPH KISKU,80,508,4637,-,4637,0.33
7004,9,MONJU HEMBROM,283,508,3535,3,3538,0.25
7005,10,MD FARUQUE HOSSAIN,283,508,3374,1,3375,0.24
7006,11,SOMNATH DAS,169,508,3157,7,3164,0.22
7007,12,SUBHASH BARMAN,360,508,2019,-,2019,0.14
7008,13,KALICHARAN ROY,667,508,1286,7,1293,0.09
7009,14,MD SOHEL,69,508,1090,2,1092,0.08
7010,15,NARESH PAL,323,508,593,3,596,0.04
7011,16,NOTA,472,508,7257,31,7288,0.51
7012,1,ISHA KHAN CHOUDHURY,290,509,570966,1429,572395,41.79
7013,2,SREERUPA MITRA CHAUDHURY (NIRBHAYA DIDI),159,509,441531,2496,444027,32.42
7014,3,SHAHNAWAZ ALI RAIHAN,70,509,299825,1201,301026,21.98
7015,4,PURNOCHANDRA MANDAL,283,509,8381,2,8383,0.61
7016,5,AHMED HEDATUL HASAN,283,509,5735,1,5736,0.42
7017,6,MD. JAMAL SAIKH,283,509,5386,-,5386,0.39
7018,7,BIKASH RABIDAS,122,509,5054,11,5065,0.37
7019,8,BIJOY KUMAR SARKAR,283,509,4773,3,4776,0.35
7020,9,SUSMITA DEY KARJEE,195,509,3521,14,3535,0.26
7021,10,AMAL KUMAR RABIDAS,283,509,3263,8,3271,0.24
7022,11,KAVIR MADAN DAS,80,509,3137,3,3140,0.23
7023,12,ASIM MANDAL,323,509,2786,2,2788,0.2
7024,13,MD SHAHNAWAJ RAHMATULLAH,664,509,2315,8,2323,0.17
7025,14,JALALUDDIN SARKAR,169,509,2075,-,2075,0.15
7026,15,ANGSHUDHAR MANDAL,667,509,1178,11,1189,0.09
7027,16,MD NUR ISLAM SEKH,580,509,1130,6,1136,0.08
7028,17,MD MONIRUL HASAN,314,509,737,4,741,0.05
7029,18,NOTA,472,509,2759,38,2797,0.2
7030,1,KHALILUR RAHAMAN,70,510,543449,978,544427,39.75
7031,2,MURTOJA HOSSAIN BOKUL,290,510,427105,685,427790,31.23
7032,3,DHANANJAY GHOSH,159,510,339868,946,340814,24.88
7033,4,REJAUL MONDAL,283,510,7500,-,7500,0.55
7034,5,SAJAHAN BISWAS,69,510,6847,11,6858,0.5
7035,6,MUKTIPADA KONAI,283,510,5670,1,5671,0.41
7036,7,ASHISH BHUIMALI,283,510,3949,2,3951,0.29
7037,8,MD SARWARUL ISLAM SARKAR,122,510,3511,4,3515,0.26
7038,9,MD SAHABUDDIN,664,510,3489,7,3496,0.26
7039,10,SAMIRUDDIN,667,510,1946,4,1950,0.14
7040,11,PARIMAL GHOSH,283,510,1928,3,1931,0.14
7041,12,SANUAR ALI,146,510,1698,2,1700,0.12
7042,13,RAJIB CHATTERJEE,195,510,1527,5,1532,0.11
7043,14,MD ASADUL BISWAS,283,510,1340,-,1340,0.1
7044,15,NOTA,472,510,17135,23,17158,1.25
7045,1,PATHAN YUSUF,70,511,523630,886,524516,37.88
7046,2,ADHIR RANJAN CHOWDHURY,290,511,438171,1323,439494,31.74
7047,3,DR. NIRMAL KUMAR SAHA,159,511,370370,1515,371885,26.86
7048,4,SAMIRAN DAS,283,511,18526,1,18527,1.34
7049,5,SWAPAN KUMAR MANDAL,283,511,6394,2,6396,0.46
7050,6,SANTOSH BISWAS,122,511,4219,19,4238,0.31
7051,7,BISWAMVOIR KALITA,283,511,3060,2,3062,0.22
7052,8,SOMNATH PAUL,57,511,2250,-,2250,0.16
7053,9,RUNA LAILA,664,511,1569,2,1571,0.11
7054,10,ABHIJIT MANDAL,667,511,1410,8,1418,0.1
7055,11,ASHIS DAS,283,511,1106,4,1110,0.08
7056,12,ADHIR SWARNAKAR,283,511,851,5,856,0.06
7057,13,AJIT KUMAR MANDAL,283,511,745,4,749,0.05
7058,14,MANIK KUMAR DAS,309,511,729,-,729,0.05
7059,15,AABDUSA SATTAR SEKH,293,511,477,7,484,0.03
7060,16,NOTA,472,511,7474,11,7485,0.54
7061,1,ABU TAHER KHAN,70,512,681674,768,682442,44.27
7062,2,MD SALIM,228,512,517733,494,518227,33.62
7063,3,GOURI SANKAR GHOSH,159,512,291013,1018,292031,18.94
7064,4,HABIB SAIKH,69,512,12359,11,12370,0.8
7065,5,ASIM RAY,195,512,5522,12,5534,0.36
7066,6,SAHABUDDIN MALLIK,283,512,4156,-,4156,0.27
7067,7,RAFIKUL ISLAM,283,512,4064,1,4065,0.26
7068,8,MAHAFUJUL ALAM,667,512,3423,3,3426,0.22
7069,9,MD TAIEDUL ISLAM,664,512,3291,2,3293,0.21
7070,10,DHANANJOY SARKAR,283,512,1535,4,1539,0.1
7071,11,KRISHNA PROSAD BISWAS,283,512,1197,9,1206,0.08
7072,12,NOTA,472,512,13249,21,13270,0.86
7073,1,MAHUA MOITRA,70,513,624711,4078,628789,44.1
7074,2,AMRITA ROY,159,513,567628,4456,572084,40.13
7075,3,S.M. SADI,228,513,179063,1138,180201,12.64
7076,4,SANJIT BISWAS,283,513,8660,11,8671,0.61
7077,5,SOURAV HELA,283,513,5061,4,5065,0.36
7078,6,NEMAI BISWAS,283,513,5047,22,5069,0.36
7079,7,AMAL CHANDRA SARKAR,122,513,5045,55,5100,0.36
7080,8,AFROJA KHATUN MONDAL,69,513,4284,14,4298,0.3
7081,9,ISMAT ARA MONDAL,667,513,3603,19,3622,0.25
7082,10,MD. MUKTAR SHAIKH,283,513,3287,7,3294,0.23
7083,11,ALIK KUMAR KUNDU,283,513,2699,9,2708,0.19
7084,12,NOTA,472,513,6754,57,6811,0.48
7085,1,JAGANNATH SARKAR,159,514,778046,4350,782396,50.78
7086,2,MUKUT MANI ADHIKARI,70,514,592276,3221,595497,38.65
7087,3,ALAKESH DAS,228,514,122970,840,123810,8.04
7088,4,BIPLAB BISWAS,122,514,9319,73,9392,0.61
7089,5,PARESH HALDAR,667,514,8223,16,8239,0.53
7090,6,JAGANNATH SARKAR,283,514,5831,30,5861,0.38
7091,7,SHYAMAL KUMAR MALLICK,283,514,5533,11,5544,0.36
7092,8,NOTA,472,514,9798,95,9893,0.64
7093,1,SHANTANU THAKUR,159,515,716952,2553,719505,48.19
7094,2,BISWAJIT DAS S/O LATE BIJAY KRISHNA DAS,70,515,643653,2159,645812,43.25
7095,3,PRADIPKUMAR BISWAS,290,515,64859,317,65176,4.37
7096,4,DIPAK MAJUMDAR,69,515,19199,17,19216,1.29
7097,5,SUJATA BAIRAGI,283,515,9649,4,9653,0.65
7098,6,JASHAJIT SARKHEL,283,515,7829,4,7833,0.52
7099,7,CHANDAN MALLICK,122,515,5905,30,5935,0.4
7100,8,PRANITA MANDAL,283,515,2407,4,2411,0.16
7101,9,SUMITA PODDAR,283,515,2347,7,2354,0.16
7102,10,BISWAJIT DAS S/O LATE BALARAM DAS,283,515,2241,7,2248,0.15
7103,11,PATIT PABAN MANDAL,667,515,2140,29,2169,0.15
7104,12,SAMARESH BISWAS,480,515,1562,3,1565,0.1
7105,13,BISWAJIT DAS,283,515,1257,15,1272,0.09
7106,14,KALYAN SARKAR,283,515,676,15,691,0.05
7107,15,SUBRATA BISWAS,266,515,581,2,583,0.04
7108,16,NOTA,472,515,6635,50,6685,0.45
7109,1,PARTHA BHOWMICK,70,516,518486,1745,520231,45.56
7110,2,ARJUN SINGH,159,516,454184,1609,455793,39.92
7111,3,DEBDUT GHOSH,228,516,109038,526,109564,9.6
7112,4,MD JAMIR HOSSAIN,69,516,18797,9,18806,1.65
7113,5,ROHIT KUMAR PATHAK,283,516,7116,16,7132,0.62
7114,6,CHAPALA RAY (MAJUMDER),122,516,3882,27,3909,0.34
7115,7,SHARMISTHA DAS,283,516,3622,12,3634,0.32
7116,8,ANJAN GOSWAMI,169,516,3434,14,3448,0.3
7117,9,DHARMENDRA SINGH,283,516,2843,4,2847,0.25
7118,10,SANJAY SINGH,283,516,1670,6,1676,0.15
7119,11,DEBASISH BANERJEE,667,516,1422,12,1434,0.13
7120,12,KUNDAN SINGH,283,516,820,6,826,0.07
7121,13,UDAY VEER CHOUDHURY,283,516,745,12,757,0.07
7122,14,AMIT KUMAR CHOUBEY,283,516,717,4,721,0.06
7123,15,NOTA,472,516,11043,39,11082,0.97
7124,1,SOUGATA RAY,70,517,526289,2290,528579,41.95
7125,2,SILBHADRA DATTA,159,517,456138,1781,457919,36.34
7126,3,SUJAN CHAKRABORTY,228,517,239418,1366,240784,19.11
7127,4,SHEKH IMANUR RAHMAN,283,517,6410,1,6411,0.51
7128,5,SWAMINATH KORI,122,517,3749,17,3766,0.3
7129,6,HIRAK SINHA,283,517,3144,3,3147,0.25
7130,7,BANAMALI PANDA,667,517,1728,11,1739,0.14
7131,8,DULU DEY,283,517,1688,6,1694,0.13
7132,9,MANIKA MUKHERJEE,169,517,1231,6,1237,0.1
7133,10,SANTANU MANDAL,238,517,880,5,885,0.07
7134,11,TRIDIB BHUNIA,283,517,765,7,772,0.06
7135,12,GOURI BISWAS,283,517,698,3,701,0.06
7136,13,SUBRATA BHOWMIK,422,517,602,2,604,0.05
7137,14,HARI PADA BISWAS,432,517,465,9,474,0.04
7138,15,NOTA,472,517,11256,78,11334,0.9
7139,1,KAKOLI GHOSH DASTIDAR,70,518,689513,2497,692010,45.15
7140,2,SWAPAN MAJUMDER,159,518,576024,1797,577821,37.7
7141,3,TAPAS BANERJEE,69,518,121355,85,121440,7.92
7142,4,SANJIB CHATTERJEE,59,518,99456,544,100000,6.52
7143,5,SMRITIKANA HAOLADAR,122,518,5759,28,5787,0.38
7144,6,SAIFUDDIN MONDAL,283,518,3823,4,3827,0.25
7145,7,SWAPAN MAJUMDAR,283,518,3083,2,3085,0.2
7146,8,S MUKHTAR AHMED,283,518,2639,8,2647,0.17
7147,9,SEFALI DEY,169,518,2244,8,2252,0.15
7148,10,SADHAN GHOSH,667,518,2025,22,2047,0.13
7149,11,BIKASH SARKAR,432,518,1928,1,1929,0.13
7150,12,MOHAN LAL ADHIKARY,283,518,1850,14,1864,0.12
7151,13,NOTA,472,518,17834,58,17892,1.17
7152,1,SK NURUL ISLAM,70,519,801542,2220,803762,52.76
7153,2,REKHA PATRA,159,519,468593,1622,470215,30.87
7154,3,AKHTAR RAHAMAN BISWAS,69,519,123432,68,123500,8.11
7155,4,NIRAPADA SARDAR,228,519,77611,288,77899,5.11
7156,5,MAFIJUL MOLLA,283,519,11833,-,11833,0.78
7157,6,PRIYAMA DAS,283,519,6606,14,6620,0.43
7158,7,MIRAZ MOLLA,283,519,5902,-,5902,0.39
7159,8,MD ABUL KALAM MOLLA,122,519,4451,13,4464,0.29
7160,9,BIDYUT GAYEN,283,519,3625,9,3634,0.24
7161,10,IMRAN ALI SARDAR,146,519,2548,5,2553,0.17
7162,11,PIYARUL ISLAM,283,519,2388,3,2391,0.16
7163,12,SARAVAN SINGH,283,519,2020,1,2021,0.13
7164,13,DAUD ALI GAZI,667,519,1163,4,1167,0.08
7165,14,KINKAR KANTI ROY,283,519,1115,3,1118,0.07
7166,15,BIPUL CHANDRA BISWAS,432,519,1070,4,1074,0.07
7167,16,NOTA,472,519,5229,19,5248,0.34
7168,1,PRATIMA MONDAL,70,520,891053,3259,894312,60.32
7169,2,ASHOK KANDARY,159,520,422546,1547,424093,28.6
7170,3,MEGHNATH HALDER,69,520,65316,56,65372,4.41
7171,4,SAMARENDRA NATH MONDAL,599,520,39927,186,40113,2.71
7172,5,NIRANJAN  NASKAR,667,520,14547,75,14622,0.99
7173,6,SUJAN SARDAR,283,520,10779,15,10794,0.73
7174,7,SINDHUPADA BAIRAGI,283,520,9150,12,9162,0.62
7175,8,SHANKAR DEB MONDAL,122,520,6363,28,6391,0.43
7176,9,JURAN CHANDRA PANDEY,432,520,3750,19,3769,0.25
7177,10,MILAN NASKAR,283,520,2129,7,2136,0.14
7178,11,PRATIMA MONDAL,283,520,2052,27,2079,0.14
7179,12,NOTA,472,520,9756,32,9788,0.66
7180,1,BAPI HALDAR,70,521,752486,3245,755731,50.52
7181,2,ASHOK PURKAIT,159,521,552798,1876,554674,37.08
7182,3,AJAY KUMAR DAS,69,521,87530,76,87606,5.86
7183,4,DR SARAT CHANDRA HALDER,228,521,60778,322,61100,4.08
7184,5,BAPI HALDER,283,521,8922,12,8934,0.6
7185,6,BAPI HALDAR,283,521,5607,19,5626,0.38
7186,7,BISWANATH SARDAR,667,521,4505,29,4534,0.3
7187,8,PANKAJ KUMAR HALDER,122,521,4238,19,4257,0.28
7188,9,ASHOKE PUROKAIT,283,521,1489,12,1501,0.1
7189,10,ASHOKE SARDAR,283,521,1474,27,1501,0.1
7190,11,BAPPA DAS,480,521,1203,6,1209,0.08
7191,12,RUDRA PRASAD MANDAL,432,521,707,13,720,0.05
7192,13,NOTA,472,521,8593,38,8631,0.58
7193,1,ABHISHEK BANERJEE,70,522,1043493,4737,1048230,68.48
7194,2,ABHIJIT DAS (BOBBY),159,522,336068,1232,337300,22.03
7195,3,PRATIK UR RAHAMAN,228,522,86507,446,86953,5.68
7196,4,MAJNU LASKAR,69,522,21109,30,21139,1.38
7197,5,SUBRATA BOSE,283,522,9819,6,9825,0.64
7198,6,DASARATHI PAIK,122,522,7082,29,7111,0.46
7199,7,MALAY GUHA ROY,283,522,2963,8,2971,0.19
7200,8,PULAKESH MONDAL,283,522,1945,3,1948,0.13
7201,9,KALIMUDDIN SK,293,522,1579,11,1590,0.1
7202,10,RAMKUMAR MONDAL,667,522,1411,7,1418,0.09
7203,11,ANISUR RAHAMAN SK,283,522,1152,7,1159,0.08
7204,12,KASHINATH MONDAL,283,522,961,24,985,0.06
7205,13,NOTA,472,522,10134,54,10188,0.67
7206,1,SAYANI GHOSH,70,523,714049,3850,717899,45.83
7207,2,DR. ANIRBAN GANGULY,159,523,457307,2391,459698,29.35
7208,3,SRIJAN BHATTACHARYYA,228,523,256951,1761,258712,16.52
7209,4,NUR ALAM KHAN,69,523,83291,71,83362,5.32
7210,5,RANJIT KUMAR MANDAL,283,523,13021,9,13030,0.83
7211,6,HOSEN GAZI,283,523,4925,2,4927,0.31
7212,7,SANDIP NATH,122,523,4434,28,4462,0.28
7213,8,KALPANA NASKAR DATTA,667,523,4416,35,4451,0.28
7214,9,BALARAM MANDAL,283,523,2829,6,2835,0.18
7215,10,TANUSHREE MONDAL,283,523,2419,8,2427,0.15
7216,11,SHANKAR MANDAL,283,523,1439,3,1442,0.09
7217,12,SRI GOPAN SARDAR,432,523,1366,7,1373,0.09
7218,13,PURNIMA DEBNATH,283,523,1301,24,1325,0.08
7219,14,CHANDRACHUR GOSWAMI,283,523,1112,2,1114,0.07
7220,15,ARUN SARKAR,283,523,1107,3,1110,0.07
7221,16,DIPAK SARDAR,283,523,924,3,927,0.06
7222,17,NOTA,472,523,7316,99,7415,0.47
7223,1,MALA ROY,70,524,612725,2549,615274,49.48
7224,2,DEBASREE CHAUDHURI,159,524,426459,1584,428043,34.42
7225,3,SAIRA SHAH HALIM,228,524,167771,760,168531,13.55
7226,4,NIRAJ AGARWAL,283,524,4028,4,4032,0.32
7227,5,FIROZA KHATUN,122,524,3958,17,3975,0.32
7228,6,SANTANU ROY,283,524,2918,2,2920,0.23
7229,7,ZUBAIR RABBANI,667,524,2290,10,2300,0.18
7230,8,SUSANTA MONDAL,283,524,2090,1,2091,0.17
7231,9,MUMTAZ ALI,283,524,1960,9,1969,0.16
7232,10,MUKTI,600,524,1537,7,1544,0.12
7233,11,SANJOY (RANA) CHANDA,375,524,1186,7,1193,0.1
7234,12,SANJANA RAM,283,524,1052,4,1056,0.08
7235,13,YASMIN ISLAM,664,524,981,4,985,0.08
7236,14,ATANU DAS,283,524,969,2,971,0.08
7237,15,MRIDUL OJHA,283,524,856,6,862,0.07
7238,16,DIPENDU HAZRA,283,524,794,10,804,0.06
7239,17,MD. SHAKIL WARSI,283,524,503,1,504,0.04
7240,18,NOTA,472,524,6348,75,6423,0.52
7241,1,BANDYOPADHYAY SUDIP,70,525,453177,1519,454696,47.44
7242,2,TAPAS ROY,159,525,361268,868,362136,37.78
7243,3,PRADIP BHATTACHARYA,290,525,114556,426,114982,12
7244,4,DR. BIPLAB CHANDRA,667,525,3640,18,3658,0.38
7245,5,OMPRAKASH PRAJAPATI,122,525,3133,47,3180,0.33
7246,6,PRANATI PAUL,283,525,2267,5,2272,0.24
7247,7,SURENDRA KUMAR KABRA,283,525,1317,5,1322,0.14
7248,8,SWAPAN DAS,283,525,1163,3,1166,0.12
7249,9,MISBAHUS SALAM,283,525,975,6,981,0.1
7250,10,SAMPA GUHA,169,525,912,4,916,0.1
7251,11,RAJKUMAR PALIT,425,525,768,4,772,0.08
7252,12,SMT. RINKU GUPTA,514,525,649,10,659,0.07
7253,13,AMAL KUMAR DEY,283,525,582,9,591,0.06
7254,14,ANUJIT KUMAR NAN,283,525,555,2,557,0.06
7255,15,BINOY KRISHNA CHATTERJEE,283,525,500,1,501,0.05
7256,16,NOTA,472,525,10004,40,10044,1.05
7257,1,PRASUN BANERJEE,70,526,625229,1264,626493,49.26
7258,2,DR RATHIN CHAKRAVARTY,159,526,455996,1055,457051,35.94
7259,3,SABYASACHI CHATTERJEE,228,526,151483,522,152005,11.95
7260,4,PALASH BACHAR,122,526,6342,12,6354,0.5
7261,5,SEIKH SAKIRUL ISLAM,283,526,5271,-,5271,0.41
7262,6,SHIWA MALLICK,283,526,3218,2,3220,0.25
7263,7,UTTAM CHATTERJEE,667,526,2319,6,2325,0.18
7264,8,SHAMPA DAS,169,526,2053,12,2065,0.16
7265,9,RATHIN GANGULY,283,526,1884,3,1887,0.15
7266,10,PRASUN LAHIRI,283,526,1323,3,1326,0.1
7267,11,RAJESH KUMAR PRASAD,57,526,1268,4,1272,0.1
7268,12,ADARSHA MONDAL,283,526,939,6,945,0.07
7269,13,AJAZ AHMED ANSARI,283,526,856,1,857,0.07
7270,14,TAPAS BARUI,283,526,637,4,641,0.05
7271,15,NOTA,472,526,10036,48,10084,0.79
7272,1,SAJDA AHMED,70,527,722586,2036,724622,52.1
7273,2,ARUNUDAY PAULCHOWDHURY,159,527,504611,1338,505949,36.38
7274,3,AZAHAR MOLLICK,290,527,78304,285,78589,5.65
7275,4,MOFIKUL ISLAM,69,527,38971,20,38991,2.8
7276,5,ARIT KARAK,283,527,7287,5,7292,0.52
7277,6,AMAL KUMAR DEYATI,169,527,5445,6,5451,0.39
7278,7,RAMESH KHANRA,283,527,5094,10,5104,0.37
7279,8,BIMALESH KUMAR HELA,122,527,4867,8,4875,0.35
7280,9,SK. SAPIYAR ALI,283,527,2924,-,2924,0.21
7281,10,NIKHIL BERA,667,527,2095,12,2107,0.15
7282,11,AMAL KUMAR BARMAN,283,527,1997,3,2000,0.14
7283,12,RAMPRASAD GHORAI,299,527,1568,4,1572,0.11
7284,13,NOTA,472,527,11263,55,11318,0.81
7285,1,KALYAN BANERJEE,70,528,671865,2105,673970,45.65
7286,2,KABIR SHANKAR BOSE,159,528,497720,1420,499140,33.8
7287,3,DIPSITA DHAR,228,528,238131,1015,239146,16.2
7288,4,SAHARIAR MULLICK (BAPI),69,528,25659,18,25677,1.74
7289,5,SUNDAR PATRA,283,528,9897,5,9902,0.67
7290,6,SASANKA CHAKRABORTY,283,528,3933,5,3938,0.27
7291,7,SUPRIYA BISWAS,122,528,3572,17,3589,0.24
7292,8,KALYAN PAUL,283,528,1749,9,1758,0.12
7293,9,PRADYUT CHOWDHURI,667,528,1671,9,1680,0.11
7294,10,KALYAN SAMANTA,283,528,1421,19,1440,0.1
7295,11,SARKAR MANGAL,118,528,1256,2,1258,0.09
7296,12,NOTA,472,528,14964,70,15034,1.02
7297,1,RACHNA BANERJEE,70,529,700120,2624,702744,46.31
7298,2,LOCKET CHATTERJEE,159,529,623867,2024,625891,41.24
7299,3,MANADIP GHOSH,228,529,139250,669,139919,9.22
7300,4,SURAJIT HEMBRAM,283,529,9257,11,9268,0.61
7301,5,SAMIM ALI MOLLICK,283,529,6555,12,6567,0.43
7302,6,JAMINI BHAR,122,529,4684,34,4718,0.31
7303,7,AJANTA SARKAR,168,529,3619,20,3639,0.24
7304,8,SK KAMALUDDIN,283,529,2755,11,2766,0.18
7305,9,SANCHITA BERA,283,529,2632,17,2649,0.17
7306,10,PABAN MAZUMDER,667,529,2367,13,2380,0.16
7307,11,PRADIP PAL,169,529,2205,15,2220,0.15
7308,12,MRINAL KANTI DAS,283,529,1387,11,1398,0.09
7309,13,NOTA,472,529,13250,102,13352,0.88
7310,1,BAG MITALI,70,530,710432,2155,712587,45.71
7311,2,ARUP KANTI DIGAR,159,530,704124,2064,706188,45.3
7312,3,BIPLAB KUMAR MOITRA,228,530,92073,429,92502,5.93
7313,4,RAGHU MALLIK,283,530,16123,7,16130,1.03
7314,5,SUBIR KUMAR ROY,122,530,3807,24,3831,0.25
7315,6,VASKAR MALIK,283,530,3662,3,3665,0.24
7316,7,SUKANTA POREL,667,530,1807,9,1816,0.12
7317,8,BABLU GHANTI,283,530,1610,19,1629,0.1
7318,9,ABHIJIT MAJI,283,530,1600,6,1606,0.1
7319,10,ALOK DOLAI,283,530,1081,13,1094,0.07
7320,11,NOTA,472,530,17981,50,18031,1.16
7321,1,ABHIJIT GANGOPADHYAY,159,531,761183,4401,765584,48.54
7322,2,DEBANGSHU BHATTACHARYA,70,531,683955,3896,687851,43.61
7323,3,SAYAN BANERJEE,228,531,84774,615,85389,5.41
7324,4,MOHIUDDIN AHMED MAHI,69,531,12303,36,12339,0.78
7325,5,SURYANEEL DAS,283,531,6012,2,6014,0.38
7326,6,NARAYAN CHANDRA NAYAK,667,531,5633,49,5682,0.36
7327,7,SABITRI BISHAI,122,531,3724,30,3754,0.24
7328,8,DEBAPRASAD JANA,283,531,1460,7,1467,0.09
7329,9,KALIPADA DAS,283,531,947,27,974,0.06
7330,10,NOTA,472,531,8223,42,8265,0.52
7331,1,ADHIKARI SOUMENDU,159,532,757906,5289,763195,49.85
7332,2,UTTAM BARIK SON OF LATE BIRENDRA BARIK,70,532,709763,5668,715431,46.73
7333,3,URBASI BANERJEE,290,532,30737,385,31122,2.03
7334,4,BIDESH BASU MAITY,283,532,5633,21,5654,0.37
7335,5,MANAS PRADHAN,667,532,2489,40,2529,0.17
7336,6,UTTAM BARIK SON OF LATE NARAYAN BARIK,283,532,1963,35,1998,0.13
7337,7,MAKHAN LAL MAHAPATRA,122,532,1792,12,1804,0.12
7338,8,MD AHAMADULLAH KHAN,283,532,530,56,586,0.04
7339,9,ARJUN KUMAR MAITY,283,532,504,40,544,0.04
7340,10,NOTA,472,532,8075,59,8134,0.53
7341,1,ADHIKARI DEEPAK (DEV),70,533,834558,3432,837990,52.36
7342,2,DR. HIRANMOY CHATTOPADHYAYA,159,533,652098,3024,655122,40.93
7343,3,TAPAN GANGULI,227,533,74399,509,74908,4.68
7344,4,SOUMEN MADRAJI,122,533,7916,25,7941,0.5
7345,5,GOPAL MONDAL,283,533,4238,6,4244,0.27
7346,6,DINESH MAIKAP,667,533,4124,24,4148,0.26
7347,7,SAHEB CHOWDHURY,283,533,3228,9,3237,0.2
7348,8,NOTA,472,533,12889,77,12966,0.81
7349,1,KALIPADA SAREN (KHERWAL),70,534,740132,3346,743478,49.87
7350,2,DR. PRANAT TUDU,159,534,566553,2877,569430,38.2
7351,3,SONAMANI TUDU,228,534,76850,452,77302,5.19
7352,4,SURYA SINGH BESRA,356,534,19408,86,19494,1.31
7353,5,BARUN MAHATO,283,534,12029,58,12087,0.81
7354,6,ARUNKUMAR HANSDA,122,534,11949,40,11989,0.8
7355,7,SURENDRANATH SING,283,534,10781,6,10787,0.72
7356,8,RAMANATH ORANG,283,534,7178,10,7188,0.48
7357,9,BIPLAB HEMBRAM,283,534,7156,14,7170,0.48
7358,10,BAPI SOREN,69,534,5854,41,5895,0.4
7359,11,BIRSABIR BASKEY,80,534,4344,18,4362,0.29
7360,12,SUSHIL MANDI,667,534,2879,13,2892,0.19
7361,13,GUNADHAR SING,283,534,2818,31,2849,0.19
7362,14,NOTA,472,534,15871,49,15920,1.07
7363,1,JUNE MALIAH,70,535,699562,2630,702192,47.4
7364,2,AGNIMITRA PAUL,159,535,671328,3673,675001,45.56
7365,3,BIPLAB BHATTA,227,535,57345,440,57785,3.9
7366,4,ANINDITA JANA,667,535,9744,47,9791,0.66
7367,5,SANJIB DEY,283,535,8703,8,8711,0.59
7368,6,ANJAN (BABALU) MANDAL,122,535,6483,20,6503,0.44
7369,7,KAMALESH MAHATA,283,535,4229,21,4250,0.29
7370,8,SUKESH CHANDRA PALMAL,283,535,2757,5,2762,0.19
7371,9,BISWAJIT DAS,283,535,2141,3,2144,0.14
7372,10,NOTA,472,535,12362,62,12424,0.84
7373,1,JYOTIRMAY SINGH MAHATO,159,536,576246,2243,578489,40.34
7374,2,SHANTIRAM MAHATO,70,536,559325,2085,561410,39.15
7375,3,NEPAL CHANDRA MAHATO,290,536,128565,592,129157,9.01
7376,4,AJIT PRASAD MAHATA,283,536,98381,277,98658,6.88
7377,5,DHIRENDRANATH MAHATO,59,536,14498,74,14572,1.02
7378,6,SONTOSH RAJOWARD,122,536,7739,21,7760,0.54
7379,7,SUSMITA MAHATO,667,536,6078,31,6109,0.43
7380,8,GORISH ROY,283,536,4800,9,4809,0.34
7381,9,BHAGWAT DASS SHASTRI,283,536,4508,4,4512,0.31
7382,10,ASIT BARAN MAHATO,480,536,3868,9,3877,0.27
7383,11,PIJUSH KANTI RAJAK,283,536,3408,10,3418,0.24
7384,12,AJIT MAHATO,283,536,3309,9,3318,0.23
7385,13,NOTA,472,536,17871,58,17929,1.25
7386,1,ARUP CHAKRABORTY,70,537,637465,4348,641813,44.33
7387,2,DR. SUBHAS SARKAR,159,537,604836,4199,609035,42.07
7388,3,NILANJAN DASGUPTA,228,537,104534,825,105359,7.28
7389,4,SURAJIT SINGH KURMALI,283,537,18507,62,18569,1.28
7390,5,GOPAL MURMU,80,537,9047,54,9101,0.63
7391,6,DIPA BOURI,122,537,8709,87,8796,0.61
7392,7,MARSHAL TUDU,283,537,6682,35,6717,0.46
7393,8,TARA SHANKAR GOPE,667,537,5490,39,5529,0.38
7394,9,SANDIP KUMAR DEY,283,537,4610,12,4622,0.32
7395,10,SAMAR KUMAR BISWAS,375,537,3512,29,3541,0.24
7396,11,JIBAN CHAKRABORTY,283,537,3483,23,3506,0.24
7397,12,KARTIK CHANDRA BAURI,283,537,2741,55,2796,0.19
7398,13,GOUR CHANDRA HEMBRAM,283,537,2064,17,2081,0.14
7399,14,NOTA,472,537,26126,83,26209,1.81
7400,1,KHAN SAUMITRA,159,538,677320,2810,680130,44.93
7401,2,SUJATA MONDAL,70,538,671148,3415,674563,44.56
7402,3,SITAL CHANDRA KAIBARTYA,228,538,104895,516,105411,6.96
7403,4,SADANANDA MANDAL,667,538,16046,28,16074,1.06
7404,5,JOYDEV DHANK,122,538,9027,52,9079,0.6
7405,6,BASUDEB SIKARI,283,538,5093,13,5106,0.34
7406,7,NARENDRANATH RAY,283,538,4360,17,4377,0.29
7407,8,NOTA,472,538,19062,70,19132,1.26
7408,1,DR. SHARMILA SARKAR,70,539,717881,2421,720302,48.11
7409,2,ASIM KUMAR SARKAR,159,539,557943,1787,559730,37.38
7410,3,NIRAB KHAN,228,539,176358,541,176899,11.81
7411,4,NIRMAL MAJHI,667,539,10964,12,10976,0.73
7412,5,MUKUL BISWAS,122,539,7610,21,7631,0.51
7413,6,SHARMILA SARKAR,283,539,4875,18,4893,0.33
7414,7,SAJAL KUMAR DE,229,539,4163,19,4182,0.28
7415,8,NOTA,472,539,12654,43,12697,0.85
7416,1,AZAD KIRTI JHA,70,540,717069,3598,720667,47.99
7417,2,DILIP GHOSH,159,540,579609,3077,582686,38.8
7418,3,SUKRITI GHOSAL,228,540,152851,978,153829,10.24
7419,4,LUXMI NARAYAN KORA,283,540,7138,4,7142,0.48
7420,5,PRABHU NATH SAH,122,540,6822,34,6856,0.46
7421,6,TASBIRUL ISLAM,667,540,3450,19,3469,0.23
7422,7,REENA LEONG,283,540,3100,11,3111,0.21
7423,8,MIR SAKIMUDDIN,704,540,2413,5,2418,0.16
7424,9,NOTA,472,540,21532,63,21595,1.44
7425,1,SHATRUGHAN PRASAD SINHA,70,541,603105,2540,605645,46.53
7426,2,SURENDRAJEET SINGH AHLUWALIA,159,541,544077,2004,546081,41.96
7427,3,JAHANARA KHAN,228,541,105454,510,105964,8.14
7428,4,DIPIKA BAURI,283,541,10623,24,10647,0.82
7429,5,SUNNY KUMAR SAH,122,541,8546,29,8575,0.66
7430,6,SUJIT PAL,283,541,4749,11,4760,0.37
7431,7,AMARNATH CHOWDHURY,667,541,4330,28,4358,0.33
7432,8,NOTA,472,541,15448,62,15510,1.19
7433,1,ASIT KUMAR MAL,70,542,851209,4424,855633,55.98
7434,2,PIYA SAHA,159,542,525463,2917,528380,34.57
7435,3,SHYAMALI PRADHAN,228,542,98819,564,99383,6.5
7436,4,ATUL CHANDRA BAURI,283,542,7811,18,7829,0.51
7437,5,DR MANIK CHANDRA PRODHAN,122,542,7011,28,7039,0.46
7438,6,SHANTA DAS,432,542,3633,7,3640,0.24
7439,7,BIJOY DOLUI,667,542,2774,18,2792,0.18
7440,8,MANTU DHIBAR,278,542,2048,4,2052,0.13
7441,9,NOTA,472,542,21640,82,21722,1.42
7442,1,SATABDI ROY,70,543,714972,2989,717961,47
7443,2,DEBTANU BHATTACHARYA,159,543,517761,2550,520311,34.06
7444,3,MILTON RASHID,290,543,225572,688,226260,14.81
7445,4,AMIY GHOSH,283,543,11950,8,11958,0.78
7446,5,LAKSHMI HEMBROM,80,543,7677,10,7687,0.5
7447,6,AYESHA KHATUN,667,543,6761,18,6779,0.44
7448,7,RAJNATH SARKAR,122,543,5866,16,5882,0.39
7449,8,SAURAV MUDI,283,543,4249,7,4256,0.28
7450,9,ABDUL IMRAN,283,543,3823,9,3832,0.25
7451,10,BISWAJIT MISHRA,57,543,3806,17,3823,0.25
7452,11,MD. JAKIR HOSSAIN,168,543,2547,10,2557,0.17
7453,12,DOLA SARKAR,293,543,2027,6,2033,0.13
7454,13,NOTA,472,543,14037,56,14093,0.92
7455,1,CHINTAMANI MAHARAJ,159,84,712172,1028,713200,49.01
7456,2,SHASHI SINGH KORAM,290,84,647329,1049,648378,44.55
7457,3,DR. L. S. UDAY SINGH,260,84,15626,25,15651,1.08
7458,4,SANJAY KUMAR,122,84,15182,17,15199,1.04
7459,5,RAMADHAR SINGH,283,84,10857,4,10861,0.75
7460,6,PRINCE ABHISHEK KUJUR,283,84,6803,12,6815,0.47
7461,7,URMILA SINGH,283,84,5779,5,5784,0.4
7462,8,ARVIND KACHHAP,283,84,4166,18,4184,0.29
7463,9,KANTA MINJ,50,84,4008,8,4016,0.28
7464,10,JEROME MINJ,132,84,3035,25,3060,0.21
7465,11,NOTA,472,84,28107,14,28121,1.93
7466,1,RADHESHYAM RATHIYA,159,85,806667,1608,808275,55.63
7467,2,DR. MENKA DEVI SINGH,290,85,566487,1397,567884,39.08
7468,3,INNOCENT KUJUR - BIDANA ORAON,122,85,15493,107,15600,1.07
7469,4,ALBERT MING,267,85,10915,44,10959,0.75
7470,5,PRAKASH KUMAR URANW,283,85,7719,3,7722,0.53
7471,6,RUPNARAYAN EKKA,283,85,7410,10,7420,0.51
7472,7,GOWARDHAN RATHIA,283,85,4591,2,4593,0.32
7473,8,POOJA SIDAR,283,85,4159,8,4167,0.29
7474,9,MADAN PRASAD GOND,260,85,3007,8,3015,0.21
7475,10,GULESHWAR PAINKRA,210,85,2618,8,2626,0.18
7476,11,UDAY KUMAR RATHIA,283,85,2127,2,2129,0.15
7477,12,ABHAY KUMAR EKKA,283,85,1808,17,1825,0.13
7478,13,BADAL EKKA,639,85,1714,14,1728,0.12
7479,14,NOTA,472,85,14993,29,15022,1.03
7480,1,KAMLESH JANGDE,159,86,675740,2459,678199,48.71
7481,2,DR. SHIVKUMAR DAHARIYA,290,86,616131,2068,618199,44.4
7482,3,DR. ROHIT DAHARIA,122,86,48089,412,48501,3.48
7483,4,ENGINEER REVA KURREY,283,86,8158,1,8159,0.59
7484,5,AD. T.R. NIRALA,283,86,5792,2,5794,0.42
7485,6,ANIL MANHAR,267,86,5770,10,5780,0.42
7486,7,VIDYA DEVI SONI,283,86,4877,4,4881,0.35
7487,8,MINA CHAUHAN,283,86,2929,2,2931,0.21
7488,9,ANAND GILHARE,283,86,2876,1,2877,0.21
7489,10,DEEPAK KUMAR KHUNTE,21,86,1822,7,1829,0.13
7490,11,ARVIND KUMAR,283,86,1710,5,1715,0.12
7491,12,GOPAL PRASAD KHUNTE,210,86,1471,12,1483,0.11
7492,13,VIJAYLAXMI SURYAWANSHI NAT,103,86,1417,5,1422,0.1
7493,14,SIMA MAHILANGE,283,86,1333,3,1336,0.1
7494,15,ADVOCATE SHAILENDRA BANJARE (SHAKTIPUTRA),653,86,1248,5,1253,0.09
7495,16,VIJAY KUMAR KURRE,545,86,981,2,983,0.07
7496,17,BRINDA CHAUHAN,225,86,921,3,924,0.07
7497,18,JAGJIVAN RAM SATNAMI,111,86,833,4,837,0.06
7498,19,NOTA,472,86,5098,39,5137,0.37
7499,1,JYOTSNA CHARANDAS MAHANT,290,87,569098,1084,570182,46.53
7500,2,SAROJ PANDEY,159,87,525733,1166,526899,43
7501,3,SHYAM SINGH MARKAM,260,87,48498,89,48587,3.97
7502,4,NIRDOSH  KUMAR YADAV,283,87,11267,1,11268,0.92
7503,5,DUJRAM BOUDDH,122,87,10689,50,10739,0.88
7504,6,JAICHANDRA SONPAKAR,283,87,6181,1,6182,0.5
7505,7,PALAN SINGH,283,87,5706,3,5709,0.47
7506,8,KAMAL DEV,210,87,4985,3,4988,0.41
7507,9,DILIP MIRI,283,87,3897,5,3902,0.32
7508,10,KAUSHALYA BAI PORTE,283,87,3630,2,3632,0.3
7509,11,PRATAP BHANU,283,87,2500,4,2504,0.2
7510,12,SANTOSH SHARMA,283,87,2475,2,2477,0.2
7511,13,AMRIKA KARPE,283,87,2227,5,2232,0.18
7512,14,RAJGURU KEWAL GOSWAMI,283,87,2202,-,2202,0.18
7513,15,SHOBRAN SINGH SAIMA,283,87,2072,1,2073,0.17
7514,16,KALYAN SINGH TANWAR,283,87,1960,4,1964,0.16
7515,17,RAJESH PANDEY,283,87,1814,-,1814,0.15
7516,18,SUSHIL KUMAR VISHWAKARMA,189,87,1684,1,1685,0.14
7517,19,PRASHANT DANIEL,639,87,1369,23,1392,0.11
7518,20,REKHA TIWARI,225,87,1289,5,1294,0.11
7519,21,PURUSHOTTAM MANIKPURI,283,87,1212,-,1212,0.1
7520,22,PRIYANKA PATEL,592,87,1197,7,1204,0.1
7521,23,MAHENDRA KUMAR SHRIWAS (MANJU),283,87,1187,-,1187,0.1
7522,24,SHEKH RAUF,283,87,1168,-,1168,0.1
7523,25,SHIVPUJAN SINGH,283,87,1036,-,1036,0.08
7524,26,SHANTI BAI MARAVI,283,87,858,3,861,0.07
7525,27,RAMESH DAS MAHANT,283,87,823,-,823,0.07
7526,28,NOTA,472,87,6076,21,6097,0.5
7527,1,TOKHAN SAHU,159,88,723194,1743,724937,53.25
7528,2,DEVENDRA YADAV,290,88,558942,1437,560379,41.16
7529,3,ASHWANI RAJAK,122,88,13175,47,13222,0.97
7530,4,ANAND URAWAN,283,88,5894,4,5898,0.43
7531,5,ANILESH MISHRA (MAHARAJ),283,88,5374,2,5376,0.39
7532,6,KULESH KUMAR SAHU,283,88,4439,4,4443,0.33
7533,7,ASHAVANT SAHOO,210,88,4345,9,4354,0.32
7534,8,SHRIKANT MALHWAYR (KASER),394,88,4197,4,4201,0.31
7535,9,VIKRAMPRASAD JOGI,283,88,2862,-,2862,0.21
7536,10,KESHAV PRASAD,283,88,2765,2,2767,0.2
7537,11,SUDIEP SHRIVASTAVA,267,88,2310,2,2312,0.17
7538,12,RUPRAM SAHU,283,88,2261,-,2261,0.17
7539,13,KRISHNA NANDAN SINGH,283,88,2020,-,2020,0.15
7540,14,ROSHAN KUMAR,283,88,1920,-,1920,0.14
7541,15,DINESH PRATAP SINGH KHUSRO NIKHIL,533,88,1792,16,1808,0.13
7542,16,RAMESHWAR SAHU,283,88,1761,-,1761,0.13
7543,17,VIJAY KUMAR,283,88,1625,1,1626,0.12
7544,18,YASHUTOSH LAHARE,80,88,1271,3,1274,0.09
7545,19,GHANSHYAM URF SADHELAL BHARDWAJ,283,88,1251,-,1251,0.09
7546,20,VEDMANI SINGH KSHATRIYA (THAKUR),283,88,1163,-,1163,0.09
7547,21,SHEKHAR BANJARE,283,88,1160,-,1160,0.09
7548,22,SIDDHRAM LAHARE,545,88,1149,1,1150,0.08
7549,23,RAMPYARE RAI,283,88,1112,-,1112,0.08
7550,24,NAND KISHORE RAJ,260,88,1049,12,1061,0.08
7551,25,BHUNESHWAR MARKO,283,88,967,3,970,0.07
7552,26,RAJKUMAR SAHU,283,88,828,1,829,0.06
7553,27,BHAGWAT PATRE,492,88,710,2,712,0.05
7554,28,LAKSHMAN  PATHAK,252,88,698,1,699,0.05
7555,29,ADVOCATE SHAILENDRA BANJARE (SHAKTIPUTRA),653,88,690,-,690,0.05
7556,30,RAJENDRA KUMAR TANDAN,283,88,654,2,656,0.05
7557,31,SALIK RAM JOGI,283,88,575,1,576,0.04
7558,32,BASANT BANSL,283,88,564,-,564,0.04
7559,33,DEEPMALA CHOUHAN,225,88,559,6,565,0.04
7560,34,MAHESH KUMAR SONWANI,283,88,559,1,560,0.04
7561,35,DEV PRASAD BRAIHA,283,88,511,-,511,0.04
7562,36,SANJAY PRAKASH SAHU,283,88,435,1,436,0.03
7563,37,PARAS RAM YADAV,283,88,414,1,415,0.03
7564,38,NOTA,472,88,2842,7,2849,0.21
7565,1,SANTOSH PANDEY,159,89,711439,618,712057,49.25
7566,2,BHUPESH BAGHEL,290,89,667078,568,667646,46.18
7567,3,A.H. SIDDIQUI,283,89,10737,-,10737,0.74
7568,4,DEVLAL SINHA (SONVANSHI),122,89,9659,9,9668,0.67
7569,5,NARAD PRASAD NISHAD,653,89,8029,1,8030,0.56
7570,6,SUKHDEV SINHA,283,89,7998,3,8001,0.55
7571,7,VISHESH DHAMGAYE,283,89,4872,1,4873,0.34
7572,8,BHUVAN SAHU,283,89,4171,3,4174,0.29
7573,9,LALITA KANWAR,267,89,2139,10,2149,0.15
7574,10,ER. BASANT KUMAR MESHRAM,283,89,1818,2,1820,0.13
7575,11,RAMESH RAJPUT,210,89,1735,2,1737,0.12
7576,12,TRIVENI PADOTI,283,89,1607,6,1613,0.11
7577,13,RAMFAL PATIL,474,89,1535,2,1537,0.11
7578,14,AJAY PALI,283,89,1114,-,1114,0.08
7579,15,LAKHAN SING TANDAN,545,89,1056,-,1056,0.07
7580,16,NOTA,472,89,9152,401,9553,0.66
7581,1,VIJAY BAGHEL,159,90,954356,2141,956497,62
7582,2,RAJENDRA SAHU,290,90,517277,994,518271,33.59
7583,3,DILIP RAMTEKE,122,90,13290,43,13333,0.86
7584,4,ANOOP KUMAR PANDEY,283,90,7765,1,7766,0.5
7585,5,DR. ANJU KEME,252,90,5237,4,5241,0.34
7586,6,ALI HUSSAIN SIDDIQUI,283,90,5046,4,5050,0.33
7587,7,ARUN JOSHI,283,90,4751,2,4753,0.31
7588,8,DHRUV KUMAR SONI URF LANGUR SONI,283,90,3813,2,3815,0.25
7589,9,KHILANAND JASPAL,283,90,3280,1,3281,0.21
7590,10,SUKHADEV TANDON,545,90,2615,2,2617,0.17
7591,11,ASHOK JAIN,283,90,1902,-,1902,0.12
7592,12,BALDEV SAHU,283,90,1610,3,1613,0.1
7593,13,PUSHPA MAIRISHA,80,90,1556,5,1561,0.1
7594,14,HARICHAND THAKUR,283,90,1451,1,1452,0.09
7595,15,SAVITA SHAILENDRA BANJARE,653,90,1393,3,1396,0.09
7596,16,RAKESH SAHU,474,90,1261,1,1262,0.08
7597,17,SHITKARAN MAHILWAR,21,90,1181,2,1183,0.08
7598,18,DR. HARISHCHANDRA SAHU,283,90,1116,-,1116,0.07
7599,19,SHANKAR THAKUR,260,90,1064,9,1073,0.07
7600,20,YASHWANT SITARAM SAHU,210,90,899,2,901,0.06
7601,21,SHYAM SUNDER SAHU,394,90,897,2,899,0.06
7602,22,VIKAS SHARMA,393,90,798,-,798,0.05
7603,23,SANTOSH KUMAR MARKANDE,283,90,646,4,650,0.04
7604,24,BHAGBALI SIVARE,283,90,388,1,389,0.03
7605,25,BHANUPRATAP CHATURVEDI,283,90,351,-,351,0.02
7606,26,NOTA,472,90,5596,21,5617,0.36
7607,1,BRIJMOHAN AGRAWAL,159,91,1047447,2904,1050351,66.19
7608,2,VIKAS UPADHYAY,290,91,473656,1410,475066,29.94
7609,3,MAMTA RANI SAHU,122,91,9201,98,9299,0.59
7610,4,SAVITA SHAILENDRA BANJARE,653,91,8765,3,8768,0.55
7611,5,RADHESHWARI GAIKWAD,283,91,4629,1,4630,0.29
7612,6,SURESH KUMAR NETAM,267,91,3492,7,3499,0.22
7613,7,ANIL MAHOBIA,600,91,2914,2,2916,0.18
7614,8,ENGI. LAL BAHADUR YADAV,260,91,2859,6,2865,0.18
7615,9,RAMKRISHNA VERMA,283,91,2182,3,2185,0.14
7616,10,YAKUB KHAN,283,91,2054,-,2054,0.13
7617,11,VISHWAJIT HARODE,667,91,1920,-,1920,0.12
7618,12,AMARNATH CHANDRAKAR,283,91,1608,-,1608,0.1
7619,13,LAKHAMOO RAM TANDON,545,91,1347,4,1351,0.09
7620,14,YASHUTOSH LAHARE,80,91,1312,-,1312,0.08
7621,15,RAJESH DHRUV,283,91,1187,6,1193,0.08
7622,16,BODHAN LAL FARIKAR,283,91,1059,-,1059,0.07
7623,17,DAYA SHANKER NISHAD,210,91,1051,11,1062,0.07
7624,18,PILARAM ANANT,672,91,1033,3,1036,0.07
7625,19,ROHIT KUMAR PATIL,283,91,960,-,960,0.06
7626,20,HIRA NAND NAGWANI (ASHOK BHAIYA),592,91,958,2,960,0.06
7627,21,BHANJAN JANGADE (ADHIWAKTA),150,91,818,3,821,0.05
7628,22,MO. AMIN,216,91,765,1,766,0.05
7629,23,MANOJ VERMA,283,91,723,1,724,0.05
7630,24,PITAMBAR JANGDE,21,91,701,4,705,0.04
7631,25,ASHISH KUMAR TIWARI,15,91,525,3,528,0.03
7632,26,ENGI. BHANU PRATAP TANDE,283,91,500,3,503,0.03
7633,27,MO. IMRAN KHAN,283,91,466,1,467,0.03
7634,28,NEERAJ SAINI PUJARI,247,91,434,-,434,0.03
7635,29,SUDHANSHU BHUSHAN,283,91,413,1,414,0.03
7636,30,RAMPRASAD PRAJAPATI,283,91,391,-,391,0.02
7637,31,PRAVIN JAIN,283,91,369,-,369,0.02
7638,32,VINAYAK DHAMGAYE,283,91,349,-,349,0.02
7639,33,NANDNI NAYAK,283,91,336,1,337,0.02
7640,34,PRAVISHANT SALOMAN,283,91,310,-,310,0.02
7641,35,SAYED IRSHAD,283,91,295,-,295,0.02
7642,36,DR. OMPRAKASH SAHU,283,91,291,3,294,0.02
7643,37,MO. NASIR,283,91,254,-,254,0.02
7644,38,NURI KHAN,283,91,252,-,252,0.02
7645,39,NOTA,472,91,4414,34,4448,0.28
7646,1,ROOP KUMARI CHOUDHARY,159,92,701291,2368,703659,53.06
7647,2,TAMRADHWAJ SAHU,290,92,556764,1439,558203,42.09
7648,3,PROFESSOR SURESH SAHU,283,92,11885,3,11888,0.9
7649,4,BASANT SINHA,122,92,8823,37,8860,0.67
7650,5,REKHRAM BAGH,283,92,7877,1,7878,0.59
7651,6,GANESH RAM DHRUW,267,92,6626,25,6651,0.5
7652,7,SANTOSH DARCHAND BANJARE,283,92,6049,5,6054,0.46
7653,8,MUKESH KUMAR AGRAWAL,283,92,3689,2,3691,0.28
7654,9,SUKHNANDAN  DESHKAR,283,92,3554,1,3555,0.27
7655,10,NITESH KUMAR RATRE,672,92,2366,7,2373,0.18
7656,11,DR. VIRENDRA CHAUDHRI,210,92,2093,6,2099,0.16
7657,12,KALIYA PRASAD SETH,283,92,1528,3,1531,0.12
7658,13,MAHESH SWARN,283,92,1484,2,1486,0.11
7659,14,CHAMPA LAL PATEL GURUJI DHARTI PAKD,600,92,1376,3,1379,0.1
7660,15,FARID QURAISHI,260,92,1074,3,1077,0.08
7661,16,ISHWAR MARKANDE,283,92,957,-,957,0.07
7662,17,NARAD PRASAD NISHAD,653,92,897,2,899,0.07
7663,18,NOTA,472,92,3801,39,3840,0.29
7664,1,MAHESH KASHYAP,159,93,456573,1825,458398,45.5
7665,2,KAWASI LAKHMA,290,93,402378,775,403153,40.02
7666,3,PHULSINGH KACHLAM,227,93,35850,37,35887,3.56
7667,4,AYTU RAM MANDAVI,122,93,19615,32,19647,1.95
7668,5,SUNDAR BAGHEL,283,93,14203,4,14207,1.41
7669,6,PRAKASH KUMAR GOTA,283,93,11209,36,11245,1.12
7670,7,KANWAL SINGH BAGHEL,545,93,8785,15,8800,0.87
7671,8,SHIVRAM NAG,639,93,8269,10,8279,0.82
7672,9,NARENDRA BURKA,267,93,4382,5,4387,0.44
7673,10,JAGDISH NAG,111,93,3569,23,3592,0.36
7674,11,TIKAM NAGWANSHI,260,93,3030,12,3042,0.3
7675,12,NOTA,472,93,36733,25,36758,3.65
7676,1,BHOJRAJ NAG,159,94,595185,2439,597624,47.23
7677,2,BIRESH THAKUR,290,94,593268,2472,595740,47.08
7678,3,TILAK RAM MARKAM,122,94,11694,76,11770,0.93
7679,4,SONSINGH,80,94,11351,11,11362,0.9
7680,5,JIVAN LAL MATLAM,639,94,8935,14,8949,0.71
7681,6,SUKCHAND NETAM,260,94,8617,106,8723,0.69
7682,7,VINOD NAGWANSHI,267,94,4958,51,5009,0.4
7683,8,THAKESH MAHLA,210,94,4201,21,4222,0.33
7684,9,BHOJRAM MANDAVI,545,94,3326,35,3361,0.27
7685,10,NOTA,472,94,18618,51,18669,1.48
7686,1,VIJAY KUMAR HANSDAK,353,144,607293,6078,613371,50.35
7687,2,TALA MARANDI,159,144,430544,4563,435107,35.72
7688,3,LOBIN HEMBRAM,283,144,41592,548,42140,3.46
7689,4,GOPIN SOREN,228,144,37191,100,37291,3.06
7690,5,MAHESH PAHARIYA,283,144,14950,28,14978,1.23
7691,6,AJIT MARANDI,546,144,11243,8,11251,0.92
7692,7,SEBASTION HEMBROM,283,144,9492,1,9493,0.78
7693,8,MARIYAM MARANDI,122,144,8225,34,8259,0.68
7694,9,PAUL SOREN,65,144,7854,48,7902,0.65
7695,10,DIPA TUDU,283,144,6847,9,6856,0.56
7696,11,KHALIFA KISKU,487,144,4092,15,4107,0.34
7697,12,VINOD KUMAR MANDAL,390,144,3774,35,3809,0.31
7698,13,MUNSHI KISKU,464,144,2777,2,2779,0.23
7699,14,LILI HANSDA,621,144,2682,7,2689,0.22
7700,15,NOTA,472,144,18119,98,18217,1.5
7701,1,NALIN SOREN,353,145,542299,5071,547370,46.23
7702,2,SITA MURMU,159,145,520714,4129,524843,44.32
7703,3,MAHASHON MURMU,283,145,21371,1,21372,1.8
7704,4,BABYLATA TUDU,283,145,19275,85,19360,1.63
7705,5,RAJESH KISKU,227,145,11484,22,11506,0.97
7706,6,DR. SRILAL KISKU,283,145,9414,2,9416,0.8
7707,7,PARESH MARANDI,122,145,7713,20,7733,0.65
7708,8,ANIL TUDU,390,145,6811,7,6818,0.58
7709,9,SUSHANTI HEMBROM,283,145,5150,2,5152,0.44
7710,10,MANOJ HEMBROM,283,145,4814,2,4816,0.41
7711,11,BIREN MOHLI,283,145,4416,2,4418,0.37
7712,12,RAJU EMANUEL MURMU,80,145,3056,4,3060,0.26
7713,13,KAMISHNAR MURMU,283,145,2509,7,2516,0.21
7714,14,BAGHRAI SOREN,283,145,2255,1,2256,0.19
7715,15,SANJAY TUDU,283,145,2171,3,2174,0.18
7716,16,MUNNI HANSDA,621,145,1753,5,1758,0.15
7717,17,NIRMAL SOREN,283,145,1707,6,1713,0.14
7718,18,ALESH HANSDA,293,145,1666,8,1674,0.14
7719,19,JONATHAN MARDI,487,145,1650,1,1651,0.14
7720,20,NOTA,472,145,4453,73,4526,0.38
7721,1,NISHIKANT DUBEY,159,146,688879,4261,693140,49.57
7722,2,PRADEEP YADAV,290,146,586104,5223,591327,42.29
7723,3,UDAY SHANKAR KHAWARE,283,146,26831,6,26837,1.92
7724,4,ARUN MARIK,283,146,17436,1,17437,1.25
7725,5,NILESH KUMAR GUPTA,283,146,10485,3,10488,0.75
7726,6,AVISEK ANAND JHA,283,146,9601,35,9636,0.69
7727,7,BAJRANGI MAHTHA,122,146,8151,24,8175,0.58
7728,8,MUKESH KUMAR JHA,283,146,7366,-,7366,0.53
7729,9,KUMARI DILESHWARI,80,146,6578,3,6581,0.47
7730,10,RAMESHWAR MANDAL,487,146,3315,1,3316,0.24
7731,11,SURAJ KUMAR AMAN,131,146,3070,3,3073,0.22
7732,12,ARUN KUMAR,474,146,2891,2,2893,0.21
7733,13,DR. K. RANGAIAH,283,146,2205,5,2210,0.16
7734,14,BRAJKISHORE PANDIT,49,146,2102,6,2108,0.15
7735,15,ANUP KUMAR,506,146,2003,4,2007,0.14
7736,16,KALIPADA MURMU,667,146,1935,6,1941,0.14
7737,17,KETAN KUMAR,600,146,1896,2,1898,0.14
7738,18,TIPLAL SAH,390,146,1765,5,1770,0.13
7739,19,GYANESHWAR JHA,302,146,1637,3,1640,0.12
7740,20,NOTA,472,146,4309,52,4361,0.31
7741,1,KALI CHARAN SINGH,159,147,568912,5644,574556,52.89
7742,2,KRISHNA NAND TRIPATHI,290,147,348110,5487,353597,32.55
7743,3,AMIT KUMAR SINGH,283,147,31976,15,31991,2.94
7744,4,ARJUN KUMAR,227,147,14062,60,14122,1.3
7745,5,DR. ABHISHEK KUMAR SINGH,283,147,14038,68,14106,1.3
7746,6,ARJUN PRAJAPATI,283,147,13320,8,13328,1.23
7747,7,DEEPAK KUMAR GUPTA,283,147,12384,182,12566,1.16
7748,8,NAGMANI,122,147,11798,152,11950,1.1
7749,9,CHANDAN KUMAR,283,147,6569,13,6582,0.61
7750,10,MD ABUZAR KHAN,283,147,5820,3,5823,0.54
7751,11,YOGESH KUMAR SINGH,283,147,5110,2,5112,0.47
7752,12,BIMAL LAKRA,80,147,4983,31,5014,0.46
7753,13,KARMLAL ORAON,487,147,3968,42,4010,0.37
7754,14,SUMIT KUMAR YADAV,621,147,3499,17,3516,0.32
7755,15,SANJAY KUMAR SNEHI,390,147,3202,14,3216,0.3
7756,16,MAHESH BANDO,119,147,3159,42,3201,0.29
7757,17,SRIRAM SINGH,283,147,2991,2,2993,0.28
7758,18,DARSHAN GANJHU,355,147,2780,37,2817,0.26
7759,19,DULESHWAR SAW,146,147,2376,9,2385,0.22
7760,20,LAW KUMAR PANDIT,131,147,2372,8,2380,0.22
7761,21,KAMDEO DIHO RANA,539,147,2297,12,2309,0.21
7762,22,VIKRANT KUMAR SINGH,283,147,2288,1,2289,0.21
7763,23,NOTA,472,147,8435,76,8511,0.78
7764,1,ANNPURNA DEVI,159,148,787185,4472,791657,57.79
7765,2,VINOD KUMAR SINGH,229,148,410945,3698,414643,30.27
7766,3,MANOJ KUMAR,283,148,28310,302,28612,2.09
7767,4,JAI PRAKASH VERMA,283,148,22843,380,23223,1.7
7768,5,SITAN RABIDAS,122,148,13067,107,13174,0.96
7769,6,SURENDRA KUMAR AGRAWAL,283,148,9646,10,9656,0.7
7770,7,SAHADAT ANSARI,283,148,8217,15,8232,0.6
7771,8,JAYNARAYAN DAS,119,148,6701,37,6738,0.49
7772,9,AKLESHWAR SAW,390,148,5574,27,5601,0.41
7773,10,JITLAL KISKU,283,148,5299,34,5333,0.39
7774,11,MD. SAGIR,283,148,5041,3,5044,0.37
7775,12,AJAY KRISHNA,429,148,4526,15,4541,0.33
7776,13,RAJESH,283,148,4230,3,4233,0.31
7777,14,RAMESHWAR PRASAD YADAV,283,148,4227,2,4229,0.31
7778,15,ASHISH KUMAR,600,148,2892,4,2896,0.21
7779,16,NOTA,472,148,42089,63,42152,3.08
7780,1,CHANDRA PRAKASH CHOUDHARY,2,149,447896,3243,451139,35.67
7781,2,MATHURA PRASAD MAHATO,353,149,367197,3062,370259,29.27
7782,3,JAIRAM KUMAR MAHATO,283,149,342241,5081,347322,27.46
7783,4,KAMAL PRASAD,122,149,13971,103,14074,1.11
7784,5,SUBODH KUMAR YADAV,283,149,13093,13,13106,1.04
7785,6,RAMESHWAR DUSADH,283,149,11011,9,11020,0.87
7786,7,SUNITA TUDU,283,149,10899,45,10944,0.87
7787,8,MD AINUL ANSARI,119,149,6919,20,6939,0.55
7788,9,DWARAKA PRASAD LALA,283,149,5617,10,5627,0.44
7789,10,KALAWATI DEVI,283,149,5414,16,5430,0.43
7790,11,GYANESHWAR PRASAD,390,149,5348,8,5356,0.42
7791,12,SHIVJI PRASAD,600,149,4248,6,4254,0.34
7792,13,PRAMOD RAM,487,149,3805,20,3825,0.3
7793,14,USHA SINGH,283,149,3703,58,3761,0.3
7794,15,PAPPU KUMAR NISHAD,195,149,3203,13,3216,0.25
7795,16,SUBHASH KUMAR THAKUR,640,149,2513,4,2517,0.2
7796,17,NOTA,472,149,5927,117,6044,0.48
7797,1,DULU MAHATO,159,150,782423,6749,789172,55.26
7798,2,ANUPAMA SINGH,290,150,452358,5231,457589,32.04
7799,3,MD. EKLAK ANSARI,283,150,78885,768,79653,5.58
7800,4,JAGDISH RAWANI,283,150,27499,136,27635,1.94
7801,5,JANAK SAH GOND,283,150,12761,3,12764,0.89
7802,6,MD. ZAHIRUDDIN KHAN,283,150,6499,1,6500,0.46
7803,7,MOHAN SINGH,122,150,5594,45,5639,0.39
7804,8,TULSI MAHTO,283,150,5371,4,5375,0.38
7805,9,KAMASHEVAR PRA. VERMA,283,150,4002,2,4004,0.28
7806,10,SUNAINA KINNAR,283,150,3430,32,3462,0.24
7807,11,AKBAR ALI,50,150,3031,10,3041,0.21
7808,12,KRISHNA CHANDRA SINGH RAJ,621,150,2818,3,2821,0.2
7809,13,ANINDITA DAS,283,150,2655,19,2674,0.19
7810,14,REZAUL HAQUE,390,150,2642,7,2649,0.19
7811,15,LAKSHMI DEVI,283,150,2600,5,2605,0.18
7812,16,UMESH PASWAN,283,150,2554,6,2560,0.18
7813,17,MOHAMMAD FAISHAL KHAN,283,150,1994,2,1996,0.14
7814,18,RAJIB TIWARI,667,150,1880,10,1890,0.13
7815,19,DEEPAK KUMAR DAS,487,150,1720,15,1735,0.12
7816,20,NITAI DUTTA,283,150,1695,48,1743,0.12
7817,21,SANJAY KUMAR GIRI,39,150,1617,10,1627,0.11
7818,22,PERWEZ NEYYAR,21,150,1157,4,1161,0.08
7819,23,TRIDEV KR MAHTO,283,150,1126,18,1144,0.08
7820,24,MOHAMMAD TAFAZUL HUSSAIN,283,150,681,-,681,0.05
7821,25,PREM PRAKASH PASWAN,283,150,516,17,533,0.04
7822,26,NOTA,472,150,7202,152,7354,0.51
7823,1,SANJAY SETH,159,151,658975,5757,664732,45.91
7824,2,YASHASWINI SAHAY,290,151,537646,6574,544220,37.59
7825,3,DEVENDRA NATH MAHTO,283,151,130526,2121,132647,9.16
7826,4,SOMA SINGH,308,151,10340,1,10341,0.71
7827,5,NIPU SINGH,548,151,7793,10,7803,0.54
7828,6,DHANANJAY BHAGAT “GANDHI“,421,151,6784,15,6799,0.47
7829,7,SHYAM  BIHARI PRAJAPATI,131,151,6524,6,6530,0.45
7830,8,MANOJ KUMAR,122,151,6383,44,6427,0.44
7831,9,RAMHARI GOPE,80,151,6304,5,6309,0.44
7832,10,ANJANI PANDEY,283,151,5386,11,5397,0.37
7833,11,SARWESHWARI SAHU,252,151,4794,8,4802,0.33
7834,12,HARINATH SAHU,390,151,4120,16,4136,0.29
7835,13,HEMNTI DEVI,621,151,4069,11,4080,0.28
7836,14,RANJANA GIRI,592,151,3206,2,3208,0.22
7837,15,BIRENDRA NATH MANJHI,25,151,3130,25,3155,0.22
7838,16,DHARMENDRA TIWARY,190,151,3072,22,3094,0.21
7839,17,PRAWEEN KACHHAP,624,151,2870,74,2944,0.2
7840,18,PRABEEN CHANDRA MAHATO,283,151,2852,7,2859,0.2
7841,19,SANTOSH KUMAR JAISWAL,283,151,2782,5,2787,0.19
7842,20,PANKAJ KUMAR RAVI,487,151,2756,7,2763,0.19
7843,21,MANORANJAN BHATTACHARYA,283,151,2537,2,2539,0.18
7844,22,AINUL ANSARI,283,151,2533,4,2537,0.18
7845,23,BINOD ORAON,119,151,2523,66,2589,0.18
7846,24,MINTU PASWAN,667,151,2151,13,2164,0.15
7847,25,KOLESHWAR MAHTO,283,151,1702,6,1708,0.12
7848,26,KAMESHWAR PRASAD SAW,283,151,1644,2,1646,0.11
7849,27,ARSHAD AYUB,283,151,1411,1,1412,0.1
7850,28,NOTA,472,151,8046,107,8153,0.56
7851,1,BIDYUT BARAN MAHATO,159,152,719891,6283,726174,56.84
7852,2,SAMIR KUMAR MOHANTY,353,152,459997,6395,466392,36.5
7853,3,INDRA DEO PRASAD,283,152,8463,6,8469,0.66
7854,4,ARUN MAHATO,283,152,7337,7,7344,0.57
7855,5,ANAND MUKHI,283,152,6346,6,6352,0.5
7856,6,PRANAV KUMAR MAHTO,122,152,6090,61,6151,0.48
7857,7,BISHWANATH MAHATO,283,152,5226,105,5331,0.42
7858,8,ANGAD MAHATO,82,152,4898,27,4925,0.39
7859,9,JUJHAR SOREN,283,152,4262,53,4315,0.34
7860,10,SUKUMAR SOREN,132,152,3860,34,3894,0.3
7861,11,DHARMU TUDU,80,152,3274,17,3291,0.26
7862,12,JITENDRA SINGH,283,152,3159,8,3167,0.25
7863,13,SANAKA MAHATO,667,152,3137,38,3175,0.25
7864,14,MANOJ GUPTA,390,152,2355,7,2362,0.18
7865,15,SADHU CHARAN PAUL,283,152,2291,26,2317,0.18
7866,16,SAURAV VISHNU,283,152,2234,30,2264,0.18
7867,17,SHAIKH AKHIRUDDIN,118,152,2099,9,2108,0.16
7868,18,ASHOK KUMAR,487,152,2038,10,2048,0.16
7869,19,MAHESH KUMAR,600,152,1952,8,1960,0.15
7870,20,G JAYRAM DAS,283,152,1927,4,1931,0.15
7871,21,ARUN KUMAR SHARMA,179,152,1797,4,1801,0.14
7872,22,DOMAN CHANDRA BHAKAT,131,152,1343,5,1348,0.11
7873,23,BABLU PRASAD DANGI,283,152,1144,8,1152,0.09
7874,24,GYAN SAGAR PRASAD,283,152,1043,1,1044,0.08
7875,25,PARWATI KISKU,283,152,972,16,988,0.08
7876,26,NOTA,472,152,7105,221,7326,0.57
7877,1,JOBA MAJHI,353,153,515989,4175,520164,51.62
7878,2,GEETA KORA,159,153,349006,2756,351762,34.91
7879,3,DAMODAR SINGH HANSDA,283,153,43838,454,44292,4.4
7880,4,MADHAV CHANDRA KUNKAL,283,153,19729,105,19834,1.97
7881,5,SANGRAM MARDI,283,153,16097,14,16111,1.6
7882,6,PARDESHI LAL MUNDA,122,153,8708,34,8742,0.87
7883,7,DURGA LAL MURMU,283,153,4912,12,4924,0.49
7884,8,CHITRASEN SINKU,355,153,3188,22,3210,0.32
7885,9,BISHWA VIJAY MARDI,80,153,3067,3,3070,0.3
7886,10,ASHA KUMARI RUNDA,283,153,2736,18,2754,0.27
7887,11,KRISHNA MARDI,354,153,2597,18,2615,0.26
7888,12,SUDHA RANI BESRA,487,153,2398,11,2409,0.24
7889,13,BIR SINGH DEOGAM,600,153,1919,8,1927,0.19
7890,14,PANMANI SINGH,667,153,1793,8,1801,0.18
7891,15,NOTA,472,153,23907,75,23982,2.38
7892,1,KALI CHARAN MUNDA,290,154,503997,7650,511647,54.62
7893,2,ARJUN MUNDA,159,154,358076,3896,361972,38.64
7894,3,SAVITRI DEVI,122,154,12202,98,12300,1.31
7895,4,BASANT KUMAR LONGA,283,154,10735,20,10755,1.15
7896,5,ARPANA HANS,355,154,8450,82,8532,0.91
7897,6,PASTAR SANJAY KUMAR TIRKEY,283,154,4944,19,4963,0.53
7898,7,BABITA KACHHAP,132,154,4507,87,4594,0.49
7899,8,NOTA,472,154,21814,105,21919,2.34
7900,1,SUKHDEO BHAGAT,290,155,476112,6926,483038,49.95
7901,2,SAMIR ORAON,159,155,339685,4215,343900,35.56
7902,3,CHAMRA LINDA,283,155,45082,916,45998,4.76
7903,4,MAHENDRA ORAON,227,155,16776,17,16793,1.74
7904,5,SHANIYA ORAON,283,155,10894,17,10911,1.13
7905,6,GIRJANANDAN URAON,122,155,9103,45,9148,0.95
7906,7,MARIANUS TIGGA,283,155,9100,31,9131,0.94
7907,8,STEPHAN KINDO,283,155,7594,5,7599,0.79
7908,9,BIHARI BHAGAT,487,155,7558,44,7602,0.79
7909,10,RANJEET BHAGAT,283,155,5510,17,5527,0.57
7910,11,RAMCHANDRA BHAGAT,390,155,4303,7,4310,0.45
7911,12,PAWAN TIGGA,283,155,3685,28,3713,0.38
7912,13,ARPAN DEO BHAGAT,283,155,2796,18,2814,0.29
7913,14,ARJUN TOPPO,283,155,2706,41,2747,0.28
7914,15,MANI MUNDA,131,155,2490,20,2510,0.26
7915,16,NOTA,472,155,11304,80,11384,1.18
7916,1,VISHNU DAYAL RAM,159,156,762290,8072,770362,55.39
7917,2,MAMTA BHUIYAN,540,156,473668,7887,481555,34.63
7918,3,KAMESHWAR BAITHA,122,156,39267,733,40000,2.88
7919,4,SANAN RAM,390,156,17849,26,17875,1.29
7920,5,GANESH RAVI,283,156,17669,30,17699,1.27
7921,6,BRAJESH KUMAR TURI,574,156,17542,24,17566,1.26
7922,7,VRINDA RAM,487,156,11205,65,11270,0.81
7923,8,MAHENDRA BAITHA,667,156,5097,18,5115,0.37
7924,9,RAM VACHAN RAM,119,156,4924,29,4953,0.36
7925,10,NOTA,472,156,24226,117,24343,1.75
7926,1,MANISH JAISWAL,159,157,647416,7197,654613,51.76
7927,2,JAI PRAKASH BHAI PATEL,290,157,371641,6286,377927,29.88
7928,3,SANJAY KUMAR MEHTA,283,157,156298,1679,157977,12.49
7929,4,SHASHI BHUSHAN KESHRI,283,157,15373,13,15386,1.22
7930,5,ANIRUDDH KUMAR,227,157,10428,40,10468,0.83
7931,6,MD. MOIN UDDIN AHMAD,122,157,7395,43,7438,0.59
7932,7,MD. SERAJ,283,157,5503,3,5506,0.44
7933,8,VINOD KUMAR RANA,283,157,4831,10,4841,0.38
7934,9,KUNJ BIHARI KUMAR,390,157,4220,14,4234,0.33
7935,10,CHHATHI DEVI,50,157,3296,20,3316,0.26
7936,11,ABHISHEK KUMAR,283,157,2963,9,2972,0.24
7937,12,NISHANT KUMAR SINHA,487,157,2932,24,2956,0.23
7938,13,MANOJ KUMAR BEDIA,283,157,2559,19,2578,0.2
7939,14,BHUNESHWAR BEDIYA,621,157,2236,28,2264,0.18
7940,15,RAJ KUMAR,355,157,1885,50,1935,0.15
7941,16,SHYAM BIHARI PRAJAPATI,131,157,1818,21,1839,0.15
7942,17,PRAKASH SONI,179,157,1209,8,1217,0.1
7943,18,NOTA,472,157,7090,110,7200,0.57
7944,1,MALA RAJYA LAKSHMI SHAH,159,497,455949,6654,462603,53.66
7945,2,JOT SINGH GUNSOLA,290,497,187602,2508,190110,22.05
7946,3,BOBY PANWAR,283,497,162469,5612,168081,19.5
7947,4,NAVNEET SINGH GOSAIN,584,497,9969,57,10026,1.16
7948,5,NEMCHAND,122,497,6786,122,6908,0.8
7949,6,BRIJ BHUSHAN KARANWAL,204,497,3545,25,3570,0.41
7950,7,SARDAR KHAN PAPPU,283,497,3268,7,3275,0.38
7951,8,VEPIN KUMAR AGGARWAL,283,497,3173,43,3216,0.37
7952,9,RAMPAL SINGH,487,497,2343,19,2362,0.27
7953,10,SUDESH TOMAR,283,497,2261,7,2268,0.26
7954,11,PREM DUTT SEMWAL,283,497,2134,30,2164,0.25
7955,12,NOTA,472,497,7304,154,7458,0.87
7956,1,ANIL BALUNI,159,498,418531,13628,432159,58.6
7957,2,GANESH GODIYAL,290,498,262692,5964,268656,36.43
7958,3,SONU KUMAR,283,498,4803,19,4822,0.65
7959,4,ASHUTOSH SINGH,715,498,4182,379,4561,0.62
7960,5,DHEER SINGH,122,498,4007,115,4122,0.56
7961,6,MUKESH PRAKASH,283,498,3064,15,3079,0.42
7962,7,SURESHI DEVI,487,498,1472,40,1512,0.21
7963,8,DEEPENDRA SINGH NEGI,283,498,1408,232,1640,0.22
7964,9,ARJUN SINGH,50,498,1308,70,1378,0.19
7965,10,RESHMA PANWAR,667,498,1168,125,1293,0.18
7966,11,DR MUKESH PANT,606,498,1121,58,1179,0.16
7967,12,VINOD KUMAR SHARMA,717,498,838,46,884,0.12
7968,13,SHYAMLAL,119,498,743,28,771,0.1
7969,14,NOTA,472,498,11224,151,11375,1.54
7970,1,AJAY TAMTA,159,499,417535,11632,429167,64.2
7971,2,PRADEEP TAMTA,290,499,191642,3428,195070,29.18
7972,3,NARAYAN RAM,122,499,9840,235,10075,1.51
7973,4,KIRAN ARYA,716,499,5528,250,5778,0.86
7974,5,ARJUN PRASAD,283,499,4591,116,4707,0.7
7975,6,DR PRAMOD KUMAR,487,499,4401,56,4457,0.67
7976,7,ER JYOTI PRAKASH TAMTA,119,499,2178,46,2224,0.33
7977,8,NOTA,472,499,16697,322,17019,2.55
7978,1,AJAY BHATT,159,500,766397,6274,772671,61.03
7979,2,PRAKASH JOSHI,290,500,434916,3207,438123,34.61
7980,3,AKHTAR ALI,122,500,23276,179,23455,1.85
7981,4,AKHALESH KUMAR,50,500,4871,31,4902,0.39
7982,5,HITESH PATHAK,283,500,4287,28,4315,0.34
7983,6,RAMESH KUMAR MAX,283,500,3271,29,3300,0.26
7984,7,AMAR SINGH SAINI,487,500,2963,24,2987,0.24
7985,8,JEEVAN CHANDRA UPRETI,137,500,2292,18,2310,0.18
7986,9,SHIB SINGH,715,500,1809,46,1855,0.15
7987,10,SURENDRA SINGH,210,500,1655,18,1673,0.13
7988,11,NOTA,472,500,10227,198,10425,0.82
7989,1,TRIVENDRA SINGH RAWAT,159,501,648498,5310,653808,50.19
7990,2,VIRENDRA RAWAT,290,501,487406,2346,489752,37.6
7991,3,UMESH KUMAR PATRAKAR,283,501,89958,1230,91188,7
7992,4,JAMIL AHMAD,122,501,42116,207,42323,3.25
7993,5,BALBIR SINGH BHANDARI,717,501,2943,18,2961,0.23
7994,6,MOHAN SINGH ASWAL,715,501,2809,45,2854,0.22
7995,7,VIJAY KUMAR,283,501,2409,1,2410,0.19
7996,8,PAWAN KASHYAP,283,501,2170,8,2178,0.17
7997,9,KARAN SINGH SAINI ENGINEER,283,501,1963,11,1974,0.15
7998,10,AKRAM HUSSAIN,283,501,1678,7,1685,0.13
7999,11,LALIT KUMAR,487,501,1396,14,1410,0.11
8000,12,SURESH PAL,204,501,1150,12,1162,0.09
8001,13,ASHISH DHYANI,283,501,1107,10,1117,0.09
8002,14,AVNISH KUMAR,283,501,967,8,975,0.07
8003,15,NOTA,472,501,6663,163,6826,0.52
8004,1,GODAM NAGESH,159,398,558936,9232,568168,45.98
8005,2,ATHRAM SUGUNA,290,398,472333,5183,477516,38.65
8006,3,ATHRAM SAKKU,143,398,136463,837,137300,11.11
8007,4,MALOTHU SYAMLAL NAYAK,76,398,7489,10,7499,0.61
8008,5,MESRAM JANGUBAPU,122,398,6689,55,6744,0.55
8009,6,RATHOD SUBASH,283,398,6434,94,6528,0.53
8010,7,BUKYA JAIVANTH RAO,283,398,6427,19,6446,0.52
8011,8,CHAVAN SUDHARSHAN,91,398,4618,26,4644,0.38
8012,9,GANGADEVI MESRAM,244,398,3445,23,3468,0.28
8013,10,N. TIRUPATI,722,398,2284,8,2292,0.19
8014,11,KODAPA VAMAN RAO,261,398,1677,8,1685,0.14
8015,12,GEDAM. SAGAR,286,398,1537,8,1545,0.13
8016,13,NOTA,472,398,11650,112,11762,0.95
8017,1,VAMSI KRISHNA GADDAM,290,399,470180,5407,475587,43.42
8018,2,SRINIVAS GOMASE,159,399,339107,5116,344223,31.43
8019,3,ESHWAR KOPPULA,143,399,191891,1465,193356,17.65
8020,4,ERUKULLA RAJA NARSAIAH,122,399,6730,69,6799,0.62
8021,5,VENUGOPAL MOYYI,119,399,5220,3,5223,0.48
8022,6,MOTHE NARESH,487,399,4998,9,5007,0.46
8023,7,RAMESH MANDA,244,399,4314,20,4334,0.4
8024,8,AMBOJU SUMALATHA,76,399,3770,13,3783,0.35
8025,9,DURGAM RAMULU,283,399,3432,2,3434,0.31
8026,10,MULKALLA RAJENDRAPRASAD,283,399,2786,3,2789,0.25
8027,11,RAMCHANDAR NICHHAKOLA,234,399,2589,40,2629,0.24
8028,12,KANDI CHANDU,563,399,2409,1,2410,0.22
8029,13,RAMULA KARTHIK,283,399,2284,4,2288,0.21
8030,14,MOLUGU VENKATESH,468,399,2234,35,2269,0.21
8031,15,ERUGURALA BHAGYALAXMI,514,399,2113,12,2125,0.19
8032,16,GADDAM MARUTHI,283,399,2073,8,2081,0.19
8033,17,NAVEEN NUKALA,283,399,2057,10,2067,0.19
8034,18,MEKALA AKSHAY KUMAR,283,399,1899,3,1902,0.17
8035,19,KATKURI SANDEEP,283,399,1867,5,1872,0.17
8036,20,BOTLA CHANDRAIAH,283,399,1744,3,1747,0.16
8037,21,ERIKILLA RAJESH,283,399,1731,3,1734,0.16
8038,22,AKKAPAKA THIRUPATHI,283,399,1662,7,1669,0.15
8039,23,DURGAM SANTHOSH,502,399,1576,38,1614,0.15
8040,24,MAMIDIPALLY BAPAIAH,283,399,1501,3,1504,0.14
8041,25,DUDA MAHIPAL,283,399,1495,1,1496,0.14
8042,26,BOODIDHA THIRUPATHI,283,399,1392,1,1393,0.13
8043,27,DAGAM SRINIVAS,283,399,1384,4,1388,0.13
8044,28,KADASI SHEKHAR,283,399,1266,6,1272,0.12
8045,29,DR VASARLA NATHANIAL,283,399,1195,22,1217,0.11
8046,30,AARNAKONDA RAJU,283,399,1160,7,1167,0.11
8047,31,NARESH JANAGAMA,283,399,1117,6,1123,0.1
8048,32,CHILUKA ANAND,743,399,1089,4,1093,0.1
8049,33,TALLAPALLY NARESH,283,399,967,1,968,0.09
8050,34,KURMA MAHENDER,283,399,863,2,865,0.08
8051,35,CHANDANAGIRI SHRINIVAS,283,399,766,-,766,0.07
8052,36,KASHI SATHISH KUMAR,92,399,745,6,751,0.07
8053,37,KANAKAIAH MULKALA,666,399,709,11,720,0.07
8054,38,SRINIVAS PANTHUKALA,283,399,701,2,703,0.06
8055,39,KONKATI LINGA MURTHI,283,399,659,2,661,0.06
8056,40,JUPAKA KIRAN,283,399,649,4,653,0.06
8057,41,RAJKUMAR DURGAM,283,399,478,1,479,0.04
8058,42,RAJESHAM RACHARLA,283,399,422,1,423,0.04
8059,43,NOTA,472,399,5591,120,5711,0.52
8060,1,BANDI SANJAY KUMAR,159,400,578827,6289,585116,44.57
8061,2,VELCHALA RAJENDER RAO,290,400,357446,2461,359907,27.41
8062,3,VINOD KUMAR BOIANAPALLI,143,400,280867,1296,282163,21.49
8063,4,ABBADI BUCHI REDDY,283,400,11602,10,11612,0.88
8064,5,ARUNA THALLAPALLY,76,400,9043,21,9064,0.69
8065,6,KOTA SHYAM KUMAR,283,400,8744,12,8756,0.67
8066,7,ANOSE KATKOORI,283,400,8699,7,8706,0.66
8067,8,MAREPALLI MOGILAIAH,122,400,8010,99,8109,0.62
8068,9,RAJENDER POTHURI,283,400,3250,7,3257,0.25
8069,10,SRAVAN PEDDAPELLY,147,400,3068,6,3074,0.23
8070,11,GADDA SATHISH,283,400,2936,9,2945,0.22
8071,12,ANILREDDY KADTHALA,449,400,2747,7,2754,0.21
8072,13,CHILUVERU SRIKANTH,244,400,2553,33,2586,0.2
8073,14,AKSHAY KUMAR MEKALA,283,400,2219,5,2224,0.17
8074,15,JOURNALIST VIKRAM REDDY VEMULAA,283,400,2090,6,2096,0.16
8075,16,ASHOK PANCHIKA,665,400,1914,10,1924,0.15
8076,17,GAVVALA LAXMI,283,400,1738,6,1744,0.13
8077,18,GATTAIAH YADAV BARIGE,283,400,1688,6,1694,0.13
8078,19,RANAPRATAP GATTU,666,400,1606,7,1613,0.12
8079,20,GUDISHE  MOHAN,283,400,1471,3,1474,0.11
8080,21,MANASA PERALA,283,400,1106,19,1125,0.09
8081,22,PODISHETTI SAMMAIAH,119,400,994,-,994,0.08
8082,23,VENKATANARSAIAH DYAGALA @ DEGALA,283,400,926,2,928,0.07
8083,24,SHIVARATRI SRINIVAS,283,400,887,2,889,0.07
8084,25,CHINTHA ANILKUMAR,514,400,823,7,830,0.06
8085,26,CHEEKOTI VARUN KUMAR GUPTA,698,400,783,7,790,0.06
8086,27,RAPOLE RAMKUMAR BHARADWAJ,283,400,572,3,575,0.04
8087,28,DEVUNOORI SRINIVASU,283,400,465,-,465,0.04
8088,29,NOTA,472,400,5373,65,5438,0.41
8089,1,ARVIND DHARMAPURI,159,401,588244,4074,592318,48.02
8090,2,JEEVANREDDY THATIPARTHI,290,401,480501,2576,483077,39.16
8091,3,GOVERDHAN BAJIREDDY,143,401,101929,477,102406,8.3
8092,4,GANTA CHARITHA RAO,283,401,5707,3,5710,0.46
8093,5,YOUGENDAR GATLA,76,401,5439,14,5453,0.44
8094,6,KOTAGIRI SRINIVAS,283,401,5308,4,5312,0.43
8095,7,PUPPALA LIMBADRI,122,401,4220,43,4263,0.35
8096,8,TUTUKURU JEEVAN REDDY,283,401,4085,6,4091,0.33
8097,9,KANDELA SUMAN,244,401,3842,44,3886,0.32
8098,10,GOLI. NARESH,234,401,3017,7,3024,0.25
8099,11,ARE RAJENDHAR,283,401,2906,1,2907,0.24
8100,12,KOTHAKONDA SHAKTI PRASAD,283,401,2103,3,2106,0.17
8101,13,VEMULAA VIKRAM REDDY,283,401,2073,1,2074,0.17
8102,14,GOPI CHENDRIAH,283,401,1721,2,1723,0.14
8103,15,ALI MANSOOR,91,401,1454,14,1468,0.12
8104,16,GUYYA SAIKRISHNA MURTHY,740,401,1123,6,1129,0.09
8105,17,SYED ASGAR,283,401,1046,2,1048,0.08
8106,18,MALAVAT VITHAL,283,401,919,-,919,0.07
8107,19,MOGILI RAJKUMAR,286,401,825,5,830,0.07
8108,20,RAPELLY SRINIVAS,283,401,791,2,793,0.06
8109,21,DESHABOINA LAXMINARAYANA,283,401,723,-,723,0.06
8110,22,ABBAGONI ASHOK GOUD,126,401,641,8,649,0.05
8111,23,DEVATHI SRINIVAS,119,401,624,12,636,0.05
8112,24,B B NAIK,283,401,581,-,581,0.05
8113,25,BHUKYA. NANDU,722,401,574,6,580,0.05
8114,26,RAPALLY SATYANARAYANA,283,401,425,1,426,0.03
8115,27,RAGI ANIL,283,401,367,8,375,0.03
8116,28,PALAMURI SAI NIKHIL,283,401,303,4,307,0.02
8117,29,PRASHANTH KATRAJI,283,401,284,-,284,0.02
8118,30,NOTA,472,401,4440,43,4483,0.36
8119,1,SURESH KUMAR SHETKAR,290,402,523919,4499,528418,42.73
8120,2,B. B. PATIL,159,402,476023,6207,482230,39
8121,3,ANILKUMAR GALI,143,402,171412,666,172078,13.92
8122,4,KOTHA BALIJA BASWARAJ,692,402,8362,11,8373,0.68
8123,5,CHAVAGANI MANI,76,402,6295,14,6309,0.51
8124,6,YAKUB SHARIF MD,283,402,5484,5,5489,0.44
8125,7,MAHADHEV SWAMI MATAM,283,402,5408,4,5412,0.44
8126,8,B. MARUTHI RAO,283,402,4248,4,4252,0.34
8127,9,S. RAJU,283,402,3511,3,3514,0.28
8128,10,SATYANARAYANA GOUD KOVURI,283,402,2875,1,2876,0.23
8129,11,RAMESH. SAJJAPUR.,283,402,2477,2,2479,0.2
8130,12,KAMMARI ANANDEESHWAR,283,402,2381,3,2384,0.19
8131,13,JAIPAL NAYAK JADAVATH,283,402,2217,51,2268,0.18
8132,14,GURRAPU MACHANDER,59,402,1760,9,1769,0.14
8133,15,T.D.S. MANI,244,402,1628,27,1655,0.13
8134,16,MOHD SADDAM,283,402,1567,1,1568,0.13
8135,17,MALEPU MOHAN REDDY,514,402,1095,7,1102,0.09
8136,18,ASHOK TALARI,283,402,831,6,837,0.07
8137,19,ROMALA BABU DURGAIAH,286,402,601,2,603,0.05
8138,20,NOTA,472,402,2933,44,2977,0.24
8139,1,MADHAVANENI RAGHUNANDAN RAO,159,403,463777,7440,471217,33.99
8140,2,NEELAM MADHU,290,403,427899,4179,432078,31.17
8141,3,P. VENKATRAMA REDDY,143,403,395250,1540,396790,28.62
8142,4,NANDA KISHORE TALLADA,76,403,17191,25,17216,1.24
8143,5,SARA YADAGIRI GOUD,501,403,11056,4,11060,0.8
8144,6,BODAPATLA ESHWAR,122,403,7423,40,7463,0.54
8145,7,DUBALA SRI SAILAM,283,403,5161,5,5166,0.37
8146,8,ADLA KUMAR,283,403,5113,3,5116,0.37
8147,9,BANDAPALLY SRINIVAS,667,403,2366,-,2366,0.17
8148,10,ANIL GOUD,136,403,2128,4,2132,0.15
8149,11,ABHILASH CHELIMELA,283,403,2031,-,2031,0.15
8150,12,ATI ANJANEYULU,283,403,2029,9,2038,0.15
8151,13,MAISANGARI SUNIL,286,403,2009,2,2011,0.15
8152,14,PRADEEP,283,403,2006,4,2010,0.14
8153,15,INDRAGOUD SILIVERI,449,403,1773,1,1774,0.13
8154,16,NAGAMANI ACHA,283,403,1538,2,1540,0.11
8155,17,A. KRANTHI KUMAR,283,403,1465,2,1467,0.11
8156,18,MAREPALLY LAXMINARAYANA,283,403,1411,3,1414,0.1
8157,19,BALESH UPPARI,283,403,1390,3,1393,0.1
8158,20,VENKATESH BEJUGAM,283,403,1263,1,1264,0.09
8159,21,BOMMALA VIJAY KUMAR,283,403,1194,2,1196,0.09
8160,22,ANNELA LAXMAN,244,403,1143,9,1152,0.08
8161,23,ABHILASH SHIRNA,283,403,923,1,924,0.07
8162,24,DODLA VENKAT,692,403,915,2,917,0.07
8163,25,ABISHEK GOUD THABETI,329,403,792,5,797,0.06
8164,26,MEDI SRINIVAS REDDI,283,403,791,2,793,0.06
8165,27,VUTLA RAMESH,283,403,778,-,778,0.06
8166,28,D. NARAHARI,283,403,674,1,675,0.05
8167,29,GOLLAPALLY SAYA GOUD,514,403,656,2,658,0.05
8168,30,SATYANARAYANA GOUD KOVURI,283,403,607,-,607,0.04
8169,31,DASARI BHANUCHANDER,283,403,573,2,575,0.04
8170,32,DADIGE RAJENDAR,283,403,556,3,559,0.04
8171,33,C.H. NAVEEN KUMAR,283,403,529,2,531,0.04
8172,34,KONDI ASHOK,283,403,509,-,509,0.04
8173,35,URELLI YELLAIAH,724,403,492,2,494,0.04
8174,36,GONDHI BHUJANGAMU,283,403,430,1,431,0.03
8175,37,MOHD AZHER,283,403,414,2,416,0.03
8176,38,S RAJESH SAGAR,283,403,348,-,348,0.03
8177,39,KASOJU SRIKANTH,283,403,344,-,344,0.02
8178,40,K. LAXMINARAYANA,283,403,317,-,317,0.02
8179,41,KOLKUR PRATAP,283,403,292,1,293,0.02
8180,42,GADILA ANJANEYULU,283,403,289,1,290,0.02
8181,43,GOUTI MALLESH,283,403,247,1,248,0.02
8182,44,K.RAGHU,283,403,222,2,224,0.02
8183,45,NOTA,472,403,4582,35,4617,0.33
8184,1,EATALA RAJENDER,159,404,980712,10330,991042,51.25
8185,2,PATNAM SUNEETHA MAHENDER REDDY,290,404,593337,6230,599567,31
8186,3,RAGIDI LAXMA REDDY,143,404,298697,1789,300486,15.54
8187,4,THALLADA VENKATESWARLU,283,404,6784,16,6800,0.35
8188,5,ANITHA REDDY SHEELAM,122,404,4718,61,4779,0.25
8189,6,VAISHNAVI PRASAD,283,404,1894,18,1912,0.1
8190,7,PAREE (PESARIKAYALA PAREEKSHITH REDDY),283,404,1831,4,1835,0.09
8191,8,DONTHULA BIKSHAPATHI,283,404,1813,8,1821,0.09
8192,9,BHARATHA SUDARSHAN,283,404,1639,4,1643,0.08
8193,10,APPARAO KONDA,521,404,1157,5,1162,0.06
8194,11,MOUTAM SAMPATH,283,404,1135,2,1137,0.06
8195,12,RAJESH MISHRA,283,404,1110,-,1110,0.06
8196,13,BANJAPALLY SUDHA RANI,283,404,1064,5,1069,0.06
8197,14,CHIRIPI REDDY RAMESH,283,404,986,1,987,0.05
8198,15,PEDDAPALLI SANDEEP,147,404,930,3,933,0.05
8199,16,BOIN DURGA PRASAD YADAV,244,404,778,11,789,0.04
8200,17,CHAMAKURA RAJAIAH ALIAS PIDIKILI RAJU,665,404,722,1,723,0.04
8201,18,NARRA SUKHENDER REDDY,722,404,690,4,694,0.04
8202,19,KANTE SAYANNA,283,404,539,-,539,0.03
8203,20,JUVVA PHANI KUMAR CHOWDARY,303,404,505,3,508,0.03
8204,21,YADISHWAR NAKKA,696,404,492,2,494,0.03
8205,22,R. SUBENDER SINGH,283,404,446,1,447,0.02
8206,23,NOTA,472,404,13206,160,13366,0.69
8207,1,G. KISHAN REDDY,159,405,468311,4701,473012,45.15
8208,2,DANAM NAGENDER,290,405,420220,2848,423068,40.38
8209,3,PADMA RAO . T,143,405,128680,906,129586,12.37
8210,4,DR.  BASWANANDAM DANDEPU,122,405,2248,20,2268,0.22
8211,5,SARARAPU SRISAILAM,694,405,1726,1,1727,0.16
8212,6,SAPAVAT SUMAN,283,405,996,-,996,0.1
8213,7,R.S.J. THOMAS,312,405,971,3,974,0.09
8214,8,RAASALA VINOD KUMAR,244,405,820,6,826,0.08
8215,9,KOLISETTY SHIVA KUMAR,740,405,678,1,679,0.06
8216,10,MACHCHERLA VENKATA REDDY,283,405,672,1,673,0.06
8217,11,MOHAMMED AKRAM ALI KHAN,283,405,596,1,597,0.06
8218,12,MOHAMMED RAFIUDDIN KALEEM,64,405,478,6,484,0.05
8219,13,LUNAVATH HARI RAM,283,405,474,-,474,0.05
8220,14,BOGGULA SUNIITHHA,283,405,417,1,418,0.04
8221,15,MOHAMMED AYUB ALI,91,405,406,4,410,0.04
8222,16,MOHAMMED FASI UDDIN,283,405,341,1,342,0.03
8223,17,PULIMAMIDI VENKATESH GUPTA,283,405,340,-,340,0.03
8224,18,IBRAHIM KHAN,283,405,315,5,320,0.03
8225,19,ANDRAPU SUDARSHAN,283,405,312,3,315,0.03
8226,20,JUNAID ANAM SIDDIQUI,283,405,294,1,295,0.03
8227,21,KRANTHI KUMAR BANDELA,294,405,283,2,285,0.03
8228,22,DR. R. GANGADHAR,667,405,280,1,281,0.03
8229,23,UTTAM PRAVEEN KUMAR,283,405,273,1,274,0.03
8230,24,GOWLIKAR SONY,665,405,269,3,272,0.03
8231,25,BATHULA RAVI,283,405,252,-,252,0.02
8232,26,P C LINGANNA,283,405,243,-,243,0.02
8233,27,MOHAMMED IBRAHIM AHMED,283,405,240,2,242,0.02
8234,28,SANGALA FLORY,283,405,223,-,223,0.02
8235,29,MOHAMMED ABDUL AZEEM,283,405,220,1,221,0.02
8236,30,GANESH BHARGAVI GUNDE,303,405,220,3,223,0.02
8237,31,V. K. VIJAYA LAKSHMI,283,405,213,3,216,0.02
8238,32,CHEEKATI BHUPAL GOUD,58,405,209,1,210,0.02
8239,33,BOMMAKANTI SOWMYA,514,405,201,4,205,0.02
8240,34,KRUPAVARAM GANDU,283,405,159,2,161,0.02
8241,35,PAMPARI NARENDER,283,405,143,-,143,0.01
8242,36,SYED KHADER,283,405,132,1,133,0.01
8243,37,B . SUNITHA RANI,666,405,130,3,133,0.01
8244,38,CHALIKA CHANDRA SEKHAR,283,405,129,-,129,0.01
8245,39,PAGIDIPALLI SHYAMSON,724,405,126,4,130,0.01
8246,40,REDDYMALLA PARVATHI,283,405,126,1,127,0.01
8247,41,VELAMARTHI. RAVI KIRAN,283,405,123,1,124,0.01
8248,42,K. MURALI KRISHNA,283,405,120,-,120,0.01
8249,43,DEVENDAR KONNE,283,405,117,-,117,0.01
8250,44,KONDOJU MOHAN,283,405,113,1,114,0.01
8251,45,MD KHALEEL UZ ZAMA,283,405,110,1,111,0.01
8252,46,NOTA,472,405,5092,74,5166,0.49
8253,1,ASADUDDIN OWAISI,65,406,659278,2703,661981,61.28
8254,2,MADHAVI LATHA KOMPELLA,159,406,320481,3413,323894,29.98
8255,3,MOHAMMED WALIULLAH SAMEER,290,406,62497,465,62962,5.83
8256,4,SRINIVAS YADAV GADDAM,143,406,18498,143,18641,1.73
8257,5,MEKALA RAGHUMA REDDY,740,406,2231,1,2232,0.21
8258,6,DR.J.PADMAJA,724,406,899,1,900,0.08
8259,7,K.S.KRISHNA,122,406,763,6,769,0.07
8260,8,RAMESH KUMAR MATANGI,608,406,663,-,663,0.06
8261,9,KRANTHI KUMAR BANDELA,294,406,561,1,562,0.05
8262,10,M.JOHNSON,63,406,515,-,515,0.05
8263,11,JAMEEL SAYED,76,406,492,-,492,0.05
8264,12,ASHOK KUMAR MAMBA,400,406,422,1,423,0.04
8265,13,DR.LUBNA SARWATH,722,406,410,1,411,0.04
8266,14,SARAF TULASI GUPTA,498,406,281,-,281,0.03
8267,15,V.SHANKER,743,406,275,1,276,0.03
8268,16,GADDAM HARISH GOUD,244,406,269,2,271,0.03
8269,17,SYED ANWAR,283,406,251,-,251,0.02
8270,18,KHAJA MOINUDDIN,64,406,233,1,234,0.02
8271,19,AMJAD KHAN,283,406,195,1,196,0.02
8272,20,AMBI HANUMANTH RAO,666,406,161,1,162,0.01
8273,21,SHAIK BASHA,234,406,153,-,153,0.01
8274,22,M.K.AHMED,283,406,149,-,149,0.01
8275,23,SALVERU RAMESH,297,406,141,-,141,0.01
8276,24,L.ASHOKNATH,693,406,141,-,141,0.01
8277,25,J.SHYAMSUNDER RAO,283,406,138,-,138,0.01
8278,26,ANDE USHA KANNA,119,406,133,-,133,0.01
8279,27,SATTI SHABABU REDDY,283,406,123,-,123,0.01
8280,28,ANIL SEN,283,406,111,-,111,0.01
8281,29,CHAITANYA KUMAR REDDY PELLAKURU,283,406,110,-,110,0.01
8282,30,SILIVERU NARESH,691,406,103,-,103,0.01
8283,31,NOTA,472,406,2867,39,2906,0.27
8284,1,KONDA VISHWESHWAR REDDY,159,407,798517,11365,809882,48.34
8285,2,DR GADDAM RANJITH REDDY,290,407,630861,6124,636985,38.02
8286,3,KASANI GYANESHWAR KASANI,143,407,177540,1428,178968,10.68
8287,4,RAMULU BINGI,740,407,4281,3,4284,0.26
8288,5,KONDA VISHVESHWAR REDDY,59,407,3736,12,3748,0.22
8289,6,SRIDEVI M,76,407,2684,4,2688,0.16
8290,7,MOHAMMED SALEEM,569,407,2372,1,2373,0.14
8291,8,SAHITHI DASARI,283,407,1924,14,1938,0.12
8292,9,RANJIT REDDY GADE,599,407,1693,5,1698,0.1
8293,10,MOHD SHAKEEL,239,407,1646,1,1647,0.1
8294,11,THOTLA RAGHAVENDER MUDIRAJ,244,407,1599,49,1648,0.1
8295,12,JANAPALA DURGA PRASAD,283,407,1516,1,1517,0.09
8296,13,JALEEL AHMED,283,407,1508,2,1510,0.09
8297,14,B V RAMESH NAIDU,666,407,1494,1,1495,0.09
8298,15,PHANI PRASAD KATAKAM,665,407,1425,1,1426,0.09
8299,16,SUGURU SRINIVAS,312,407,1385,1,1386,0.08
8300,17,G MALLESHAM GOUD,283,407,1239,1,1240,0.07
8301,18,KATHULA YADAIAH,283,407,1155,-,1155,0.07
8302,19,DURGA PRASAD T,501,407,1134,5,1139,0.07
8303,20,V PANDU,283,407,1070,5,1075,0.06
8304,21,SANEM RAJU GOUD,498,407,970,1,971,0.06
8305,22,GONE SRINIVAS REDDY,283,407,752,-,752,0.04
8306,23,GOVIND LAL,283,407,661,-,661,0.04
8307,24,MOHAMMED ABDUL QAVI ABBASI,64,407,635,-,635,0.04
8308,25,MOHAMMAD PASHA,283,407,628,-,628,0.04
8309,26,P GOVIND,119,407,600,11,611,0.04
8310,27,EESARI SURYAPRAKASH REDDY,283,407,581,2,583,0.03
8311,28,SUDHAKAR VANAM,418,407,578,3,581,0.03
8312,29,NARASIMHA REDDY DYAPA,696,407,524,1,525,0.03
8313,30,MOHAMMED IQBAL,283,407,493,1,494,0.03
8314,31,VISHWAKARMA SAPTHAGIRI,283,407,489,-,489,0.03
8315,32,ANKAGALA PRAVEEN KUMAR,283,407,487,1,488,0.03
8316,33,ANJANEYULU NEERATI,283,407,446,3,449,0.03
8317,34,KANDIKEKAR SRINIVAS,283,407,445,1,446,0.03
8318,35,CHINTALAGARI VENKAT SWAMY,219,407,431,5,436,0.03
8319,36,PALAMAKULA MADHU,286,407,428,2,430,0.03
8320,37,KAVALI SUKUMAR,283,407,392,5,397,0.02
8321,38,SERUBAI VASANTH KUMAR,521,407,311,1,312,0.02
8322,39,MOHAMMED MUSTAFA RIZWAN,283,407,300,1,301,0.02
8323,40,MOHAMMAD RIAZUR REHMAN SHAIK,283,407,283,2,285,0.02
8324,41,MOHAMMED ALI,283,407,247,1,248,0.01
8325,42,AMIR SAJID,283,407,226,2,228,0.01
8326,43,MOHAMMED AFSAR QUDOOS,283,407,179,-,179,0.01
8327,44,NOTA,472,407,6313,110,6423,0.38
8328,1,ARUNA. D. K,159,408,506747,4000,510747,41.66
8329,2,CHALLA VAMSHI CHAND REDDY,290,408,503111,3136,506247,41.29
8330,3,MANNE SRINIVAS REDDY,143,408,154296,496,154792,12.62
8331,4,VENKATESWARLU TALLADA,76,408,6375,4,6379,0.52
8332,5,KINNERA YADAGIRI,283,408,4470,-,4470,0.36
8333,6,KURA VENKATAIAH,283,408,4248,1,4249,0.35
8334,7,HARINDER REDDY MALLELA,283,408,3814,1,3815,0.31
8335,8,KARUKONDA SRINIVAS YADAV,283,408,3450,1,3451,0.28
8336,9,HANUMESH,283,408,3225,-,3225,0.26
8337,10,MOHD ALAUDDIN,122,408,3056,21,3077,0.25
8338,11,GOVINDAMMA,283,408,2748,-,2748,0.22
8339,12,GANTLAVELLI RAKESH,244,408,2600,18,2618,0.21
8340,13,UMASHANKAR NEMMIKANTI,283,408,2214,-,2214,0.18
8341,14,DINESH,283,408,1726,1,1727,0.14
8342,15,ANDHARI ANJAIAH,283,408,1669,6,1675,0.14
8343,16,SANGEPAGA SAROJANAMMA,283,408,1563,2,1565,0.13
8344,17,B. RAVINDER,665,408,1082,3,1085,0.09
8345,18,K. UDAY TEJ NAIK,283,408,1027,-,1027,0.08
8346,19,MARLA ANJANEYULU,312,408,1019,1,1020,0.08
8347,20,NADIMINTI SRINIVASULU,283,408,983,2,985,0.08
8348,21,M. NAVEEN REDDY,283,408,951,1,952,0.08
8349,22,VIJAYA,283,408,592,4,596,0.05
8350,23,ANEESUR RAHMAN,119,408,503,-,503,0.04
8351,24,A. SRINIVASULU,283,408,437,1,438,0.04
8352,25,KADINTI SHANKAR REDDY,724,408,427,5,432,0.04
8353,26,NARESH REDDY,691,408,420,-,420,0.03
8354,27,VENKATA RAMANA,283,408,352,1,353,0.03
8355,28,BANDA SATYANARAYANA,283,408,263,1,264,0.02
8356,29,PULLANGARI SANDEEP KUMAR REDDY,283,408,261,1,262,0.02
8357,30,VISHNU VARDHAN REDDY THAPALAKINDHI,283,408,227,2,229,0.02
8358,31,MUDAVATH BALARAJU NAIK,283,408,181,2,183,0.01
8359,32,NOTA,472,408,4286,44,4330,0.35
8360,1,DR.MALLU RAVI,290,409,459259,5813,465072,38.14
8361,2,BHARATH  PRASAD POTHUGANTI,159,409,364898,5760,370658,30.4
8362,3,DR.R.S.PRAVEEN KUMAR,143,409,319216,2127,321343,26.36
8363,4,AMBOJU RAVI,76,409,12544,10,12554,1.03
8364,5,BESAMOLLA  YOSEF,122,409,7138,80,7218,0.59
8365,6,PILLELA SRIKANTH,283,409,6403,1,6404,0.53
8366,7,BUDDHULA SRINIVAS,283,409,4358,3,4361,0.36
8367,8,PALADHI NAGARAJU,283,409,4056,2,4058,0.33
8368,9,AMARNATH,286,409,3703,6,3709,0.3
8369,10,PULJALA BALAIAH,283,409,3582,2,3584,0.29
8370,11,GALIMUDI GEETHA,283,409,3145,2,3147,0.26
8371,12,KARNE. SHIREESHA @ BARRELAKKA,283,409,3037,50,3087,0.25
8372,13,PAKIRA RAMULU,283,409,2833,6,2839,0.23
8373,14,BIKSHAPATHI LANDA,283,409,1980,1,1981,0.16
8374,15,AYYAPPA SUNIL,569,409,1224,3,1227,0.1
8375,16,GADDAM VIJAY,119,409,1006,3,1009,0.08
8376,17,PRASANGI,514,409,892,-,892,0.07
8377,18,VAGGU VINAY,722,409,768,2,770,0.06
8378,19,DASARI BHARATHI,724,409,722,8,730,0.06
8379,20,NOTA,472,409,4511,69,4580,0.38
8380,1,KUNDURU RAGHUVEER,290,410,772264,12073,784337,60.5
8381,2,SAIDI REDDY SHANAMPUDI,159,410,219606,4826,224432,17.31
8382,3,KANCHARLA KRISHNA REDDY,143,410,216681,1736,218417,16.85
8383,4,JANAIAH NANDIPATI,697,410,10832,27,10859,0.84
8384,5,NAGARAJU BANDARU,283,410,7122,6,7128,0.55
8385,6,ANJAIAH VIRIGINENI,122,410,7075,102,7177,0.55
8386,7,MARAM VENKAT REDDY,283,410,5962,5,5967,0.46
8387,8,PANUGOTU LALASINGH,283,410,5277,9,5286,0.41
8388,9,THALARI RAMBABU,244,410,5028,94,5122,0.4
8389,10,RAMESH SUNKARA,283,410,3566,3,3569,0.28
8390,11,POLISHETTY VENKATESHWARLU,283,410,3202,10,3212,0.25
8391,12,KUKKALA VENKANNA,283,410,2561,5,2566,0.2
8392,13,CHOLLETI PRABHAKAR,283,410,2482,22,2504,0.19
8393,14,GOLI SAIDULU,283,410,1770,9,1779,0.14
8394,15,MARRI NEHEMIAH,283,410,1653,9,1662,0.13
8395,16,RAVI PALAKURI,283,410,1545,2,1547,0.12
8396,17,VASKULA MATTAIAH,418,410,1033,7,1040,0.08
8397,18,KUNDARAPU SRIKANTH,283,410,940,7,947,0.07
8398,19,RACHA SUBHADRA REDDY,666,410,835,11,846,0.07
8399,20,LINGAM KRISHNA,283,410,666,-,666,0.05
8400,21,KINNERA YADAIAH,283,410,654,7,661,0.05
8401,22,SHIRISHALA SRINAIAH,283,410,513,1,514,0.04
8402,23,NOTA,472,410,5869,217,6086,0.47
8403,1,CHAMALA KIRAN KUMAR REDDY,290,411,623762,5381,629143,44.89
8404,2,DR. BOORA NARSAIAH GOUD,159,411,401513,5460,406973,29.04
8405,3,KYAMA MALLESH,143,411,254838,1349,256187,18.28
8406,4,MAHAMD JAHANGIR,228,411,28412,318,28730,2.05
8407,5,RAMESH GOUD THALLAPELLY,76,411,8130,16,8146,0.58
8408,6,AITARAJU ABENDER,122,411,7703,66,7769,0.55
8409,7,ASURA BALU,283,411,5747,3,5750,0.41
8410,8,PULIGILLA BIXAPATHI YADAV,449,411,4718,-,4718,0.34
8411,9,BUSHIPAKA VENKATAIAH,283,411,4674,1,4675,0.33
8412,10,POOSA SRINIVAS,695,411,4431,2,4433,0.32
8413,11,NARENDRAA VEMULA,312,411,4303,1,4304,0.31
8414,12,KONGARI LINGA SWAMY,244,411,4029,64,4093,0.29
8415,13,TARIGOPPULA MAHENDER,665,411,3088,1,3089,0.22
8416,14,KARINGULA YADAGIRI,283,411,2607,5,2612,0.19
8417,15,BETHI NARENDER,283,411,2168,-,2168,0.15
8418,16,M. GANESH,514,411,1996,14,2010,0.14
8419,17,MALLEBOINA PARAMESH YADAV,283,411,1895,2,1897,0.14
8420,18,LINGIDI. VENKATESWARLU,504,411,1792,-,1792,0.13
8421,19,V. SADANANDA REDDY,485,411,1734,3,1737,0.12
8422,20,DHERAVATH GOPI NAIK,308,411,1678,4,1682,0.12
8423,21,PENTA RAMESH,283,411,1646,1,1647,0.12
8424,22,RACHA SUBHADRA REDDY,666,411,1444,21,1465,0.1
8425,23,VARIKUPPALA. KRISHNA VADDERA,283,411,1361,5,1366,0.1
8426,24,BASHABOINA LAKSHMAIAH,283,411,1319,1,1320,0.09
8427,25,NUNE VENKAT SWAMY,283,411,919,4,923,0.07
8428,26,NARRI. SWAMY KURUMA,283,411,897,1,898,0.06
8429,27,JANGA. SUJATHANAVEEN REDDY,283,411,847,-,847,0.06
8430,28,ERRA SURYAM,724,411,777,1,778,0.06
8431,29,"KONGARI, MALLAIAH",283,411,631,2,633,0.05
8432,30,DR : MORIGADI KRISHNA,283,411,616,1,617,0.04
8433,31,KANDE. RAMARAJU,283,411,577,2,579,0.04
8434,32,KOTHOJU SRINIVASU,448,411,567,2,569,0.04
8435,33,AMIREDDY KIRAN REDDY,283,411,540,1,541,0.04
8436,34,CHANDU NAYAK MEGAVATH,283,411,501,1,502,0.04
8437,35,KADIRE KIRAN KUMAR,121,411,476,2,478,0.03
8438,36,KARUNAKAR REDDY NALLA,303,411,446,1,447,0.03
8439,37,KANDADI. MANIPAL REDDY,696,411,432,1,433,0.03
8440,38,UDARI MALLESH,283,411,404,2,406,0.03
8441,39,ANIL KUMAR GADEPAKA,283,411,390,3,393,0.03
8442,40,NOTA,472,411,4571,75,4646,0.33
8443,1,KADIYAM KAVYA,290,412,575566,5728,581294,45.85
8444,2,AROORI RAMESH,159,412,355875,5080,360955,28.47
8445,3,Dr. MARAPALLY SUDHEER KUMAR,143,412,230820,1213,232033,18.3
8446,4,AMBOJU BUDDAIAH,76,412,11103,12,11115,0.88
8447,5,KALPANA PANJA,122,412,9230,97,9327,0.74
8448,6,KONGARA ANIL KUMAR,283,412,6259,-,6259,0.49
8449,7,ANIL KUMAR GADEPAKA,283,412,4482,4,4486,0.35
8450,8,BUNGA JYOTHI RAMANA,34,412,4262,3,4265,0.34
8451,9,MEKALA SUMAN,244,412,3972,66,4038,0.32
8452,10,AR NENA PREM READY RIPEEKA,410,412,3625,9,3634,0.29
8453,11,KOYYADA NARESH,283,412,3283,3,3286,0.26
8454,12,PRAMEELA JANNU,283,412,3022,-,3022,0.24
8455,13,BARIGELA SHIVA,283,412,2947,2,2949,0.23
8456,14,S P K  SAGAR,308,412,2769,4,2773,0.22
8457,15,PASULA RAVI,593,412,2220,19,2239,0.18
8458,16,DEVARAJU PENDELA,569,412,2072,11,2083,0.16
8459,17,POTHARAJU NARASIMHARAJU,283,412,1955,-,1955,0.15
8460,18,BOLLAM VIJAY KUMAR,283,412,1821,4,1825,0.14
8461,19,MACHA DEVENDER,724,412,1753,16,1769,0.14
8462,20,ROOPA POLEPAKA,283,412,1657,2,1659,0.13
8463,21,NARMADA PRAVEEN,514,412,1657,7,1664,0.13
8464,22,DHAYAKAR GAJJI,283,412,1637,1,1638,0.13
8465,23,POGULA ASHOK,283,412,1333,4,1337,0.11
8466,24,THANDRA ESHWAR,283,412,1290,2,1292,0.1
8467,25,MANDA NARESH,283,412,1044,7,1051,0.08
8468,26,KOTHAPALLI SAVITHRI,418,412,1018,5,1023,0.08
8469,27,PUTTA VINOD KUMAR,283,412,908,1,909,0.07
8470,28,BOCHU RAJU,283,412,905,8,913,0.07
8471,29,PAITHARA ACHYUTH,283,412,901,5,906,0.07
8472,30,MANGALAPELLI ASHAIAH,283,412,847,-,847,0.07
8473,31,GADDAM CHIRANJEEVI,283,412,825,1,826,0.07
8474,32,MOTHKUPELLY PRABHAKAR,283,412,818,1,819,0.06
8475,33,GANNARAPU RAVINDER,283,412,752,-,752,0.06
8476,34,GANIPAKA PRADEEP,283,412,710,3,713,0.06
8477,35,RAMESH BABU SHANIGARAPU,283,412,658,4,662,0.05
8478,36,Dr GADAM MALLESH,303,412,563,4,567,0.04
8479,37,THALLAPALLY VENKATAIAH,283,412,538,-,538,0.04
8480,38,BASHIPAKA SUDHAKAR,283,412,503,2,505,0.04
8481,39,RK GANAPURAM,283,412,468,6,474,0.04
8482,40,CHILUVERU PRATHAP,283,412,399,2,401,0.03
8483,41,THATIKAYALA SATHISH BABU,283,412,382,2,384,0.03
8484,42,CHILUMULLA SUJATHA,283,412,377,2,379,0.03
8485,43,NOTA,472,412,8209,171,8380,0.66
8486,1,BALRAM NAIK PORIKA,290,413,608505,4269,612774,55.27
8487,2,KAVITHA MALOTH,143,413,262416,1193,263609,23.77
8488,3,PROFESSOR. AZMEERA SEETARAM NAIK,159,413,108775,1669,110444,9.96
8489,4,ARUN KUMAR MYPATHI,59,413,38252,884,39136,3.53
8490,5,RAGHU VARMA JATOTHU,76,413,11879,14,11893,1.07
8491,6,DURGA PALVANCHA,283,413,10112,7,10119,0.91
8492,7,KONETI SUJATHA,122,413,8058,35,8093,0.73
8493,8,ANIL KUMAR BODA,283,413,6419,12,6431,0.58
8494,9,CHANDA LINGAIAH,283,413,5075,25,5100,0.46
8495,10,MOKALLA MURALIKRISHNA,283,413,4056,6,4062,0.37
8496,11,SOYAM KANNA RAJU,260,413,3727,28,3755,0.34
8497,12,BANOTH PREM NAYAK [BPN],283,413,3707,5,3712,0.33
8498,13,PAYAM.SINGARAJU,283,413,3192,4,3196,0.29
8499,14,PADIGA YARRAIAH,283,413,2873,14,2887,0.26
8500,15,DV NAIK,283,413,2780,1,2781,0.25
8501,16,GUGULOTH SHEKAR NAIK,283,413,2533,9,2542,0.23
8502,17,RAVVA. BHADRAMMA,244,413,2234,10,2244,0.2
8503,18,SODE VENKATESWARLU,261,413,2154,18,2172,0.2
8504,19,BANOTH LINGYA NAIK,283,413,1712,3,1715,0.15
8505,20,BODA PRASHANTH,283,413,1588,2,1590,0.14
8506,21,BURKA KRISHNAVENI,666,413,1438,10,1448,0.13
8507,22,BANOTHU LINGANNA,219,413,1367,-,1367,0.12
8508,23,VANKUDOTHU RAVI KUMAR (RAVANNA),691,413,1117,8,1125,0.1
8509,24,NOTA,472,413,6511,80,6591,0.59
8510,1,RAMASAHAYAM RAGHURAM REDDY,290,414,759603,7326,766929,61.29
8511,2,NAMA NAGESWARA RAO,143,414,297592,1490,299082,23.9
8512,3,VINOD RAO TANDRA,159,414,117075,1561,118636,9.48
8513,4,VASAM RAMAKRISHNA DORA,283,414,6200,15,6215,0.5
8514,5,ULLENGALA YADAGIRI,283,414,6063,1,6064,0.48
8515,6,ADVOCATE YERRA KAAMESH,122,414,6030,71,6101,0.49
8516,7,KUKKALA NAGAIAH,76,414,5724,19,5743,0.46
8517,8,KATUKOJWALA NAGESWAR RAO,283,414,4111,3,4114,0.33
8518,9,CHILAKABATHINI STALIN,283,414,3112,1,3113,0.25
8519,10,SHAIK BAJI BABA,283,414,2422,2,2424,0.19
8520,11,KASIMALLA NAGESWARA RAO,283,414,2232,5,2237,0.18
8521,12,BANDARU NAGARAJU,283,414,2122,-,2122,0.17
8522,13,SHAIK KHALEEL PASHA,283,414,2023,5,2028,0.16
8523,14,EDURUGATLA CHITTI MALLU,283,414,1848,6,1854,0.15
8524,15,GANGIREDDY KOTI REDDY,283,414,1789,1,1790,0.14
8525,16,SHAIK SIRAJUDDIN,283,414,1661,2,1663,0.13
8526,17,SHAIK AJJULU,283,414,1342,-,1342,0.11
8527,18,KOPPULA SRINIVASA RAO,313,414,1271,2,1273,0.1
8528,19,MADDISETTY YERRAPPA @ AJAY,283,414,1043,10,1053,0.08
8529,20,SHAIK MOHMED RASOOL,283,414,1021,1,1022,0.08
8530,21,LINGALA RAVI KUMAR,283,414,1017,1,1018,0.08
8531,22,AVUTAPALLI RAMBABU,283,414,948,2,950,0.08
8532,23,TEJAVATH JOGRAM NAIK,283,414,914,5,919,0.07
8533,24,ANWAR RAICE,666,414,754,-,754,0.06
8534,25,ANANDA PRASAD KASINA,514,414,714,4,718,0.06
8535,26,LINGAIAH DANDA,283,414,693,7,700,0.06
8536,27,ANIL KUMAR MADDINENI,283,414,689,4,693,0.06
8537,28,PAPETLA RAMAMURTHY,608,414,659,2,661,0.05
8538,29,ANTHONI SURESH,126,414,607,9,616,0.05
8539,30,M. RAVI CHANDAR CHOWHAN,283,414,597,4,601,0.05
8540,31,THAMBALLA RAVI,283,414,503,5,508,0.04
8541,32,BHATTU SRINIVAS,303,414,472,4,476,0.04
8542,33,NAGESWARA RAO LAKAVATH,283,414,363,5,368,0.03
8543,34,MALAMPATI SURYANARAYANA,283,414,362,1,363,0.03
8544,35,MUTYAM ARJUNA RAJU,283,414,349,2,351,0.03
8545,36,NOTA,472,414,6657,125,6782,0.54
8546,1,BISHNU PADA RAY,159,1,102182,254,102436,50.58
8547,2,KULDEEP RAI SHARMA,290,1,77829,211,78040,38.54
8548,3,MANOJ PAUL,84,1,8236,18,8254,4.08
8549,4,D AYYAPPAN,228,1,6009,8,6017,2.97
8550,5,V.K. ABDUL AZIZ,283,1,2195,8,2203,1.09
8551,6,K J B SELVARAJ,56,1,911,3,914,0.45
8552,7,DR ARUN KUMAR MALLIK,122,1,714,5,719,0.36
8553,8,RINKU MALA MONDAL,283,1,539,3,542,0.27
8554,9,K VENKAT RAM BABU,283,1,506,1,507,0.25
8555,10,USHA KUMARI,283,1,378,2,380,0.19
8556,11,SALAMAT MONDAL,667,1,349,2,351,0.17
8557,12,ANAND RAMNATH ARLEKAR,283,1,342,-,342,0.17
8558,13,NOTA,472,1,1802,7,1809,0.89
8559,1,MANISH TEWARI,290,83,216350,307,216657,48.22
8560,2,SANJAY TANDON,159,83,213770,383,214153,47.67
8561,3,RITU SINGH,122,83,6697,11,6708,1.49
8562,4,LAKHVIR SINGH ALIAS KOTLA,283,83,2625,1,2626,0.58
8563,5,DEEPANSHU SHARMA,50,83,1066,2,1068,0.24
8564,6,EX-ASSISTANT COMMANDANT RANPREET SINGH,283,83,1051,3,1054,0.23
8565,7,VINOD KUMAR,283,83,683,-,683,0.15
8566,8,SUNIL THAMAN,270,83,576,1,577,0.13
8567,9,BALJEET SINGH ALIAS LADDI,283,83,434,2,436,0.1
8568,10,SUNIL KUMAR,283,83,321,-,321,0.07
8569,11,PARTAP SINGH RANA,283,83,306,1,307,0.07
8570,12,MAHANT RAVI KANT MUNI,283,83,295,-,295,0.07
8571,13,VIVEK SHARMA,283,83,294,-,294,0.07
8572,14,PIAR CHAND ALIAS KOUNDAL,283,83,253,2,255,0.06
8573,15,KISHOR KUMAR ALIAS BANTI BHAIYA,283,83,239,-,239,0.05
8574,16,RAJINDER KAUR,606,83,215,2,217,0.05
8575,17,RAJ PRINCE SINGH,673,83,205,-,205,0.05
8576,18,PUSHPINDER SINGH ALIAS LOVELY ATTAWA,283,83,154,-,154,0.03
8577,19,KULDIP RAI ALIAS HAPPY SOOD MORINDA,283,83,114,-,114,0.03
8578,20,NOTA,472,83,2900,12,2912,0.65
8579,1,PATEL UMESHBHAI BABUBHAI,283,95,42469,54,42523,46.02
8580,2,LALUBHAI BABUBHAI PATEL,159,95,36243,55,36298,39.28
8581,3,KETAN DAHYABHAI PATEL,290,95,11237,21,11258,12.18
8582,4,UMESH PATEL,463,95,545,-,545,0.59
8583,5,SAKIL LATIF KHAN,283,95,323,-,323,0.35
8584,6,IDRISH G MULLA,283,95,247,-,247,0.27
8585,7,PATEL UMESHBHAI BABU,283,95,238,-,238,0.26
8586,8,NOTA,472,95,977,1,978,1.06
8587,1,DELKAR KALABEN MOHANBHAI,159,96,120833,241,121074,58.89
8588,2,AJIT RAMJIBHAI MAHALA,290,96,63423,67,63490,30.88
8589,3,KURADA DEEPAKBHAI,132,96,10188,9,10197,4.96
8590,4,BORSA SANDIPBHAI S,122,96,3147,5,3152,1.53
8591,5,SHAILESHBHAI VARTHA,283,96,2522,2,2524,1.23
8592,6,NOTA,472,96,5144,7,5151,2.51
8593,1,PRAVEEN KHANDELWAL,159,290,514958,1538,516496,53.46
8594,2,JAI PRAKASH AGARWAL,290,290,426542,629,427171,44.22
8595,3,ABUL KALAM AZAD,122,290,5820,9,5829,0.6
8596,4,UMESH RATHOR,107,290,1614,3,1617,0.17
8597,5,SEEMA RIZVI,113,290,1089,-,1089,0.11
8598,6,SHAIK JALEEL,460,290,947,2,949,0.1
8599,7,MD NAZIR,77,290,945,-,945,0.1
8600,8,SATYA DEV CHAUDHARY,649,290,842,-,842,0.09
8601,9,RITU KAUSHIK,667,290,642,1,643,0.07
8602,10,SAMEER MIRZA,571,290,513,-,513,0.05
8603,11,SOHARSH GULGULIA JAIN,676,290,503,-,503,0.05
8604,12,SHYAM BHARTEEY,256,290,462,1,463,0.05
8605,13,GULJAR SINGH,487,290,424,-,424,0.04
8606,14,YOGENDER SINGH,161,290,389,-,389,0.04
8607,15,VINOD KUMAR GUPTA,50,290,357,2,359,0.04
8608,16,SHIVAM SAINI,600,290,330,-,330,0.03
8609,17,MANOJ KUMAR NIGAM,52,290,321,-,321,0.03
8610,18,RAJESH GUPTA,138,290,261,1,262,0.03
8611,19,RAHUL SHARMA,564,290,256,1,257,0.03
8612,20,SUNIL KUMAR,283,290,247,-,247,0.03
8613,21,SUBHASH CHANDER,283,290,220,-,220,0.02
8614,22,MOHD HAMID,146,290,189,-,189,0.02
8615,23,PYUSH NARULA,283,290,172,-,172,0.02
8616,24,HEENA,509,290,169,-,169,0.02
8617,25,ASHOK KUMAR GUPTA,283,290,139,1,140,0.01
8618,26,NOTA,472,290,5544,19,5563,0.58
8619,1,MANOJ TIWARI,159,291,821567,2884,824451,53.1
8620,2,KANHAIYA KUMAR,290,291,684501,1172,685673,44.16
8621,3,ASHOK KUMAR,122,291,12053,85,12138,0.78
8622,4,SUNITA,460,291,3518,-,3518,0.23
8623,5,AKESHAN DUT,283,291,3325,-,3325,0.21
8624,6,SUSHIL CHOUDHARY,17,291,2066,4,2070,0.13
8625,7,AJAY TIWARI,600,291,2040,2,2042,0.13
8626,8,SUBHASH,544,291,1639,-,1639,0.11
8627,9,AKASH SRIVASTAV,305,291,1317,-,1317,0.08
8628,10,SANJEEV KUMAR PANDEY,161,291,1163,-,1163,0.07
8629,11,SAROJ KUMAR RAY,283,291,931,66,997,0.06
8630,12,ADV. BHIM KISHOR,487,291,826,1,827,0.05
8631,13,SANJEEV KUMAR,509,291,799,-,799,0.05
8632,14,PRAKASH DEVI,667,291,676,-,676,0.04
8633,15,LAKSHYA VASHIST (SHYAM),357,291,653,-,653,0.04
8634,16,BABITA YADAV,21,291,646,-,646,0.04
8635,17,MANOJ KUMAR,283,291,559,2,561,0.04
8636,18,NIVEDITA SHARMA “PREM”,528,291,541,2,543,0.03
8637,19,DR. RAJESH KUMAR SINGH,283,291,539,1,540,0.03
8638,20,KANHI LAL,680,291,496,2,498,0.03
8639,21,VIJAY KUMAR JHA,283,291,486,5,491,0.03
8640,22,YOGESH SWAMY,283,291,410,-,410,0.03
8641,23,ASHOK MISHRA,283,291,352,-,352,0.02
8642,24,ADV. K.T. PALUSKAR,492,291,349,-,349,0.02
8643,25,RAVI KIRAN THILAK THATIKONDA,283,291,324,-,324,0.02
8644,26,ISHWAR CHAND,176,291,310,-,310,0.02
8645,27,JAGDISH,573,291,276,-,276,0.02
8646,28,BIRPAL SINGH KOLI,283,291,269,1,270,0.02
8647,29,NOTA,472,291,5845,28,5873,0.38
8648,1,HARSH MALHOTRA,159,292,663420,1399,664819,52.59
8649,2,KULDEEP KUMAR (MONU),8,292,570494,662,571156,45.18
8650,3,MOHD. WAQAR CHOUDHARY,122,292,9158,39,9197,0.73
8651,4,A. GOPALA KRISHNA,460,292,2807,10,2817,0.22
8652,5,KULDEEP KUMAR,283,292,1579,3,1582,0.13
8653,6,MANOJ KUMAR GUPTA (SWARAJI),283,292,1191,1,1192,0.09
8654,7,RODASH GUPTA,283,292,1097,2,1099,0.09
8655,8,JYOTI PRAKASH (MONU),252,292,824,-,824,0.07
8656,9,ARUNIMA GAUTAM,283,292,749,2,751,0.06
8657,10,JAI RAM LAL,571,292,657,-,657,0.05
8658,11,ADVOCATE MANJEET SINGH,520,292,614,-,614,0.05
8659,12,MOHAMMAD IRFAN,283,292,582,1,583,0.05
8660,13,OM SHANKAR,283,292,556,-,556,0.04
8661,14,LAL SINGH,116,292,476,1,477,0.04
8662,15,YOGESH CHAUDHARY,212,292,468,2,470,0.04
8663,16,VIMAL KUMAR SAXENA,283,292,427,6,433,0.03
8664,17,SURENDRA SINGH BASOYA,487,292,392,7,399,0.03
8665,18,SANJAY,509,292,378,1,379,0.03
8666,19,AMIT GUPTA,283,292,358,2,360,0.03
8667,20,SANJAYA KUMAR YADAV,600,292,289,1,290,0.02
8668,21,NOTA,472,292,5371,23,5394,0.43
8669,1,BANSURI SWARAJ,159,293,451464,1721,453185,53.48
8670,2,SOMNATH BHARTI,8,293,374032,783,374815,44.23
8671,3,RAAJ KUMAR ANAND,122,293,5601,28,5629,0.66
8672,4,SANJAY RAWAT,283,293,1271,5,1276,0.15
8673,5,ACHLA JETHMALANI,357,293,1036,1,1037,0.12
8674,6,HIRA LAL,283,293,1005,-,1005,0.12
8675,7,PREM SINGH,460,293,800,6,806,0.1
8676,8,UPEN‍DRA,87,293,781,-,781,0.09
8677,9,DILIP SINGH,283,293,725,1,726,0.09
8678,10,LUKMAN KHAN,383,293,654,2,656,0.08
8679,11,PUNAM PANDEY,526,293,640,1,641,0.08
8680,12,SANDHYA THAKKAR,571,293,485,1,486,0.06
8681,13,RAVINDER SINGH,283,293,414,2,416,0.05
8682,14,DINESH KUMAR,487,293,360,1,361,0.04
8683,15,PRITHVI NATH SINGH,174,293,335,-,335,0.04
8684,16,MAHESH KUMAR DENWAL,80,293,287,1,288,0.03
8685,17,MANOJ KUMAR SHARMA,395,293,208,4,212,0.03
8686,18,NOTA,472,293,4791,22,4813,0.57
8687,1,YOGENDER CHANDOLIYA,159,294,863255,3228,866483,58.26
8688,2,UDIT RAJ,290,294,574451,1183,575634,38.71
8689,3,VIJAY BAUDDH,122,294,11955,42,11997,0.81
8690,4,SURESH KUMAR,487,294,2869,1,2870,0.19
8691,5,SANJAY KUMAR SIWAL,550,294,2866,-,2866,0.19
8692,6,SUBHASH,103,294,2250,-,2250,0.15
8693,7,RAJENDER SOOD,10,294,1468,10,1478,0.1
8694,8,PRAVEEN GAUTAM,460,294,1455,1,1456,0.1
8695,9,K M KAJAL,509,294,1334,8,1342,0.09
8696,10,NARESH KUMAR,283,294,1270,5,1275,0.09
8697,11,ADVOCATE SATISH CHANDRA,80,294,1236,1,1237,0.08
8698,12,PARMENDRA MANJHI,283,294,1102,-,1102,0.07
8699,13,ADVOCATE DR. MAHENDER   SINGH CHURIYANA,116,294,1015,1,1016,0.07
8700,14,CHANDER PAL SONI,283,294,891,-,891,0.06
8701,15,ADITI,283,294,790,-,790,0.05
8702,16,ADV. KRUPAL,492,294,673,2,675,0.05
8703,17,NAND RAM BAGRI,735,294,638,-,638,0.04
8704,18,SHYAM BHARTEEY,256,294,629,3,632,0.04
8705,19,HARI KISHAN (MECHANIC),283,294,547,1,548,0.04
8706,20,POOJA (BHAGTANI),156,294,504,5,509,0.03
8707,21,NARESH KUMAR,573,294,499,1,500,0.03
8708,22,PREETI,619,294,495,8,503,0.03
8709,23,SATYA PRAKASH UTTRAKHANDI,283,294,433,1,434,0.03
8710,24,KHILKHILAKAR,124,294,372,1,373,0.03
8711,25,PRADEEP KUMAR,283,294,371,-,371,0.02
8712,26,PUSHPA NAGRA,283,294,353,-,353,0.02
8713,27,NOTA,472,294,8917,67,8984,0.6
8714,1,KAMALJEET SEHRAWAT,159,295,838332,4326,842658,55.27
8715,2,MAHABAL MISHRA,8,295,641759,1886,643645,42.22
8716,3,VISHAKHA,122,295,7899,65,7964,0.52
8717,4,SABIR KHAN,283,295,3096,1,3097,0.2
8718,5,AJ RAJAN,460,295,2381,6,2387,0.16
8719,6,SUNIL MEGHWAL,80,295,1874,2,1876,0.12
8720,7,OM PRAKASH NARAYAN,17,295,1770,3,1773,0.12
8721,8,ANJU SHARMA,283,295,1263,4,1267,0.08
8722,9,KAPIL MARWAH,283,295,1154,1,1155,0.08
8723,10,JARNAIL SINGH,283,295,1083,6,1089,0.07
8724,11,MADHU,50,295,1056,3,1059,0.07
8725,12,RAJIV KANT MISHRA,283,295,995,-,995,0.07
8726,13,RAMESH KUMAR JAIN @ NIRBHIK,256,295,971,-,971,0.06
8727,14,UMA SHANKAR TIWARI,197,295,753,5,758,0.05
8728,15,MEENA UJJAINWAL,487,295,752,4,756,0.05
8729,16,CHARANJEET SINGH,59,295,614,5,619,0.04
8730,17,UMESH CHAUHAN,570,295,611,3,614,0.04
8731,18,PRAMOD KUREEL,120,295,585,1,586,0.04
8732,19,AMIT KUMAR SINGH,582,295,571,3,574,0.04
8733,20,JAYA RAMAN,647,295,439,7,446,0.03
8734,21,RAM NARAYAN MOHANTY,283,295,433,1,434,0.03
8735,22,CHAMAN LAL VERMA,612,295,418,2,420,0.03
8736,23,DEEPAK SHARMA,156,295,362,8,370,0.02
8737,24,RAVI,283,295,280,2,282,0.02
8738,25,NOTA,472,295,8624,75,8699,0.57
8739,1,RAMVIR SINGH BIDHURI,159,296,691184,1648,692832,53.46
8740,2,SAHI RAM,8,296,567716,783,568499,43.87
8741,3,ABDUL BASIT,122,296,9829,32,9861,0.76
8742,4,RAM GOPAL,270,296,3956,2,3958,0.31
8743,5,CHANDRASHEKHAR SINGH KUSHWAHA,283,296,1888,1,1889,0.15
8744,6,DEEPAK KAPILA,283,296,1500,-,1500,0.12
8745,7,OMAPRAKASH,612,296,1364,1,1365,0.11
8746,8,JAGDISH KUMAR VERMA,283,296,1295,1,1296,0.1
8747,9,LAKHAN SINGH,460,296,967,3,970,0.07
8748,10,POONAM SRIVASTAVA,283,296,951,7,958,0.07
8749,11,ARUN KUMAR,283,296,842,-,842,0.06
8750,12,RINKI SANYAL,174,296,762,1,763,0.06
8751,13,KAMLESH KUMAR JHA,283,296,714,-,714,0.06
8752,14,SURJEET SINGH,235,296,637,1,638,0.05
8753,15,BHIM SINGH,80,296,601,1,602,0.05
8754,16,SURINDER KUMAR,146,296,592,-,592,0.05
8755,17,GAUTAM ANAND,59,296,539,1,540,0.04
8756,18,SHANKAR DEY,283,296,522,-,522,0.04
8757,19,BIHARI LAL JALANDHARI,284,296,511,3,514,0.04
8758,20,NAVEEN KUMAR,269,296,475,1,476,0.04
8759,21,VIRENDER,283,296,381,-,381,0.03
8760,22,RAJAN SINGH,283,296,323,2,325,0.03
8761,23,NOTA,472,296,5927,34,5961,0.46
8762,1,MUHAMMED HAMDULLAH SAYEED,290,207,25405,321,25726,52.29
8763,2,MOHAMMED FAIZAL PP,456,207,22837,242,23079,46.91
8764,3,YOUSUF TP,455,207,198,3,201,0.41
8765,4,KOYA,283,207,58,3,61,0.12
8766,5,NOTA,472,207,132,1,133,0.27
8767,1,VE VAITHILINGAM,290,319,424292,1713,426005,52.73
8768,2,A NAMASSIVAYAM,159,319,288050,1439,289489,35.83
8769,3,R MENAGA,435,319,39545,58,39603,4.9
8770,4,G THAMIZHVENDAN,56,319,25059,106,25165,3.11
8771,5,P SANKARAN,667,319,2057,9,2066,0.26
8772,6,ARADADI POSIYYA,283,319,1540,6,1546,0.19
8773,7,D ALANGARAVELU,122,319,1534,6,1540,0.19
8774,8,K KISHORKUMAR,283,319,1240,6,1246,0.15
8775,9,KOLLANJIAPPAN,283,319,1198,1,1199,0.15
8776,10,M MANIKANDAN,283,319,1130,3,1133,0.14
8777,11,M KRISHNAMURTHY,283,319,1052,19,1071,0.13
8778,12,K PRABHU DEVAN,711,319,981,8,989,0.12
8779,13,S BAKTHAVATCHALAM,283,319,923,1,924,0.11
8780,14,S SATHISH KUMAR,283,319,842,4,846,0.1
8781,15,COUTTANE ALIAS DHIVANEEDHE,283,319,819,3,822,0.1
8782,16,E ANANTHAVEL,283,319,771,5,776,0.1
8783,17,S KALA,283,319,593,33,626,0.08
8784,18,P RAJAN,283,319,545,2,547,0.07
8785,19,NIRMALA G,283,319,474,1,475,0.06
8786,20,K ARUNACHALAM,283,319,403,2,405,0.05
8787,21,K RAMADASS,283,319,368,4,372,0.05
8788,22,R RAJA,283,319,326,5,331,0.04
8789,23,D RAVINDIRAN,283,319,305,2,307,0.04
8790,24,S MASCO,283,319,248,6,254,0.03
8791,25,V P MANICKAM,283,319,242,2,244,0.03
8792,26,M MURUGAN,283,319,196,-,196,0.02
8793,27,NOTA,472,319,9756,7,9763,1.21
8794,1,ABDUL RASHID SHEIKH,283,139,469574,2907,472481,45.7
8795,2,OMAR ABDULLAH,315,139,266301,2038,268339,25.95
8796,3,SAJAD GANI LONE,317,139,171582,1657,173239,16.76
8797,4,MIR MOHAMMAD FAYAZ,318,139,27173,315,27488,2.66
8798,5,SURAIYA NISSAR,283,139,21565,53,21618,2.09
8799,6,FIRDOUS AHMAD BHAT,283,139,15707,15,15722,1.52
8800,7,SHAFEEQA BEGUM,283,139,6203,11,6214,0.6
8801,8,PEERZADA MUDASIR RASHID SHAH,316,139,5499,67,5566,0.54
8802,9,KHURSHEED AHMAD SHAH,542,139,4213,55,4268,0.41
8803,10,MOHAMMAD SULTAN GANAIE,283,139,4054,9,4063,0.39
8804,11,SHADIB HANIEF KHAN,283,139,3668,2,3670,0.35
8805,12,MUDASIR AHMAD TANTARY,283,139,3196,22,3218,0.31
8806,13,NAZIR AHMAD SOFI,283,139,2980,3,2983,0.29
8807,14,SHABIR AHMAD DAR,283,139,2694,6,2700,0.26
8808,15,HILAL AHMAD WAGAY,283,139,2681,8,2689,0.26
8809,16,MEHRAJ UDDIN NAJAR,283,139,2560,10,2570,0.25
8810,17,SYED AMEER SUHAIL,283,139,2409,8,2417,0.23
8811,18,FAROOQ AHMAD BHAT,454,139,2315,28,2343,0.23
8812,19,ARUN KUMAR RAINA,283,139,2161,80,2241,0.22
8813,20,MUNIR AHMAD KHAN,320,139,2004,15,2019,0.2
8814,21,MUZAFFAR HUSSAIN DAR,283,139,1663,8,1671,0.16
8815,22,MUSHTAQ AHMAD MIR,447,139,1382,15,1397,0.14
8816,23,NOTA,472,139,4873,111,4984,0.48
8817,1,AGA SYED RUHULLAH MEHDI,315,140,355294,1572,356866,52.85
8818,2,WAHEED UR REHMAN PARA,318,140,167666,784,168450,24.95
8819,3,MOHAMMAD ASHRAF MIR,319,140,65494,460,65954,9.77
8820,4,AMIR AHMAD BHAT,237,140,15061,43,15104,2.24
8821,5,SHEEBAN ASHAI,283,140,13063,8,13071,1.94
8822,6,SAYIM MUSTAFA,283,140,8831,49,8880,1.32
8823,7,JIBRAN FIRDOUS DAR,283,140,5431,67,5498,0.81
8824,8,JAHANGIR AHMAD SHEIKH,283,140,4412,10,4422,0.65
8825,9,SAJAD AHMAD DAR,283,140,3755,9,3764,0.56
8826,10,HAKIKAT SINGH,316,140,3732,46,3778,0.56
8827,11,RUBINA AKHTER,447,140,2855,21,2876,0.43
8828,12,WASEEM HASSAN SHEIKH,283,140,2838,17,2855,0.42
8829,13,RIYAZ AHMAD BHAT,283,140,2791,1,2792,0.41
8830,14,FAYAZ AHMAD BUTT,283,140,2221,6,2227,0.33
8831,15,SHAHNAZ HUSSAIN SHAH,283,140,2196,7,2203,0.33
8832,16,MOHD YOUSUF BHAT,254,140,1880,18,1898,0.28
8833,17,WAHEEDA TABASUM SHAH,283,140,1594,12,1606,0.24
8834,18,NISAR AHMAD AHANGAR,283,140,1115,9,1124,0.17
8835,19,MIRZA SAJAD HUSSAIN BEIGH,283,140,1049,15,1064,0.16
8836,20,GHULAM MOHAMMAD WANI,283,140,1028,12,1040,0.15
8837,21,AMIN DAR,283,140,989,7,996,0.15
8838,22,JAVEED AHMAD WANI,283,140,928,4,932,0.14
8839,23,YOUNIS AHMAD MIR,136,140,913,12,925,0.14
8840,24,DR QAZI ASHRAF,283,140,910,9,919,0.14
8841,25,NOTA,472,140,5887,111,5998,0.89
8842,1,MIAN ALTAF AHMAD,315,141,517489,4347,521836,50.85
8843,2,MEHBOOBA MUFTI,318,141,238210,1832,240042,23.39
8844,3,ZAFAR IQBAL KHAN MANHAS,319,141,141316,879,142195,13.86
8845,4,MOHAMAD SALEEM PARAY,237,141,25440,121,25561,2.49
8846,5,ABDUL RAOUF MALIK,283,141,10566,16,10582,1.03
8847,6,SUSHIL KUMAR SHARMA,283,141,9102,126,9228,0.9
8848,7,ABDUL ROUF NAIK,283,141,9079,70,9149,0.89
8849,8,SAJAD AHMAD DAR,283,141,7988,16,8004,0.78
8850,9,IMRAN SHEIKH,283,141,7457,28,7485,0.73
8851,10,IMTIYAZ AHMAD,447,141,6936,77,7013,0.68
8852,11,ARSHEED AHMED LONE,316,141,6163,226,6389,0.62
8853,12,BALDEV KUMAR,283,141,6120,69,6189,0.6
8854,13,ALI MOHAMMAD WANI,283,141,5238,17,5255,0.51
8855,14,SHEIKH MUZAFAR AHMED,320,141,4774,40,4814,0.47
8856,15,DILIP KUMAR PANDITA,283,141,3638,84,3722,0.36
8857,16,RAVINDER SINGH,283,141,2828,134,2962,0.29
8858,17,GULSHAN AKHTER,283,141,2778,29,2807,0.27
8859,18,MOHAMMAD MAQBOOL TELI,257,141,2731,17,2748,0.27
8860,19,SUDARSHAN SINGH,442,141,2166,216,2382,0.23
8861,20,JAVAID AHMED,59,141,1534,28,1562,0.15
8862,21,NOTA,472,141,5967,256,6223,0.61
8863,1,DR JITENDRA SINGH,159,142,566833,4243,571076,51.28
8864,2,CH LAL SINGH,290,142,444151,2552,446703,40.11
8865,3,GHULAM MOHD SAROORI,283,142,39519,80,39599,3.56
8866,4,MEHRAJ DIN,283,142,9055,27,9082,0.82
8867,5,AMIT KUMAR,122,142,8559,83,8642,0.78
8868,6,MOHD ALI GUJJAR,283,142,7139,19,7158,0.64
8869,7,MANOJ KUMAR,252,142,6778,56,6834,0.61
8870,8,BALWAN SINGH,316,142,3243,49,3292,0.3
8871,9,SWARN VEER SINGH JARAL,283,142,3071,17,3088,0.28
8872,10,DR PANKAJ SHARMA,283,142,2201,46,2247,0.2
8873,11,RAJESH MANCHANDA,283,142,1575,30,1605,0.14
8874,12,SACHIN GUPTA,283,142,1457,6,1463,0.13
8875,13,NOTA,472,142,12891,47,12938,1.16
8876,1,JUGAL KISHORE,159,143,677571,10017,687588,52.8
8877,2,RAMAN BHALLA,290,143,546031,6059,552090,42.4
8878,3,JAGDISH RAJ,122,143,10253,47,10300,0.79
8879,4,SATISH POONCHI,283,143,5948,11,5959,0.46
8880,5,ANKUR SHARMA,252,143,4268,10,4278,0.33
8881,6,NARESH KUMAR CHIB,316,143,4231,12,4243,0.33
8882,7,PRINCIPAL C D SHARMA,283,143,3256,1,3257,0.25
8883,8,KARANJIT,283,143,3199,8,3207,0.25
8884,9,SHABER AHMED,283,143,3174,3,3177,0.24
8885,10,SHIKHA BANDRAL,442,143,2932,5,2937,0.23
8886,11,DR PRINCE RAINA,283,143,2863,3,2866,0.22
8887,12,RAJ KUMAR,283,143,2611,7,2618,0.2
8888,13,SURINDER SINGH,283,143,2216,10,2226,0.17
8889,14,ATUL RAINA,283,143,2063,5,2068,0.16
8890,15,RATTAN LAL,317,143,1650,1,1651,0.13
8891,16,SWAMI DIVYA NAND,320,143,1618,2,1620,0.12
8892,17,PERSEEN SINGH,283,143,1587,2,1589,0.12
8893,18,NARESH KUMAR TALLA,283,143,1458,1,1459,0.11
8894,19,GANESH CHOUDHARY,278,143,1187,3,1190,0.09
8895,20,VICKY KUMAR DOGRA,283,143,1163,2,1165,0.09
8896,21,BANSI LAL,283,143,1051,8,1059,0.08
8897,22,QARI ZAHEER ABBAS BHATTI,59,143,983,1,984,0.08
8898,23,NOTA,472,143,4631,14,4645,0.36
8899,1,MOHMAD HANEEFA,283,206,64443,816,65259,48.15
8900,2,TSERING NAMGYAL,290,206,35770,1627,37397,27.59
8901,3,TASHI GYALSON,159,206,31505,451,31956,23.58
8902,4,NOTA,472,206,896,16,912,0.67
